"date","tournament","surface","five_set","player_A_name","player_B_name","player_A_elo_before","player_B_elo_before","player_A_win","elo_difference","player_A_cluster","player_B_cluster","predict_proba_R","predict_R"
20230807,"Canada Masters","Hard",FALSE,"Ben Shelton","Carlos Alcaraz",1410.84896100379,1864.11734565512,0,-453.26838465133,2,2,0.0658313999351367,0
20230814,"Cincinnati Masters","Hard",FALSE,"Max Purcell","Carlos Alcaraz",1432.59952233685,1846.4236790102,0,-413.824156673349,2,2,0.0810172658971781,0
20230828,"Us Open","Hard",TRUE,"Bernabe Zapata Miralles","Novak Djokovic",1458.76097934827,1857.66860076073,0,-398.907621412465,1,2,0.0162584164845093,0
20230828,"Us Open","Hard",TRUE,"Lloyd Harris","Carlos Alcaraz",1464.36643225635,1852.33484542455,0,-387.968413168198,2,2,0.0192062851516254,0
20230828,"Us Open","Hard",TRUE,"Alexandre Muller","Novak Djokovic",1481.94631451224,1860.41150431551,0,-378.46518980327,1,2,0.019846617470619,0
20230828,"Us Open","Hard",TRUE,"Ben Shelton","Novak Djokovic",1476.30620616893,1842.45042116753,0,-366.144214998601,2,2,0.0237457165042457,0
20231002,"Shanghai Masters","Hard",FALSE,"Gregoire Barrere","Carlos Alcaraz",1481.96405017115,1834.38945481402,0,-352.425404642877,0,2,0.0995789986860767,0
20230619,"Queen's Club","Grass",FALSE,"Arthur Rinderknech","Carlos Alcaraz",1442.37567921371,1780.27426893162,0,-337.898589717913,0,2,0.107222493800203,0
20231002,"Shanghai Masters","Hard",FALSE,"Daniel Evans","Carlos Alcaraz",1524.34784023351,1852.34829625875,0,-328.000456025241,0,2,0.112722165323103,0
20230703,"Wimbledon","Grass",TRUE,"Alexandre Muller","Carlos Alcaraz",1526.42942140546,1850.26410387884,0,-323.834682473379,1,2,0.0336676345972319,0
20230927,"Beijing","Hard",FALSE,"Yannick Hanfmann","Carlos Alcaraz",1531.48832749819,1855.23877016615,0,-323.750442667955,2,2,0.128175483453252,0
20230920,"Chengdu","Hard",FALSE,"Miomir Kecmanovic","Alexander Zverev",1452.53560858414,1767.72348289514,0,-315.187874310994,0,2,0.120205530867958,0
20230703,"Wimbledon","Grass",TRUE,"Pedro Cachin","Novak Djokovic",1454.25953357442,1756.85170459783,0,-302.592171023415,2,0,0.0560849020588877,0
20230724,"Hamburg","Clay",FALSE,"Daniel Altmaier","Andrey Rublev",1446.23606891973,1742.11097870293,1,-295.874909783197,1,1,0.155912085281475,0
20230916,"Davis Cup Finals RR: AUS vs SUI","Hard",FALSE,"Marc Andrea Huesler","Alex De Minaur",1377.62285035343,1671.11833603962,0,-293.495485686181,2,0,0.184886075863613,0
20231002,"Shanghai Masters","Hard",FALSE,"Marcos Giron","Jannik Sinner",1486.5530486081,1779.53060620232,0,-292.977557594224,2,2,0.148999884524507,0
20230619,"Queen's Club","Grass",FALSE,"Maxime Cressy","Holger Rune",1404.02308185008,1696.57089931469,0,-292.547817464606,0,0,0.167964694342382,0
20231030,"Paris Masters","Hard",FALSE,"Tallon Griekspoor","Novak Djokovic",1594.65398631507,1887.00344382691,0,-292.349457511843,2,2,0.149452641488818,0
20230529,"Roland Garros","Clay",TRUE,"Thiago Seyboth Wild","Daniil Medvedev",1500,1791.98552436938,1,-291.985524369375,1,1,0.0516776720678374,0
20231106,"Metz","Hard",FALSE,"Constant Lestienne","Karen Khachanov",1346.86776170978,1633.53699881014,0,-286.669237100363,1,2,0.145840247823252,0
20230508,"Rome Masters","Clay",FALSE,"Fabian Marozsan","Carlos Alcaraz",1500.03794166017,1783.4730714895,1,-283.435129829326,1,1,0.16543472661652,0
20231002,"Shanghai Masters","Hard",FALSE,"Cristian Garin","Daniil Medvedev",1534.2326367763,1816.80419049282,0,-282.571553716525,2,2,0.156647902808404,0
20230320,"Miami Masters","Hard",FALSE,"Roberto Carballes Baena","Daniil Medvedev",1448.72451539717,1731.17358722019,0,-282.449071823024,0,2,0.141291772689806,0
20230814,"Cincinnati Masters","Hard",FALSE,"Gael Monfils","Novak Djokovic",1540.46506626475,1818.9117229061,0,-278.446656641349,0,2,0.144071471321512,0
20230703,"Wimbledon","Grass",TRUE,"Daniel Elahi Galan","Jannik Sinner",1373.37108776516,1651.48609178525,0,-278.115004020088,2,0,0.0704360052972565,0
20230807,"Canada Masters","Hard",FALSE,"Hubert Hurkacz","Carlos Alcaraz",1588.68872109643,1866.17376241107,0,-277.485041314642,2,2,0.160501162987607,0
20230807,"Canada Masters","Hard",FALSE,"Tommy Paul","Carlos Alcaraz",1599.81568225505,1871.22440620602,1,-271.408723950971,2,2,0.165204316519922,0
20230619,"Halle","Grass",FALSE,"Roberto Bautista Agut","Daniil Medvedev",1470.55504090409,1741.95683491443,1,-271.401794010344,2,0,0.204541901661635,0
20230320,"Miami Masters","Hard",FALSE,"Alex Molcan","Daniil Medvedev",1456.93656750759,1725.91388016782,0,-268.977312660227,0,2,0.150829147222986,0
20230612,"s Hertogenbosch","Grass",FALSE,"Adrian Mannarino","Daniil Medvedev",1497.79523221786,1766.69519626677,1,-268.899964048902,2,0,0.206862787745308,0
20230807,"Canada Masters","Hard",FALSE,"Marcos Giron","Holger Rune",1471.70042842056,1732.89996130793,1,-261.199532887368,2,2,0.173354308520742,0
20231002,"Shanghai Masters","Hard",FALSE,"Diego Schwartzman","Taylor Fritz",1430.0208390843,1691.12399768303,1,-261.10315859873,1,2,0.16486749864359,0
20230828,"Us Open","Hard",TRUE,"Marc Andrea Huesler","Hubert Hurkacz",1383.08389464108,1644.11604593874,0,-261.032151297656,2,2,0.064638205018636,0
20230529,"Roland Garros","Clay",TRUE,"Aleksandar Kovacevic","Novak Djokovic",1462.1096867698,1722.84637660908,0,-260.736689839272,1,1,0.069187363898453,0
20230920,"Chengdu","Hard",FALSE,"Pavel Kotov","Alexander Zverev",1487.03257530479,1746.19425659557,0,-259.161681290781,2,2,0.175018653957187,0
20230703,"Wimbledon","Grass",TRUE,"Jordan Thompson","Novak Djokovic",1506.07665993445,1761.32400750448,0,-255.24734757003,0,0,0.0776469879347428,0
20230424,"Madrid Masters","Clay",FALSE,"Andrea Vavassori","Daniil Medvedev",1499.20122216282,1754.2176116605,0,-255.016389497678,2,1,0.198448030406533,0
20230612,"s Hertogenbosch","Grass",FALSE,"Alexander Bublik","Jannik Sinner",1413.54781099722,1667.13229310268,0,-253.584482105467,0,0,0.201186285367619,0
20230424,"Madrid Masters","Clay",FALSE,"Aslan Karatsev","Daniil Medvedev",1513.76422304158,1765.61236282229,1,-251.848139780707,1,1,0.191701676142731,0
20230424,"Madrid Masters","Clay",FALSE,"Alexander Shevchenko","Daniil Medvedev",1510.8364587626,1759.83505045616,0,-248.998591693561,0,1,0.184858872965953,0
20230417,"Barcelona","Clay",FALSE,"Nuno Borges","Carlos Alcaraz",1453.36606851495,1702.32491774853,0,-248.95884923358,2,1,0.203975629186616,0
20230320,"Miami Masters","Hard",FALSE,"Facundo Bagnis","Carlos Alcaraz",1429.16692131284,1677.70345116957,0,-248.536529856732,1,2,0.174927746915541,0
20230410,"Monte Carlo Masters","Clay",FALSE,"Alexander Zverev","Daniil Medvedev",1524.59760554906,1770.28970521772,0,-245.692099668656,1,1,0.19717608013589,0
20231023,"Vienna","Hard",FALSE,"Lorenzo Sonego","Jannik Sinner",1552.7423157429,1795.07131077762,0,-242.32899503472,2,2,0.189249177243099,0
20230227,"Dubai","Hard",FALSE,"Alexander Bublik","Daniil Medvedev",1443.24872367242,1685.52047607858,0,-242.271752406166,2,2,0.189299049849193,0
20230529,"Roland Garros","Clay",TRUE,"Gael Monfils","Holger Rune",1444.07332731516,1684.80625566752,0,-240.732928352361,2,1,0.0878988892656602,0
20230306,"Indian Wells Masters","Hard",FALSE,"Brandon Nakashima","Daniil Medvedev",1473.81736207952,1713.75406931474,0,-239.936707235222,2,2,0.191342047655187,0
20230828,"Us Open","Hard",TRUE,"Christopher Oconnell","Daniil Medvedev",1513.71700718912,1752.5985096419,0,-238.881502452786,2,2,0.0792864942877532,0
20230417,"Munich","Clay",FALSE,"Dominic Thiem","Taylor Fritz",1442.67180223746,1679.78081530721,0,-237.109013069747,1,1,0.205004333468865,0
20230410,"Monte Carlo Masters","Clay",FALSE,"Diego Schwartzman","Jannik Sinner",1452.24316891514,1688.99025063004,0,-236.747081714896,2,1,0.215464820822569,0
20230320,"Miami Masters","Hard",FALSE,"Quentin Halys","Daniil Medvedev",1483.80900751791,1719.77862359502,0,-235.96961607711,2,2,0.194851473615253,0
20230703,"Wimbledon","Grass",TRUE,"George Loffhagen","Holger Rune",1483.17342632923,1717.55914854301,0,-234.385722213786,1,0,0.099163204008486,0
20230724,"Hamburg","Clay",FALSE,"Bernabe Zapata Miralles","Andrey Rublev",1482.84815123007,1716.73244015293,0,-233.884288922862,2,1,0.218225141705001,0
20230529,"Roland Garros","Clay",TRUE,"Daniel Altmaier","Jannik Sinner",1458.15873521186,1690.90600957861,1,-232.747274366743,1,1,0.0893831318296342,0
20231016,"Tokyo","Hard",FALSE,"Jordan Thompson","Alexander Zverev",1525.97104611259,1756.17830864553,1,-230.207262532941,0,2,0.181237527686066,0
20231016,"Tokyo","Hard",FALSE,"Shintaro Mochizuki","Taylor Fritz",1454.32690955377,1684.0688090642,1,-229.741899510431,0,2,0.181629938391481,0
20230619,"Queen's Club","Grass",FALSE,"Jiri Lehecka","Carlos Alcaraz",1556.15525612649,1784.02692594269,0,-227.871669816199,0,2,0.183213649479136,0
20230529,"Roland Garros","Clay",TRUE,"Diego Schwartzman","Stefanos Tsitsipas",1455.46243509062,1682.82510485077,0,-227.362669760153,2,1,0.0991466628190764,0
20230814,"Cincinnati Masters","Hard",FALSE,"Hubert Hurkacz","Carlos Alcaraz",1622.10527020594,1848.95996849424,0,-226.854698288297,2,2,0.203099012908305,0
20231030,"Paris Masters","Hard",FALSE,"Roberto Bautista Agut","Hubert Hurkacz",1478.43521450834,1704.57595537527,0,-226.140740866931,2,2,0.203755890030379,0
20231002,"Shanghai Masters","Hard",FALSE,"Roman Safiullin","Alexander Zverev",1555.05903676441,1779.7192011392,1,-224.660164374785,2,2,0.205123130213478,0
20231023,"Basel","Hard",FALSE,"Alexander Shevchenko","Taylor Fritz",1438.05131486477,1660.38088544183,1,-222.329570577061,0,2,0.187969547193249,0
20230703,"Wimbledon","Grass",TRUE,"David Goffin","Andrey Rublev",1471.42569323217,1693.19925953783,0,-221.773566305653,2,0,0.117086948890744,0
20230529,"Roland Garros","Clay",TRUE,"Marton Fucsovics","Novak Djokovic",1494.5504889085,1716.30200099012,0,-221.751512081624,0,1,0.0933911810823288,0
20230417,"Barcelona","Clay",FALSE,"Roberto Bautista Agut","Carlos Alcaraz",1490.43037620775,1708.10329736895,0,-217.672921161201,2,1,0.234334608228292,0
20230619,"Halle","Grass",FALSE,"Alexander Bublik","Andrey Rublev",1445.18061244641,1661.26055700133,1,-216.079944554923,0,0,0.237586981208242,0
20230927,"Beijing","Hard",FALSE,"Casper Ruud","Carlos Alcaraz",1624.21988968491,1839.40569213235,0,-215.185802447439,2,2,0.21403316633029,0
20230508,"Rome Masters","Clay",FALSE,"Alexander Zverev","Daniil Medvedev",1551.3735049676,1766.5346065116,0,-215.161101544006,1,1,0.226060592650833,0
20230619,"Halle","Grass",FALSE,"Marcos Giron","Daniil Medvedev",1509.2913242445,1724.44421034345,0,-215.152886098946,2,0,0.261385969996929,0
20230529,"Roland Garros","Clay",TRUE,"Juan Pablo Varillas","Novak Djokovic",1453.55941065779,1667.29035533569,0,-213.730944677905,2,1,0.111915435327562,0
20230619,"Queen's Club","Grass",FALSE,"Alex De Minaur","Carlos Alcaraz",1586.20190047716,1798.44014271125,0,-212.238242234093,0,2,0.196871782330055,0
20230508,"Rome Masters","Clay",FALSE,"Yannick Hanfmann","Daniil Medvedev",1548.12096951984,1759.68521744092,0,-211.564247921077,1,1,0.229653558489381,0
20230807,"Canada Masters","Hard",FALSE,"Mackenzie Mcdonald","Andrey Rublev",1512.44528929664,1722.92649114918,1,-210.481201852539,2,2,0.2185609891315,0
20230529,"Roland Garros","Clay",TRUE,"Constant Lestienne","Karen Khachanov",1409.26007026482,1619.7407446017,0,-210.480674336882,0,1,0.103312542955236,0
20230717,"Bastad","Clay",FALSE,"Pavel Kotov","Andrey Rublev",1525.22261659722,1735.21360342039,0,-209.990986823172,2,1,0.242250781978144,0
20230703,"Wimbledon","Grass",TRUE,"Nicolas Jarry","Carlos Alcaraz",1647.52110101265,1857.21075244767,0,-209.689651435026,0,2,0.0924567583609773,0
20230814,"Cincinnati Masters","Hard",FALSE,"Tommy Paul","Carlos Alcaraz",1630.58236957355,1837.33601957491,0,-206.753650001358,2,2,0.222197182176835,0
20230320,"Miami Masters","Hard",FALSE,"Gregoire Barrere","Cameron Norrie",1464.65956315422,1671.16530782338,1,-206.505744669155,0,2,0.202068831708801,0
20231113,"Tour Finals","Hard",FALSE,"Hubert Hurkacz","Novak Djokovic",1710.99196999405,1916.20691463227,0,-205.214944638218,2,2,0.223710720097104,0
20231002,"Shanghai Masters","Hard",FALSE,"Aleksandar Vukic","Grigor Dimitrov",1497.7644822555,1702.70338336396,0,-204.938901108455,2,2,0.223983023586808,0
20230717,"Bastad","Clay",FALSE,"Federico Coria","Francisco Cerundolo",1429.07948563713,1632.30387572955,0,-203.224390092418,2,2,0.225679582257503,0
20230522,"Geneva","Clay",FALSE,"Ilya Ivashka","Taylor Fritz",1451.89593358427,1652.95600958029,0,-201.060075996018,2,1,0.25168015850863,0
20230508,"Rome Masters","Clay",FALSE,"Nuno Borges","Stefanos Tsitsipas",1472.12151814253,1671.59500989995,0,-199.473491757419,2,1,0.253380539496529,0
20230915,"Davis Cup Finals RR: ESP vs SRB","Hard",FALSE,"Albert Ramos","Laslo Djere",1418.61227552094,1616.04106839961,0,-197.428792878671,0,2,0.210506150850427,0
20230410,"Monte Carlo Masters","Clay",FALSE,"Lorenzo Musetti","Novak Djokovic",1481.39022642943,1678.43526066853,1,-197.0450342391,2,1,0.255997834724385,0
20230828,"Us Open","Hard",TRUE,"Juan Pablo Varillas","Taylor Fritz",1478.21991921163,1674.72763148621,0,-196.507712274574,0,2,0.104046600041977,0
20230529,"Roland Garros","Clay",TRUE,"Lorenzo Musetti","Carlos Alcaraz",1563.0622415863,1756.35395348715,0,-193.291711900848,2,1,0.133741080182973,0
20230828,"Us Open","Hard",TRUE,"Steve Johnson","Taylor Fritz",1474.22602042501,1667.29944375257,0,-193.073423327562,0,2,0.107270209473442,0
20231030,"Paris Masters","Hard",FALSE,"Marton Fucsovics","Alexander Zverev",1537.75936305308,1730.14639147287,0,-192.387028419788,0,2,0.215303015172189,0
20230227,"Dubai","Hard",FALSE,"Matteo Arnaldi","Daniil Medvedev",1500,1691.48057310124,0,-191.480573101242,0,2,0.216173801460427,0
20230417,"Barcelona","Clay",FALSE,"Yoshihito Nishioka","Jannik Sinner",1502.27931882336,1693.61427547886,0,-191.334956655501,2,1,0.262221419556453,0
20230703,"Wimbledon","Grass",TRUE,"Roberto Carballes Baena","Holger Rune",1519.27281355343,1710.05706801231,0,-190.784254458884,2,0,0.152845023261594,0
20230828,"Us Open","Hard",TRUE,"Lorenzo Sonego","Jannik Sinner",1521.90019328522,1712.58595132467,0,-190.685758039452,2,2,0.12203487192803,0
20231030,"Paris Masters","Hard",FALSE,"Daniel Altmaier","Taylor Fritz",1467.1290033798,1657.12647134612,1,-189.997467966325,2,2,0.239072683160004,0
20231023,"Basel","Hard",FALSE,"Max Purcell","Taylor Fritz",1449.27123440281,1636.90825068464,0,-187.637016281827,2,2,0.241519268309358,0
20230619,"Halle","Grass",FALSE,"Corentin Moutet","Nicolas Jarry",1454.47528090816,1642.06532344771,0,-187.59004253955,2,0,0.292705097926632,0
20230703,"Wimbledon","Grass",TRUE,"Nuno Borges","Francisco Cerundolo",1449.62391034378,1636.82800337609,0,-187.204093032313,1,2,0.119237608899347,0
20231023,"Basel","Hard",FALSE,"Felix Auger Aliassime","Hubert Hurkacz",1532.45684872657,1718.6207382601,1,-186.163889533534,2,2,0.243054772795379,0
20230703,"Wimbledon","Grass",TRUE,"Juan Manuel Cerundolo","Jannik Sinner",1475.54887591364,1661.25701073367,0,-185.708134820028,1,0,0.151486519372069,0
20230703,"Wimbledon","Grass",TRUE,"Ilya Ivashka","Grigor Dimitrov",1424.84278071698,1610.55050425429,0,-185.707723537313,1,0,0.151487044544715,0
20230828,"Us Open","Hard",TRUE,"Yibing Wu","Alex De Minaur",1486.75243813027,1672.3089615239,0,-185.55652339363,0,0,0.144002100824679,0
20230925,"Astana","Hard",FALSE,"Jurij Rodionov","Adrian Mannarino",1484.71509847783,1669.71131159176,0,-184.996213113931,2,0,0.295763323099116,0
20230703,"Wimbledon","Grass",TRUE,"Yibing Wu","Frances Tiafoe",1485.04268456406,1666.9270676234,0,-181.884383059341,2,0,0.164647495751849,0
20230508,"Rome Masters","Clay",FALSE,"Alexei Popyrin","Holger Rune",1511.14041239328,1692.04981819375,0,-180.909405800462,1,1,0.261880486367147,0
20230403,"Houston","Clay",FALSE,"Steve Johnson","Frances Tiafoe",1468.90434463713,1648.04420772798,0,-179.139863090848,1,1,0.263827211780374,0
20230828,"Us Open","Hard",TRUE,"Yannick Hanfmann","Jannik Sinner",1525.90561209316,1704.68852525537,0,-178.782913162217,2,2,0.135280351008576,0
20231030,"Paris Masters","Hard",FALSE,"Alex De Minaur","Jannik Sinner",1642.24185161975,1820.78691073636,1,-178.545059116612,0,2,0.228877589726826,0
20230703,"Wimbledon","Grass",TRUE,"Marton Fucsovics","Daniil Medvedev",1572.35986407078,1749.69216582098,0,-177.332301750198,0,0,0.154368662664075,0
20230424,"Madrid Masters","Clay",FALSE,"Dominic Thiem","Stefanos Tsitsipas",1467.34661420743,1644.34100644293,0,-176.994392235498,1,1,0.266199923928843,0
20231016,"Tokyo","Hard",FALSE,"Diego Schwartzman","Alex De Minaur",1489.85651083369,1665.36523864083,0,-175.50872780714,1,0,0.294288887024068,0
20230424,"Madrid Masters","Clay",FALSE,"Roman Safiullin","Tommy Paul",1428.58670955918,1604.08860784636,1,-175.50189828718,2,2,0.254364647522822,0
20230619,"Halle","Grass",FALSE,"Richard Gasquet","Jannik Sinner",1478.14469275288,1653.34584034696,0,-175.201147594076,2,0,0.307477060082025,0
20230410,"Monte Carlo Masters","Clay",FALSE,"Holger Rune","Daniil Medvedev",1602.23362083672,1776.15632460522,1,-173.922703768494,1,1,0.269620533495391,0
20230417,"Munich","Clay",FALSE,"Marton Fucsovics","Taylor Fritz",1498.25177434598,1671.70353676191,0,-173.451762415924,0,1,0.258298379457156,0
20230529,"Roland Garros","Clay",TRUE,"Benoit Paire","Cameron Norrie",1456.75073969311,1629.79920716279,0,-173.048467469685,0,1,0.143183899313684,0
20230927,"Beijing","Hard",FALSE,"Felix Auger Aliassime","Holger Rune",1468.22759348259,1641.16149123026,0,-172.933897747673,2,2,0.257139922874782,0
20231002,"Shanghai Masters","Hard",FALSE,"Grigor Dimitrov","Carlos Alcaraz",1683.43195375838,1856.29205726768,1,-172.860103509302,2,2,0.257219965330859,0
20230619,"Halle","Grass",FALSE,"Alexander Bublik","Jannik Sinner",1490.35721702381,1661.36381711473,1,-171.00660009092,0,0,0.286991880810365,0
20230410,"Monte Carlo Masters","Clay",FALSE,"Ivan Gakhov","Novak Djokovic",1500,1670.24868706059,0,-170.248687060591,0,1,0.261797802899021,0
20231002,"Shanghai Masters","Hard",FALSE,"Yu Hsiou Hsu","Hubert Hurkacz",1523.66481522473,1693.83389658331,0,-170.169081358586,2,2,0.260149947023127,0
20230703,"Wimbledon","Grass",TRUE,"Christopher Eubanks","Daniil Medvedev",1569.77693663922,1739.56150303009,0,-169.78456639087,0,0,0.164412037682003,0
20230529,"Roland Garros","Clay",TRUE,"Genaro Alberto Olivieri","Holger Rune",1529.77478154322,1698.76396285266,0,-168.989181309445,2,1,0.164261716470451,0
20230925,"Astana","Hard",FALSE,"Jurij Rodionov","Sebastian Baez",1462.96200671657,1631.45393852993,1,-168.491931813355,2,2,0.261986934657032,0
20230703,"Wimbledon","Grass",TRUE,"Hubert Hurkacz","Novak Djokovic",1569.91193325209,1737.93003630649,0,-168.018103054401,0,0,0.166837042464005,0
20231002,"Shanghai Masters","Hard",FALSE,"Fabian Marozsan","Alex De Minaur",1507.42837918058,1674.82152346,1,-167.393144279417,2,0,0.316996578022513,0
20230724,"Hamburg","Clay",FALSE,"Daniel Elahi Galan","Arthur Fils",1411.01807052858,1575.30989921128,0,-164.291828682701,1,1,0.2805234010346,0
20230828,"Us Open","Hard",TRUE,"Taylor Fritz","Novak Djokovic",1682.04588196022,1845.70095427378,0,-163.655072313563,2,2,0.153842696785384,0
20230619,"Halle","Grass",FALSE,"Gregoire Barrere","Stefanos Tsitsipas",1509.38340540687,1673.00891309775,0,-163.625507690882,2,0,0.321646124202674,0
20230417,"Barcelona","Clay",FALSE,"Alejandro Davidovich Fokina","Carlos Alcaraz",1552.06126206357,1714.76859996473,0,-162.707337901167,2,1,0.294856263554008,0
20230619,"Halle","Grass",FALSE,"Yibing Wu","Andrey Rublev",1509.75108843612,1672.39459458356,0,-162.643506147449,2,0,0.322863865406589,0
20231023,"Vienna","Hard",FALSE,"Daniel Altmaier","Gael Monfils",1465.43268647212,1627.9084351111,0,-162.475748638976,2,0,0.323072135965513,0
20230927,"Beijing","Hard",FALSE,"Cameron Norrie","Andrey Rublev",1537.67559334896,1699.7727636353,0,-162.097170286335,2,2,0.269067477127063,0
20230814,"Cincinnati Masters","Hard",FALSE,"Max Purcell","Stan Wawrinka",1430.06323285282,1591.68883600494,1,-161.625603152128,2,0,0.324128667813659,0
20231016,"Tokyo","Hard",FALSE,"Cameron Norrie","Taylor Fritz",1514.06533554168,1675.57954932142,0,-161.514213779741,2,2,0.269718930850196,0
20230821,"Winston-Salem","Hard",FALSE,"Constant Lestienne","Dominik Koepfer",1365.80547913102,1527.02025710839,0,-161.214777977369,1,0,0.311420558819766,0
20231030,"Paris Masters","Hard",FALSE,"Grigor Dimitrov","Novak Djokovic",1707.64950141892,1868.79213493041,0,-161.14263351149,2,2,0.270134690403332,0
20230828,"Us Open","Hard",TRUE,"Timofey Skatov","Alex De Minaur",1502.67167862059,1663.80639813725,0,-161.134719516661,2,0,0.194988202100513,0
20230508,"Rome Masters","Clay",FALSE,"Francisco Cerundolo","Jannik Sinner",1534.06283182666,1695.02137683578,1,-160.958545009114,2,1,0.296924906684108,0
20231106,"Metz","Hard",FALSE,"Fabio Fognini","Ugo Humbert",1505.15622362631,1665.25236072712,0,-160.096137100805,1,2,0.25942593777458,0
20230828,"Us Open","Hard",TRUE,"Sebastian Baez","Daniil Medvedev",1630.09446887921,1789.01334925528,0,-158.918880376064,2,2,0.160067642457363,0
20230619,"Halle","Grass",FALSE,"Roberto Bautista Agut","Andrey Rublev",1479.13849168695,1637.9735214213,0,-158.835029734353,2,0,0.327609274237999,0
20230220,"Marseille","Hard",FALSE,"Alexander Bublik","Grigor Dimitrov",1393.40040156669,1551.98385412161,1,-158.583452554925,2,2,0.273009086634694,0
20230814,"Cincinnati Masters","Hard",FALSE,"Mackenzie Mcdonald","Holger Rune",1549.91638641611,1708.35670289783,1,-158.440316481722,2,2,0.273170415663145,0
20231030,"Paris Masters","Hard",FALSE,"Botic Van De Zandschulp","Adrian Mannarino",1488.2657735312,1645.77344294257,1,-157.507669411361,2,0,0.329271563191217,0
20230724,"Umag","Clay",FALSE,"Dominic Thiem","Jiri Lehecka",1447.6393962667,1604.98808959207,0,-157.348693325379,1,2,0.262434174342408,0
20230731,"Washington","Hard",FALSE,"Gael Monfils","Tallon Griekspoor",1444.59130509681,1601.56332046302,0,-156.972015366214,0,2,0.251209273754019,0
20230320,"Miami Masters","Hard",FALSE,"Denis Shapovalov","Taylor Fritz",1502.71516433031,1659.01417259487,0,-156.299008264557,0,2,0.251928731921291,0
20230424,"Madrid Masters","Clay",FALSE,"Thiago Monteiro","Karen Khachanov",1458.88688040203,1615.03087713328,0,-156.143996731252,1,1,0.289954425961803,0
20230916,"Davis Cup WG1 R1: GRE vs SVK","Hard",FALSE,"Alex Molcan","Stefanos Tsitsipas",1497.50498040958,1652.91024222679,1,-155.40526181721,0,2,0.252886275073731,0
20231023,"Vienna","Hard",FALSE,"Karen Khachanov","Daniil Medvedev",1646.76091802556,1802.09602310649,0,-155.335105080929,2,2,0.276684916615503,0
20230424,"Madrid Masters","Clay",FALSE,"Albert Ramos","Alejandro Davidovich Fokina",1404.11737176702,1559.36121349574,0,-155.243841728717,2,2,0.276788630501366,0
20230424,"Madrid Masters","Clay",FALSE,"Yoshihito Nishioka","Andrey Rublev",1509.026796982,1664.14065017379,0,-155.11385319179,2,1,0.303898934708459,0
20230417,"Banja Luka","Clay",FALSE,"Damir Dzumhur","Andrey Rublev",1491.41567822077,1646.05406724295,0,-154.638389022186,2,1,0.304470316260158,0
20230731,"Los Cabos","Hard",FALSE,"Aleksandar Kovacevic","Cameron Norrie",1461.53099334037,1615.03991403737,1,-153.508920697001,2,2,0.278764793987812,0
20230220,"Doha","Hard",FALSE,"Christopher Oconnell","Daniil Medvedev",1490.74015998978,1643.90260647834,0,-153.162446488558,2,2,0.279160481096497,0
20230731,"Los Cabos","Hard",FALSE,"Rodrigo Pacheco Mendez","Nicolas Jarry",1487.61082376094,1640.61450780521,0,-153.003684044261,1,2,0.267237253399708,0
20230619,"Queen's Club","Grass",FALSE,"Alex De Minaur","Holger Rune",1565.00083155952,1717.77196823232,1,-152.771136672793,0,0,0.308636345732377,0
20231023,"Basel","Hard",FALSE,"Diego Schwartzman","Alex De Minaur",1481.84893198072,1634.44671349545,0,-152.59778151473,1,0,0.322007550865771,0
20230828,"Us Open","Hard",TRUE,"Jakub Mensik","Taylor Fritz",1530.21577697176,1682.30047550834,0,-152.084698536582,2,2,0.169407328921965,0
20230306,"Indian Wells Masters","Hard",FALSE,"Taro Daniel","Cameron Norrie",1509.00034943376,1660.71937925505,0,-151.719029821291,0,2,0.256861007790029,0
20230320,"Miami Masters","Hard",FALSE,"Emilio Nava","Taylor Fritz",1500,1650.12004738743,0,-150.120047387431,2,2,0.28264975461515,0
20230925,"Astana","Hard",FALSE,"Arthur Rinderknech","Adrian Mannarino",1481.52779506291,1631.36918459979,0,-149.841389536885,2,0,0.338955082492512,0
20230703,"Wimbledon","Grass",TRUE,"Jason Kubler","Nicolas Jarry",1479.623997138,1629.35819282461,0,-149.734195686618,1,0,0.20332829022551,0
20230703,"Wimbledon","Grass",TRUE,"Daniel Elahi Galan","Yoshihito Nishioka",1385.23860870881,1534.96962851803,1,-149.731019809221,2,2,0.172722804819755,0
20230920,"Zhuhai","Hard",FALSE,"Alex Bolt","Karen Khachanov",1482.17777089503,1631.27137935723,0,-149.093608462195,0,2,0.259716712562587,0
20230227,"Dubai","Hard",FALSE,"Borna Coric","Daniil Medvedev",1527.62166443284,1676.58461611611,0,-148.962951683274,2,2,0.283983722584146,0
20230626,"Eastbourne","Grass",FALSE,"Gregoire Barrere","Nicolas Jarry",1501.6494463741,1650.41520931572,1,-148.765762941624,2,0,0.340324821699914,0
20231023,"Vienna","Hard",FALSE,"Alexandre Muller","Tommy Paul",1470.04435505348,1617.80535639975,0,-147.761001346267,1,2,0.273106446769971,0
20231002,"Shanghai Masters","Hard",FALSE,"Yosuke Watanuki","Taylor Fritz",1519.29137513267,1666.58321634062,0,-147.291841207959,0,2,0.261688403425236,0
20230814,"Cincinnati Masters","Hard",FALSE,"Ben Shelton","Christopher Eubanks",1426.68566513339,1573.86233274466,1,-147.176667611273,2,2,0.286050496134873,0
20230529,"Roland Garros","Clay",TRUE,"Giulio Zeppieri","Casper Ruud",1478.29359095867,1625.39932953456,0,-147.105738575887,1,1,0.186878913148083,0
20230529,"Roland Garros","Clay",TRUE,"Alexandre Muller","Jannik Sinner",1535.45737170144,1681.87805928263,0,-146.420687581188,2,1,0.197394829211139,0
20230529,"Roland Garros","Clay",TRUE,"Laslo Djere","Andrey Rublev",1526.76392066042,1673.16694988997,0,-146.403029229557,1,1,0.187941998432939,0
20230927,"Beijing","Hard",FALSE,"Andy Murray","Alex De Minaur",1529.54797609767,1675.79360070407,0,-146.245624606406,0,0,0.316597674625624,0
20230703,"Wimbledon","Grass",TRUE,"Aslan Karatsev","Andrey Rublev",1538.64421729193,1684.13758398738,0,-145.49336669545,0,0,0.200295445616058,0
20230724,"Atlanta","Hard",FALSE,"Maxime Cressy","Alex Michelsen",1382.83631570399,1528.01852319222,1,-145.182207488228,2,2,0.288368753343528,0
20230814,"Cincinnati Masters","Hard",FALSE,"Miomir Kecmanovic","Tommy Paul",1476.83162081469,1621.49027580236,0,-144.65865498767,0,2,0.264587248266799,0
20231002,"Shanghai Masters","Hard",FALSE,"Terence Atmane","Nicolas Jarry",1502.71004293045,1647.12875305452,0,-144.41871012407,0,2,0.26485242047103,0
20230920,"Chengdu","Hard",FALSE,"Juan Pablo Varillas","Grigor Dimitrov",1501.10274080782,1645.18907209056,0,-144.08633128274,0,2,0.265220025734268,0
20230913,"Davis Cup Finals RR: CAN vs ITA","Hard",FALSE,"Gabriel Diallo","Lorenzo Musetti",1467.59639225087,1611.6681486833,1,-144.071756432434,2,0,0.346333389877602,0
20230717,"Newport","Grass",FALSE,"John Isner","Tommy Paul",1438.05869654037,1581.27159710445,1,-143.212900564073,0,0,0.320334968246248,0
20230424,"Madrid Masters","Clay",FALSE,"Sebastian Baez","Stefanos Tsitsipas",1509.83634723626,1652.29848250066,0,-142.462135264401,2,1,0.31930529646905,0
20230925,"Astana","Hard",FALSE,"Alibek Kachmazov","Adrian Mannarino",1497.89981428149,1640.27335027715,0,-142.373535995662,0,0,0.321373448726182,0
20230814,"Cincinnati Masters","Hard",FALSE,"Lorenzo Sonego","Taylor Fritz",1516.41237568391,1658.09856186432,0,-141.686186180411,2,2,0.292459178205005,0
20230703,"Wimbledon","Grass",TRUE,"Laurent Lokoli","Casper Ruud",1471.35429859903,1612.89414346132,0,-141.539844862289,1,2,0.17565942732688,0
20231002,"Shanghai Masters","Hard",FALSE,"Sebastian Baez","Jannik Sinner",1619.51399775112,1760.30643891498,0,-140.792441163858,2,2,0.293510327287654,0
20230703,"Wimbledon","Grass",TRUE,"Marco Cecchinato","Nicolas Jarry",1498.04811564647,1638.26622260497,0,-140.218106958496,1,0,0.21907121605021,0
20230529,"Roland Garros","Clay",TRUE,"Roberto Carballes Baena","Stefanos Tsitsipas",1533.43728935124,1673.56696843109,0,-140.129679079858,2,1,0.207483502007691,0
20230306,"Indian Wells Masters","Hard",FALSE,"Marton Fucsovics","Alex De Minaur",1473.64362218994,1612.94590092862,1,-139.302278738675,0,0,0.325188304412315,0
20230220,"Rio De Janeiro","Clay",FALSE,"Juan Manuel Cerundolo","Cameron Norrie",1512.47930220352,1651.41727407243,0,-138.937971868912,2,1,0.323669955255504,0
20230424,"Madrid Masters","Clay",FALSE,"Roman Safiullin","Nicolas Jarry",1450.57889992371,1589.36825956812,1,-138.789359644408,2,1,0.32385469376461,0
20230828,"Us Open","Hard",TRUE,"Juan Manuel Cerundolo","Alejandro Davidovich Fokina",1480.28882807681,1618.74296492316,0,-138.454136846342,1,0,0.222083863653005,0
20230424,"Madrid Masters","Clay",FALSE,"Karen Khachanov","Carlos Alcaraz",1623.70956311391,1761.44213674439,0,-137.732573630473,1,1,0.311939028730181,0
20230703,"Wimbledon","Grass",TRUE,"Mikael Ymer","Taylor Fritz",1466.67046725797,1603.70656662663,1,-137.036099368659,2,0,0.235318425073865,0
20230410,"Monte Carlo Masters","Clay",FALSE,"Francisco Cerundolo","Cameron Norrie",1511.54917607425,1648.16982458415,1,-136.620648509899,2,1,0.3265568264211,0
20230703,"Wimbledon","Grass",TRUE,"Yosuke Watanuki","Alexander Zverev",1499.22217895928,1635.37377516962,0,-136.151596210339,0,0,0.215574200425014,0
20231030,"Paris Masters","Hard",FALSE,"Dusan Lajovic","Alex De Minaur",1528.26201561836,1664.33645636116,0,-136.074440742799,2,0,0.356683332118777,0
20230731,"Washington","Hard",FALSE,"Zachary Svajda","Taylor Fritz",1483.81787983496,1619.77533138973,0,-135.957451554768,0,2,0.274311311879616,0
20231030,"Paris Masters","Hard",FALSE,"Lorenzo Musetti","Grigor Dimitrov",1576.645805266,1711.86159327848,0,-135.215788012479,0,2,0.275150367078817,0
20230731,"Washington","Hard",FALSE,"Mackenzie Mcdonald","Grigor Dimitrov",1508.29057700443,1643.13946429756,0,-134.848887293128,2,2,0.300556414180937,0
20230828,"Us Open","Hard",TRUE,"Brandon Nakashima","Laslo Djere",1458.94638351421,1593.59804074788,0,-134.651657233675,2,2,0.195186983788465,0
20230320,"Miami Masters","Hard",FALSE,"Laslo Djere","Jannik Sinner",1509.31925345365,1643.73402514826,0,-134.41477169461,2,2,0.301074825704203,0
20230731,"Kitzbuhel","Clay",FALSE,"Daniel Elahi Galan","Tomas Martin Etcheverry",1421.12941889563,1555.33218337764,0,-134.202764482009,1,1,0.316256708817481,0
20231030,"Paris Masters","Hard",FALSE,"Luca Van Assche","Laslo Djere",1457.30442032519,1591.38246668322,0,-134.078046358033,0,2,0.276440601632449,0
20230417,"Barcelona","Clay",FALSE,"Alexander Bublik","Emil Ruusuvuori",1417.71784927508,1551.44552376187,0,-133.727674486789,1,2,0.289206596980012,0
20231016,"Tokyo","Hard",FALSE,"Marcos Giron","Casper Ruud",1510.99748270938,1644.57582611788,1,-133.578343408503,2,2,0.302075103735224,0
20230731,"Los Cabos","Hard",FALSE,"Borna Coric","Stefanos Tsitsipas",1544.54157102353,1677.45588962091,0,-132.914318597371,2,2,0.302870546339645,0
20231023,"Basel","Hard",FALSE,"Tallon Griekspoor","Hubert Hurkacz",1560.18301464205,1692.96302261197,0,-132.780007969925,2,2,0.303031582481476,0
20230927,"Beijing","Hard",FALSE,"Yi Zhou","Alejandro Davidovich Fokina",1469.6732711273,1602.34009263273,0,-132.66682150543,0,0,0.333509459312875,0
20230814,"Cincinnati Masters","Hard",FALSE,"Brandon Nakashima","Stan Wawrinka",1449.52650980095,1582.15192616625,0,-132.625416365297,2,0,0.361189296730689,0
20230920,"Zhuhai","Hard",FALSE,"Yoshihito Nishioka","Karen Khachanov",1519.84858876937,1652.04214451048,0,-132.193555741108,0,2,0.278585877583607,0
20230619,"Queen's Club","Grass",FALSE,"Miomir Kecmanovic","Cameron Norrie",1480.939841513,1613.0891295612,0,-132.149288048192,2,2,0.30378845154539,0
20230828,"Us Open","Hard",TRUE,"Titouan Droguet","Lorenzo Musetti",1500,1632.11200287441,1,-132.112002874407,0,0,0.222437629479758,0
20230821,"Winston-Salem","Hard",FALSE,"Marc Andrea Huesler","Alexander Shevchenko",1362.65890747587,1494.26787848,1,-131.608971004124,2,0,0.362521943879879,0
20230703,"Wimbledon","Grass",TRUE,"Maxime Cressy","Laslo Djere",1403.60870266173,1534.64666787259,0,-131.037965210863,0,0,0.224288496519583,0
20230703,"Wimbledon","Grass",TRUE,"Thiago Monteiro","Christopher Eubanks",1448.4540010603,1579.18420743986,0,-130.73020637956,0,0,0.22482086451781,0
20230619,"Halle","Grass",FALSE,"Alexander Bublik","Borna Coric",1424.7887311535,1555.51630484644,1,-130.727573692935,0,1,0.307410431941603,0
20231124,"Davis Cup Finals SF: FIN vs AUS","Hard",FALSE,"Emil Ruusuvuori","Alex De Minaur",1553.30266660434,1684.01801072337,0,-130.715344119027,2,0,0.363695314233608,0
20230529,"Roland Garros","Clay",TRUE,"Alejandro Davidovich Fokina","Novak Djokovic",1597.77082020527,1728.31502244189,0,-130.544202236614,2,1,0.223577544893254,0
20230731,"Washington","Hard",FALSE,"Gael Monfils","Alexander Bublik",1435.94198923555,1566.36498806812,1,-130.422998832565,0,2,0.280610737303492,0
20230619,"Queen's Club","Grass",FALSE,"Sebastian Korda","Frances Tiafoe",1540.12202435391,1670.19771057076,1,-130.075686216848,0,0,0.336787593126579,0
20230619,"Halle","Grass",FALSE,"Denis Shapovalov","Alexander Zverev",1493.25890469956,1623.29593310071,0,-130.037028401144,0,0,0.336836620522874,0
20230807,"Canada Masters","Hard",FALSE,"Matteo Berrettini","Jannik Sinner",1548.20044326053,1677.89880198886,0,-129.698358728331,2,2,0.306739666991478,0
20230828,"Us Open","Hard",TRUE,"Learner Tien","Frances Tiafoe",1500,1628.99606304032,0,-128.99606304032,1,2,0.19443819204575,0
20231127,"NextGen Finals","Hard",FALSE,"Luca Nardi","Arthur Fils",1442.94751908858,1571.82683424359,0,-128.879315155015,2,2,0.307729450559114,0
20230410,"Monte Carlo Masters","Clay",FALSE,"Jaume Munar","Andrey Rublev",1460.97813472552,1589.78605995716,0,-128.80792523164,2,1,0.336386110939485,0
20230724,"Hamburg","Clay",FALSE,"Hugo Dellien","Cristian Garin",1432.67579633728,1561.27386567327,0,-128.598069335992,2,1,0.336652144578385,0
20230306,"Indian Wells Masters","Hard",FALSE,"Guido Pella","Tallon Griekspoor",1468.19833683171,1596.74274084523,0,-128.544404013518,0,2,0.282768938496748,0
20231030,"Paris Masters","Hard",FALSE,"Andrey Rublev","Novak Djokovic",1749.24345122053,1877.29442075349,0,-128.050969532963,2,2,0.308732277132624,0
20231016,"Stockholm","Hard",FALSE,"Dino Prizmic","Jiri Lehecka",1473.07963702176,1600.51372762414,1,-127.434090602387,2,2,0.309480267631012,0
20230508,"Rome Masters","Clay",FALSE,"Gregoire Barrere","Karen Khachanov",1504.45599567745,1631.86462502185,1,-127.408629344404,1,1,0.324656707962294,0
20231106,"Metz","Hard",FALSE,"Dominic Thiem","Ugo Humbert",1507.55747422359,1634.83718348548,0,-127.279709261893,0,2,0.284227517106673,0
20230529,"Roland Garros","Clay",TRUE,"Elias Ymer","Casper Ruud",1477.5534392714,1604.57865687438,0,-127.025217602982,0,1,0.208846217756408,0
20230410,"Monte Carlo Masters","Clay",FALSE,"Ilya Ivashka","Karen Khachanov",1475.04039118175,1601.93649092519,0,-126.89609974344,2,1,0.338813541031405,0
20230724,"Atlanta","Hard",FALSE,"Brandon Nakashima","Christopher Eubanks",1464.55129844391,1591.34935484148,0,-126.798056397572,2,2,0.310252530575092,0
20230703,"Wimbledon","Grass",TRUE,"Matteo Berrettini","Alexander Zverev",1527.96975825421,1654.42834836252,1,-126.458590108309,0,0,0.232302463564048,0
20230619,"Queen's Club","Grass",FALSE,"Daniel Evans","Sebastian Korda",1445.61926625282,1571.66759897448,0,-126.048332721656,0,0,0.341913970462893,0
20230724,"Hamburg","Clay",FALSE,"Laslo Djere","Alexander Zverev",1514.50791279501,1640.32013299752,0,-125.812220202513,1,1,0.326647189783615,0
20231016,"Stockholm","Hard",FALSE,"Leo Borg","Laslo Djere",1455.98349985701,1581.58044689723,0,-125.596947040226,1,2,0.29878795839763,0
20230626,"Eastbourne","Grass",FALSE,"Mackenzie Mcdonald","Taylor Fritz",1498.60422964654,1623.89282943364,1,-125.288599787094,2,0,0.370855309054288,0
20230220,"Doha","Hard",FALSE,"Andrey Rublev","Tallon Griekspoor",1494.44569365587,1619.51521010637,1,-125.069516450501,2,2,0.312356639028628,0
20230717,"Bastad","Clay",FALSE,"Alexander Shevchenko","Casper Ruud",1511.30736094501,1635.76476841698,0,-124.457407471972,0,1,0.315041627053386,0
20230417,"Banja Luka","Clay",FALSE,"Dusan Lajovic","Andrey Rublev",1533.2928655312,1657.24956206277,1,-123.956696531568,2,1,0.342562242556343,0
20231002,"Shanghai Masters","Hard",FALSE,"Thanasi Kokkinakis","Hubert Hurkacz",1507.03590260312,1630.51197008768,0,-123.476067484562,2,2,0.314303183498332,0
20230626,"Mallorca","Grass",FALSE,"Pedro Cachin","Yannick Hanfmann",1464.14777438013,1587.48018488752,0,-123.332410507393,2,0,0.373450456676227,0
20230529,"Roland Garros","Clay",TRUE,"Michael Mmoh","Taylor Fritz",1518.22552674626,1641.45470879176,0,-123.229182045499,0,1,0.215145466224744,0
20231023,"Vienna","Hard",FALSE,"Lorenzo Musetti","Grigor Dimitrov",1586.53841121512,1709.75644272956,0,-123.218031514446,0,2,0.288942400017143,0
20231127,"NextGen Finals","Hard",FALSE,"Abedallah Shelbayh","Hamad Medjedovic",1447.94970922872,1570.87784959587,0,-122.928140367151,0,2,0.289280682136999,0
20230320,"Miami Masters","Hard",FALSE,"Grigor Dimitrov","Jannik Sinner",1542.771631409,1665.4955036168,0,-122.723872207795,2,2,0.315224338370135,0
20231030,"Paris Masters","Hard",FALSE,"Andy Murray","Alex De Minaur",1510.23325982743,1632.30546251424,0,-122.072202686805,0,0,0.347011638338013,0
20230529,"Roland Garros","Clay",TRUE,"Albert Ramos","Stan Wawrinka",1397.39537979378,1518.29656858793,0,-120.901188794155,2,1,0.240645496166295,0
20230828,"Us Open","Hard",TRUE,"Marcos Giron","Alejandro Davidovich Fokina",1488.12043746239,1608.75136487417,0,-120.630927411779,2,0,0.265895233660008,0
20230320,"Miami Masters","Hard",FALSE,"Emil Ruusuvuori","Jannik Sinner",1554.98528272861,1675.406979831,0,-120.421697102385,2,2,0.318052652498589,0
20230619,"Queen's Club","Grass",FALSE,"Adrian Mannarino","Taylor Fritz",1523.48210594059,1643.89277856002,1,-120.41067261943,2,0,0.377340098422292,0
20230927,"Beijing","Hard",FALSE,"Alex De Minaur","Daniil Medvedev",1684.82791230009,1805.07345885884,0,-120.245546558755,0,2,0.292422184499001,0
20230917,"Davis Cup Finals RR: ITA vs SWE","Hard",FALSE,"Leo Borg","Matteo Arnaldi",1466.000999482,1585.95719746005,0,-119.956197978046,1,0,0.363725643655735,0
20230529,"Roland Garros","Clay",TRUE,"Lucas Pouille","Cameron Norrie",1500,1619.77473640109,0,-119.774736401089,0,1,0.220996750865335,0
20230417,"Banja Luka","Clay",FALSE,"Gael Monfils","Jiri Lehecka",1469.15114236047,1588.82889222243,0,-119.677749861963,2,2,0.318969511372954,0
20230220,"Doha","Hard",FALSE,"Liam Broady","Daniil Medvedev",1514.29831329471,1633.87034566044,0,-119.572032365734,0,2,0.293214052617834,0
20230828,"Us Open","Hard",TRUE,"Felipe Meligeni Alves","Sebastian Baez",1501.11260567483,1620.03731067972,0,-118.924705004898,2,2,0.220901780381255,0
20230320,"Miami Masters","Hard",FALSE,"Diego Schwartzman","Yibing Wu",1437.54430172583,1556.32035373757,1,-118.776052011742,1,0,0.365277767677627,0
20230410,"Monte Carlo Masters","Clay",FALSE,"Hubert Hurkacz","Jannik Sinner",1576.35212217156,1695.10369344617,0,-118.751571274604,1,1,0.335525157309206,0
20231002,"Shanghai Masters","Hard",FALSE,"Richard Gasquet","Zhizhen Zhang",1426.02199052982,1544.76411855292,0,-118.742128023092,0,2,0.294191516068522,0
20230731,"Los Cabos","Hard",FALSE,"Gijs Brouwer","Nicolas Jarry",1516.49041786313,1634.99367194101,0,-118.503254077882,2,2,0.320419843318831,0
20230220,"Rio De Janeiro","Clay",FALSE,"Bernabe Zapata Miralles","Cameron Norrie",1506.35427456659,1624.74315293742,0,-118.388878370833,2,1,0.349716869034851,0
20230925,"Astana","Hard",FALSE,"Hamad Medjedovic","Laslo Djere",1490.31438851123,1608.05223422108,1,-117.73784570985,2,2,0.321366884611238,0
20230116,"Australian Open","Hard",TRUE,"Grigor Dimitrov","Novak Djokovic",1514.97954076751,1632.6685707829,0,-117.689030015393,2,2,0.223021649047763,0
20230927,"Beijing","Hard",FALSE,"Jannik Sinner","Carlos Alcaraz",1742.45439868277,1859.2670899575,1,-116.812691274737,2,2,0.322513543766587,0
20230724,"Hamburg","Clay",FALSE,"Jozef Kovalik","Lorenzo Musetti",1487.3884454844,1604.10744188027,0,-116.718996395868,2,2,0.32262979100964,0
20230717,"Gstaad","Clay",FALSE,"Hamad Medjedovic","Yannick Hanfmann",1484.54003354305,1601.19543294234,1,-116.655399399281,0,1,0.324678077821081,0
20230703,"Wimbledon","Grass",TRUE,"Holger Rune","Carlos Alcaraz",1720.21223466354,1836.59639522144,0,-116.384160557898,0,2,0.204712913277731,0
20231002,"Shanghai Masters","Hard",FALSE,"Yu Hsiou Hsu","Lorenzo Musetti",1490.4070452961,1606.36682758479,1,-115.959782288691,2,0,0.383295802322361,0
20230925,"Astana","Hard",FALSE,"Marcos Giron","Stan Wawrinka",1481.0848005189,1596.55037887653,1,-115.46557835763,2,0,0.383959295337184,0
20230703,"Wimbledon","Grass",TRUE,"Ben Shelton","Taro Daniel",1417.23067228862,1532.63906906267,1,-115.408396774055,0,2,0.206295558650372,0
20230914,"Davis Cup Finals RR: AUS vs FRA","Hard",FALSE,"Ugo Humbert","Alex De Minaur",1546.02704245533,1660.90483761778,0,-114.877795162444,2,0,0.384748985650879,0
20230814,"Cincinnati Masters","Hard",FALSE,"Dusan Lajovic","Francisco Cerundolo",1507.42969144557,1622.15010500748,1,-114.720413561914,2,1,0.354468322417004,0
20230424,"Madrid Masters","Clay",FALSE,"Bernabe Zapata Miralles","Stefanos Tsitsipas",1546.78085229987,1661.4708957634,0,-114.690043463527,2,1,0.354507779894802,0
20230320,"Miami Masters","Hard",FALSE,"Diego Schwartzman","Holger Rune",1457.48142174002,1571.64025316806,0,-114.158831428036,1,2,0.312569633610524,0
20230807,"Canada Masters","Hard",FALSE,"Alejandro Davidovich Fokina","Alexander Zverev",1571.30150500135,1685.2431947715,1,-113.941689770147,0,2,0.299882549331675,0
20230626,"Mallorca","Grass",FALSE,"Feliciano Lopez","Yannick Hanfmann",1501.44818421168,1615.22545457049,0,-113.777270358815,0,0,0.357758935093316,0
20231122,"Davis Cup Finals QF: CZE vs AUS","Hard",FALSE,"Jiri Lehecka","Alex De Minaur",1560.40765336334,1673.74468117101,0,-113.337027807667,2,0,0.38682189085748,0
20231030,"Paris Masters","Hard",FALSE,"Botic Van De Zandschulp","Tommy Paul",1503.63601710293,1615.97810613136,1,-112.342089028434,2,2,0.32808449553996,0
20230619,"Queen's Club","Grass",FALSE,"Bernabe Zapata Miralles","Taylor Fritz",1521.40326837458,1633.57404985763,0,-112.170781483049,2,0,0.388393661655002,0
20230306,"Indian Wells Masters","Hard",FALSE,"Arthur Rinderknech","Jiri Lehecka",1458.65920578318,1570.75549728774,0,-112.096291504554,2,2,0.328392218036877,0
20230417,"Banja Luka","Clay",FALSE,"Filip Krajinovic","Dusan Lajovic",1441.55968873119,1553.42843261129,0,-111.868743880102,2,2,0.328677224268747,0
20231002,"Shanghai Masters","Hard",FALSE,"Lorenzo Sonego","Nicolas Jarry",1530.1916831371,1641.81534751032,0,-111.623664373227,2,2,0.32898433055209,0
20230529,"Roland Garros","Clay",TRUE,"Pedro Martinez","Tallon Griekspoor",1407.55122152818,1518.92839775375,0,-111.377176225574,0,1,0.235691985696266,0
20231113,"Tour Finals","Hard",FALSE,"Jannik Sinner","Novak Djokovic",1812.05736306598,1923.25140497139,1,-111.194041905409,2,2,0.329523038133634,0
20230731,"Washington","Hard",FALSE,"Sho Shimabukuro","Christopher Eubanks",1489.91563310425,1601.10580045253,0,-111.190167348276,0,2,0.30317275771299,0
20230916,"Davis Cup Finals RR: CAN vs CHI","Hard",FALSE,"Gabriel Diallo","Nicolas Jarry",1501.30872165716,1612.187909281,0,-110.879187623846,2,2,0.32991812149524,0
20230213,"Rotterdam","Hard",FALSE,"Alexander Zverev","Tallon Griekspoor",1476.97816240062,1587.51812998507,0,-110.539967584443,2,2,0.330344048263336,0
20231023,"Vienna","Hard",FALSE,"Dominic Thiem","Stefanos Tsitsipas",1510.95053069177,1621.44624507506,0,-110.495714383286,0,2,0.304006385114222,0
20230626,"Mallorca","Grass",FALSE,"Constant Lestienne","Jason Kubler",1388.93684226088,1499.23205779887,1,-110.295215537985,1,1,0.346312717907864,0
20231016,"Tokyo","Hard",FALSE,"Aslan Karatsev","Alex De Minaur",1563.27570231207,1673.3728174938,1,-110.097115181736,0,0,0.362574073584575,0
20230306,"Indian Wells Masters","Hard",FALSE,"Alex Molcan","Borna Coric",1435.75001760078,1545.7845198305,1,-110.034502229724,0,2,0.304560740977447,0
20230731,"Washington","Hard",FALSE,"Ugo Humbert","Grigor Dimitrov",1522.97854434652,1632.72610171347,0,-109.747557366949,2,2,0.331340087423574,0
20230424,"Madrid Masters","Clay",FALSE,"Marc Andrea Huesler","Cristian Garin",1456.85175506375,1566.34456167144,0,-109.492806607693,1,1,0.347344801575232,0
20230213,"Rotterdam","Hard",FALSE,"Stan Wawrinka","Jannik Sinner",1481.66565987471,1590.91796809405,0,-109.252308219337,0,2,0.305502199624833,0
20230220,"Marseille","Hard",FALSE,"Alexander Bublik","Gregoire Barrere",1405.58304924858,1514.74663195901,1,-109.163582710429,2,0,0.392457171219081,0
20230424,"Madrid Masters","Clay",FALSE,"Alejandro Davidovich Fokina","Holger Rune",1568.07189528935,1677.04482977837,1,-108.972934489025,2,1,0.36197034429974,0
20231023,"Vienna","Hard",FALSE,"Tomas Machac","Stefanos Tsitsipas",1522.96218775789,1631.83034649955,0,-108.868158741656,0,2,0.305965163177985,0
20230626,"Eastbourne","Grass",FALSE,"Mackenzie Mcdonald","Francisco Cerundolo",1518.79049245355,1627.07838085709,0,-108.287888403541,2,2,0.333178808563642,0
20230529,"Roland Garros","Clay",TRUE,"Francisco Cerundolo","Holger Rune",1585.96736702926,1693.83899171928,0,-107.871624690021,2,1,0.265084490239743,0
20230703,"Wimbledon","Grass",TRUE,"Matteo Berrettini","Alex De Minaur",1492.27151812906,1600.11543294243,1,-107.843914813365,0,0,0.266894605122385,0
20231106,"Metz","Hard",FALSE,"Alexander Shevchenko","Ugo Humbert",1547.07143346721,1654.75819977938,0,-107.686766312171,0,2,0.307391390170348,0
20230424,"Madrid Masters","Clay",FALSE,"Stan Wawrinka","Andrey Rublev",1547.82877257592,1655.35420043723,0,-107.525427861312,1,1,0.349881369440614,0
20230116,"Australian Open","Hard",TRUE,"Alex De Minaur","Novak Djokovic",1514.94547798297,1622.15568390278,0,-107.210205919818,0,2,0.21994967653156,0
20230529,"Roland Garros","Clay",TRUE,"Daniel Altmaier","Grigor Dimitrov",1468.69002033969,1575.43238576376,0,-106.74236542407,1,1,0.255508532156854,0
20230828,"Us Open","Hard",TRUE,"Daniil Medvedev","Carlos Alcaraz",1746.71118406475,1853.32140468412,1,-106.610220619378,2,2,0.242672002091938,0
20230529,"Roland Garros","Clay",TRUE,"David Goffin","Hubert Hurkacz",1462.58533730237,1569.14187472704,0,-106.556537424672,0,1,0.244427614384313,0
20230717,"Gstaad","Clay",FALSE,"Dominic Thiem","Alexandre Muller",1428.19308141797,1534.36635313303,1,-106.173271715064,1,2,0.322393660014567,0
20230731,"Kitzbuhel","Clay",FALSE,"Dominic Thiem","Laslo Djere",1485.60598479728,1591.77324585577,1,-106.167261058489,1,1,0.351637450907632,0
20230612,"s Hertogenbosch","Grass",FALSE,"Emil Ruusuvuori","Jannik Sinner",1566.73336028159,1672.78746179419,1,-106.054101512604,0,0,0.367895915834709,0
20230424,"Madrid Masters","Clay",FALSE,"Jan Lennard Struff","Dusan Lajovic",1527.56147170895,1633.43358268802,1,-105.872110979065,1,2,0.322767315485238,0
20230410,"Monte Carlo Masters","Clay",FALSE,"Jan Lennard Struff","Andrey Rublev",1494.26757000563,1599.46649073108,0,-105.198920725455,1,1,0.352891953618485,0
20231106,"Sofia","Hard",FALSE,"Max Purcell","Rinky Hijikata",1422.76559914067,1527.70566065464,1,-104.940061513976,2,1,0.36727505114013,0
20230717,"Gstaad","Clay",FALSE,"Albert Ramos","Miomir Kecmanovic",1396.56999230726,1501.46554437718,1,-104.895552069921,2,1,0.367333779836069,0
20230306,"Indian Wells Masters","Hard",FALSE,"Adrian Mannarino","Jannik Sinner",1515.77551501733,1620.56287782106,0,-104.787362803731,0,2,0.310907276838929,0
20230529,"Roland Garros","Clay",TRUE,"Diego Schwartzman","Bernabe Zapata Miralles",1436.07346960079,1540.79223386441,1,-104.718764263617,2,2,0.246141929899298,0
20231016,"Antwerp","Hard",FALSE,"Hugo Gaston","Jan Lennard Struff",1457.90597820155,1562.39864647497,1,-104.492668273425,0,2,0.311265864373914,0
20231030,"Paris Masters","Hard",FALSE,"Alexei Popyrin","Nicolas Jarry",1550.68319138508,1655.11380699987,0,-104.430615614785,2,2,0.338062143703745,0
20230220,"Doha","Hard",FALSE,"Quentin Halys","Tallon Griekspoor",1504.67864202649,1608.88389482374,0,-104.205252797248,2,2,0.338348537231578,0
20230626,"Eastbourne","Grass",FALSE,"Zhizhen Zhang","Francisco Cerundolo",1512.26870979916,1616.44595909303,0,-104.177249293863,2,2,0.338384132669857,0
20230724,"Hamburg","Clay",FALSE,"Laslo Djere","Lorenzo Musetti",1519.30429571943,1623.47475168884,1,-104.170455969407,1,2,0.324882835457571,0
20230403,"Houston","Clay",FALSE,"Daniel Elahi Galan","Jason Kubler",1407.37435314389,1511.52996080206,0,-104.155607658176,1,2,0.324901326722713,0
20230828,"Us Open","Hard",TRUE,"Yoshihito Nishioka","Stan Wawrinka",1484.40153992725,1588.44915277444,0,-104.047612847189,0,0,0.274338120910156,0
20230320,"Miami Masters","Hard",FALSE,"Yosuke Watanuki","Frances Tiafoe",1501.87384177282,1605.87886315298,0,-104.005021380165,0,2,0.311859735931957,0
20230828,"Us Open","Hard",TRUE,"Zhizhen Zhang","Casper Ruud",1525.68988181184,1629.35262443458,1,-103.662742622733,2,2,0.248093707938318,0
20230220,"Doha","Hard",FALSE,"Damir Dzumhur","Jiri Lehecka",1469.53649701735,1573.11292612957,0,-103.576429112217,2,2,0.3391482793511,0
20230403,"Marrakech","Clay",FALSE,"Andrea Vavassori","Nicolas Jarry",1498.13961319167,1601.54023872221,1,-103.400625530539,2,1,0.369308562493292,0
20230717,"Newport","Grass",FALSE,"Constant Lestienne","James Duckworth",1397.18063959134,1500,0,-102.819360408664,1,1,0.355983315986332,0
20231030,"Paris Masters","Hard",FALSE,"Alexandre Muller","Roman Safiullin",1461.06502333901,1563.7532751953,0,-102.68825185629,1,2,0.32673137650489,0
20230626,"Eastbourne","Grass",FALSE,"Maxime Cressy","Zhizhen Zhang",1399.32624684851,1501.6362880351,0,-102.31004118659,0,2,0.313928742314244,0
20230417,"Barcelona","Clay",FALSE,"Diego Schwartzman","Yibing Wu",1446.12972609901,1548.06666687609,1,-101.936940777079,2,0,0.402282392902742,0
20230724,"Atlanta","Hard",FALSE,"Andres Martin","Christopher Eubanks",1500,1601.67748082238,0,-101.677480822377,1,2,0.327995065240403,0
20230508,"Rome Masters","Clay",FALSE,"Grigor Dimitrov","Novak Djokovic",1555.28645354734,1656.54221573855,0,-101.255762191207,1,1,0.358021211570221,0
20230731,"Washington","Hard",FALSE,"Aslan Karatsev","Frances Tiafoe",1542.74769318466,1643.83526887934,0,-101.087575694679,0,2,0.315425576371858,0
20230424,"Madrid Masters","Clay",FALSE,"Alexander Shevchenko","Jiri Lehecka",1491.59309067994,1592.6350024094,1,-101.041911729463,0,2,0.315481563631634,0
20231016,"Tokyo","Hard",FALSE,"Shintaro Mochizuki","Aslan Karatsev",1496.5717038386,1597.60286569841,0,-101.031161859801,0,0,0.374552608419428,0
20230731,"Los Cabos","Hard",FALSE,"Skander Mansouri","Alex De Minaur",1485,1585.94930832393,0,-100.949308323933,1,0,0.389048543054423,0
20230508,"Rome Masters","Clay",FALSE,"Lorenzo Musetti","Stefanos Tsitsipas",1560.20812225394,1660.82134521018,0,-100.613222956241,2,1,0.373002362385108,0
20230320,"Miami Masters","Hard",FALSE,"Federico Coria","Jiri Lehecka",1461.0058415034,1561.50137199422,0,-100.495530490819,1,2,0.32947593272291,0
20230529,"Roland Garros","Clay",TRUE,"Juan Pablo Varillas","Hubert Hurkacz",1479.2771257139,1579.68047180827,1,-100.403346094367,2,1,0.279787413906129,0
20230703,"Wimbledon","Grass",TRUE,"Laslo Djere","Stefanos Tsitsipas",1544.24312115961,1644.29986503259,0,-100.05674387298,0,0,0.282300846344314,0
20230227,"Dubai","Hard",FALSE,"Alexander Zverev","Jiri Lehecka",1489.9316441785,1589.95851638348,1,-100.026872204984,2,2,0.343679763114078,0
20231002,"Shanghai Masters","Hard",FALSE,"Fabian Marozsan","Casper Ruud",1541.72473077565,1641.46000830469,1,-99.7352775290431,2,2,0.344053304645018,0
20231030,"Paris Masters","Hard",FALSE,"Francisco Cerundolo","Hubert Hurkacz",1594.12685507294,1693.76344257941,0,-99.6365875064669,1,2,0.330554233946475,0
20231030,"Paris Masters","Hard",FALSE,"Stefanos Tsitsipas","Alexander Zverev",1649.17099254287,1748.73009390786,1,-99.5591013649898,2,2,0.344279085120184,0
20230529,"Roland Garros","Clay",TRUE,"Lloyd Harris","Alexander Zverev",1484.89157450754,1584.40276106942,0,-99.5111865618828,2,1,0.281576805039641,0
20230320,"Miami Masters","Hard",FALSE,"Quentin Halys","Mackenzie Mcdonald",1464.62765864004,1564.11007006157,1,-99.4824114215344,2,2,0.344377389930861,0
20231016,"Antwerp","Hard",FALSE,"Nuno Borges","Dominik Koepfer",1431.90947793436,1531.282781927,1,-99.3733039926358,2,0,0.405787257817927,0
20230213,"Delray Beach","Hard",FALSE,"Radu Albot","Tommy Paul",1488.99533706318,1588.3547979788,1,-99.359460915618,0,2,0.317548093139867,0
20230814,"Cincinnati Masters","Hard",FALSE,"Borna Coric","Hubert Hurkacz",1533.95915006287,1633.29141548324,0,-99.3322654203732,2,2,0.344569892775951,0
20230213,"Buenos Aires","Clay",FALSE,"Carlos Alcaraz","Cameron Norrie",1531.62572615075,1630.94756049984,1,-99.321834349081,1,1,0.360548880285908,0
20230424,"Madrid Masters","Clay",FALSE,"Thiago Monteiro","Borna Gojo",1439.71376078488,1538.98953802547,1,-99.275777240588,1,1,0.360609172501467,0
20231030,"Paris Masters","Hard",FALSE,"Felix Auger Aliassime","Stefanos Tsitsipas",1569.57280517609,1668.35539492403,0,-98.7825897479315,2,2,0.345275069282979,0
20230403,"Estoril","Clay",FALSE,"Dominic Thiem","Ben Shelton",1413.91819895348,1512.42937306714,1,-98.51117411366,1,1,0.361610736435729,0
20230717,"Gstaad","Clay",FALSE,"Albert Ramos","Juan Pablo Varillas",1415.96593585262,1514.40898730706,1,-98.4430514544379,2,2,0.345711002059405,0
20230828,"Us Open","Hard",TRUE,"Alex De Minaur","Daniil Medvedev",1679.98161789111,1778.14200109207,0,-98.1603832009534,0,2,0.235761743060222,0
20230508,"Rome Masters","Clay",FALSE,"Fabio Fognini","Miomir Kecmanovic",1432.43116215602,1530.47871015462,1,-98.0475479985953,0,1,0.348258186257373,0
20230417,"Munich","Clay",FALSE,"Botic Van De Zandschulp","Holger Rune",1562.45733169594,1660.35117931953,0,-97.8938476235921,0,1,0.348456287211636,0
20230703,"Wimbledon","Grass",TRUE,"Jiri Lehecka","Francisco Cerundolo",1558.06258855178,1655.94558427495,1,-97.8829957231628,0,2,0.236258602233038,0
20230925,"Astana","Hard",FALSE,"Egor Gerasimov","Jiri Lehecka",1513.83079628333,1611.62475504638,0,-97.7939587630481,2,2,0.346545092796891,0
20230417,"Barcelona","Clay",FALSE,"Pavel Kotov","Cameron Norrie",1510.05143149964,1607.82052673998,0,-97.7690952403439,2,1,0.376786665570463,0
20230703,"Wimbledon","Grass",TRUE,"Daniel Elahi Galan","Mikael Ymer",1406.33046443027,1504.00083100941,1,-97.6703665791424,2,2,0.259364086623637,0
20230920,"Chengdu","Hard",FALSE,"Roman Safiullin","Lorenzo Musetti",1493.29286064721,1590.78166448141,1,-97.4888038341985,2,0,0.408369801314715,0
20230424,"Madrid Masters","Clay",FALSE,"Cristian Garin","Taylor Fritz",1576.7678966192,1674.20645120779,0,-97.4385545885877,1,1,0.363017803053885,0
20230306,"Indian Wells Masters","Hard",FALSE,"Sebastian Baez","Taylor Fritz",1545.94902808979,1643.22996112748,0,-97.2809330376897,2,2,0.347205004175981,0
20230227,"Santiago","Clay",FALSE,"Diego Schwartzman","Nicolas Jarry",1445.81041075443,1542.69247018332,0,-96.8820594288873,2,1,0.377970032197166,0
20230927,"Beijing","Hard",FALSE,"Grigor Dimitrov","Jannik Sinner",1665.71607646539,1762.31579650792,0,-96.5997200425318,2,2,0.348082164832187,0
20230724,"Hamburg","Clay",FALSE,"Arthur Fils","Alexander Zverev",1553.62815416716,1650.11397652609,0,-96.4858223589317,1,1,0.364269572014922,0
20230213,"Rotterdam","Hard",FALSE,"Benjamin Bonzi","Jannik Sinner",1504.89814677399,1601.35072158385,0,-96.4525748098556,2,2,0.348271771307434,0
20231002,"Shanghai Masters","Hard",FALSE,"Bu Yunchaokete","Sebastian Korda",1500,1596.2965074908,0,-96.2965074908047,2,2,0.348472927023678,0
20230424,"Madrid Masters","Clay",FALSE,"Borna Coric","Hubert Hurkacz",1482.74562165226,1579.03378084939,1,-96.2881591971343,1,1,0.364529507147618,0
20230508,"Rome Masters","Clay",FALSE,"Alejandro Davidovich Fokina","Andrey Rublev",1569.810680273,1665.85469928283,0,-96.0440190098227,2,1,0.379089372909833,0
20230821,"Winston-Salem","Hard",FALSE,"Max Purcell","Jiri Lehecka",1490.18659377422,1586.119304013,0,-95.9327102387883,2,2,0.348942036229265,0
20230703,"Wimbledon","Grass",TRUE,"Ben Shelton","Laslo Djere",1428.21011787361,1523.6672222876,0,-95.457104413992,0,0,0.291649995843484,0
20230814,"Cincinnati Masters","Hard",FALSE,"Adrian Mannarino","Alexander Zverev",1586.97313043089,1681.90568174828,0,-94.9325513173917,0,2,0.323019924456088,0
20230807,"Canada Masters","Hard",FALSE,"Alejandro Davidovich Fokina","Casper Ruud",1552.3038608998,1647.18948419902,1,-94.8856232992248,0,2,0.323078193128734,0
20230410,"Monte Carlo Masters","Clay",FALSE,"Stan Wawrinka","Taylor Fritz",1565.90670744751,1660.69737208156,0,-94.7906646340537,1,1,0.366501332603395,0
20230920,"Chengdu","Hard",FALSE,"Corentin Moutet","Tao Mu",1405.26082935391,1500,1,-94.7391706460851,1,1,0.366569217314612,0
20231002,"Shanghai Masters","Hard",FALSE,"Lorenzo Sonego","Frances Tiafoe",1519.85162363153,1614.54155517173,1,-94.6899315401961,2,2,0.350546778670256,0
20230920,"Chengdu","Hard",FALSE,"Arthur Rinderknech","Lorenzo Musetti",1477.01580560015,1571.67982470165,0,-94.6640191015049,2,0,0.412250374997052,0
20230703,"Wimbledon","Grass",TRUE,"Jan Choinski","Hubert Hurkacz",1491.53798233795,1586.01319860926,0,-94.4752162713098,2,0,0.319577075009769,0
20230529,"Roland Garros","Clay",TRUE,"Ilya Ivashka","Alex De Minaur",1461.16494244307,1555.56845805984,0,-94.4035156167695,2,0,0.319731978698763,0
20230410,"Monte Carlo Masters","Clay",FALSE,"Albert Ramos","Jan Lennard Struff",1408.06441650521,1502.42731912134,0,-94.3629026161238,2,1,0.381338654998852,0
20230828,"Us Open","Hard",TRUE,"Fabian Marozsan","Adrian Mannarino",1518.45624910479,1612.70603258447,0,-94.249783479677,2,0,0.320064239094802,0
20230807,"Canada Masters","Hard",FALSE,"Alejandro Davidovich Fokina","Alex De Minaur",1563.33286983364,1657.55428223557,0,-94.2214124019279,0,0,0.383653191309538,0
20230508,"Rome Masters","Clay",FALSE,"Arthur Fils","Holger Rune",1563.37301858094,1657.48852925501,0,-94.115510674073,1,1,0.367391810396131,0
20230306,"Indian Wells Masters","Hard",FALSE,"Richard Gasquet","Jannik Sinner",1515.4749551058,1609.52707114698,0,-94.0521160411754,0,2,0.324114040425184,0
20230403,"Estoril","Clay",FALSE,"Dominic Thiem","Sebastian Ofner",1406.34672013427,1500,1,-93.6532798657313,1,0,0.398938913595726,0
20230717,"Gstaad","Clay",FALSE,"Zizou Bergs","Laslo Djere",1440.01192262404,1533.44732863526,1,-93.4354060112225,1,1,0.36828973355378,0
20230703,"Wimbledon","Grass",TRUE,"David Goffin","Fabian Marozsan",1435.15065137335,1528.55858893041,1,-93.4079375570575,2,1,0.294002526403325,0
20231016,"Antwerp","Hard",FALSE,"Yannick Hanfmann","Stefanos Tsitsipas",1525.18011112968,1618.42067760817,0,-93.2405664784842,2,2,0.352422554266978,0
20230814,"Cincinnati Masters","Hard",FALSE,"Lorenzo Musetti","Daniil Medvedev",1643.19401366658,1736.09657551422,0,-92.9025618476389,0,2,0.325545487395373,0
20230220,"Doha","Hard",FALSE,"Andy Murray","Daniil Medvedev",1518.40626453608,1611.03561296012,0,-92.6293484240318,0,2,0.325886178717433,0
20230807,"Canada Masters","Hard",FALSE,"Marcos Giron","Tommy Paul",1496.24368683066,1588.71637285475,0,-92.4726860240817,2,2,0.353418200582142,0
20230724,"Atlanta","Hard",FALSE,"Constant Lestienne","Ugo Humbert",1386.49450246831,1478.9562146027,0,-92.4617121343872,1,2,0.339630296304642,0
20230306,"Indian Wells Masters","Hard",FALSE,"Pedro Cachin","Alexander Zverev",1422.76786761608,1515.04602508137,0,-92.2781574652947,2,2,0.353670631917433,0
20230619,"Queen's Club","Grass",FALSE,"Andy Murray","Alex De Minaur",1496.98659956224,1588.99752964459,0,-92.0109300823556,2,0,0.415905049441536,0
20230417,"Munich","Clay",FALSE,"Yannick Hanfmann","Holger Rune",1535.34845946529,1627.25554014634,0,-91.9070806810425,1,1,0.370310864772394,0
20230717,"Bastad","Clay",FALSE,"Federico Coria","Leo Borg",1421.97304235501,1513.61402064397,1,-91.6409782889614,2,2,0.354498042732855,0
20231030,"Paris Masters","Hard",FALSE,"Ugo Humbert","Alexander Zverev",1645.9705931852,1737.59668420814,0,-91.6260910229332,2,2,0.354517385069198,0
20231023,"Basel","Hard",FALSE,"Marcos Giron","Ugo Humbert",1533.01088875762,1624.58122033884,0,-91.5703315812204,2,2,0.354589834960643,0
20230927,"Beijing","Hard",FALSE,"Jannik Sinner","Daniil Medvedev",1723.59343881714,1815.07984769894,1,-91.4864088817965,2,2,0.354698890780456,0
20230828,"Us Open","Hard",TRUE,"Rinky Hijikata","Frances Tiafoe",1534.52742883149,1625.82256146224,0,-91.2951326307586,1,2,0.25982063932514,0
20230612,"Stuttgart","Grass",FALSE,"Aslan Karatsev","Taylor Fritz",1551.43212148406,1642.3989525165,0,-90.9668310324394,0,0,0.388032027163265,0
20230522,"Lyon","Clay",FALSE,"Brandon Nakashima","Tommy Paul",1475.49620970004,1566.39627780141,1,-90.9000681013636,1,2,0.341621739751182,0
20230724,"Hamburg","Clay",FALSE,"Luca Van Assche","Alejandro Davidovich Fokina",1462.1899572024,1552.45147008285,1,-90.2615128804521,2,2,0.356292331928495,0
20230306,"Indian Wells Masters","Hard",FALSE,"Alexei Popyrin","Hubert Hurkacz",1499.80673480458,1589.94323096975,0,-90.1364961651705,2,2,0.356455143310406,0
20230828,"Us Open","Hard",TRUE,"Alexander Shevchenko","Cameron Norrie",1473.84289131479,1563.94935884168,0,-90.1064675268922,0,2,0.250480829960661,0
20230306,"Indian Wells Masters","Hard",FALSE,"Dominic Thiem","Adrian Mannarino",1429.34628052596,1519.39338667429,0,-90.0471061483286,0,0,0.389272777654091,0
20231016,"Antwerp","Hard",FALSE,"Nuno Borges","Maximilian Marterer",1451.08648191978,1540.90180451109,0,-89.8153225913104,2,2,0.35687356513128,0
20230703,"Wimbledon","Grass",TRUE,"Jannik Sinner","Novak Djokovic",1656.52152194865,1746.19326508345,0,-89.6717431348052,0,0,0.303663770050687,0
20231002,"Shanghai Masters","Hard",FALSE,"Ugo Humbert","Andrey Rublev",1609.12579904213,1698.66055712794,0,-89.5347580858133,2,2,0.357239260651903,0
20230619,"Halle","Grass",FALSE,"Louis Wessels","Yannick Hanfmann",1500,1589.27512982247,0,-89.2751298224669,1,0,0.404914257035357,0
20230925,"Astana","Hard",FALSE,"Sebastian Ofner","Marton Fucsovics",1468.37941294602,1557.53133749847,1,-89.1519245524537,0,0,0.390481796974489,0
20230410,"Monte Carlo Masters","Clay",FALSE,"Jan Lennard Struff","Alex De Minaur",1483.67548307454,1572.46034674827,1,-88.7848636737265,1,0,0.405585170398515,0
20231002,"Shanghai Masters","Hard",FALSE,"Tommy Paul","Andrey Rublev",1598.63563690868,1687.41205120537,0,-88.7764142966914,2,2,0.358228538440057,0
20230306,"Indian Wells Masters","Hard",FALSE,"Pedro Martinez","Felix Auger Aliassime",1456.17569778862,1544.70044121381,0,-88.524743425193,1,2,0.344661527322044,0
20230306,"Indian Wells Masters","Hard",FALSE,"Felix Auger Aliassime","Carlos Alcaraz",1555.9591348499,1644.44467948445,0,-88.4855446345525,2,2,0.358608305979248,0
20230529,"Roland Garros","Clay",TRUE,"Lorenzo Sonego","Karen Khachanov",1523.2191209053,1611.59794555339,0,-88.3788246480894,2,1,0.304478040731297,0
20230717,"Bastad","Clay",FALSE,"Filip Misolic","Lorenzo Musetti",1514.23530321197,1602.53300955184,0,-88.2977063398771,2,2,0.358853647188366,0
20230821,"Winston-Salem","Hard",FALSE,"Nuno Borges","Jack Draper",1442.00528620971,1530.18776807946,0,-88.182481869746,2,2,0.359004181875833,0
20230410,"Monte Carlo Masters","Clay",FALSE,"Holger Rune","Jannik Sinner",1624.17233378144,1712.34116825692,1,-88.1688344754798,1,1,0.375273570747481,0
20230306,"Indian Wells Masters","Hard",FALSE,"Marcos Giron","Frances Tiafoe",1528.17784737498,1615.79293341976,0,-87.6150860447817,2,2,0.359745859216697,0
20230807,"Canada Masters","Hard",FALSE,"Thanasi Kokkinakis","Lorenzo Musetti",1525.90151245787,1613.33617199123,0,-87.4346595333641,2,0,0.42223050887334,0
20230220,"Rio De Janeiro","Clay",FALSE,"Mateus Alves","Carlos Alcaraz",1500,1587.24272183038,0,-87.2427218303769,2,1,0.390920761688348,0
20230417,"Banja Luka","Clay",FALSE,"Dusan Lajovic","Novak Djokovic",1576.74162927384,1663.88699322769,1,-87.1453639538533,2,1,0.391052386280017,0
20230703,"Wimbledon","Grass",TRUE,"Grigor Dimitrov","Holger Rune",1621.87008243956,1708.89265647827,0,-87.0225740387091,0,0,0.309257153094411,0
20231106,"Metz","Hard",FALSE,"Luca Van Assche","Stan Wawrinka",1435.05775189056,1522.04574278332,1,-86.9879908927514,0,0,0.393409910763183,0
20230522,"Geneva","Clay",FALSE,"Grigor Dimitrov","Taylor Fritz",1573.22821463366,1660.13023896662,1,-86.9020243329553,1,1,0.376961345704509,0
20230529,"Roland Garros","Clay",TRUE,"Mikael Ymer","Lorenzo Musetti",1482.81233482631,1569.37706662258,0,-86.5647317962714,2,2,0.281112098573677,0
20230703,"Wimbledon","Grass",TRUE,"Constant Lestienne","Liam Broady",1408.54490292175,1494.46701352695,0,-85.9221106051903,1,2,0.270216409691046,0
20230717,"Gstaad","Clay",FALSE,"Jaume Munar","Stan Wawrinka",1482.95011924308,1568.86351577895,1,-85.9133965358672,2,1,0.39271932888784,0
20231002,"Shanghai Masters","Hard",FALSE,"Zhizhen Zhang","Hubert Hurkacz",1554.82830452925,1640.39472977674,0,-85.566425247491,2,2,0.362429347345708,0
20230508,"Rome Masters","Clay",FALSE,"Arthur Rinderknech","Casper Ruud",1436.71310308199,1522.20489790012,0,-85.4917948181244,1,1,0.37884371394243,0
20231106,"Metz","Hard",FALSE,"Abedallah Shelbayh","Lorenzo Sonego",1442.34651223356,1527.75788211768,0,-85.411369884119,0,2,0.334952702602537,0
20230116,"Australian Open","Hard",TRUE,"Tommy Paul","Novak Djokovic",1515.64719999153,1601.01139221408,0,-85.3641922225481,2,2,0.283528535895475,0
20231016,"Tokyo","Hard",FALSE,"Marcos Giron","Ben Shelton",1544.41586236731,1629.33686811322,0,-84.9210057459086,2,2,0.363276554287709,0
20230703,"Wimbledon","Grass",TRUE,"Jan Choinski","Dusan Lajovic",1472.95199170428,1557.65098744766,1,-84.6989957433841,2,2,0.284872829122407,0
20230828,"Us Open","Hard",TRUE,"John Isner","Michael Mmoh",1474.46284244098,1559.13625628248,0,-84.6734138415063,2,2,0.284924604010182,0
20231002,"Shanghai Masters","Hard",FALSE,"J J Wolf","Matteo Arnaldi",1507.34906309353,1591.95493117134,1,-84.6058680778121,0,0,0.396642138190493,0
20230508,"Rome Masters","Clay",FALSE,"Arthur Rinderknech","Flavio Cobolli",1425.33134774027,1509.9351732137,1,-84.6038254734297,1,0,0.411320879463447,0
20231016,"Stockholm","Hard",FALSE,"Pavel Kotov","Lorenzo Sonego",1469.26802686135,1553.76871835241,1,-84.5006914910605,2,2,0.363828734813904,0
20231002,"Shanghai Masters","Hard",FALSE,"Quentin Halys","Aslan Karatsev",1480.31513417732,1564.73193103106,1,-84.4167968537379,2,0,0.426416028615845,0
20230731,"Kitzbuhel","Clay",FALSE,"Albert Ramos","Juan Pablo Varillas",1411.17131681159,1495.26905877338,1,-84.0977419617896,2,2,0.364358439804985,0
20230213,"Buenos Aires","Clay",FALSE,"Facundo Diaz Acosta","Cameron Norrie",1514.67749261898,1598.4310873378,0,-83.7535947188258,0,1,0.366898224780462,0
20230612,"s Hertogenbosch","Grass",FALSE,"Marc Andrea Huesler","Rinky Hijikata",1409.5031880397,1493.06792715339,0,-83.5647391136908,0,2,0.337292302129661,0
20230508,"Rome Masters","Clay",FALSE,"Guido Pella","Alejandro Davidovich Fokina",1475.4687984499,1558.85474270106,0,-83.3859442511621,2,2,0.365294949954606,0
20230508,"Rome Masters","Clay",FALSE,"Lorenzo Musetti","Frances Tiafoe",1541.68137051676,1624.92652682779,1,-83.2451563110264,2,1,0.396338190663195,0
20230828,"Us Open","Hard",TRUE,"Botic Van De Zandschulp","Jordan Thompson",1466.23369891467,1549.41079864535,1,-83.1770997306844,2,0,0.344460414449181,0
20231016,"Stockholm","Hard",FALSE,"J J Wolf","Sebastian Baez",1527.33160866602,1610.28026448272,1,-82.948655816698,0,2,0.338074635616275,0
20230821,"Winston-Salem","Hard",FALSE,"Juan Manuel Cerundolo","Yannick Hanfmann",1461.50981315204,1544.41864301706,1,-82.9088298650181,1,2,0.35189881095518,0
20230424,"Madrid Masters","Clay",FALSE,"Hugo Grenier","Sebastian Korda",1499.33806578631,1582.16050943189,1,-82.8224436455855,0,2,0.338235015710115,0
20230306,"Indian Wells Masters","Hard",FALSE,"Frances Tiafoe","Cameron Norrie",1586.74433300333,1669.55601756994,1,-82.8116845666159,2,2,0.36605124557958,0
20231023,"Basel","Hard",FALSE,"Christopher Oconnell","Sebastian Baez",1494.50787175103,1577.27536273926,0,-82.7674909882303,2,2,0.366109475613151,0
20230306,"Indian Wells Masters","Hard",FALSE,"Stan Wawrinka","Jannik Sinner",1533.42667530321,1616.09330170414,0,-82.6666264009339,0,2,0.338433066799093,0
20230529,"Roland Garros","Clay",TRUE,"Ben Shelton","Lorenzo Sonego",1442.7934610562,1525.29010537452,0,-82.4966443183155,1,2,0.276979119954649,0
20230403,"Marrakech","Clay",FALSE,"Daniel Evans","Alexei Popyrin",1421.88065345102,1504.26530330123,1,-82.3846498502078,2,1,0.397507717363816,0
20230522,"Geneva","Clay",FALSE,"Ben Shelton","Marco Cecchinato",1454.30849649968,1536.52983374613,0,-82.2213372464482,1,2,0.352789562286042,0
20230522,"Geneva","Clay",FALSE,"Marc Andrea Huesler","Yibing Wu",1434.6442263385,1516.84225588953,0,-82.1980295510289,1,0,0.414632305309108,0
20230206,"Montpellier","Hard",FALSE,"Marton Fucsovics","Jannik Sinner",1498.66247933511,1580.78809507882,0,-82.1256157437183,0,2,0.339121156223739,0
20230417,"Barcelona","Clay",FALSE,"Lorenzo Musetti","Stefanos Tsitsipas",1555.40221652951,1637.50562487442,0,-82.1034083449156,2,1,0.397890211422366,0
20231123,"Davis Cup Finals QF: ITA vs NED","Hard",FALSE,"Botic Van De Zandschulp","Matteo Arnaldi",1505.35918112135,1587.25232677465,1,-81.8931456532978,2,0,0.429924256533622,0
20230828,"Us Open","Hard",TRUE,"Radu Albot","Jack Draper",1460.01032645077,1541.46032247432,0,-81.4499960235485,0,2,0.266969029056677,0
20230731,"Los Cabos","Hard",FALSE,"Thiago Agustin Tirante","Alex De Minaur",1515.45809146721,1596.70961857842,0,-81.2515271112059,2,0,0.430817333841857,0
20231002,"Shanghai Masters","Hard",FALSE,"Yoshihito Nishioka","Casper Ruud",1549.067330701,1629.88769967575,0,-80.820368974755,0,2,0.340784043094427,0
20231106,"Sofia","Hard",FALSE,"Max Purcell","Cem Ilkel",1434.34466138519,1515,0,-80.6553386148116,2,0,0.431647580171146,0
20230703,"Wimbledon","Grass",TRUE,"Kimmer Coppejans","Alex De Minaur",1500,1580.60342228675,0,-80.6034222867524,2,0,0.350256401405038,0
20230821,"Winston-Salem","Hard",FALSE,"Facundo Diaz Acosta","Laslo Djere",1504.17346505853,1584.68408884886,0,-80.510623790328,1,2,0.355010486566766,0
20230814,"Cincinnati Masters","Hard",FALSE,"Thanasi Kokkinakis","Hubert Hurkacz",1530.0257217312,1610.51959898543,0,-80.4938772542255,2,2,0.369110464524268,0
20231016,"Stockholm","Hard",FALSE,"Filip Misolic","Gael Monfils",1489.80782946724,1570.14829420607,0,-80.3404647388304,0,0,0.402452167722013,0
20230424,"Madrid Masters","Clay",FALSE,"Tomas Martin Etcheverry","Frances Tiafoe",1555.53717455806,1635.76786433697,0,-80.2306897789099,1,1,0.385898069969039,0
20231113,"Tour Finals","Hard",FALSE,"Alexander Zverev","Carlos Alcaraz",1733.35544677005,1813.27567327846,1,-79.9202265084107,2,2,0.369869250475204,0
20230925,"Astana","Hard",FALSE,"Sebastian Korda","Adrian Mannarino",1569.85914492496,1649.44901164567,0,-79.5898667207096,2,0,0.433132300139814,0
20230717,"Bastad","Clay",FALSE,"Alexander Zverev","Andrey Rublev",1644.06085958273,1723.58834652685,0,-79.5274869441225,1,1,0.386844673749945,0
20230529,"Roland Garros","Clay",TRUE,"Gael Monfils","Sebastian Baez",1438.07081061265,1517.56850832529,1,-79.4976977126432,2,2,0.29551502239075,0
20230403,"Marrakech","Clay",FALSE,"Roberto Carballes Baena","Tallon Griekspoor",1525.06605041482,1604.48610851732,1,-79.4200581024934,2,1,0.401545833395866,0
20230731,"Kitzbuhel","Clay",FALSE,"Marc Andrea Huesler","Daniel Altmaier",1387.45326170555,1466.800417499,0,-79.3471557934481,1,1,0.387087561380107,0
20230116,"Australian Open","Hard",TRUE,"Bernabe Zapata Miralles","Karen Khachanov",1485,1564.28748073274,0,-79.2874807327432,1,2,0.283408658516478,0
20230213,"Buenos Aires","Clay",FALSE,"Pedro Cachin","Lorenzo Musetti",1444.21992988093,1523.5064718001,0,-79.2865419191774,1,2,0.356603493402629,0
20231016,"Antwerp","Hard",FALSE,"Arthur Fils","Stefanos Tsitsipas",1550.4876960566,1629.48909462294,1,-79.0013985663352,2,2,0.371085952629662,0
20230227,"Dubai","Hard",FALSE,"Pavel Kotov","Hubert Hurkacz",1487.88684422481,1566.60790779361,0,-78.7210635688061,2,2,0.371457495895948,0
20230821,"Winston-Salem","Hard",FALSE,"Aleksandar Vukic","Sebastian Baez",1516.9883484923,1595.68456663513,0,-78.6962181428323,2,2,0.371490432235807,0
20231002,"Shanghai Masters","Hard",FALSE,"Felix Auger Aliassime","Marton Fucsovics",1460.1327069878,1538.76464951569,0,-78.6319425278894,2,0,0.434468180498882,0
20230807,"Canada Masters","Hard",FALSE,"Tommy Paul","Jannik Sinner",1624.61640945087,1703.12544598655,0,-78.5090365356809,2,2,0.371738607910568,0
20230612,"Stuttgart","Grass",FALSE,"Borna Gojo","Lorenzo Musetti",1519.81641840832,1598.16162547367,0,-78.3452070653436,0,0,0.405179504176842,0
20230731,"Los Cabos","Hard",FALSE,"Borna Gojo","Cristian Garin",1492.67820916441,1570.96221886576,1,-78.2840097013418,2,2,0.372037050433504,0
20230508,"Rome Masters","Clay",FALSE,"David Goffin","Alexander Zverev",1466.37778343097,1544.63293869064,0,-78.255155259671,0,1,0.3741795224045,0
20230320,"Miami Masters","Hard",FALSE,"Kyle Edmund","Yibing Wu",1458.27379483733,1536.38323372338,0,-78.1094388860577,0,0,0.405502168450989,0
20230213,"Rotterdam","Hard",FALSE,"Gijs Brouwer","Holger Rune",1488.21900764776,1566.08299476469,1,-77.8639871169316,2,2,0.372594367621791,0
20231016,"Stockholm","Hard",FALSE,"Elias Ymer","Roberto Bautista Agut",1413.90003976067,1491.67838158305,1,-77.7783418223801,0,2,0.344674784772564,0
20230612,"s Hertogenbosch","Grass",FALSE,"Ugo Humbert","Emil Ruusuvuori",1477.2733258593,1555.03567134345,0,-77.762345484158,1,0,0.420757803954166,0
20230424,"Madrid Masters","Clay",FALSE,"Maxime Cressy","Stan Wawrinka",1458.38215956128,1536.13050864741,0,-77.7483490861312,0,1,0.374853593778001,0
20230717,"Bastad","Clay",FALSE,"Casper Ruud","Andrey Rublev",1622.10039995372,1699.74298558687,0,-77.642585633148,1,1,0.389386202777417,0
20230821,"Winston-Salem","Hard",FALSE,"Mitchell Krueger","Jiri Lehecka",1500,1577.52710516451,0,-77.5271051645143,0,2,0.344997056937626,0
20231016,"Stockholm","Hard",FALSE,"Pavel Kotov","Gael Monfils",1480.97813687012,1558.4381841973,0,-77.4600473271864,2,0,0.436103749370929,0
20230320,"Miami Masters","Hard",FALSE,"Facundo Bagnis","Felipe Meligeni Alves",1423.37719134484,1500.49160554614,1,-77.1144142012981,1,2,0.359438082377344,0
20230403,"Marrakech","Clay",FALSE,"Daniel Evans","Andrea Vavassori",1440.37228746627,1517.47648462025,1,-77.1041971539773,2,2,0.373603373214448,0
20230320,"Miami Masters","Hard",FALSE,"Roberto Carballes Baena","Bernabe Zapata Miralles",1443.79276269885,1519.96992060574,1,-76.1771579068934,0,1,0.376946414009111,0
20230717,"Gstaad","Clay",FALSE,"Albert Ramos","Pedro Cachin",1408.34447009665,1484.23980052707,0,-75.8953304304187,2,1,0.406364322077367,0
20230403,"Estoril","Clay",FALSE,"Diego Schwartzman","Marco Cecchinato",1447.24002543712,1522.97533406398,0,-75.735308626869,2,2,0.375424038800034,0
20230522,"Lyon","Clay",FALSE,"Juan Pablo Varillas","Francisco Cerundolo",1465.34614466598,1540.94388358766,0,-75.5977389216857,2,2,0.375607206808586,0
20230403,"Estoril","Clay",FALSE,"Joao Sousa","Casper Ruud",1426.09245826449,1501.45259030756,0,-75.3601320430614,0,1,0.378036511290877,0
20231030,"Paris Masters","Hard",FALSE,"Grigor Dimitrov","Daniil Medvedev",1744.11622370132,1819.47516851799,1,-75.3589448166731,2,2,0.375925235147127,0
20230320,"Miami Masters","Hard",FALSE,"Dominic Thiem","Lorenzo Sonego",1418.14915605901,1493.3657984245,0,-75.2166423654967,0,2,0.347967440936784,0
20230424,"Madrid Masters","Clay",FALSE,"Aslan Karatsev","Botic Van De Zandschulp",1476.421714765,1551.57534580123,1,-75.1536310362294,1,0,0.424371887899031,0
20230529,"Roland Garros","Clay",TRUE,"Novak Djokovic","Carlos Alcaraz",1686.87893959569,1762.01786765932,1,-75.1389280636297,1,1,0.319625354115254,0
20230306,"Indian Wells Masters","Hard",FALSE,"Oscar Otte","Karen Khachanov",1467.81672599857,1542.43130851433,0,-74.614582515755,0,2,0.348743420229721,0
20230717,"Bastad","Clay",FALSE,"Federico Coria","Sebastian Baez",1410.90712256341,1485.51249084288,1,-74.6053682794732,2,2,0.376929556410911,0
20230403,"Houston","Clay",FALSE,"Daniel Elahi Galan","Zhizhen Zhang",1396.74107623452,1471.33005743226,1,-74.5889811977422,1,1,0.393516297080303,0
20231002,"Shanghai Masters","Hard",FALSE,"Aleksandar Kovacevic","Cristian Garin",1454.79543008633,1529.30378896218,0,-74.5083588758512,2,2,0.377058921723859,0
20231016,"Stockholm","Hard",FALSE,"Pavel Kotov","Tallon Griekspoor",1487.84594422228,1562.25698222282,1,-74.4110380005434,2,2,0.377188720000527,0
20230306,"Indian Wells Masters","Hard",FALSE,"Thanasi Kokkinakis","Carlos Alcaraz",1524.28253283147,1598.55336905603,0,-74.2708362245567,2,2,0.37737574013003,0
20230306,"Indian Wells Masters","Hard",FALSE,"Felix Auger Aliassime","Tommy Paul",1544.69885410321,1618.91055900128,1,-74.2117048980679,2,2,0.377454628457642,0
20230116,"Australian Open","Hard",TRUE,"Christopher Eubanks","Soon Woo Kwon",1484.04669361173,1558.21906523123,1,-74.1723716194936,2,0,0.364930922444685,0
20231106,"Sofia","Hard",FALSE,"Alexandar Lazarov","Pavel Kotov",1482.32155681221,1556.37088194186,0,-74.0493251296491,1,2,0.363454678965608,0
20230320,"Miami Masters","Hard",FALSE,"Tomas Martin Etcheverry","Karen Khachanov",1512.30045905901,1586.21999191518,0,-73.9195328561741,2,2,0.377844516442346,0
20230424,"Madrid Masters","Clay",FALSE,"Pedro Cachin","Jan Lennard Struff",1480.86972419068,1554.75156699022,0,-73.8818427995423,1,1,0.394474921843517,0
20230731,"Kitzbuhel","Clay",FALSE,"Facundo Bagnis","Dominic Thiem",1416.43860398606,1490.30729105555,0,-73.8686870694858,1,1,0.394492763991844,0
20230731,"Kitzbuhel","Clay",FALSE,"Dominic Thiem","Zhizhen Zhang",1453.66214718552,1527.00256270185,1,-73.3404155163355,1,1,0.395209451726331,0
20230703,"Wimbledon","Grass",TRUE,"Daniel Evans","Quentin Halys",1435.83438643511,1509.13833899641,0,-73.3039525613062,0,0,0.339098903893397,0
20230227,"Acapulco","Hard",FALSE,"Brandon Nakashima","Mackenzie Mcdonald",1470.62552622309,1543.84622733124,0,-73.2207011081503,2,2,0.378777710357076,0
20230612,"Stuttgart","Grass",FALSE,"Corentin Moutet","Aslan Karatsev",1466.36157878146,1539.54582361076,0,-73.1842448292996,2,0,0.442082862102,0
20230612,"Stuttgart","Grass",FALSE,"Oscar Otte","Gregoire Barrere",1435.8088821637,1508.71616213922,0,-72.907279975527,0,2,0.350948273564106,0
20230626,"Mallorca","Grass",FALSE,"Corentin Moutet","Adrian Mannarino",1482.97572680199,1555.85233328989,0,-72.8766064879048,2,2,0.379237531875242,0
20230828,"Us Open","Hard",TRUE,"Yu Hsiou Hsu","Cameron Norrie",1502.30771807052,1575.14408530198,0,-72.8363672314586,2,2,0.309475388120249,0
20230529,"Roland Garros","Clay",TRUE,"Zhizhen Zhang","Dusan Lajovic",1503.10467024339,1575.74209119495,1,-72.6374209515607,1,2,0.297014872921471,0
20230529,"Roland Garros","Clay",TRUE,"Alex Molcan","Alexander Zverev",1538.82347605031,1611.38385164336,0,-72.5603755930513,2,1,0.338738344026807,0
20231106,"Sofia","Hard",FALSE,"Pavel Kotov","Adrian Mannarino",1568.28917622642,1640.69929300947,0,-72.4101167830418,2,0,0.443167221604306,0
20230116,"Australian Open","Hard",TRUE,"Ugo Humbert","Richard Gasquet",1484.26392933777,1556.65211805697,1,-72.3881887191947,2,0,0.36904837726192,0
20230529,"Roland Garros","Clay",TRUE,"Daniel Evans","Thanasi Kokkinakis",1457.53850249763,1529.92584006436,0,-72.3873375667376,2,1,0.339123492197618,0
20231016,"Antwerp","Hard",FALSE,"Giovanni Mpetshi Perricard","Alexander Bublik",1470.08916002153,1542.46032823716,0,-72.3711682156325,2,2,0.379913353927814,0
20230814,"Cincinnati Masters","Hard",FALSE,"John Isner","Jordan Thompson",1469.89421612715,1542.24118965926,0,-72.3469735321057,2,0,0.443255693521998,0
20230920,"Zhuhai","Hard",FALSE,"Alexandre Muller","Rinky Hijikata",1467.09211043787,1539.31445152973,1,-72.222341091863,1,1,0.396727787442107,0
20230227,"Acapulco","Hard",FALSE,"Jacopo Berrettini","Alex De Minaur",1513.40447213742,1585.59724387746,0,-72.1927717400365,1,0,0.428483630078091,0
20230912,"Davis Cup Finals RR: FRA vs SUI","Hard",FALSE,"Ugo Humbert","Stan Wawrinka",1527.95449208724,1600.14323310004,1,-72.1887410127974,2,0,0.44347741368902,0
20230410,"Monte Carlo Masters","Clay",FALSE,"Borna Coric","Nicolas Jarry",1508.98223974927,1580.84879813652,0,-71.8665583872464,1,1,0.397211356464344,0
20230508,"Rome Masters","Clay",FALSE,"Luca Van Assche","Tomas Martin Etcheverry",1476.28534418023,1548.14974558686,0,-71.8644014066379,2,1,0.411896939629903,0
20230828,"Us Open","Hard",TRUE,"Daniil Medvedev","Novak Djokovic",1758.65236282988,1830.50924240239,0,-71.8568795725128,2,2,0.311558607338001,0
20230417,"Munich","Clay",FALSE,"Thiago Monteiro","Yannick Hanfmann",1451.65965576832,1523.40256448185,0,-71.742908713527,1,1,0.397379464414312,0
20230204,"Davis Cup QLS R1: KAZ vs CHI","Clay",FALSE,"Alexander Bublik","Nicolas Jarry",1429.65073124079,1501.28828129737,0,-71.6375500565823,1,1,0.397522723922848,0
20230724,"Umag","Clay",FALSE,"Alexei Popyrin","Stan Wawrinka",1515.23183181705,1586.86421788045,1,-71.6323860634061,1,1,0.397529746019956,0
20231127,"NextGen Finals","Hard",FALSE,"Luca Nardi","Flavio Cobolli",1420.31000712416,1491.88732451329,1,-71.577317389133,2,0,0.44433436972124,0
20230227,"Santiago","Clay",FALSE,"Pedro Cachin","Juan Manuel Cerundolo",1417.37045983495,1488.84109699175,0,-71.4706371567977,1,2,0.366848718954897,0
20230703,"Wimbledon","Grass",TRUE,"Arthur Rinderknech","Alexandre Muller",1451.08665343601,1522.4027924395,0,-71.3161390034911,0,1,0.314648666534641,0
20230116,"Australian Open","Hard",TRUE,"Rafael Nadal","Jack Draper",1456.91398190277,1528.14412700024,1,-71.2301450974674,0,2,0.287300670781993,0
20230227,"Santiago","Clay",FALSE,"Thiago Monteiro","Marco Cecchinato",1440.45473492687,1511.21412371316,1,-70.7593887862884,1,2,0.367787201093294,0
20230116,"Australian Open","Hard",TRUE,"Rinky Hijikata","Stefanos Tsitsipas",1485.67508757004,1556.29561191801,0,-70.620524347969,1,2,0.301215281666386,0
20230529,"Roland Garros","Clay",TRUE,"Sebastian Ofner","Sebastian Korda",1473.77362436767,1544.26354995094,1,-70.489925583265,0,2,0.288808699613978,0
20230814,"Cincinnati Masters","Hard",FALSE,"Daniel Altmaier","Alexei Popyrin",1478.43306669469,1548.67707213591,0,-70.2440054412207,2,2,0.382762665533709,0
20230417,"Munich","Clay",FALSE,"Oscar Otte","Sebastian Baez",1441.70281009734,1511.83617989274,1,-70.1333697953976,1,2,0.368614054119638,0
20230206,"Dallas","Hard",FALSE,"John Isner","J J Wolf",1484.77657640572,1554.56098100665,1,-69.7844046009279,2,0,0.446849162811909,0
20230227,"Acapulco","Hard",FALSE,"Michael Mmoh","Tommy Paul",1514.02036182695,1583.71230122522,0,-69.6919393982632,2,2,0.383503479730321,0
20230508,"Rome Masters","Clay",FALSE,"Fabio Fognini","Andy Murray",1445.75977976422,1514.93425506847,1,-69.174475304256,0,2,0.355791031039642,0
20230410,"Monte Carlo Masters","Clay",FALSE,"Jan Lennard Struff","Casper Ruud",1476.3233122877,1545.41592933104,1,-69.0926170433354,1,1,0.400988433861137,0
20230828,"Us Open","Hard",TRUE,"Ben Shelton","Pedro Cachin",1440.81361353985,1509.78517063704,1,-68.9715570971814,2,2,0.31773950563618,0
20231016,"Stockholm","Hard",FALSE,"Elias Ymer","Miomir Kecmanovic",1432.20300796059,1501.0966157136,0,-68.89360775301,0,0,0.418176013271565,0
20230529,"Roland Garros","Clay",TRUE,"Hugo Gaston","Alex Molcan",1457.87191720538,1526.75920973716,0,-68.887292531781,0,2,0.292089747590197,0
20230828,"Us Open","Hard",TRUE,"Taro Daniel","Gael Monfils",1488.05149418124,1556.51936999316,0,-68.4678758119232,0,0,0.349947419225429,0
20231023,"Vienna","Hard",FALSE,"Borna Gojo","Tommy Paul",1558.37349310943,1626.78468811421,1,-68.4111950047841,2,2,0.385224182208741,0
20230920,"Zhuhai","Hard",FALSE,"Lloyd Harris","Jiri Vesely",1447.74988328856,1515.99284802298,1,-68.2429647344277,2,2,0.385450416940069,0
20230828,"Us Open","Hard",TRUE,"Tomas Martin Etcheverry","Stan Wawrinka",1531.30060453698,1599.08669744278,0,-67.7860929058013,2,0,0.379756049404334,0
20230424,"Madrid Masters","Clay",FALSE,"Daniel Altmaier","Borna Coric",1441.71215914137,1509.47260136093,0,-67.7604422195657,1,1,0.402806580071109,0
20230703,"Wimbledon","Grass",TRUE,"Andrey Rublev","Novak Djokovic",1689.77145407762,1757.40555780113,0,-67.6341037235134,0,0,0.351833952785875,0
20231002,"Shanghai Masters","Hard",FALSE,"Brandon Nakashima","Zhizhen Zhang",1476.04526254377,1543.44958360865,0,-67.4043210648792,2,2,0.386578955188506,0
20230320,"Miami Masters","Hard",FALSE,"Holger Rune","Taylor Fritz",1570.62672702257,1637.99255656065,0,-67.3658295380803,2,2,0.386630781466072,0
20230731,"Washington","Hard",FALSE,"Tallon Griekspoor","Taylor Fritz",1570.70635534706,1637.62942146205,1,-66.9230661149888,2,2,0.38722711734451,0
20231002,"Shanghai Masters","Hard",FALSE,"Rinky Hijikata","Laslo Djere",1521.24051142287,1588.15512055243,1,-66.9146091295586,1,2,0.372877538285911,0
20230213,"Delray Beach","Hard",FALSE,"Ilya Ivashka","J J Wolf",1470.79362504939,1537.27493797436,0,-66.4813129249742,1,0,0.436442610116405,0
20230403,"Estoril","Clay",FALSE,"Fabio Fognini","Marco Cecchinato",1444.60752746617,1510.79896875384,0,-66.1914412876679,0,2,0.359682457632329,0
20230320,"Miami Masters","Hard",FALSE,"Richard Gasquet","Stefanos Tsitsipas",1521.65780245731,1587.81557792033,0,-66.1577754630291,0,2,0.359726481966544,0
20230403,"Houston","Clay",FALSE,"Fernando Verdasco","Jason Kubler",1456.0217770335,1522.16323771143,0,-66.1414606779356,0,2,0.359747817435148,0
20230424,"Madrid Masters","Clay",FALSE,"Borna Coric","Alejandro Davidovich Fokina",1521.58368374645,1587.62819581271,1,-66.0445120662619,1,2,0.374033478735202,0
20230717,"Gstaad","Clay",FALSE,"Daniel Altmaier","Benjamin Bonzi",1442.54822706032,1508.50322913038,1,-65.9550020700578,1,2,0.374152476321258,0
20230920,"Zhuhai","Hard",FALSE,"Cristian Garin","Jan Lennard Struff",1533.05217150082,1598.83228696872,0,-65.7801154679028,2,2,0.388768059850061,0
20231016,"Stockholm","Hard",FALSE,"Marton Fucsovics","Gael Monfils",1549.9536811704,1615.71411699378,0,-65.7604358233832,0,0,0.422510456833299,0
20230612,"s Hertogenbosch","Grass",FALSE,"Jordan Thompson","Rinky Hijikata",1454.519283209,1519.53522910066,1,-65.0159458916567,0,2,0.361221030683046,0
20230417,"Barcelona","Clay",FALSE,"Alexander Shevchenko","Alex De Minaur",1503.82695140428,1568.63876356379,0,-64.811812159505,0,0,0.423825176085194,0
20230320,"Miami Masters","Hard",FALSE,"Francisco Cerundolo","Felix Auger Aliassime",1510.86306909958,1575.52994012871,1,-64.6668710291315,1,2,0.375866640516935,0
20230626,"Mallorca","Grass",FALSE,"Albert Ramos","Arthur Rinderknech",1387.41414435483,1452.06383617282,0,-64.6496918179921,2,0,0.454065894972263,0
20230612,"Stuttgart","Grass",FALSE,"Jiri Lehecka","Frances Tiafoe",1554.19562330113,1618.75706919065,0,-64.5614458895161,0,0,0.424172345166599,0
20230508,"Rome Masters","Clay",FALSE,"Juan Manuel Cerundolo","Arthur Fils",1487.79382686024,1552.33975759058,0,-64.5459307303363,2,1,0.421998063442206,0
20230529,"Roland Garros","Clay",TRUE,"Oscar Otte","Alexander Shevchenko",1448.05564842125,1512.55806528545,0,-64.5024168641974,1,0,0.373104744548788,0
20230731,"Los Cabos","Hard",FALSE,"Ilya Ivashka","Borna Coric",1468.03254939225,1532.28434784704,0,-64.2517984547933,1,2,0.37641965858389,0
20230213,"Delray Beach","Hard",FALSE,"Oscar Otte","Yoshihito Nishioka",1475.16890399698,1539.22367958562,0,-64.054775588641,0,0,0.424875145565897,0
20231002,"Shanghai Masters","Hard",FALSE,"Daniel Elahi Galan","Marcos Giron",1417.89972835851,1481.86600515698,0,-63.9662767984742,2,2,0.391218061902687,0
20230220,"Rio De Janeiro","Clay",FALSE,"Jaume Munar","Bernabe Zapata Miralles",1460.26828144131,1524.15899734357,0,-63.8907159022588,2,2,0.391320244103947,0
20230424,"Madrid Masters","Clay",FALSE,"David Goffin","Roberto Carballes Baena",1462.75296033634,1526.5807057278,0,-63.8277453914661,0,2,0.362779132206375,0
20230529,"Roland Garros","Clay",TRUE,"Casper Ruud","Nicolas Jarry",1563.42323918006,1627.22712459759,1,-63.8038854175306,1,1,0.344593392193998,0
20230828,"Us Open","Hard",TRUE,"Otto Virtanen","Tomas Martin Etcheverry",1455.54367641116,1519.01061572968,0,-63.4669393185238,2,2,0.329710156605753,0
20230320,"Miami Masters","Hard",FALSE,"Andrey Rublev","Jannik Sinner",1589.77205469196,1653.20405560649,0,-63.4320009145251,2,2,0.391940775900365,0
20230220,"Rio De Janeiro","Clay",FALSE,"Dusan Lajovic","Carlos Alcaraz",1501.48171870562,1564.85963454804,0,-63.3779158424261,2,1,0.423616473191142,0
20230220,"Doha","Hard",FALSE,"Ilya Ivashka","Botic Van De Zandschulp",1458.62932914269,1521.94541338468,0,-63.3160842419975,1,2,0.37766752869476,0
20231030,"Paris Masters","Hard",FALSE,"Christopher Eubanks","Tallon Griekspoor",1519.18544718418,1582.35142615814,0,-63.1659789739667,2,2,0.392300800211353,0
20230320,"Miami Masters","Hard",FALSE,"Miomir Kecmanovic","Andrey Rublev",1514.38387619465,1577.48060668165,0,-63.0967304870051,0,2,0.363739157220696,0
20230116,"Australian Open","Hard",TRUE,"Luca Van Assche","Cameron Norrie",1500,1563.00779938392,0,-63.0077993839154,0,2,0.30431179253476,0
20230731,"Washington","Hard",FALSE,"Shintaro Mochizuki","Gregoire Barrere",1473.08660295495,1535.94359638404,0,-62.8569934290831,0,0,0.426537787780554,0
20230703,"Wimbledon","Grass",TRUE,"Marc Andrea Huesler","Yosuke Watanuki",1427.00224896248,1489.81682206701,0,-62.8145731045315,0,0,0.362828195306726,0
20231002,"Shanghai Masters","Hard",FALSE,"Diego Schwartzman","Luca Van Assche",1412.34563001715,1474.97962939233,1,-62.633999375184,1,0,0.44182265864072,0
20230508,"Rome Masters","Clay",FALSE,"Fabian Marozsan","Jiri Lehecka",1510.88886570694,1573.39163432674,1,-62.5027686198036,1,2,0.378753486851945,0
20230220,"Doha","Hard",FALSE,"Christopher Oconnell","Roberto Bautista Agut",1473.07338746315,1535.50557767137,1,-62.432190208222,2,2,0.393294489109838,0
20231127,"NextGen Finals","Hard",FALSE,"Luca Van Assche","Arthur Fils",1471.70155233416,1534.11742532247,0,-62.4158729883154,0,2,0.364634289043541,0
20230828,"Us Open","Hard",TRUE,"Jason Kubler","Matteo Arnaldi",1469.52609863035,1531.92016997374,0,-62.3940713433831,2,0,0.392451523496107,0
20231023,"Vienna","Hard",FALSE,"Andrey Rublev","Jannik Sinner",1746.06353051323,1808.45184899462,0,-62.388318481389,2,2,0.393353927810458,0
20231016,"Stockholm","Hard",FALSE,"Tomas Machac","Laslo Djere",1521.83636046311,1584.0424461098,0,-62.2060856466874,0,2,0.364910288211862,0
20231106,"Metz","Hard",FALSE,"Gregoire Barrere","Yannick Hanfmann",1464.07438781187,1526.21260327892,1,-62.1382154670441,0,2,0.364999598198212,0
20230116,"Australian Open","Hard",TRUE,"Jiri Lehecka","Cameron Norrie",1518.5412181346,1580.66153057665,1,-62.1203124420492,2,2,0.332673312594735,0
20230925,"Astana","Hard",FALSE,"Nuno Borges","Mikhail Kukushkin",1437.90272784743,1500,1,-62.0972721525684,2,0,0.457660655942918,0
20231002,"Shanghai Masters","Hard",FALSE,"Dusan Lajovic","Tallon Griekspoor",1517.84210671593,1579.90845651826,1,-62.0663498023259,2,2,0.393790236937646,0
20230320,"Miami Masters","Hard",FALSE,"J J Wolf","Andrey Rublev",1515.39902126584,1577.42170253312,0,-62.0226812672788,0,2,0.365151650370371,0
20230920,"Zhuhai","Hard",FALSE,"Mackenzie Mcdonald","Karen Khachanov",1557.13103574621,1618.91086848129,0,-61.7798327350761,2,2,0.394178647070962,0
20230807,"Canada Masters","Hard",FALSE,"Cameron Norrie","Alex De Minaur",1593.81245935874,1655.56662125696,0,-61.7541618982214,2,0,0.458144228124105,0
20230626,"Mallorca","Grass",FALSE,"Guido Pella","Adrian Mannarino",1481.93565867216,1543.48205506698,0,-61.5463963948159,2,2,0.394495198461321,0
20231023,"Basel","Hard",FALSE,"Thiago Seyboth Wild","Tallon Griekspoor",1508.51408354591,1569.97768302768,0,-61.463599481775,2,2,0.394607496514261,0
20230814,"Cincinnati Masters","Hard",FALSE,"Alexei Popyrin","Nicolas Jarry",1574.16865990908,1635.62840992409,1,-61.4597500150146,2,2,0.394612717844715,0
20231023,"Vienna","Hard",FALSE,"Daniel Evans","Frances Tiafoe",1517.00994195505,1578.43348835219,0,-61.4235463971452,0,2,0.365940590307703,0
20230227,"Acapulco","Hard",FALSE,"Taro Daniel","J J Wolf",1488.15514102549,1549.43923388107,1,-61.28409285558,0,0,0.42872365084729,0
20230925,"Astana","Hard",FALSE,"Corentin Moutet","Alibek Kachmazov",1424.25259902336,1485.51776591423,0,-61.2651668908686,1,0,0.443740187678413,0
20230109,"Adelaide 2","Hard",FALSE,"Robin Haase","Benjamin Bonzi",1485,1546.24092472257,1,-61.2409247225678,0,2,0.366181209589798,0
20230227,"Acapulco","Hard",FALSE,"Rodrigo Pacheco Mendez","Alex De Minaur",1500,1561.09489599771,0,-61.0948959977115,1,0,0.44397883012092,0
20230814,"Cincinnati Masters","Hard",FALSE,"Alexander Zverev","Daniil Medvedev",1692.90615557376,1753.69456613427,1,-60.7884105605101,2,2,0.395523674568,0
20230807,"Canada Masters","Hard",FALSE,"Aleksandar Vukic","Sebastian Korda",1483.34910497318,1544.12321952279,1,-60.7741145496127,2,2,0.395543081083747,0
20230508,"Rome Masters","Clay",FALSE,"Diego Schwartzman","Matteo Arnaldi",1444.78974785284,1505.14125835066,0,-60.3515104978142,2,0,0.46012190530589,0
20230206,"Montpellier","Hard",FALSE,"Nikoloz Basilashvili","Constant Lestienne",1456.72264508979,1516.96630596977,1,-60.2436608799846,0,1,0.398417586030015,0
20230920,"Chengdu","Hard",FALSE,"Zizou Bergs","Dusan Lajovic",1445.18986766688,1505.41656723725,0,-60.2266995703676,0,2,0.367518748338843,0
20230717,"Gstaad","Clay",FALSE,"Facundo Bagnis","Juan Pablo Varillas",1427.48810624119,1487.65604854319,0,-60.1679423019946,1,2,0.381877728798327,0
20230417,"Banja Luka","Clay",FALSE,"Roman Safiullin","Laslo Djere",1441.0260179608,1500.92417022678,0,-59.8981522659783,2,1,0.428447652176736,0
20230828,"Us Open","Hard",TRUE,"Ben Shelton","Dominic Thiem",1458.75284570245,1518.47610938702,1,-59.7232636845733,2,0,0.398795379708174,0
20231023,"Vienna","Hard",FALSE,"Lorenzo Sonego","Francisco Cerundolo",1535.19080099149,1594.87003875372,1,-59.6792377622367,2,1,0.428752051807956,0
20230717,"Bastad","Clay",FALSE,"Matteo Arnaldi","Emil Ruusuvuori",1475.14485872882,1534.77757217538,1,-59.6327134465582,0,2,0.368303034157787,0
20230508,"Rome Masters","Clay",FALSE,"J J Wolf","Hubert Hurkacz",1513.0645555763,1572.64291086236,1,-59.5783552860537,1,1,0.414030377430179,0
20230731,"Washington","Hard",FALSE,"Brandon Nakashima","Aleksandar Vukic",1441.40062732058,1500.89277540797,1,-59.4921480873904,2,2,0.397284653149282,0
20231002,"Shanghai Masters","Hard",FALSE,"Christopher Eubanks","Casper Ruud",1562.88792571738,1622.26859267995,0,-59.3806669625685,2,2,0.397436225797545,0
20231106,"Metz","Hard",FALSE,"Bernabe Zapata Miralles","Stan Wawrinka",1444.12343656837,1503.36672419085,0,-59.2432876224864,1,0,0.446575590120876,0
20230227,"Acapulco","Hard",FALSE,"Feliciano Lopez","Frances Tiafoe",1500,1559.10189516421,0,-59.1018951642109,0,2,0.369004504444236,0
20230306,"Indian Wells Masters","Hard",FALSE,"Tallon Griekspoor","Carlos Alcaraz",1606.43312053971,1665.21743035295,0,-58.784309813246,2,2,0.398247382136614,0
20230424,"Madrid Masters","Clay",FALSE,"Karen Khachanov","Andrey Rublev",1614.36286732247,1672.85595813661,1,-58.49309081414,1,1,0.415526092525935,0
20230529,"Roland Garros","Clay",TRUE,"Yoshihito Nishioka","Tomas Martin Etcheverry",1501.59874990435,1560.09061311381,0,-58.4918632094623,2,1,0.370711959214533,0
20230612,"Stuttgart","Grass",FALSE,"Richard Gasquet","Christopher Eubanks",1447.34148134099,1505.79127487864,1,-58.449793537641,2,0,0.462805238175408,0
20230204,"Davis Cup QLS R1: CRO vs AUT","Hard",FALSE,"Dominic Thiem","Borna Gojo",1485.28870453206,1543.70680197642,0,-58.4180974443559,0,2,0.369908951596051,0
20230206,"Montpellier","Hard",FALSE,"Maxime Cressy","Holger Rune",1484.38069207016,1542.73280131436,1,-58.3521092442024,2,2,0.398835604760783,0
20230320,"Miami Masters","Hard",FALSE,"Alejandro Davidovich Fokina","Tommy Paul",1566.49976441745,1624.83155640649,0,-58.3317919890399,0,2,0.370023171374114,0
20231002,"Shanghai Masters","Hard",FALSE,"Terence Atmane","Jordan Thompson",1485.21875949952,1543.46232954352,1,-58.243570044004,0,0,0.432956892932406,0
20230717,"Newport","Grass",FALSE,"Max Purcell","Gijs Brouwer",1447.31200061426,1505.49427714628,0,-58.1822765320189,2,2,0.399066826193174,0
20230619,"Halle","Grass",FALSE,"Roberto Carballes Baena","Tallon Griekspoor",1538.1369370008,1596.07074096509,0,-57.9338039642853,2,0,0.463533680569093,0
20230529,"Roland Garros","Clay",TRUE,"Stefanos Tsitsipas","Carlos Alcaraz",1686.09741545172,1743.82350646653,0,-57.7260910148066,1,1,0.358354491946692,0
20230828,"Us Open","Hard",TRUE,"Hugo Gaston","Sho Shimabukuro",1436.93373581949,1494.59552724944,1,-57.6617914299477,0,0,0.374743147732923,0
20230227,"Acapulco","Hard",FALSE,"Luciano Darderi","Mackenzie Mcdonald",1498.27136553925,1555.73101911376,0,-57.4596535745072,1,2,0.385513963470711,0
20231023,"Basel","Hard",FALSE,"Alexander Bublik","Casper Ruud",1566.6478591139,1624.07708770035,0,-57.4292285864512,2,2,0.400092616213638,0
20230320,"Miami Masters","Hard",FALSE,"Aleksandar Kovacevic","Francisco Cerundolo",1471.22603219974,1528.62316310016,0,-57.3971309004173,2,1,0.431928480510884,0
20230529,"Roland Garros","Clay",TRUE,"Lorenzo Musetti","Cameron Norrie",1580.71522744801,1637.89019608119,1,-57.1749686331848,2,1,0.373768951484886,0
20230424,"Madrid Masters","Clay",FALSE,"Roberto Bautista Agut","Quentin Halys",1473.79911698981,1530.90792929832,1,-57.1088123085167,2,1,0.432330190880274,0
20230227,"Santiago","Clay",FALSE,"Facundo Bagnis","Marco Cecchinato",1441.73130546904,1498.64973955696,0,-56.9184340879178,1,2,0.386242171166905,0
20230703,"Wimbledon","Grass",TRUE,"Marcos Giron","Marton Fucsovics",1485.94990729872,1542.40881623467,0,-56.4589089359449,2,0,0.406595252861403,0
20231016,"Tokyo","Hard",FALSE,"Mackenzie Mcdonald","Tommy Paul",1565.73103859982,1621.76637623004,0,-56.0353376302219,2,2,0.401993659637997,0
20230116,"Australian Open","Hard",TRUE,"Lloyd Harris","Lorenzo Musetti",1485,1540.8992246969,1,-55.8992246968987,2,0,0.407937427922666,0
20231030,"Paris Masters","Hard",FALSE,"Sebastian Baez","Taylor Fritz",1588.76809975109,1644.51271876372,0,-55.7446190126391,2,2,0.402390526864689,0
20230116,"Australian Open","Hard",TRUE,"Joao Sousa","Roberto Bautista Agut",1486.28363601663,1542.01584957239,0,-55.7322135557667,2,2,0.34690791471477,0
20230206,"Cordoba","Clay",FALSE,"Federico Coria","Francisco Cerundolo",1461.78919089765,1517.41683177142,1,-55.6276408737767,2,2,0.402550252750129,0
20230807,"Canada Masters","Hard",FALSE,"Gabriel Diallo","Daniel Evans",1457.65048766055,1513.24043381774,1,-55.5899461571844,2,0,0.466844508807342,0
20231016,"Stockholm","Hard",FALSE,"Tomas Machac","Stan Wawrinka",1504.46004722749,1559.96861807431,1,-55.5085708468202,0,0,0.436773160460767,0
20230320,"Miami Masters","Hard",FALSE,"Tommy Paul","Carlos Alcaraz",1637.33656934912,1692.75402615093,0,-55.4174568018141,2,2,0.402837297084902,0
20231113,"Tour Finals","Hard",FALSE,"Alexander Zverev","Daniil Medvedev",1745.98862386488,1801.27174044503,0,-55.2831165801476,2,2,0.403020797821038,0
20230529,"Roland Garros","Clay",TRUE,"Ugo Humbert","Adrian Mannarino",1459.9077700825,1515.16078799466,1,-55.2530179121625,1,2,0.334287784186585,0
20230306,"Indian Wells Masters","Hard",FALSE,"Cristian Garin","Alejandro Davidovich Fokina",1486.62176097171,1541.84313156359,0,-55.2213705918755,2,0,0.467365415446851,0
20230306,"Indian Wells Masters","Hard",FALSE,"Pedro Cachin","Nikoloz Basilashvili",1405.41329545691,1460.40544898574,1,-54.9921535288304,2,0,0.467689403128265,0
20230220,"Marseille","Hard",FALSE,"Luca Van Assche","Benjamin Bonzi",1474.16870003658,1529.10801924673,0,-54.9393192101463,0,2,0.37452430900839,0
20230424,"Madrid Masters","Clay",FALSE,"Richard Gasquet","Hubert Hurkacz",1505.40417410634,1559.97994603739,0,-54.5757719310504,0,1,0.406155370716017,0
20230703,"Wimbledon","Grass",TRUE,"Novak Djokovic","Carlos Alcaraz",1769.52189270484,1823.92620711443,0,-54.404314409597,0,2,0.32270224402674,0
20230306,"Indian Wells Masters","Hard",FALSE,"Francisco Cerundolo","Felix Auger Aliassime",1508.56397653029,1562.85497767342,0,-54.2910011431231,1,2,0.38978455144696,0
20230306,"Indian Wells Masters","Hard",FALSE,"Jordan Thompson","Gael Monfils",1445.99096685601,1500,1,-54.0090331439928,0,0,0.438868744759985,0
20230814,"Cincinnati Masters","Hard",FALSE,"Jiri Lehecka","Taylor Fritz",1590.21439718293,1644.21282428431,0,-53.9984271013789,2,2,0.404776971471154,0
20230731,"Washington","Hard",FALSE,"Max Purcell","Zachary Svajda",1420.46582359694,1474.40530555706,0,-53.9394819601198,2,0,0.469177651288559,0
20230220,"Marseille","Hard",FALSE,"Benjamin Bonzi","Arthur Fils",1493.95856068345,1547.87610132745,1,-53.9175406440054,2,2,0.404887625583225,0
20230529,"Roland Garros","Clay",TRUE,"Aslan Karatsev","Frances Tiafoe",1552.24056184608,1606.06233095533,0,-53.821769109257,1,1,0.367320924844724,0
20230626,"Eastbourne","Grass",FALSE,"J J Wolf","Tommy Paul",1493.94216516595,1547.54630823673,0,-53.6041430707885,0,0,0.439434950571607,0
20231030,"Paris Masters","Hard",FALSE,"Stefanos Tsitsipas","Grigor Dimitrov",1645.79125096945,1699.14721559584,0,-53.3559646263984,2,2,0.405656137544715,0
20230116,"Australian Open","Hard",TRUE,"Botic Van De Zandschulp","Tallon Griekspoor",1516.26535356848,1569.46567862154,0,-53.2003250530652,2,2,0.352628151705348,0
20231002,"Shanghai Masters","Hard",FALSE,"Nicolas Jarry","Grigor Dimitrov",1652.15540701589,1705.33455621204,0,-53.1791491961574,2,2,0.405898203843723,0
20230703,"Wimbledon","Grass",TRUE,"Hubert Hurkacz","Lorenzo Musetti",1561.64870447513,1614.73939540381,1,-53.0906909286768,0,0,0.385442153953149,0
20230116,"Australian Open","Hard",TRUE,"Jannik Sinner","Stefanos Tsitsipas",1528.73221253792,1581.59215571018,0,-52.85994317226,2,2,0.353400443765973,0
20230417,"Munich","Clay",FALSE,"Oscar Otte","Flavio Cobolli",1459.69024406203,1512.48081287996,0,-52.7905688179287,1,0,0.455647014390031,0
20230306,"Indian Wells Masters","Hard",FALSE,"Jack Draper","Andy Murray",1512.91397240828,1565.67606736653,1,-52.7620949582454,2,0,0.470842868398492,0
20230508,"Rome Masters","Clay",FALSE,"Daniel Evans","Roberto Carballes Baena",1470.27915375584,1523.0122641429,0,-52.7331103870602,2,2,0.40650904903081,0
20230731,"Washington","Hard",FALSE,"Daniel Evans","Alexander Shevchenko",1456.17373765633,1508.89571971024,1,-52.7219820539085,0,0,0.440669125063309,0
20230410,"Monte Carlo Masters","Clay",FALSE,"Laslo Djere","Hubert Hurkacz",1513.66965133044,1566.28829974573,0,-52.6186484152888,1,1,0.42364864076934,0
20230403,"Estoril","Clay",FALSE,"Constant Lestienne","Ben Shelton",1447.17845999868,1499.6789036864,0,-52.5004436877173,0,1,0.409000516604279,0
20230116,"Australian Open","Hard",TRUE,"Jiri Lehecka","Stefanos Tsitsipas",1516.48571865482,1568.83531999529,0,-52.3496013404781,2,2,0.354559792034684,0
20230731,"Washington","Hard",FALSE,"Daniel Evans","Gregoire Barrere",1496.00113902317,1548.25906718461,1,-52.2579281614385,0,0,0.441318648335882,0
20231002,"Shanghai Masters","Hard",FALSE,"Ben Shelton","Sebastian Korda",1570.50061076104,1622.7073744226,0,-52.2067636615591,2,2,0.40723024703083,0
20231106,"Metz","Hard",FALSE,"Luca Van Assche","Pierre Hugues Herbert",1447.82182363754,1500,0,-52.1781763624583,0,2,0.378203927447614,0
20230227,"Santiago","Clay",FALSE,"Cristian Garin","Sebastian Baez",1469.28209305035,1521.35670719825,0,-52.074614147908,1,2,0.392781833958029,0
20231106,"Metz","Hard",FALSE,"Arthur Cazaux","Pierre Hugues Herbert",1475.44190218066,1527.49007855545,0,-52.0481763747844,2,2,0.407447621190913,0
20230424,"Madrid Masters","Clay",FALSE,"Felix Auger Aliassime","Dusan Lajovic",1568.76291915139,1620.65753939842,0,-51.8946202470315,1,2,0.393025603098503,0
20230306,"Indian Wells Masters","Hard",FALSE,"Richard Gasquet","Borna Gojo",1504.43914843171,1556.20819205106,1,-51.7690436193473,0,2,0.378750362031656,0
20230821,"Winston-Salem","Hard",FALSE,"Juan Manuel Cerundolo","Omni Kumar",1444.2921137149,1496.03855247709,1,-51.7464387621862,1,0,0.457117815357111,0
20230626,"Mallorca","Grass",FALSE,"Christopher Eubanks","Adrian Mannarino",1533.52880025917,1585.22107396906,1,-51.6922737098885,0,2,0.378852929684152,0
20230410,"Monte Carlo Masters","Clay",FALSE,"Stefanos Tsitsipas","Taylor Fritz",1614.22596066523,1665.83129502799,0,-51.605334362758,1,1,0.425054054068987,0
20230703,"Wimbledon","Grass",TRUE,"Luca Van Assche","Aslan Karatsev",1474.3077959708,1525.85343633779,0,-51.5456403669948,1,0,0.403667607670188,0
20230320,"Miami Masters","Hard",FALSE,"Christopher Eubanks","Borna Coric",1474.75474017561,1526.18665514865,1,-51.4319149730431,2,2,0.408292668371117,0
20230626,"Eastbourne","Grass",FALSE,"Aleksandar Vukic","Brandon Nakashima",1429.7963098983,1481.20061777068,1,-51.4043078723791,0,2,0.379237759958696,0
20231113,"Tour Finals","Hard",FALSE,"Andrey Rublev","Daniil Medvedev",1733.69827499017,1785.06496939826,0,-51.3666944080853,2,2,0.408382133762867,0
20230306,"Indian Wells Masters","Hard",FALSE,"Aleksandar Vukic","Stan Wawrinka",1485.27444068239,1536.52077412333,0,-51.2463334409347,2,0,0.472987610479739,0
20230828,"Us Open","Hard",TRUE,"Nuno Borges","Sebastian Ofner",1430.73273181485,1481.95282326705,0,-51.220091452207,2,0,0.419210410086424,0
20230529,"Roland Garros","Clay",TRUE,"Karen Khachanov","Novak Djokovic",1622.86254771283,1674.07404339016,0,-51.2114956773271,1,1,0.373367587821043,0
20230227,"Santiago","Clay",FALSE,"Juan Pablo Varillas","Nicolas Jarry",1502.56707691907,1553.61487838633,0,-51.0478014672592,2,1,0.440794728343999,0
20230116,"Australian Open","Hard",TRUE,"Constant Lestienne","Cameron Norrie",1516.81718877867,1567.84904419584,0,-51.0318554171713,1,2,0.343683539728738,0
20230619,"Halle","Grass",FALSE,"Tallon Griekspoor","Andrey Rublev",1608.59246422839,1659.58024581662,0,-50.9877815882357,0,0,0.443097457975538,0
20230612,"s Hertogenbosch","Grass",FALSE,"Ugo Humbert","Jason Kubler",1465.57563692116,1516.41127971815,1,-50.8356427969907,1,1,0.42612238724571,0
20231002,"Shanghai Masters","Hard",FALSE,"Botic Van De Zandschulp","Christopher Oconnell",1475.74912263821,1526.47968738823,1,-50.7305647500216,2,2,0.409255053184114,0
20230403,"Houston","Clay",FALSE,"John Isner","Gijs Brouwer",1476.79126671553,1527.30940321437,0,-50.5181364988405,1,1,0.426563288100317,0
20230522,"Lyon","Clay",FALSE,"Felix Auger Aliassime","Arthur Fils",1551.6689822315,1602.05494399605,0,-50.3859617645426,1,1,0.426746865225818,0
20230821,"Winston-Salem","Hard",FALSE,"Benjamin Bonzi","Sebastian Korda",1476.11988550721,1526.34219067579,0,-50.222305168576,2,2,0.409952916417032,0
20231106,"Sofia","Hard",FALSE,"Billy Harris","Jan Lennard Struff",1500,1550.15165626147,0,-50.1516562614684,2,2,0.410049949317533,0
20230320,"Miami Masters","Hard",FALSE,"Jannik Sinner","Daniil Medvedev",1701.84220405934,1751.94040851408,0,-50.0982044547379,2,2,0.410123367475312,0
20230522,"Geneva","Clay",FALSE,"Daniel Rincon","Roberto Carballes Baena",1485.85190877579,1535.75291540111,0,-49.9010066253293,0,2,0.381249191978616,0
20231016,"Antwerp","Hard",FALSE,"Alexander Shevchenko","Benjamin Bonzi",1449.36636601182,1499.22247779238,1,-49.8561117805589,0,2,0.38130932479775,0
20230508,"Rome Masters","Clay",FALSE,"Roman Safiullin","Marcos Giron",1464.43357385797,1514.18618397428,1,-49.7526101163082,2,1,0.442608180022391,0
20230403,"Marrakech","Clay",FALSE,"Roberto Carballes Baena","Alexandre Muller",1495.24003702987,1544.83974478954,1,-49.5997077596708,2,2,0.410808264732109,0
20231016,"Tokyo","Hard",FALSE,"Aslan Karatsev","Frances Tiafoe",1546.1574298126,1595.55176085166,1,-49.3943310390589,0,2,0.381928051658409,0
20230703,"Wimbledon","Grass",TRUE,"Christopher Oconnell","Christopher Eubanks",1539.48122925451,1588.79222717137,0,-49.3109979168566,2,0,0.423834851371886,0
20230920,"Chengdu","Hard",FALSE,"Nuno Borges","Philip Sekulic",1450.79235510027,1500,0,-49.2076448997275,2,1,0.443371669100593,0
20230410,"Monte Carlo Masters","Clay",FALSE,"Benjamin Bonzi","Stefanos Tsitsipas",1552.23169177039,1601.43770094027,0,-49.2060091698804,2,1,0.443373961141098,0
20230410,"Monte Carlo Masters","Clay",FALSE,"Alejandro Davidovich Fokina","Karen Khachanov",1548.90619191058,1598.06410596961,0,-49.1579140590347,2,1,0.443441354729488,0
20230227,"Acapulco","Hard",FALSE,"Tommy Paul","Taylor Fritz",1591.86574589196,1640.73412924158,1,-48.868383349615,2,2,0.411813675124661,0
20231023,"Basel","Hard",FALSE,"Ugo Humbert","Nicolas Jarry",1607.49068751915,1656.22960146844,1,-48.7389139492911,2,2,0.411991744073115,0
20230206,"Dallas","Hard",FALSE,"Mackenzie Mcdonald","Frances Tiafoe",1528.27298757452,1576.99436998445,0,-48.721382409926,2,2,0.412015858282534,0
20231030,"Paris Masters","Hard",FALSE,"Dominic Thiem","Stan Wawrinka",1490.47015963985,1539.13305736706,1,-48.6628977272132,0,0,0.446357153054719,0
20231002,"Shanghai Masters","Hard",FALSE,"Hubert Hurkacz","Andrey Rublev",1676.75445558779,1725.23139501662,1,-48.4769394288294,2,2,0.412352127658979,0
20230612,"Stuttgart","Grass",FALSE,"Yosuke Watanuki","Hubert Hurkacz",1512.14968909658,1560.46247970165,0,-48.3127906050693,0,0,0.446848441491869,0
20230306,"Indian Wells Masters","Hard",FALSE,"Fabio Fognini","Ben Shelton",1452.72374675494,1501.03389823706,0,-48.3101514821187,1,2,0.397891072765821,0
20230522,"Geneva","Clay",FALSE,"Alexander Bublik","Marcos Giron",1439.84551830219,1488.0419329752,0,-48.1964146730077,1,1,0.429790821303683,0
20230220,"Rio De Janeiro","Clay",FALSE,"Pedro Martinez","Nicolas Jarry",1467.18171762004,1515.16542557031,0,-47.9837079502747,0,1,0.415213550267026,0
20230320,"Miami Masters","Hard",FALSE,"Francisco Cerundolo","Karen Khachanov",1541.16742966175,1588.98813735837,0,-47.82070769662,1,2,0.398557023783832,0
20230403,"Marrakech","Clay",FALSE,"Pedro Martinez","Pavel Kotov",1448.26431300367,1495.9943444854,0,-47.7300314817296,0,2,0.384161165742354,0
20230914,"Davis Cup Finals RR: NED vs USA","Hard",FALSE,"Tallon Griekspoor","Frances Tiafoe",1584.01940072365,1631.58227727799,1,-47.5628765543395,2,2,0.413610286095715,0
20231127,"NextGen Finals","Hard",FALSE,"Luca Nardi","Dominic Stricker",1433.26978263287,1480.8209159402,0,-47.5511333073312,2,0,0.478220192565365,0
20230116,"Australian Open","Hard",TRUE,"Thiago Monteiro","Constant Lestienne",1456.49670874303,1504.00470239786,0,-47.5079936548254,2,1,0.396505044746064,0
20230828,"Us Open","Hard",TRUE,"Matteo Arnaldi","Cameron Norrie",1539.72583243723,1587.04475807641,1,-47.3189256391797,0,2,0.338274299215113,0
20230717,"Newport","Grass",FALSE,"Ugo Humbert","Steve Johnson",1444.00928487705,1491.25322616657,1,-47.2439412895262,1,0,0.463468450001764,0
20231002,"Shanghai Masters","Hard",FALSE,"Mackenzie Mcdonald","Francisco Cerundolo",1558.18932246284,1605.02711322316,0,-46.8377907603253,2,1,0.446694869889957,0
20230227,"Acapulco","Hard",FALSE,"Elias Ymer","Adrian Mannarino",1485.96945816618,1532.78454058694,1,-46.815082420751,0,0,0.448951263655154,0
20230529,"Roland Garros","Clay",TRUE,"Timofey Skatov","Grigor Dimitrov",1515.66433588477,1562.43972849958,0,-46.7753926148059,2,1,0.398247828485659,0
20231106,"Metz","Hard",FALSE,"Abedallah Shelbayh","Hugo Gaston",1430.96148651817,1477.28601634659,1,-46.3245298284244,0,0,0.449640413230351,0
20230213,"Delray Beach","Hard",FALSE,"Daniel Altmaier","Adrian Mannarino",1473.53107453816,1519.76909383621,0,-46.2380192980565,2,0,0.480080836892604,0
20231030,"Paris Masters","Hard",FALSE,"Alexander Bublik","Frances Tiafoe",1554.10494115795,1600.34247230382,1,-46.2375311458629,2,2,0.415436553450932,0
20230807,"Canada Masters","Hard",FALSE,"Alex De Minaur","Jannik Sinner",1668.58329116941,1714.79247470329,0,-46.2091835338776,0,2,0.386206081831469,0
20230717,"Newport","Grass",FALSE,"Ethan Quinn","Tommy Paul",1514.35280000847,1560.41651268544,0,-46.0637126769734,2,0,0.480327866974126,0
20230619,"Halle","Grass",FALSE,"Yannick Hanfmann","Andrey Rublev",1600.50345849998,1646.55697220417,0,-46.0535137041927,0,0,0.450021231530205,0
20230724,"Hamburg","Clay",FALSE,"Jozef Kovalik","Thiago Seyboth Wild",1477.24622274631,1523.1410080961,1,-45.8947853497914,2,1,0.448018571238513,0
20230821,"Winston-Salem","Hard",FALSE,"Alex Michelsen","Laslo Djere",1534.70974610133,1580.56641565534,0,-45.8566695540046,2,2,0.4159617961569,0
20230529,"Roland Garros","Clay",TRUE,"Diego Schwartzman","Nuno Borges",1419.10795046671,1464.89731624421,1,-45.7893657775073,2,2,0.369611095226932,0
20230424,"Madrid Masters","Clay",FALSE,"Pedro Cachin","Abedallah Shelbayh",1441.46867678654,1487.20486912231,1,-45.7361923357723,1,0,0.465597838474197,0
20231023,"Basel","Hard",FALSE,"Leandro Riedi","Felix Auger Aliassime",1473.72778221426,1519.41816775693,0,-45.6903855426704,0,2,0.386904575531823,0
20230410,"Monte Carlo Masters","Clay",FALSE,"Luca Nardi","Valentin Vacherot",1454.38522584207,1500,1,-45.6147741579275,2,2,0.416295491081172,0
20230116,"Australian Open","Hard",TRUE,"Dalibor Svrcina","Yoshihito Nishioka",1484.43474411882,1530,0,-45.5652558811803,1,0,0.418046780070096,0
20230626,"Eastbourne","Grass",FALSE,"Gregoire Barrere","Tommy Paul",1514.69381300889,1560.25022111084,0,-45.556408101947,2,0,0.481046881287211,0
20231023,"Vienna","Hard",FALSE,"Frances Tiafoe","Gael Monfils",1590.80890773873,1636.36404352897,1,-45.5551357902309,2,0,0.481048684663483,0
20230417,"Banja Luka","Clay",FALSE,"Damir Dzumhur","Liam Broady",1458.88032300256,1504.26605247681,1,-45.3857294742484,2,2,0.416611529167193,0
20230320,"Miami Masters","Hard",FALSE,"Daniel Evans","Lorenzo Sonego",1434.93244060596,1480.31401126956,0,-45.3815706636028,0,2,0.387320575608615,0
20230204,"Davis Cup QLS R1: KAZ vs CHI","Clay",FALSE,"Alexander Bublik","Cristian Garin",1442.70677501461,1487.98806433038,0,-45.2812893157759,1,1,0.433851707835454,0
20230116,"Australian Open","Hard",TRUE,"Yosuke Watanuki","Sebastian Korda",1500,1544.99995026319,0,-44.999950263189,0,2,0.343450048239324,0
20230626,"Eastbourne","Grass",FALSE,"Gregoire Barrere","Emil Ruusuvuori",1522.70646286521,1567.67702851834,1,-44.9705656531323,2,0,0.481877306605352,0
20230424,"Madrid Masters","Clay",FALSE,"Juan Pablo Varillas","Yannick Hanfmann",1479.32758367719,1524.22637261582,0,-44.8987889386297,2,1,0.449417456250361,0
20230116,"Australian Open","Hard",TRUE,"Emil Ruusuvuori","Max Purcell",1455.13468456889,1500,1,-44.8653154311064,2,2,0.371752479238203,0
20230522,"Geneva","Clay",FALSE,"Vitaliy Sachko","Bernabe Zapata Miralles",1500,1544.68994390242,0,-44.6899439024223,0,2,0.388252851685388,0
20230306,"Indian Wells Masters","Hard",FALSE,"Ugo Humbert","Andrey Rublev",1515.55818340256,1560.19488090461,0,-44.6366975020533,2,2,0.417645528139721,0
20230522,"Geneva","Clay",FALSE,"Benoit Paire","Christopher Eubanks",1469.83640528823,1514.4200432379,0,-44.58363794967,0,1,0.419908509575411,0
20230102,"United Cup","Hard",FALSE,"Matteo Berrettini","Hubert Hurkacz",1485,1529.38074184588,1,-44.3807418458844,2,2,0.417999027897973,0
20230612,"Stuttgart","Grass",FALSE,"Zhizhen Zhang","Jan Lennard Struff",1525.36458098494,1569.70794054738,0,-44.3433595624372,2,0,0.482766475295157,0
20230213,"Delray Beach","Hard",FALSE,"Taro Daniel","Mackenzie Mcdonald",1501.26540759943,1545.2699166737,0,-44.0045090742715,0,2,0.389177588983366,0
20230529,"Roland Garros","Clay",TRUE,"Alejandro Davidovich Fokina","Arthur Fils",1580.88363440987,1624.82818394752,1,-43.9445495376524,2,1,0.405006027271394,0
20230612,"Stuttgart","Grass",FALSE,"Christopher Oconnell","Lorenzo Sonego",1526.80551983453,1570.6252474936,1,-43.8197276590734,2,2,0.418774137551276,0
20230227,"Santiago","Clay",FALSE,"Tomas Martin Etcheverry","Nicolas Jarry",1522.75967803482,1566.42669096695,0,-43.6670129321346,1,1,0.4361043228989,0
20230417,"Munich","Clay",FALSE,"Jordan Thompson","Flavio Cobolli",1455.76590338508,1499.35280000847,0,-43.5868966233841,1,0,0.468635431170613,0
20230227,"Acapulco","Hard",FALSE,"Denis Shapovalov","Miomir Kecmanovic",1485.78324138112,1529.32294768486,1,-43.5397063037417,0,0,0.453556241925312,0
20230703,"Wimbledon","Grass",TRUE,"Hamad Medjedovic","Christopher Oconnell",1482.81922940398,1526.35086780383,0,-43.5316383998493,0,2,0.346746624111219,0
20230109,"Auckland","Hard",FALSE,"Kiranpal Pannu","Richard Gasquet",1500,1543.52131795762,0,-43.5213179576206,1,0,0.468728150993153,0
20230717,"Gstaad","Clay",FALSE,"Zizou Bergs","Jurij Rodionov",1423.14369625583,1466.64210940062,1,-43.4984131447854,1,1,0.436339746471833,0
20231023,"Vienna","Hard",FALSE,"Roman Safiullin","Karen Khachanov",1576.88726349458,1620.33357238679,0,-43.4463088922055,2,2,0.419290283823178,0
20231030,"Paris Masters","Hard",FALSE,"Roman Safiullin","Karen Khachanov",1599.04498514957,1642.37023983396,0,-43.3252546843876,2,2,0.419457645143022,0
20230320,"Miami Masters","Hard",FALSE,"Marton Fucsovics","Holger Rune",1515.2182773011,1558.49923619579,0,-43.2809588946945,0,2,0.390154614339117,0
20230102,"Pune","Hard",FALSE,"Jaume Munar","Tallon Griekspoor",1500,1543.08854423843,0,-43.0885442384276,2,2,0.419784958427769,0
20230306,"Indian Wells Masters","Hard",FALSE,"Rinky Hijikata","Sebastian Baez",1489.81675428453,1532.79514755872,0,-42.9783932741971,1,2,0.405165489843934,0
20230619,"Queen's Club","Grass",FALSE,"Tommy Paul","Francisco Cerundolo",1560.71815304899,1603.27411428077,0,-42.5559612317857,0,2,0.391134479090556,0
20230417,"Barcelona","Clay",FALSE,"Alex De Minaur","Stefanos Tsitsipas",1581.81213266873,1624.33225576948,0,-42.5201231007416,0,1,0.422765039312872,0
20231016,"Tokyo","Hard",FALSE,"Felix Auger Aliassime","Aleksandar Vukic",1448.4707221711,1490.7114228899,1,-42.2407007187937,2,2,0.420957898140158,0
20230306,"Indian Wells Masters","Hard",FALSE,"Pedro Martinez","Marc Andrea Huesler",1444.91700415253,1487.05899901811,1,-42.1419948655794,1,2,0.406310511899948,0
20230320,"Miami Masters","Hard",FALSE,"Cristian Garin","Sebastian Baez",1492.99193202053,1535.04256310512,1,-42.0506310845985,2,2,0.421220970841153,0
20231016,"Stockholm","Hard",FALSE,"Thiago Seyboth Wild","Roman Safiullin",1521.71040753286,1563.69093950763,0,-41.9805319747643,2,2,0.421318005329911,0
20230206,"Montpellier","Hard",FALSE,"Maxime Cressy","Borna Coric",1488.65982913771,1530.58066186692,1,-41.9208327292067,2,2,0.421400648629103,0
20230109,"Auckland","Hard",FALSE,"David Goffin","Christopher Eubanks",1458.27023692779,1500,1,-41.7297630722089,2,2,0.42166518116328,0
20230703,"Wimbledon","Grass",TRUE,"Harold Mayot","Benjamin Bonzi",1483.68938242957,1525.29077076243,1,-41.6013883328562,0,2,0.351102751309976,0
20230417,"Barcelona","Clay",FALSE,"David Goffin","Feliciano Lopez",1460.19788405889,1501.78217625579,1,-41.5842921969065,0,0,0.456309279441497,0
20230410,"Monte Carlo Masters","Clay",FALSE,"Diego Schwartzman","David Goffin",1435.45895775684,1476.98209521719,1,-41.5231374603482,2,0,0.486765875797136,0
20230522,"Lyon","Clay",FALSE,"Albert Ramos","Juan Pablo Varillas",1410.61135241388,1452.13017204587,0,-41.5188196319841,2,2,0.42195728081335,0
20230417,"Munich","Clay",FALSE,"Daniel Altmaier","Aslan Karatsev",1417.75309267961,1459.21452755157,0,-41.4614348719608,1,1,0.439186309776305,0
20230116,"Australian Open","Hard",TRUE,"Sebastian Baez","Jason Kubler",1470.59131651061,1512.00753765829,0,-41.4162211476798,2,2,0.379789367520775,0
20231002,"Shanghai Masters","Hard",FALSE,"Dusan Lajovic","Stan Wawrinka",1535.49358101137,1576.74109695084,1,-41.2475159394676,2,0,0.48715683812822,0
20230102,"United Cup","Hard",FALSE,"Matteo Berrettini","Stefanos Tsitsipas",1501.90571670828,1543.06430497224,0,-41.1585882639554,2,2,0.422456230047321,0
20230724,"Umag","Clay",FALSE,"Filip Misolic","Stan Wawrinka",1519.52029018253,1560.65557607866,0,-41.1352858961225,2,1,0.45471037230393,0
20230220,"Marseille","Hard",FALSE,"Zizou Bergs","Stan Wawrinka",1459.66938122252,1500.66515922381,0,-40.9957780012933,0,0,0.457138382282281,0
20230717,"Gstaad","Clay",FALSE,"Pedro Cachin","Roberto Bautista Agut",1467.47960647371,1508.43857563641,1,-40.9589691626948,1,2,0.407931801475511,0
20230213,"Buenos Aires","Clay",FALSE,"Jaume Munar","Francisco Cerundolo",1473.51383090557,1514.33791524472,0,-40.8240843391579,2,2,0.422919686475612,0
20230306,"Indian Wells Masters","Hard",FALSE,"Brandon Nakashima","John Isner",1467.79280779924,1508.57485296019,1,-40.7820451609455,2,2,0.422977941528699,0
20230821,"Winston-Salem","Hard",FALSE,"Ilya Ivashka","Zhizhen Zhang",1455.77532621575,1496.43579085309,0,-40.6604646373435,1,2,0.408341208341725,0
20230807,"Canada Masters","Hard",FALSE,"Vasek Pospisil","Matteo Arnaldi",1484.98362119022,1525.63017218061,0,-40.6465509903821,0,0,0.4576304882762,0
20230522,"Lyon","Clay",FALSE,"Diego Schwartzman","Brandon Nakashima",1432.36943784221,1472.81928904177,0,-40.4498511995607,2,1,0.455675492543041,0
20230821,"Winston-Salem","Hard",FALSE,"Sebastian Korda","Marton Fucsovics",1536.66902496446,1577.04422253177,1,-40.3751975673158,2,0,0.488394301536238,0
20230529,"Roland Garros","Clay",TRUE,"Yoshihito Nishioka","J J Wolf",1489.10045607803,1529.47160470306,1,-40.3711486250313,2,1,0.413588359175076,0
20230227,"Santiago","Clay",FALSE,"Tomas Martin Etcheverry","Dusan Lajovic",1506.02513401149,1546.38181428224,1,-40.3566802707458,1,2,0.408757987261955,0
20230227,"Dubai","Hard",FALSE,"Pavel Kotov","Alexei Popyrin",1476.22851632166,1516.5393248372,1,-40.3108085155397,2,2,0.423631095655297,0
20230206,"Cordoba","Clay",FALSE,"Sebastian Baez","Luciano Darderi",1474.78204794384,1515,1,-40.2179520561604,2,0,0.488617384252938,0
20230116,"Australian Open","Hard",TRUE,"Mikael Ymer","Yoshihito Nishioka",1501.88111906375,1542.05488723105,0,-40.1737681673058,1,0,0.431131248546937,0
20230227,"Santiago","Clay",FALSE,"Tomas Martin Etcheverry","Sebastian Baez",1509.63507009262,1549.50913053849,1,-39.8740604458715,1,2,0.409420390210383,0
20230424,"Madrid Masters","Clay",FALSE,"Daniel Altmaier","Oscar Otte",1425.00295562588,1464.76485193674,1,-39.7618963108687,1,1,0.441564393922195,0
20231023,"Vienna","Hard",FALSE,"Jiri Lehecka","Karen Khachanov",1593.76575894498,1633.46756068607,0,-39.7018017410917,2,2,0.424475600213692,0
20230529,"Roland Garros","Clay",TRUE,"Max Purcell","Yoshihito Nishioka",1482.01050724173,1521.67466706386,0,-39.6641598221352,2,2,0.383897630472815,0
20230109,"Auckland","Hard",FALSE,"Jiri Lehecka","Cameron Norrie",1514.89621041187,1554.5538028686,0,-39.6575924567348,2,2,0.424536922088338,0
20230703,"Wimbledon","Grass",TRUE,"Mikael Ymer","Alex Molcan",1487.29795392876,1526.91139459297,1,-39.6134406642047,2,1,0.415415119400829,0
20230612,"s Hertogenbosch","Grass",FALSE,"Ilya Ivashka","Mackenzie Mcdonald",1450.14324352421,1489.68517799536,0,-39.541934471152,1,2,0.409876429282185,0
20230227,"Santiago","Clay",FALSE,"Jaume Munar","Lorenzo Musetti",1464.56013354083,1503.92026029735,1,-39.3601267565257,2,2,0.424949591534352,0
20230206,"Cordoba","Clay",FALSE,"Joao Sousa","Tomas Martin Etcheverry",1448.80285469029,1488.05078601565,1,-39.247931325355,0,1,0.427305279158492,0
20230821,"Winston-Salem","Hard",FALSE,"Marco Cecchinato","Max Purcell",1459.74287149331,1498.98416363526,0,-39.241292141948,0,2,0.395625476084012,0
20230424,"Madrid Masters","Clay",FALSE,"Yoshihito Nishioka","Alex Molcan",1500.31148901918,1539.46160497503,1,-39.1501159558488,2,2,0.425240999228108,0
20230203,"Davis Cup QLS R1: FRA vs HUN","Hard",FALSE,"Zsombor Piros","Benjamin Bonzi",1500,1539.11101769845,1,-39.1110176984464,1,2,0.410468348030384,0
20230925,"Astana","Hard",FALSE,"Sebastian Ofner","Alexander Bublik",1487.1461009288,1526.20656357737,1,-39.0604626485695,0,2,0.39587099412195,0
20230410,"Monte Carlo Masters","Clay",FALSE,"Matteo Berrettini","Francisco Cerundolo",1489.37924075037,1528.21907609492,1,-38.8398353445491,1,2,0.410840984408167,0
20230626,"Eastbourne","Grass",FALSE,"Mikael Ymer","Mackenzie Mcdonald",1446.46448901634,1485.27278485994,0,-38.8082958435937,2,2,0.425715414476412,0
20230213,"Buenos Aires","Clay",FALSE,"Dusan Lajovic","Sebastian Baez",1484.28191862128,1523.07125644209,1,-38.7893378208134,2,2,0.425741730501011,0
20230410,"Monte Carlo Masters","Clay",FALSE,"Roberto Bautista Agut","Alexander Zverev",1472.51808106332,1511.2634787791,0,-38.7453977157761,2,1,0.45807686148049,0
20230724,"Umag","Clay",FALSE,"Juan Manuel Cerundolo","Fabian Marozsan",1454.32650402419,1493.02971364391,0,-38.7032096197154,2,1,0.458136324583781,0
20230206,"Cordoba","Clay",FALSE,"Joao Sousa","Cristian Garin",1447.39607118042,1486.02697221096,1,-38.6309010305411,0,1,0.428162821030715,0
20231106,"Sofia","Hard",FALSE,"Jurij Rodionov","Marton Fucsovics",1477.0240094627,1515.62262128375,0,-38.5986118210519,2,0,0.490914974667225,0
20230619,"Queen's Club","Grass",FALSE,"Jordan Thompson","Alexei Popyrin",1477.66259591956,1516.2608667161,1,-38.5982707965391,0,0,0.460518413679503,0
20230619,"Queen's Club","Grass",FALSE,"Jiri Lehecka","Alejandro Davidovich Fokina",1549.7893551785,1588.15580634067,1,-38.36645116217,0,2,0.396813762343111,0
20230522,"Lyon","Clay",FALSE,"Pablo Llamas Ruiz","Felix Auger Aliassime",1500,1538.31656721452,0,-38.3165672145228,2,1,0.458681343059912,0
20230213,"Rotterdam","Hard",FALSE,"Aslan Karatsev","Grigor Dimitrov",1500.45893609052,1538.62502030867,0,-38.1660842181518,0,2,0.397086090406357,0
20230529,"Roland Garros","Clay",TRUE,"Alexander Bublik","Giulio Zeppieri",1426.91307949821,1464.92832245767,0,-38.0152429594616,1,1,0.40451103099351,0
20230203,"Davis Cup QLS R1: GER vs SUI","Hard",FALSE,"Alexander Zverev","Stan Wawrinka",1460.34614926159,1498.29767301375,1,-37.9515237521589,2,0,0.491833204160653,0
20230920,"Chengdu","Hard",FALSE,"Miomir Kecmanovic","Benjamin Lock",1462.0687846707,1500,1,-37.9312153293013,0,1,0.429135758576065,0
20230320,"Miami Masters","Hard",FALSE,"Taylor Fritz","Carlos Alcaraz",1667.68735576296,1705.38154805909,0,-37.6941922961282,2,2,0.427262634225004,0
20230807,"Canada Masters","Hard",FALSE,"Alexander Bublik","Hubert Hurkacz",1545.98456087371,1583.63807730148,0,-37.6535164277707,2,2,0.427319150274121,0
20230220,"Rio De Janeiro","Clay",FALSE,"Alex Molcan","Hugo Dellien",1461.70096887517,1499.2775438987,0,-37.5765750235237,2,2,0.427426059735954,0
20230731,"Washington","Hard",FALSE,"Brandon Nakashima","Andy Murray",1454.79485283287,1492.1314644651,0,-37.3366116322354,2,0,0.49270582656707,0
20230626,"Mallorca","Grass",FALSE,"Guido Pella","Marcos Giron",1465.33505515682,1502.55051081407,1,-37.2154556572511,2,2,0.427927922607117,0
20230927,"Beijing","Hard",FALSE,"Matteo Arnaldi","Nicolas Jarry",1591.25415315803,1628.41355865833,0,-37.1594055003027,0,2,0.398455276422818,0
20230213,"Delray Beach","Hard",FALSE,"Adrian Mannarino","J J Wolf",1516.73998813217,1553.87197896259,1,-37.1319908304197,0,0,0.462587401935995,0
20230320,"Miami Masters","Hard",FALSE,"Jan Lennard Struff","Grigor Dimitrov",1492.3716808905,1529.36265287968,0,-36.9909719891773,2,2,0.428239971897538,0
20230724,"Umag","Clay",FALSE,"Jaume Munar","Fabian Marozsan",1472.64003167563,1509.62027722553,1,-36.9802455499009,2,1,0.460565800804729,0
20230206,"Cordoba","Clay",FALSE,"Sebastian Baez","Hugo Dellien",1491.51068240459,1528.38886266892,1,-36.8781802643293,2,2,0.428396782495134,0
20230424,"Madrid Masters","Clay",FALSE,"Nuno Borges","Marcos Giron",1463.95960540925,1500.76947412705,0,-36.809868717793,2,1,0.460806145461221,0
20230410,"Monte Carlo Masters","Clay",FALSE,"Stan Wawrinka","Tallon Griekspoor",1549.3241984936,1586.11576902613,1,-36.791570532532,1,1,0.445727010164451,0
20230925,"Astana","Hard",FALSE,"Sho Shimabukuro","Roberto Carballes Baena",1481.4446464197,1518.23090570005,1,-36.7862592803442,0,0,0.463075435453091,0
20230206,"Montpellier","Hard",FALSE,"Arthur Fils","Richard Gasquet",1501.94960266013,1538.57131910468,1,-36.6217164445488,2,0,0.493720390556933,0
20230821,"Winston-Salem","Hard",FALSE,"Arthur Rinderknech","Omni Kumar",1446.10232642269,1482.60889271346,0,-36.5065662907612,2,0,0.493883814252004,0
20230403,"Marrakech","Clay",FALSE,"Lorenzo Musetti","Hugo Gaston",1449.68343087864,1486.07138776878,1,-36.387956890147,2,0,0.494052148754283,0
20230203,"Davis Cup QLS R1: GER vs SUI","Hard",FALSE,"Alexander Zverev","Marc Andrea Huesler",1473.78348314339,1510.11033865605,0,-36.3268555126631,2,2,0.429163477422381,0
20231127,"NextGen Finals","Hard",FALSE,"Dominic Stricker","Arthur Fils",1510.15299007159,1546.45133500602,0,-36.2983449344299,0,2,0.399627669458302,0
20230626,"Mallorca","Grass",FALSE,"Constant Lestienne","Arthur Rinderknech",1402.37765623107,1438.62302220263,0,-36.2453659715625,1,0,0.479027374444703,0
20230626,"Mallorca","Grass",FALSE,"Lloyd Harris","Pavel Kotov",1491.56995246106,1527.74429861642,1,-36.1743461553601,0,2,0.399796597417912,0
20230626,"Mallorca","Grass",FALSE,"Lloyd Harris","Bernabe Zapata Miralles",1475.01842199693,1511.08453967219,1,-36.0661176752615,0,2,0.399944060419809,0
20231016,"Stockholm","Hard",FALSE,"Miomir Kecmanovic","Karl Friberg",1464.14682746973,1500,1,-35.8531725302698,0,2,0.400234254438683,0
20230417,"Munich","Clay",FALSE,"Marko Topo","Cristian Garin",1500,1535.72808668274,0,-35.7280866827384,2,1,0.462332598305358,0
20230320,"Miami Masters","Hard",FALSE,"Pedro Martinez","Quentin Halys",1461.72754990297,1497.4479567822,0,-35.7204068792284,1,2,0.415134702567156,0
20231023,"Vienna","Hard",FALSE,"Aleksandar Vukic","Tomas Machac",1473.89667789571,1509.49367872162,0,-35.597000825913,2,0,0.495174733185332,0
20230320,"Miami Masters","Hard",FALSE,"Miomir Kecmanovic","Ugo Humbert",1497.86201351578,1533.23366606452,1,-35.3716525487382,0,2,0.400890710502953,0
20231106,"Sofia","Hard",FALSE,"Terence Atmane","Marton Fucsovics",1493.60919451652,1528.96300744027,0,-35.353812923747,0,0,0.465098215534667,0
20230916,"Davis Cup WG1 R1: BIH vs GER","Clay",FALSE,"Damir Dzumhur","Yannick Hanfmann",1482.68343658536,1518.00818602386,0,-35.3247494384989,2,1,0.46290191125032,0
20230925,"Astana","Hard",FALSE,"Sebastian Ofner","Dominic Thiem",1495.18580769662,1530.50816635454,1,-35.3223586579215,0,0,0.46514264572915,0
20230814,"Cincinnati Masters","Hard",FALSE,"Emil Ruusuvuori","Alexei Popyrin",1525.44143776866,1560.68505140124,0,-35.2436136325782,2,2,0.430670865469178,0
20230717,"Gstaad","Clay",FALSE,"Marc Andrea Huesler","Jurij Rodionov",1414.6850053509,1449.77388303241,0,-35.0888776815134,1,1,0.448116640697881,0
20230703,"Wimbledon","Grass",TRUE,"Alexander Shevchenko","Adrian Mannarino",1524.80483154301,1559.72408157753,0,-34.9192500345282,1,2,0.380634104986894,0
20230227,"Santiago","Clay",FALSE,"Tomas Martin Etcheverry","Francisco Cerundolo",1475.62515559579,1510.45939525945,1,-34.8342396636544,1,2,0.416356846544666,0
20230915,"Davis Cup Finals RR: CRO vs FIN","Hard",FALSE,"Emil Ruusuvuori","Borna Gojo",1520.91832927742,1555.5777622553,1,-34.6594329778789,2,2,0.431484319076491,0
20230612,"Stuttgart","Grass",FALSE,"Jan Lennard Struff","Frances Tiafoe",1622.03318622639,1656.68897887762,0,-34.6557926512303,0,0,0.46608432130456,0
20230828,"Us Open","Hard",TRUE,"John Isner","Facundo Diaz Acosta",1457.97331069696,1492.58847937637,1,-34.6151686794099,2,1,0.427521555175212,0
20230320,"Miami Masters","Hard",FALSE,"Karen Khachanov","Stefanos Tsitsipas",1569.7323542325,1604.30321560302,1,-34.5708613705172,2,2,0.431607684706842,0
20230828,"Us Open","Hard",TRUE,"Ben Shelton","Aslan Karatsev",1516.44372862921,1550.86004861656,1,-34.416319987354,2,0,0.460312336545023,0
20230522,"Geneva","Clay",FALSE,"Yibing Wu","Marco Cecchinato",1513.64494792363,1548.0448691896,1,-34.3999212659762,0,2,0.402216552911237,0
20230206,"Montpellier","Hard",FALSE,"Luca Van Assche","Marc Andrea Huesler",1487.69083098602,1522.03319492125,0,-34.3423639352329,0,2,0.402295129935849,0
20230703,"Wimbledon","Grass",TRUE,"Aleksandar Vukic","Daniel Altmaier",1434.11176602606,1468.27659173078,1,-34.1648257047232,0,2,0.368113157767076,0
20230320,"Miami Masters","Hard",FALSE,"Gael Monfils","Ugo Humbert",1482.68684500587,1516.71180338565,0,-34.0249583797781,0,2,0.402728540695287,0
20230213,"Rotterdam","Hard",FALSE,"Pablo Carreno Busta","Richard Gasquet",1487.98460248457,1521.99606209352,0,-34.0114596089472,2,0,0.497425187827006,0
20230920,"Zhuhai","Hard",FALSE,"Luke Saville","Tomas Martin Etcheverry",1500,1534.00967501251,0,-34.0096750125122,1,2,0.417494956860374,0
20230306,"Indian Wells Masters","Hard",FALSE,"Ugo Humbert","Bernabe Zapata Miralles",1502.4747712178,1536.43129134456,1,-33.9565201267612,2,1,0.46483388713801,0
20230206,"Montpellier","Hard",FALSE,"Lorenzo Sonego","Filip Krajinovic",1480.76118492251,1514.4974792329,1,-33.7362943103897,2,0,0.497815759776626,0
20230717,"Bastad","Clay",FALSE,"Juan Manuel Cerundolo","Alexander Shevchenko",1467.8812021529,1501.46200207781,0,-33.580799924913,2,0,0.498036471030473,0
20230508,"Rome Masters","Clay",FALSE,"Daniel Altmaier","Giulio Zeppieri",1447.80398965397,1481.37312542041,1,-33.5691357664411,1,1,0.450251539158854,0
20230522,"Geneva","Clay",FALSE,"Ilya Ivashka","Guido Pella",1444.72170419794,1478.25425837129,1,-33.5325541733448,2,2,0.433054504184493,0
20230529,"Roland Garros","Clay",TRUE,"Gregoire Barrere","Emil Ruusuvuori",1522.27501430844,1555.75869776082,0,-33.4836834523776,1,2,0.384001849704434,0
20230227,"Dubai","Hard",FALSE,"Alexander Zverev","Andrey Rublev",1471.92088660418,1505.28919959679,0,-33.3683129926067,2,2,0.433283469788041,0
20230821,"Winston-Salem","Hard",FALSE,"Sebastian Korda","Jiri Lehecka",1539.18889638953,1572.55544107694,0,-33.3665446874102,2,2,0.43328593510493,0
20231016,"Antwerp","Hard",FALSE,"Botic Van De Zandschulp","Dominic Stricker",1482.32334002953,1515.45409252243,1,-33.1307524929045,2,0,0.498675279664483,0
20230320,"Miami Masters","Hard",FALSE,"Roman Safiullin","Gregoire Barrere",1454.60335057733,1487.65504639345,0,-33.0516958161193,2,0,0.498787495203836,0
20230306,"Indian Wells Masters","Hard",FALSE,"Marton Fucsovics","J J Wolf",1498.79680852118,1531.82049004575,1,-33.0236815245682,0,0,0.46839105540316,0
20230724,"Hamburg","Clay",FALSE,"Jan Choinski","Zhizhen Zhang",1480.5191610803,1513.4187206502,0,-32.8995595699025,2,1,0.466327069193701,0
20230724,"Umag","Clay",FALSE,"Dino Prizmic","Zsombor Piros",1483.87289240664,1516.68146179389,1,-32.8085693872583,0,2,0.404390896615307,0
20231030,"Paris Masters","Hard",FALSE,"Benjamin Bonzi","Dusan Lajovic",1482.08466988249,1514.66449121412,0,-32.5798213316325,2,2,0.434383086548414,0
20230828,"Us Open","Hard",TRUE,"Yu Hsiou Hsu","Thanasi Kokkinakis",1485.9072550205,1518.44005051069,1,-32.5327954901866,2,2,0.400785428538171,0
20230731,"Washington","Hard",FALSE,"Taro Daniel","Thanasi Kokkinakis",1496.04631405475,1528.5772484186,0,-32.5309343638473,0,2,0.404770630675639,0
20230731,"Washington","Hard",FALSE,"Diego Schwartzman","Mackenzie Mcdonald",1466.51464913862,1498.83673402755,0,-32.3220848889234,1,2,0.419826992979115,0
20230403,"Estoril","Clay",FALSE,"Casper Ruud","Miomir Kecmanovic",1513.2491133157,1545.4531406947,1,-32.2040273790062,1,1,0.452170777518179,0
20230220,"Rio De Janeiro","Clay",FALSE,"Dusan Lajovic","Laslo Djere",1489.18801172689,1521.33113210061,1,-32.1431203737202,2,1,0.467396072888038,0
20230403,"Marrakech","Clay",FALSE,"Francesco Passaro","Alexandre Muller",1499.26807260371,1531.21513627462,0,-31.9470636709054,1,2,0.420345715297356,0
20230529,"Roland Garros","Clay",TRUE,"Marc Andrea Huesler","Daniel Altmaier",1423.12823892243,1455.06496945696,0,-31.9367305345236,1,1,0.419136452784353,0
20230410,"Monte Carlo Masters","Clay",FALSE,"Karen Khachanov","Andrey Rublev",1611.68922128565,1643.62444674673,0,-31.9352254610876,1,1,0.452548862045069,0
20230508,"Rome Masters","Clay",FALSE,"Matteo Arnaldi","Lorenzo Musetti",1517.56156836129,1549.43445756418,0,-31.8728892028878,0,2,0.405671123639975,0
20230417,"Barcelona","Clay",FALSE,"Roberto Bautista Agut","Bernabe Zapata Miralles",1474.06554600433,1505.76592722307,1,-31.7003812187395,2,2,0.435610300304009,0
20230731,"Kitzbuhel","Clay",FALSE,"Sebastian Baez","Alex Molcan",1476.53948075661,1508.21952195546,1,-31.6800411988547,2,2,0.43563869315854,0
20230731,"Los Cabos","Hard",FALSE,"Gabriel Diallo","Gijs Brouwer",1471.29178208696,1502.84912343672,0,-31.5573413497577,2,2,0.4358099801562,0
20230306,"Indian Wells Masters","Hard",FALSE,"Emil Ruusuvuori","Alexander Zverev",1478.04863256013,1509.13466327425,0,-31.086030714114,2,2,0.436468064249695,0
20230109,"Auckland","Hard",FALSE,"Thiago Monteiro","Jiri Lehecka",1470.15863110734,1501.23428804756,0,-31.0756569402224,2,2,0.436482551522687,0
20231002,"Shanghai Masters","Hard",FALSE,"Jaume Munar","Ben Shelton",1501.91256422825,1532.92475955868,0,-31.0121953304222,2,2,0.436571179841306,0
20230220,"Doha","Hard",FALSE,"Alejandro Davidovich Fokina","Soon Woo Kwon",1501.13672517226,1532.07379238588,1,-30.937067213621,0,0,0.471342114275949,0
20230724,"Umag","Clay",FALSE,"Flavio Cobolli","Marin Cilic",1471.60011242591,1502.50205641526,1,-30.9019439893493,0,0,0.471391806113107,0
20230213,"Buenos Aires","Clay",FALSE,"Bernabe Zapata Miralles","Carlos Alcaraz",1520.02922696222,1550.80068024043,0,-30.7714532782115,2,1,0.469335276778886,0
20230703,"Wimbledon","Grass",TRUE,"Roman Safiullin","Roberto Bautista Agut",1494.02447709353,1524.76217736523,1,-30.7377002716992,0,2,0.376067261299974,0
20230102,"United Cup","Hard",FALSE,"Daniel Michalski","Marc Andrea Huesler",1484.35280000847,1515,0,-30.6471999915343,1,2,0.422145017588422,0
20230102,"United Cup","Hard",FALSE,"Rafael Nadal","Cameron Norrie",1485,1515.64719999153,0,-30.6471999915343,0,2,0.407350089859991,0
20230306,"Indian Wells Masters","Hard",FALSE,"Alexander Bublik","Tung Lin Wu",1454.96706983755,1485.59409557387,0,-30.6270257363262,2,0,0.502229153378775,1
20230619,"Halle","Grass",FALSE,"Alexander Zverev","Nicolas Jarry",1619.05538961013,1649.67132666958,1,-30.6159370594435,0,0,0.471796465661535,0
20230320,"Miami Masters","Hard",FALSE,"Guido Pella","Juan Pablo Varillas",1459.15090905458,1489.75526433846,1,-30.6043552838748,0,0,0.471812853028231,0
20230828,"Us Open","Hard",TRUE,"Nicolas Jarry","Alex De Minaur",1638.51530187644,1669.11026972791,0,-30.5949678514694,2,0,0.469756054966886,0
20230403,"Marrakech","Clay",FALSE,"Christopher Oconnell","Riccardo Bonadio",1468.33557116185,1498.92309073621,1,-30.5875195743588,1,2,0.422227678667284,0
20230116,"Australian Open","Hard",TRUE,"Francisco Cerundolo","Corentin Moutet",1469.43629291908,1500,1,-30.5637070809159,1,1,0.422460814962048,0
20230116,"Australian Open","Hard",TRUE,"Nicolas Jarry","Miomir Kecmanovic",1484.97447083873,1515.48361559055,1,-30.5091447518198,2,0,0.469968424279136,0
20230703,"Wimbledon","Grass",TRUE,"Guido Pella","Harold Mayot",1469.56538044924,1500,1,-30.4346195507592,2,0,0.47015284575929,0
20230724,"Hamburg","Clay",FALSE,"Richard Gasquet","Daniel Altmaier",1441.18110142676,1471.61460746973,0,-30.4335060429662,0,1,0.439594507038566,0
20231124,"Davis Cup Finals SF: FIN vs AUS","Hard",FALSE,"Otto Virtanen","Alexei Popyrin",1509.76172041769,1540.06077880239,0,-30.2990583847027,2,2,0.437567399829468,0
20230203,"Davis Cup WG1 PO: IND vs DEN","Hard",FALSE,"Sumit Nagal","Holger Rune",1485,1515.28534488719,0,-30.2853448871931,2,2,0.437586561925949,0
20230424,"Madrid Masters","Clay",FALSE,"Hugo Gaston","Borna Coric",1471.57009410034,1501.79945646425,0,-30.2293623639084,0,1,0.439880067564399,0
20230410,"Monte Carlo Masters","Clay",FALSE,"Emil Ruusuvuori","Jiri Lehecka",1544.98565493177,1575.1269413414,0,-30.1412864096371,2,2,0.437787868458806,0
20230724,"Hamburg","Clay",FALSE,"Thiago Monteiro","Guido Pella",1445.38293619557,1475.46516643769,0,-30.0822302421197,1,2,0.422927709890326,0
20230206,"Cordoba","Clay",FALSE,"Daniel Elahi Galan","Tomas Barrios Vera",1469.94526540088,1500,0,-30.0547345991158,1,0,0.487804714797491,0
20230821,"Winston-Salem","Hard",FALSE,"Mitchell Krueger","Pavel Kotov",1488.29264572758,1518.32524131468,1,-30.0325955870944,0,2,0.408192801390867,0
20230915,"Davis Cup Finals RR: CRO vs FIN","Hard",FALSE,"Otto Virtanen","Dino Prizmic",1459.41627304161,1489.36963308947,1,-29.9533600478567,2,2,0.438050506520999,0
20230220,"Marseille","Hard",FALSE,"Pablo Andujar","Alexander Ritschard",1470.05457787789,1500,0,-29.945422122106,1,2,0.423117298154821,0
20230920,"Zhuhai","Hard",FALSE,"Lloyd Harris","Yoshihito Nishioka",1461.46250751475,1491.35472404269,0,-29.8922165279475,2,0,0.503272139509021,1
20230612,"Stuttgart","Grass",FALSE,"Christopher Oconnell","Hubert Hurkacz",1543.6874016978,1573.38998983894,0,-29.7025881411419,2,0,0.503541293251358,1
20230821,"Winston-Salem","Hard",FALSE,"Jack Draper","Tallon Griekspoor",1543.9085422524,1573.61059479119,0,-29.7020525387866,2,2,0.438401777676203,0
20230612,"s Hertogenbosch","Grass",FALSE,"Rinky Hijikata","Gijs Brouwer",1501.76057729393,1531.42093211349,1,-29.6603548195599,2,2,0.43846006765519,0
20230306,"Indian Wells Masters","Hard",FALSE,"Alejandro Tabilo","Maxime Cressy",1488.18113021611,1517.83054929658,1,-29.649419080469,2,2,0.438475355199435,0
20231016,"Antwerp","Hard",FALSE,"Alexander Blockx","Yannick Hanfmann",1500,1529.64564457193,0,-29.6456445719266,2,2,0.438480631775842,0
20230116,"Australian Open","Hard",TRUE,"Mackenzie Mcdonald","Yoshihito Nishioka",1498.82055084634,1528.32567228836,0,-29.5051214420225,2,0,0.472453668151429,0
20230206,"Cordoba","Clay",FALSE,"Cristian Garin","Pedro Martinez",1469.3659814094,1498.80150886834,1,-29.4355274589384,1,0,0.488683156479431,0
20230116,"Australian Open","Hard",TRUE,"Tomas Martin Etcheverry","Jannik Sinner",1485.56481071648,1515,0,-29.435189283515,2,2,0.408197546953836,0
20230109,"Adelaide 2","Hard",FALSE,"Karen Khachanov","Marc Andrea Huesler",1499.29713314081,1528.68027514859,1,-29.3831420077793,2,2,0.438847631453832,0
20230109,"Adelaide 2","Hard",FALSE,"Pablo Carreno Busta","Soon Woo Kwon",1500,1529.37711342187,0,-29.3771134218719,2,0,0.504003258975171,1
20230925,"Astana","Hard",FALSE,"Alexander Shevchenko","Botic Van De Zandschulp",1462.64816485448,1492.01393436735,1,-29.3657695128738,0,2,0.40910772715504,0
20230116,"Australian Open","Hard",TRUE,"Diego Schwartzman","Oleksii Krutykh",1470.63918031272,1500,1,-29.3608196872849,1,0,0.457646655278958,0
20230109,"Adelaide 2","Hard",FALSE,"Miomir Kecmanovic","Jason Kubler",1500,1529.35280000847,1,-29.3528000084657,0,2,0.409125528364752,0
20230529,"Roland Garros","Clay",TRUE,"Alexander Shevchenko","Lorenzo Musetti",1526.29405741101,1555.64107449702,0,-29.3470170860141,0,2,0.379314371965,0
20230116,"Australian Open","Hard",TRUE,"Alexander Zverev","Michael Mmoh",1470.6703597771,1500,0,-29.3296402229003,2,2,0.408450868178256,0
20230102,"United Cup","Hard",FALSE,"Borna Coric","Stefanos Tsitsipas",1500,1529.32747514012,0,-29.32747514012,2,2,0.438925466819452,0
20230508,"Rome Masters","Clay",FALSE,"Laslo Djere","Casper Ruud",1510.95428814988,1540.25856261199,0,-29.3042744621123,1,1,0.456252262708791,0
20230116,"Australian Open","Hard",TRUE,"Francisco Cerundolo","Guido Pella",1470.70137199159,1500,1,-29.2986280084058,1,0,0.457800005545333,0
20230109,"Adelaide 2","Hard",FALSE,"Mikael Ymer","Mackenzie Mcdonald",1470.70286685919,1500,1,-29.2971331408064,1,2,0.424016002004623,0
20230102,"United Cup","Hard",FALSE,"Jiri Lehecka","Taylor Fritz",1500,1529.2753506579,0,-29.2753506578956,2,2,0.438998351821938,0
20230626,"Eastbourne","Grass",FALSE,"Miomir Kecmanovic","Yibing Wu",1472.07911835588,1501.30134280359,1,-29.2222244477091,2,2,0.439072640235962,0
20230724,"Umag","Clay",FALSE,"Marc Andrea Huesler","Federico Coria",1401.19478433066,1430.41278982298,0,-29.218005492319,1,2,0.424125728871501,0
20230206,"Dallas","Hard",FALSE,"Jordan Thompson","Adrian Mannarino",1488.14201912149,1517.34111544953,0,-29.1990963280348,0,0,0.473801632242098,0
20230220,"Marseille","Hard",FALSE,"Mikael Ymer","Radu Albot",1493.07351310252,1522.20135726073,1,-29.1278441582103,1,0,0.489119679454927,0
20231016,"Stockholm","Hard",FALSE,"Pavel Kotov","Christopher Eubanks",1521.31895260698,1550.42692127772,1,-29.107968670748,2,2,0.439232417710966,0
20230213,"Rotterdam","Hard",FALSE,"Gijs Brouwer","Marc Andrea Huesler",1506.5254939751,1535.55532587068,1,-29.0298318955863,2,2,0.439341692934934,0
20230203,"Davis Cup WG1 PO: IND vs DEN","Hard",FALSE,"Yuki Bhambri","Holger Rune",1500,1528.98112306091,0,-28.98112306091,1,2,0.424454260085149,0
20230306,"Indian Wells Masters","Hard",FALSE,"Leandro Riedi","Jack Draper",1501.23891970901,1530.17454410906,0,-28.9356244000476,0,2,0.409698246898554,0
20230116,"Australian Open","Hard",TRUE,"Zizou Bergs","Laslo Djere",1469.40615065355,1498.25131873804,0,-28.8451680844908,0,2,0.380488817333732,0
20230417,"Barcelona","Clay",FALSE,"Fernando Verdasco","Francesco Passaro",1443.84333029391,1472.63988288458,0,-28.7965525906695,0,1,0.44188542200585,0
20230206,"Dallas","Hard",FALSE,"Oscar Otte","Christopher Eubanks",1473.42012767273,1502.20119416919,1,-28.7810664964579,0,2,0.40991049363505,0
20230109,"Auckland","Hard",FALSE,"Federico Coria","Marcos Giron",1471.26650792137,1500,0,-28.7334920786259,1,2,0.4247977697943,0
20230227,"Acapulco","Hard",FALSE,"Michael Mmoh","Marcos Giron",1501.98948903727,1530.68411991658,1,-28.694630879309,2,2,0.439810542212878,0
20230717,"Newport","Grass",FALSE,"Corentin Moutet","Eliot Spizzirri",1471.42379268258,1500,1,-28.5762073174158,2,1,0.472440724603386,0
20230116,"Australian Open","Hard",TRUE,"Zhizhen Zhang","Ben Shelton",1500,1528.48479170812,0,-28.4847917081231,2,2,0.410480274676616,0
20230220,"Rio De Janeiro","Clay",FALSE,"Thiago Monteiro","Dominic Thiem",1431.55270762305,1460.0239861585,1,-28.4712785354545,1,1,0.457425839914538,0
20230227,"Dubai","Hard",FALSE,"Christopher Oconnell","Emil Ruusuvuori",1465.93797993329,1494.26908064243,1,-28.3311007091456,2,2,0.440319137188078,0
20230116,"Australian Open","Hard",TRUE,"Tomas Martin Etcheverry","Gregoire Barrere",1471.83259817856,1500.11099801377,1,-28.2783998352097,2,0,0.475491995563405,0
20230724,"Atlanta","Hard",FALSE,"Jason Jung","J J Wolf",1500,1528.24266955783,0,-28.242669557832,0,0,0.475155685451462,0
20230206,"Dallas","Hard",FALSE,"Radu Albot","Liam Krall",1471.85146214588,1500,1,-28.1485378541172,0,2,0.410779462924875,0
20230320,"Miami Masters","Hard",FALSE,"Maxime Cressy","Dusan Lajovic",1501.55357934084,1529.64727025891,0,-28.0936909180766,2,2,0.440651351817726,0
20230116,"Australian Open","Hard",TRUE,"Daniel Evans","Facundo Bagnis",1472.05163248708,1500,1,-27.9483675129222,0,1,0.41395109835543,0
20230213,"Delray Beach","Hard",FALSE,"Marcos Giron","Ben Shelton",1514.48773868511,1542.25775241566,1,-27.7700137305426,2,2,0.441104368583692,0
20230717,"Gstaad","Clay",FALSE,"Dominic Thiem","Hamad Medjedovic",1442.00018943663,1469.68886795331,0,-27.6886785166721,1,0,0.491161692558499,0
20231016,"Antwerp","Hard",FALSE,"Giovanni Mpetshi Perricard","Roberto Carballes Baena",1458.16925513052,1485.79749877634,1,-27.6282436458248,2,0,0.506485397665032,1
20230220,"Marseille","Hard",FALSE,"David Goffin","Lukas Klein",1460.7932821982,1488.386883014,1,-27.5936008158003,2,0,0.506534562770982,1
20230213,"Delray Beach","Hard",FALSE,"Nuno Borges","Miomir Kecmanovic",1471.03391199565,1498.59268189466,0,-27.5587698990098,2,0,0.506583994682261,1
20230116,"Australian Open","Hard",TRUE,"Grigor Dimitrov","Aslan Karatsev",1504.87477144022,1532.39828488965,1,-27.5235134494239,2,0,0.47736260448652,0
20231016,"Antwerp","Hard",FALSE,"David Goffin","Quentin Halys",1464.88196718313,1492.38830077703,1,-27.5063335938951,2,2,0.441473486340996,0
20231002,"Shanghai Masters","Hard",FALSE,"Sebastian Korda","Hubert Hurkacz",1635.470239395,1662.93786377433,0,-27.4676243793317,2,2,0.441527679641325,0
20230206,"Dallas","Hard",FALSE,"Daniel Altmaier","Zachary Svajda",1472.56239590468,1500,1,-27.4376040953234,2,0,0.506755951744136,1
20230731,"Kitzbuhel","Clay",FALSE,"Arthur Rinderknech","Dominic Thiem",1444.47997508929,1471.78230061232,0,-27.3023255230291,1,1,0.459073528870684,0
20230424,"Madrid Masters","Clay",FALSE,"Kyle Edmund","Dominic Thiem",1432.12468952078,1459.3891381497,0,-27.2644486289162,2,1,0.47429740400179,0
20230828,"Us Open","Hard",TRUE,"Bernabe Zapata Miralles","Ethan Quinn",1456.01807579349,1483.23576466331,1,-27.2176888698207,1,2,0.398828294487413,0
20230724,"Hamburg","Clay",FALSE,"Miomir Kecmanovic","Dusan Lajovic",1482.06960083181,1509.20997878838,0,-27.1403779565676,1,2,0.42700943542622,0
20230925,"Astana","Hard",FALSE,"Bernabe Zapata Miralles","Egor Gerasimov",1472.86342071387,1500,0,-27.1365792861275,1,2,0.427014712515948,0
20230213,"Buenos Aires","Clay",FALSE,"Jaume Munar","Guido Pella",1457.34996278781,1484.36220494947,1,-27.0122421616566,2,2,0.442165323692582,0
20230529,"Roland Garros","Clay",TRUE,"Alexander Zverev","Frances Tiafoe",1595.22026643032,1622.22591616838,1,-27.0056497380633,1,1,0.431107620471001,0
20230109,"Auckland","Hard",FALSE,"Marcos Giron","Cameron Norrie",1513.7622959259,1540.71512116137,0,-26.9528252354648,2,2,0.442248535714329,0
20230203,"Davis Cup QLS R1: FRA vs HUN","Hard",FALSE,"Adrian Mannarino","Marton Fucsovics",1486.28644526122,1513.21561358466,1,-26.9291683234383,0,0,0.477015855338211,0
20230403,"Marrakech","Clay",FALSE,"Jaume Munar","Andrea Vavassori",1457.40393513192,1484.29842814277,0,-26.8944930108505,2,2,0.44233023179101,0
20230206,"Montpellier","Hard",FALSE,"Arthur Rinderknech","Borna Coric",1486.90724668718,1513.7795260633,0,-26.8722793761171,2,2,0.442361343491188,0
20230920,"Zhuhai","Hard",FALSE,"Dalibor Svrcina","Zhe Li",1473.3970453775,1500,1,-26.6029546225002,1,0,0.492702410731711,0
20230417,"Banja Luka","Clay",FALSE,"Alex Molcan","Laslo Djere",1501.11636887087,1527.65931844943,1,-26.5429495785629,2,1,0.475318928981155,0
20230619,"Queen's Club","Grass",FALSE,"Emil Ruusuvuori","Grigor Dimitrov",1581.53623338976,1608.01087756814,0,-26.4746441783777,0,0,0.477659699928795,0
20230731,"Washington","Hard",FALSE,"Radu Albot","Marcos Giron",1461.36906035716,1487.84111227973,1,-26.4720519225766,0,2,0.41308530443018,0
20230703,"Wimbledon","Grass",TRUE,"Roman Safiullin","Denis Shapovalov",1471.88673337143,1498.2125717723,1,-26.3258384008691,0,0,0.450010726128658,0
20230116,"Australian Open","Hard",TRUE,"Rinky Hijikata","Yannick Hanfmann",1473.68271378232,1500,1,-26.3172862176841,1,2,0.400974838714762,0
20231106,"Sofia","Hard",FALSE,"Zsombor Piros","Fabian Marozsan",1516.40364525461,1542.71595726112,0,-26.3123120065134,1,2,0.428160170543054,0
20230116,"Australian Open","Hard",TRUE,"Andy Murray","Roberto Bautista Agut",1501.85624028155,1528.14882992652,0,-26.2925896449706,0,2,0.386483873051195,0
20230204,"Davis Cup QLS R1: NED vs SVK","Hard",FALSE,"Alex Molcan","Tim Van Rijthoven",1473.16908928048,1499.40738610116,0,-26.2382968206855,0,2,0.413407117071387,0
20230417,"Banja Luka","Clay",FALSE,"Richard Gasquet","Dino Prizmic",1473.84421386387,1500,1,-26.1557861361337,0,0,0.478111414597012,0
20230821,"Winston-Salem","Hard",FALSE,"Max Purcell","Andrey Kuznetsov",1474.06914278226,1500,1,-25.9308572177447,2,1,0.476185714240669,0
20230424,"Madrid Masters","Clay",FALSE,"Alexander Zverev","Roberto Carballes Baena",1513.06391281379,1538.85562856943,1,-25.7917157556428,1,2,0.428884024331976,0
20230731,"Washington","Hard",FALSE,"Corentin Moutet","Liam Broady",1456.28672757546,1482.01609948891,0,-25.7293719134436,1,0,0.493942187746713,0
20230529,"Roland Garros","Clay",TRUE,"Jordan Thompson","Max Purcell",1442.63789051359,1468.10818244307,0,-25.4702919294755,1,2,0.402997533713379,0
20230821,"Winston-Salem","Hard",FALSE,"Brandon Nakashima","Jason Kubler",1460.2321275955,1485.62024501019,1,-25.3881174146895,2,2,0.444441025773188,0
20231030,"Paris Masters","Hard",FALSE,"Stefanos Tsitsipas","Karen Khachanov",1633.07687328681,1658.46435909002,1,-25.3874858032095,2,2,0.44444191123869,0
20230116,"Australian Open","Hard",TRUE,"Tommy Paul","Ben Shelton",1504.26025568904,1529.564153517,1,-25.3038978279567,2,2,0.418147921841652,0
20231016,"Stockholm","Hard",FALSE,"Tallon Griekspoor","Emil Ruusuvuori",1544.09263474174,1569.39304650465,1,-25.3004117629155,2,2,0.444563985002204,0
20230213,"Delray Beach","Hard",FALSE,"Radu Albot","Miomir Kecmanovic",1502.90630025219,1528.17543782684,0,-25.2691375746447,0,0,0.479367683474265,0
20230915,"Davis Cup Finals RR: ITA vs CHI","Hard",FALSE,"Cristian Garin","Matteo Arnaldi",1546.97187538312,1572.03749357775,0,-25.0656181946229,2,0,0.510121873172844,1
20231016,"Antwerp","Hard",FALSE,"Alexander Bublik","Maximilian Marterer",1509.5272570289,1534.49117059786,1,-24.9639135689588,2,2,0.445035802621043,0
20230703,"Wimbledon","Grass",TRUE,"Taylor Fritz","Yannick Hanfmann",1583.07907995585,1608.01194048455,1,-24.9328605287051,0,0,0.453437955595116,0
20230821,"Winston-Salem","Hard",FALSE,"Sebastian Ofner","Alex Michelsen",1495.87948611154,1520.78308325685,0,-24.9035971453106,0,2,0.415246018843198,0
20230306,"Indian Wells Masters","Hard",FALSE,"Jordan Thompson","Alejandro Tabilo",1459.91890901597,1484.79272185896,0,-24.8738128429889,0,2,0.41528708173733,0
20230213,"Rotterdam","Hard",FALSE,"Hubert Hurkacz","Roberto Bautista Agut",1513.22177800935,1538.07692172254,1,-24.8551437131914,2,2,0.445188334434506,0
20230717,"Newport","Grass",FALSE,"Steve Johnson","Yunseong Chung",1475.18363595017,1500,1,-24.816364049829,0,2,0.415366288315728,0
20230724,"Umag","Clay",FALSE,"Marco Cecchinato","Lorenzo Sonego",1491.4891040026,1516.20766768302,0,-24.7185636804177,2,2,0.445379880063612,0
20230206,"Dallas","Hard",FALSE,"Jack Sock","Taylor Fritz",1514.35939420705,1538.71369817575,0,-24.3543039686992,0,2,0.416003504760885,0
20230417,"Barcelona","Clay",FALSE,"Alejandro Davidovich Fokina","Tomas Martin Etcheverry",1536.01446006137,1560.30035486714,1,-24.2858948057724,2,1,0.478515845377779,0
20230529,"Roland Garros","Clay",TRUE,"Eduardo Nava","Roberto Carballes Baena",1500,1524.17915293156,0,-24.1791529315594,0,2,0.391473811464502,0
20230717,"Gstaad","Clay",FALSE,"Facundo Bagnis","Arthur Rinderknech",1415.06010466132,1439.12309274247,1,-24.0629880811562,1,1,0.463644081241031,0
20230206,"Montpellier","Hard",FALSE,"Quentin Halys","Alejandro Davidovich Fokina",1504.24307822844,1528.29857236179,1,-24.0554941333478,2,0,0.511555009633509,1
20230403,"Marrakech","Clay",FALSE,"Alexey Vatutin","Benjamin Bonzi",1500,1524.04546904009,0,-24.0454690400934,0,2,0.416429568660139,0
20230821,"Winston-Salem","Hard",FALSE,"Marcos Giron","Michael Mmoh",1502.08771600447,1526.04589734279,0,-23.9581813383209,2,2,0.446446567601596,0
20230821,"Winston-Salem","Hard",FALSE,"Facundo Diaz Acosta","Quentin Halys",1488.14313897077,1512.04557422606,1,-23.9024352552881,1,2,0.431513475547083,0
20231106,"Sofia","Hard",FALSE,"Pavel Kotov","Sebastian Baez",1552.25916165904,1576.15434716869,1,-23.8951855096468,2,2,0.446534962332795,0
20230306,"Indian Wells Masters","Hard",FALSE,"Brandon Holt","Thanasi Kokkinakis",1488.59515805603,1512.44109619763,0,-23.8459381415998,1,2,0.431592167001359,0
20230410,"Monte Carlo Masters","Clay",FALSE,"Jaume Munar","Marc Andrea Huesler",1451.29770395159,1474.99334044188,1,-23.6956364902849,2,1,0.479352194593925,0
20230717,"Gstaad","Clay",FALSE,"Miomir Kecmanovic","Dominic Stricker",1471.68332436178,1495.36289483884,1,-23.6795704770593,1,0,0.496851504453995,0
20230731,"Kitzbuhel","Clay",FALSE,"Dennis Novak","Thiago Seyboth Wild",1470.14324406092,1493.76221856019,0,-23.6189744992687,1,1,0.464271057165523,0
20230508,"Rome Masters","Clay",FALSE,"Brandon Nakashima","Gregoire Barrere",1486.81127088407,1510.19460503053,0,-23.3833341464594,1,1,0.464603842605007,0
20230724,"Atlanta","Hard",FALSE,"Dominik Koepfer","J J Wolf",1480.62948178643,1504.01247321032,0,-23.3829914238913,0,0,0.48204096237115,0
20230220,"Rio De Janeiro","Clay",FALSE,"Roberto Carballes Baena","Francisco Cerundolo",1473.27715305278,1496.45874239072,0,-23.181589337943,2,2,0.447536503719726,0
20230403,"Marrakech","Clay",FALSE,"Elias Ymer","Adam Moundir",1476.86201513292,1500,1,-23.137984867084,0,0,0.482388294599579,0
20230522,"Geneva","Clay",FALSE,"Tallon Griekspoor","Nicolas Jarry",1546.97968120682,1570.05933176716,0,-23.079650560343,1,1,0.465032769225872,0
20230731,"Los Cabos","Hard",FALSE,"Tommy Paul","Alex De Minaur",1585.23981862073,1608.26428964328,0,-23.0244710225554,2,0,0.513017601055801,1
20231002,"Shanghai Masters","Hard",FALSE,"Mikhail Kukushkin","Daniel Evans",1497.46892790498,1520.40407922457,0,-22.9351513195934,0,0,0.48267585337969,0
20230424,"Madrid Masters","Clay",FALSE,"Sebastian Baez","Marcos Giron",1493.84874592806,1516.75707543525,1,-22.9083295071987,2,1,0.480467925503488,0
20231106,"Sofia","Hard",FALSE,"Vitaliy Sachko","Sebastian Ofner",1486.91884907253,1509.7554219649,0,-22.8365728923684,2,0,0.51328412679211,1
20230508,"Rome Masters","Clay",FALSE,"Stefano Napolitano","Alex Molcan",1500,1522.77847640593,0,-22.7784764059325,1,2,0.433079615468451,0
20230920,"Chengdu","Hard",FALSE,"Arthur Rinderknech","Li Tu",1461.03396111495,1483.80837179426,1,-22.7744106793095,2,0,0.51337229966808,1
20230424,"Madrid Masters","Clay",FALSE,"Alexander Shevchenko","J J Wolf",1505.05914639646,1527.69201407307,1,-22.6328676766061,0,1,0.450532919627253,0
20231023,"Basel","Hard",FALSE,"Nicolas Jarry","Adrian Mannarino",1639.13906864876,1661.74818129368,1,-22.6091126449192,2,0,0.513606759635754,1
20230913,"Davis Cup Finals RR: ESP vs CZE","Hard",FALSE,"Jiri Lehecka","Alejandro Davidovich Fokina",1590.71547555486,1613.25821678092,1,-22.542741226056,2,0,0.513700899673304,1
20230213,"Delray Beach","Hard",FALSE,"Fernando Verdasco","Radu Albot",1485.66283251754,1508.17178973316,0,-22.5089572156191,1,0,0.498513083292924,0
20230703,"Wimbledon","Grass",TRUE,"Stan Wawrinka","Emil Ruusuvuori",1528.27780402688,1550.74626352577,1,-22.4684594988937,2,0,0.489902836861628,0
20230717,"Bastad","Clay",FALSE,"Marco Cecchinato","Pavel Kotov",1488.7932372388,1511.18814569384,0,-22.3949084550384,2,2,0.448641113651233,0
20230508,"Rome Masters","Clay",FALSE,"Cameron Norrie","Novak Djokovic",1620.32105855705,1642.4983898172,0,-22.1773312601483,1,1,0.466307519392716,0
20230717,"Bastad","Clay",FALSE,"Hugo Dellien","Bernabe Zapata Miralles",1446.72397991199,1468.79996765537,0,-22.0759877433775,2,2,0.449089067921169,0
20230612,"Stuttgart","Grass",FALSE,"Benjamin Bonzi","Tommy Paul",1539.34199529523,1561.34726339344,0,-22.0052680982137,2,0,0.514463205587418,1
20231002,"Shanghai Masters","Hard",FALSE,"Nuno Borges","Gregoire Barrere",1445.96320279704,1467.91032530846,0,-21.9471225114187,2,0,0.514545670344107,1
20230612,"s Hertogenbosch","Grass",FALSE,"Marc Andrea Huesler","Maxime Cressy",1398.04297172914,1419.96842517825,1,-21.9254534491088,0,0,0.484107477293447,0
20231106,"Sofia","Hard",FALSE,"Jurij Rodionov","Nicolas Moreno De Alboran",1463.68362330618,1485.31130051044,1,-21.6276772042593,2,1,0.482283211286849,0
20230508,"Rome Masters","Clay",FALSE,"Novak Djokovic","Holger Rune",1656.5757891242,1677.97241888675,0,-21.396629762558,1,1,0.467410809959031,0
20230731,"Kitzbuhel","Clay",FALSE,"Hamad Medjedovic","Sebastian Baez",1504.39535292557,1525.70909398,0,-21.3137410544268,0,2,0.420203587810012,0
20230220,"Doha","Hard",FALSE,"Lorenzo Sonego","Andy Murray",1483.01805182185,1504.32500830758,0,-21.3069564857258,2,0,0.515453530019277,1
20230529,"Roland Garros","Clay",TRUE,"Denis Shapovalov","Matteo Arnaldi",1482.63936008268,1503.93378433917,1,-21.294424256484,0,0,0.462409858418962,0
20231127,"NextGen Finals","Hard",FALSE,"Dominic Stricker","Hamad Medjedovic",1524.24495710575,1545.30290260303,0,-21.0579454972806,0,2,0.420557467607745,0
20230116,"Australian Open","Hard",TRUE,"Yu Hsiou Hsu","Alex De Minaur",1500,1521.03986021997,0,-21.0398602199671,2,0,0.493449798771355,0
20231030,"Paris Masters","Hard",FALSE,"J J Wolf","Mackenzie Mcdonald",1532.32659015921,1553.12951807575,0,-20.8029279165326,0,2,0.420910352413244,0
20230529,"Roland Garros","Clay",TRUE,"Alex De Minaur","Tomas Martin Etcheverry",1566.5901569787,1587.28033567626,0,-20.6901786975595,0,1,0.431544633653582,0
20230821,"Winston-Salem","Hard",FALSE,"Luca Van Assche","Aleksandar Vukic",1482.21924432087,1502.87926336947,0,-20.6600190486015,0,2,0.421108140290962,0
20230424,"Madrid Masters","Clay",FALSE,"Daniel Evans","Bernabe Zapata Miralles",1484.39676769133,1504.85854654937,0,-20.4617788580472,2,2,0.451357629080379,0
20230320,"Miami Masters","Hard",FALSE,"Emil Ruusuvuori","Botic Van De Zandschulp",1511.17113712051,1531.61968744648,1,-20.4485503259693,2,2,0.451376228552094,0
20230417,"Banja Luka","Clay",FALSE,"Alex Molcan","Alexei Popyrin",1485.23777694236,1505.61137075825,1,-20.3735938158945,2,1,0.484061290064011,0
20231002,"Shanghai Masters","Hard",FALSE,"Juan Pablo Varillas","Sebastian Ofner",1491.33937012452,1511.70556406361,0,-20.3661939390965,0,0,0.486318814294969,0
20230508,"Rome Masters","Clay",FALSE,"Juan Pablo Varillas","Sebastian Baez",1466.25530108138,1486.54241309855,0,-20.2871120171699,2,2,0.45160322364344,0
20230807,"Canada Masters","Hard",FALSE,"Sebastian Korda","Tomas Martin Etcheverry",1526.52582760038,1546.74924265828,1,-20.2234150579009,2,2,0.451692792176146,0
20230203,"Davis Cup QLS R1: FRA vs HUN","Hard",FALSE,"Marton Fucsovics","Ugo Humbert",1497.05531052621,1517.24349976921,0,-20.188189243001,0,2,0.421761338858075,0
20230529,"Roland Garros","Clay",TRUE,"Thanasi Kokkinakis","Stan Wawrinka",1514.05881448005,1534.16359417225,1,-20.1047796921998,1,1,0.447993864847241,0
20230703,"Wimbledon","Grass",TRUE,"Jiri Vesely","Christopher Oconnell",1492.44668065451,1512.20289398239,0,-19.7562133278791,0,2,0.401989239068782,0
20230917,"Davis Cup Finals RR: GBR vs FRA","Hard",FALSE,"Ugo Humbert","Cameron Norrie",1535.81354403349,1555.53467807743,1,-19.721134043933,2,2,0.452399192115523,0
20230403,"Estoril","Clay",FALSE,"Jurij Rodionov","Miomir Kecmanovic",1511.59181683872,1531.30323932216,0,-19.7114224834399,1,1,0.46979342451207,0
20230116,"Australian Open","Hard",TRUE,"Borna Coric","Jiri Lehecka",1516.77580185593,1536.19494932734,0,-19.4191474714098,2,2,0.432435470304954,0
20230410,"Monte Carlo Masters","Clay",FALSE,"Daniel Evans","Ilya Ivashka",1445.94849831033,1465.2876608213,0,-19.3391625109734,2,2,0.452936519284205,0
20230206,"Montpellier","Hard",FALSE,"Alejandro Davidovich Fokina","Ugo Humbert",1512.48387057802,1531.37288518633,1,-18.8890146083099,0,2,0.423561317711872,0
20230619,"Queen's Club","Grass",FALSE,"Grigor Dimitrov","Francisco Cerundolo",1600.24554947816,1619.08675819131,1,-18.8412087131508,0,2,0.423627590784443,0
20231106,"Sofia","Hard",FALSE,"Dimitar Kuzmanov","Cem Ilkel",1495.52109298879,1514.33846716566,0,-18.8173741768705,0,0,0.488515876241238,0
20230417,"Munich","Clay",FALSE,"Constant Lestienne","Dominic Thiem",1434.42799061795,1453.15431252556,0,-18.7263219076151,0,1,0.456029559783931,0
20230213,"Rotterdam","Hard",FALSE,"Lorenzo Sonego","Felix Auger Aliassime",1497.21313741326,1515.87479051308,0,-18.6616530998165,2,2,0.453889854700232,0
20230731,"Washington","Hard",FALSE,"Yoshihito Nishioka","Emil Ruusuvuori",1497.6181546686,1516.21316146556,0,-18.5950067969604,0,2,0.42396894272964,0
20230116,"Australian Open","Hard",TRUE,"Stefanos Tsitsipas","Novak Djokovic",1568.28798570574,1586.81030843975,0,-18.5223227340107,2,2,0.434623388334821,0
20230920,"Chengdu","Hard",FALSE,"Roman Safiullin","Jordan Thompson",1512.39470042697,1530.8868228492,1,-18.492122422226,2,0,0.519444132758924,1
20230612,"Stuttgart","Grass",FALSE,"Marcos Giron","Jiri Lehecka",1523.49526077543,1541.95131959556,0,-18.4560588201336,2,0,0.519495245284031,1
20230220,"Doha","Hard",FALSE,"Alejandro Davidovich Fokina","Felix Auger Aliassime",1515.34520001889,1533.69584547147,0,-18.350645452585,0,2,0.424307814530309,0
20230403,"Houston","Clay",FALSE,"Marcos Giron","Emilio Gomez",1484.44630748981,1502.68540210457,1,-18.2390946147625,1,0,0.50457376795798,1
20230410,"Monte Carlo Masters","Clay",FALSE,"Jack Draper","Hubert Hurkacz",1543.92817311424,1562.13756580371,0,-18.2093926894638,2,1,0.487130686058,0
20230403,"Estoril","Clay",FALSE,"Casper Ruud","Quentin Halys",1529.63550479423,1547.72832574167,1,-18.0928209474469,1,1,0.472083167545827,0
20231016,"Antwerp","Hard",FALSE,"Alexander Shevchenko","Juan Pablo Varillas",1466.50417392172,1484.57723607519,0,-18.0730621534767,0,0,0.489571875326344,0
20230410,"Monte Carlo Masters","Clay",FALSE,"Bernabe Zapata Miralles","Benjamin Bonzi",1519.98862199637,1538.00899699709,0,-18.0203750007126,2,2,0.454792520115523,0
20230116,"Australian Open","Hard",TRUE,"Chun Hsin Tseng","Alexei Popyrin",1484.35280000847,1502.31408580609,0,-17.9612857976206,1,2,0.421066795841214,0
20230306,"Indian Wells Masters","Hard",FALSE,"Lorenzo Musetti","Adrian Mannarino",1487.22817960056,1505.16718843187,0,-17.9390088313112,0,0,0.48976207479523,0
20230410,"Monte Carlo Masters","Clay",FALSE,"Nicolas Jarry","Stefanos Tsitsipas",1582.20336729363,1599.99334522257,0,-17.7899779289323,1,1,0.472511715639652,0
20230717,"Bastad","Clay",FALSE,"Jozef Kovalik","Filip Misolic",1482.27243997557,1500,0,-17.7275600244343,2,2,0.455204786744424,0
20230927,"Beijing","Hard",FALSE,"Nicolas Jarry","Stefanos Tsitsipas",1622.55702769867,1640.17811483298,1,-17.6210871343137,2,2,0.455354709697976,0
20230508,"Rome Masters","Clay",FALSE,"Fabian Marozsan","Borna Coric",1525.1295361438,1542.73245684496,0,-17.6029207011563,1,1,0.472776437476154,0
20230109,"Auckland","Hard",FALSE,"Pedro Cachin","Constant Lestienne",1485,1502.57533021237,0,-17.5753302123737,2,1,0.488030144587038,0
20230417,"Munich","Clay",FALSE,"Lorenzo Sonego","Cristian Garin",1531.67616970756,1549.19099549917,0,-17.5148257916144,2,1,0.488115978154585,0
20230109,"Auckland","Hard",FALSE,"Constant Lestienne","Richard Gasquet",1485,1502.51082986832,0,-17.5108298683194,1,0,0.505607389036762,1
20230206,"Montpellier","Hard",FALSE,"Filip Krajinovic","Aslan Karatsev",1498.74393649635,1516.21247882707,1,-17.4685423307276,0,0,0.490429611956486,0
20230724,"Umag","Clay",FALSE,"Taro Daniel","Roberto Carballes Baena",1495.13962639899,1512.47548117426,0,-17.3358547752707,0,2,0.425715849082995,0
20230227,"Acapulco","Hard",FALSE,"Christopher Eubanks","Feliciano Lopez",1470.25417692266,1487.52730326054,0,-17.2731263378782,2,0,0.521171569292735,1
20230916,"Davis Cup Finals RR: CAN vs CHI","Hard",FALSE,"Alejandro Tabilo","Alexis Galarneau",1488.49913788011,1505.73327390792,0,-17.234136027814,2,0,0.521226814236077,1
20230206,"Montpellier","Hard",FALSE,"Emil Ruusuvuori","Mikael Ymer",1501.25119296255,1518.27634555059,1,-17.0251525880408,2,1,0.488810670065572,0
20230213,"Rotterdam","Hard",FALSE,"Gregoire Barrere","Felix Auger Aliassime",1497.81736757824,1514.63700656803,0,-16.8196389897919,0,2,0.426432568914559,0
20230529,"Roland Garros","Clay",TRUE,"Thiago Agustin Tirante","Botic Van De Zandschulp",1500,1516.69907114276,1,-16.699071142762,2,0,0.504229775361743,1
20230220,"Marseille","Hard",FALSE,"Stan Wawrinka","Arthur Fils",1513.90339790768,1530.56680260316,0,-16.663404695486,0,2,0.426649547447864,0
20230508,"Rome Masters","Clay",FALSE,"Roberto Carballes Baena","Borna Coric",1522.74415163654,1539.40119928615,0,-16.6570476496108,2,1,0.489332923537149,0
20230320,"Miami Masters","Hard",FALSE,"Ben Shelton","Adrian Mannarino",1513.96152013947,1530.59051114124,0,-16.6289910017638,2,0,0.522084170198196,1
20230227,"Dubai","Hard",FALSE,"Alejandro Davidovich Fokina","Andrey Rublev",1517.46886681086,1533.80503556567,0,-16.3361687548093,0,2,0.4271041048635,0
20230417,"Banja Luka","Clay",FALSE,"Borna Coric","Laslo Djere",1497.04146147328,1513.3634786284,0,-16.3220171551229,1,1,0.474589565113068,0
20230109,"Adelaide 2","Hard",FALSE,"Jack Draper","Karen Khachanov",1498.70800523933,1515,1,-16.2919947606663,2,2,0.457226858077054,0
20230109,"Adelaide 2","Hard",FALSE,"Mikael Ymer","Soon Woo Kwon",1485,1501.29199476067,0,-16.2919947606663,1,0,0.507337161539247,1
20230306,"Indian Wells Masters","Hard",FALSE,"Denis Shapovalov","Ugo Humbert",1502.65322283745,1518.93614195661,0,-16.2829191191622,0,2,0.427178084620496,0
20230213,"Rotterdam","Hard",FALSE,"Jannik Sinner","Tallon Griekspoor",1575.2182639724,1591.43684175448,1,-16.2185777820787,2,2,0.457330308331481,0
20230109,"Adelaide 2","Hard",FALSE,"Kyle Edmund","Miomir Kecmanovic",1485,1501.18173242371,0,-16.1817324237124,0,0,0.492255612637362,0
20230213,"Buenos Aires","Clay",FALSE,"Yannick Hanfmann","Francisco Cerundolo",1483.86595949779,1500.03550715799,0,-16.1695476601983,1,2,0.442314659556207,0
20230424,"Madrid Masters","Clay",FALSE,"Zhizhen Zhang","Aslan Karatsev",1507.14403938258,1523.13923030204,0,-15.9951909194665,1,1,0.475052299080418,0
20230417,"Munich","Clay",FALSE,"Lorenzo Sonego","Quentin Halys",1515.98759206062,1531.94790120486,1,-15.9603091442432,2,1,0.490321492804212,0
20230724,"Atlanta","Hard",FALSE,"Juncheng Shang","Kei Nishikori",1474.17453000003,1489.93501144924,0,-15.7604814492115,0,2,0.42790407992586,0
20230917,"Davis Cup Finals RR: GBR vs FRA","Hard",FALSE,"Daniel Evans","Arthur Fils",1532.25109014238,1547.99075203691,1,-15.739661894524,0,2,0.427933017868432,0
20230116,"Australian Open","Hard",TRUE,"Ugo Humbert","Denis Kudla",1484.27555175317,1500,1,-15.7244482468254,2,0,0.506649983114332,1
20230109,"Auckland","Hard",FALSE,"Alex Molcan","Quentin Halys",1485,1500.64719999153,0,-15.6471999915343,0,2,0.428061540368,0
20230717,"Gstaad","Clay",FALSE,"Otto Virtanen","Juan Pablo Varillas",1484.4374246576,1500.08405012306,0,-15.6466254654581,0,2,0.428062338992434,0
20230109,"Auckland","Hard",FALSE,"Gregoire Barrere","John Isner",1484.43965261921,1500,1,-15.5603473807896,0,2,0.42818227476647,0
20231030,"Paris Masters","Hard",FALSE,"Yoshihito Nishioka","Jordan Thompson",1520.63268429577,1536.17282890917,1,-15.5401446134006,0,0,0.493166114669869,0
20230109,"Auckland","Hard",FALSE,"Fabio Fognini","Jenson Brooksby",1500,1515.46244162604,0,-15.4624416260374,1,0,0.508514366579595,1
20230206,"Cordoba","Clay",FALSE,"Hugo Dellien","Juan Manuel Cerundolo",1512.72351568868,1528.14464918376,1,-15.4211334950824,2,2,0.45845420480179,0
20230724,"Atlanta","Hard",FALSE,"Max Purcell","Brandon Nakashima",1434.80071071154,1450.21641132931,0,-15.4157006177718,2,2,0.458461863215762,0
20230925,"Astana","Hard",FALSE,"Marcos Giron","Dominic Thiem",1500.89408244459,1516.16713251804,0,-15.2730500734497,2,0,0.524004757130896,1
20230320,"Miami Masters","Hard",FALSE,"Daniel Altmaier","Ilya Ivashka",1445.43900014848,1460.69878577742,0,-15.2597856289342,2,1,0.491315508748721,0
20230920,"Zhuhai","Hard",FALSE,"Ye Cong Mo","Andy Murray",1500,1515.20396536487,0,-15.2039653648662,2,0,0.524102591829843,1
20230529,"Roland Garros","Clay",TRUE,"Arthur Rinderknech","Richard Gasquet",1447.83162713114,1462.9957539195,1,-15.1641267883583,1,0,0.4928032380428,0
20230204,"Davis Cup QLS R1: CZE vs POR","Clay",FALSE,"Tomas Machac","Joao Sousa",1458.54280613038,1473.66936139897,1,-15.12655526859,2,0,0.524212214375383,1
20231126,"Davis Cup Finals F: AUS vs ITA","Hard",FALSE,"Alexei Popyrin","Matteo Arnaldi",1553.7559693948,1568.78076950767,0,-15.0248001128762,2,0,0.524356309071824,1
20230102,"Adelaide 1","Hard",FALSE,"Denis Shapovalov","Roman Safiullin",1500,1515,1,-15,0,2,0.428961422402226,0
20230102,"United Cup","Hard",FALSE,"Alexander Bublik","Hubert Hurkacz",1485,1500,0,-15,2,2,0.459047910349064,0
20230102,"United Cup","Hard",FALSE,"Michail Pervolarakis","Dimitar Kuzmanov",1500,1515,0,-15,1,0,0.509170569640168,1
20230102,"United Cup","Hard",FALSE,"Cameron Norrie","Taylor Fritz",1500,1515,1,-15,2,2,0.459047910349064,0
20230109,"Adelaide 2","Hard",FALSE,"Albert Ramos","John Millman",1470,1485,0,-15,0,1,0.461282638317291,0
20230116,"Australian Open","Hard",TRUE,"Taro Daniel","Denis Shapovalov",1500,1514.97331642504,0,-14.9733164250358,0,0,0.478051531304612,0
20230102,"United Cup","Hard",FALSE,"Alexander Zverev","Taylor Fritz",1500,1514.91906277889,0,-14.9190627788946,2,2,0.459162027391618,0
20231023,"Basel","Hard",FALSE,"Dominic Stricker","Benjamin Hassan",1488.13303118937,1502.978998196,1,-14.8459670066322,0,0,0.494151299787139,0
20230320,"Miami Masters","Hard",FALSE,"Alex Molcan","Jordan Thompson",1469.59746847355,1484.43754990687,1,-14.8400814333243,0,0,0.494159652867786,0
20230116,"Australian Open","Hard",TRUE,"Holger Rune","Filip Krajinovic",1499.6497935991,1514.37948778445,1,-14.7296941853499,2,0,0.509119858921946,1
20230213,"Delray Beach","Hard",FALSE,"Matija Pecotic","Jack Sock",1485.68795101832,1500.40913524586,1,-14.7211842275369,1,0,0.509566193127349,1
20230612,"s Hertogenbosch","Grass",FALSE,"Milos Raonic","Miomir Kecmanovic",1481.96570155696,1496.56998815788,1,-14.6042866009263,0,2,0.429511863454607,0
20230410,"Monte Carlo Masters","Clay",FALSE,"Grigor Dimitrov","Jiri Lehecka",1546.15898337645,1560.75680955965,0,-14.5978261831963,1,2,0.444517049034933,0
20230619,"Halle","Grass",FALSE,"Brandon Nakashima","Roberto Bautista Agut",1480.79618653649,1495.35559663445,0,-14.5594100979611,2,2,0.459669169586473,0
20231106,"Sofia","Hard",FALSE,"Roberto Bautista Agut","Miomir Kecmanovic",1459.50804982944,1474.03784655677,1,-14.5297967273259,2,0,0.525057221288068,1
20230915,"Davis Cup WG2 R1: MON vs ECU","Clay",FALSE,"Emilio Gomez","Valentin Vacherot",1468.54094735532,1483.041889656,1,-14.5009423006745,0,2,0.429655645115622,0
20230116,"Australian Open","Hard",TRUE,"Brandon Nakashima","Mackenzie Mcdonald",1485,1499.49707885228,0,-14.497078852283,2,2,0.444473705934485,0
20230109,"Adelaide 2","Hard",FALSE,"Alexei Popyrin","Thanasi Kokkinakis",1515,1529.43532335479,0,-14.4353233547913,2,2,0.459844162341585,0
20230102,"Pune","Hard",FALSE,"Benjamin Bonzi","Filip Krajinovic",1515.61925815412,1530,1,-14.3807418458844,2,0,0.525268260000416,1
20230116,"Australian Open","Hard",TRUE,"Taro Daniel","Ernesto Escobedo",1485.64605010984,1500,1,-14.3539498901648,0,2,0.414955449964878,0
20230102,"Pune","Hard",FALSE,"Aslan Karatsev","Pablo Andujar",1485.64719999153,1500,1,-14.3528000084657,0,1,0.462195920791405,0
20230102,"Pune","Hard",FALSE,"Botic Van De Zandschulp","Maximilian Marterer",1515.64719999153,1530,1,-14.3528000084657,2,2,0.459960545993624,0
20230116,"Australian Open","Hard",TRUE,"Albert Ramos","Maxime Cressy",1455.64719999153,1470,0,-14.3528000084657,0,2,0.414958223107992,0
20230320,"Miami Masters","Hard",FALSE,"Aleksandar Kovacevic","Jaume Munar",1458.68176563815,1473.02273307885,1,-14.3409674406989,2,2,0.459977233962246,0
20230116,"Australian Open","Hard",TRUE,"Diego Schwartzman","J J Wolf",1485.02086605651,1499.35061098877,0,-14.3297449322536,1,0,0.494875127524585,0
20230213,"Delray Beach","Hard",FALSE,"Michael Mmoh","Denis Shapovalov",1496.92759022942,1511.2267903609,1,-14.2992001314806,2,0,0.525383706671214,1
20230403,"Marrakech","Clay",FALSE,"Alexei Popyrin","Younes Lalami Laaroussi",1485.77366928597,1500,1,-14.2263307140267,1,0,0.510268331878185,1
20230828,"Us Open","Hard",TRUE,"Christopher Oconnell","Max Purcell",1498.10460649687,1512.29714835051,1,-14.1925418536459,2,2,0.445220828191435,0
20231016,"Stockholm","Hard",FALSE,"Stan Wawrinka","Borna Gojo",1542.59230483868,1556.73394095388,1,-14.1416361151976,0,2,0.430155635643426,0
20230403,"Houston","Clay",FALSE,"Denis Kudla","J J Wolf",1486.14883010306,1500.27000046778,0,-14.1211703647159,2,1,0.492931303073499,0
20231121,"Davis Cup Finals QF: CAN vs FIN","Hard",FALSE,"Patrick Kaukovalta","Milos Raonic",1500,1514.08182058331,0,-14.0818205833145,2,2,0.460342742129723,0
20230227,"Acapulco","Hard",FALSE,"Casper Ruud","Guido Andreozzi",1485.92134659891,1500,1,-14.0786534010856,2,1,0.492991641421515,0
20230920,"Zhuhai","Hard",FALSE,"Marc Polmans","Dane Sweeny",1486.02150233566,1500,1,-13.9784976643375,2,0,0.525837730437762,1
20230626,"Mallorca","Grass",FALSE,"Roman Safiullin","Abedallah Shelbayh",1456.28447971134,1470.24160629846,1,-13.9571265871243,0,1,0.462754392293905,0
20230109,"Adelaide 2","Hard",FALSE,"Roberto Bautista Agut","Thanasi Kokkinakis",1530,1543.81245871394,1,-13.8124587139373,2,2,0.460722703051102,0
20230220,"Marseille","Hard",FALSE,"Arthur Rinderknech","Leandro Riedi",1473.06510831765,1486.83301717455,0,-13.7679088569012,2,0,0.526135841292858,1
20230213,"Delray Beach","Hard",FALSE,"Tung Lin Wu","Emilio Gomez",1500,1513.76786497267,0,-13.767864972674,0,1,0.46302155789499,0
20230102,"Pune","Hard",FALSE,"Aslan Karatsev","Tim Van Rijthoven",1501.26650792137,1515,1,-13.7334920786259,0,2,0.430723759032508,0
20230320,"Miami Masters","Hard",FALSE,"Alexei Popyrin","Botic Van De Zandschulp",1503.51020318465,1517.21088710902,0,-13.70068392437,2,2,0.460880385609756,0
20230731,"Los Cabos","Hard",FALSE,"Nicolas Jarry","Stefanos Tsitsipas",1649.40511716309,1663.04444439883,0,-13.6393272357395,2,2,0.460966945843654,0
20230116,"Australian Open","Hard",TRUE,"Adrian Mannarino","John Isner",1470.69827624278,1484.32865460544,1,-13.6303783626518,0,2,0.416701528861847,0
20230417,"Banja Luka","Clay",FALSE,"Damir Dzumhur","Richard Gasquet",1475.82871236879,1489.43117971584,1,-13.6024673470517,2,0,0.526370028288932,1
20230424,"Madrid Masters","Clay",FALSE,"Tomas Martin Etcheverry","Adrian Mannarino",1543.94072748696,1557.45624175596,1,-13.5155142689989,1,2,0.446034922475407,0
20230619,"Halle","Grass",FALSE,"Aslan Karatsev","Lorenzo Sonego",1540.2721275151,1553.74336563033,0,-13.4712381152294,0,2,0.43108890449157,0
20230626,"Eastbourne","Grass",FALSE,"Aleksandar Vukic","Miomir Kecmanovic",1444.21621878772,1457.65920946645,0,-13.4429906787307,0,2,0.431128238872972,0
20230612,"s Hertogenbosch","Grass",FALSE,"Jordan Thompson","Giovanni Mpetshi Perricard",1472.29393501573,1485.66620230035,1,-13.3722672846134,0,0,0.496242933040719,0
20230703,"Wimbledon","Grass",TRUE,"John Isner","Jaume Munar",1448.26569198428,1461.62813653569,0,-13.3624445514017,0,1,0.449483581910702,0
20230626,"Mallorca","Grass",FALSE,"Li Tu","Pavel Kotov",1500,1513.3190465587,0,-13.3190465586965,0,2,0.431300840562093,0
20230102,"United Cup","Hard",FALSE,"Taylor Fritz","Hubert Hurkacz",1499.35280000847,1512.4750251376,1,-13.1222251291365,2,2,0.461696551489956,0
20231030,"Paris Masters","Hard",FALSE,"Hubert Hurkacz","Grigor Dimitrov",1708.19797448653,1721.30176676601,0,-13.1037922794751,2,2,0.461722562382205,0
20230102,"United Cup","Hard",FALSE,"Oscar Otte","Dalibor Svrcina",1486.9011300395,1500,1,-13.0988699604966,0,1,0.463966094210763,0
20230204,"Davis Cup QLS R1: ARG vs FIN","Hard",FALSE,"Francisco Cerundolo","Otto Virtanen",1486.96330555208,1500,1,-13.0366944479213,1,2,0.446706759693689,0
20230917,"Davis Cup Finals RR: ESP vs KOR","Hard",FALSE,"Bernabe Zapata Miralles","Seong Chan Hong",1457.30199522155,1470.31201897474,1,-13.0100237531913,1,2,0.44674418737794,0
20230109,"Auckland","Hard",FALSE,"Constant Lestienne","Gregoire Barrere",1487.01498283158,1500,1,-12.9850171684159,1,0,0.512029424948879,1
20230116,"Australian Open","Hard",TRUE,"Dusan Lajovic","Denis Shapovalov",1500,1512.94190747179,0,-12.9419074717912,2,0,0.513557556922941,1
20230320,"Miami Masters","Hard",FALSE,"Gregoire Barrere","Christopher Eubanks",1479.1048513066,1491.95915557499,0,-12.854304268393,0,2,0.431948178116644,0
20231002,"Shanghai Masters","Hard",FALSE,"Pedro Cachin","J J Wolf",1491.84593847444,1504.56807227628,0,-12.7221338018421,2,0,0.52761596698236,1
20230703,"Wimbledon","Grass",TRUE,"Matteo Arnaldi","Roberto Carballes Baena",1499.27966292562,1511.77073302273,0,-12.4910700971095,0,2,0.419455062976557,0
20230417,"Munich","Clay",FALSE,"Kyle Edmund","Marc Andrea Huesler",1446.59036168462,1458.97190081255,0,-12.3815391279322,2,1,0.49540026517926,0
20231016,"Antwerp","Hard",FALSE,"Yannick Hanfmann","Dominic Thiem",1514.11169411491,1526.48448114879,1,-12.3727870338791,2,0,0.528110304046601,1
20230109,"Adelaide 2","Hard",FALSE,"Arthur Rinderknech","Marc Andrea Huesler",1500.05107539286,1512.4147187244,0,-12.3636433315371,2,2,0.462767169211829,0
20230626,"Mallorca","Grass",FALSE,"Lloyd Harris","Roman Safiullin",1459.48630378941,1471.81659791885,1,-12.3302941294417,0,0,0.497721897164358,0
20231030,"Paris Masters","Hard",FALSE,"Tallon Griekspoor","Alejandro Davidovich Fokina",1589.95262610194,1602.25567113726,1,-12.3030450353144,2,0,0.528208984678074,1
20230703,"Wimbledon","Grass",TRUE,"Hugo Dellien","Marcos Giron",1461.19888941095,1473.36620278077,0,-12.1673133698184,1,2,0.435157780389876,0
20230920,"Chengdu","Hard",FALSE,"Arthur Rinderknech","Marcos Giron",1466.00456031838,1478.1288374134,1,-12.1242770950178,2,2,0.46310506837993,0
20230220,"Rio De Janeiro","Clay",FALSE,"Sebastian Baez","Juan Pablo Varillas",1491.12207225882,1503.20432765567,1,-12.0822553968469,2,2,0.463164391432991,0
20230915,"Davis Cup Finals RR: GBR vs SUI","Hard",FALSE,"Cameron Norrie","Stan Wawrinka",1570.01437422201,1582.07068273195,0,-12.0563085099336,2,0,0.528558083913115,1
20230116,"Australian Open","Hard",TRUE,"Daniil Medvedev","Sebastian Korda",1543.6802253944,1555.66582867908,0,-11.9856032846762,2,2,0.450642317777465,0
20230116,"Australian Open","Hard",TRUE,"Enzo Couacaud","Hugo Dellien",1488.18858927453,1500,1,-11.8114107254744,2,1,0.483646912629727,0
20230424,"Madrid Masters","Clay",FALSE,"Ben Shelton","Jan Lennard Struff",1486.11130334086,1497.84826861953,0,-11.736965278677,1,1,0.48108489494389,0
20230417,"Barcelona","Clay",FALSE,"Alexander Shevchenko","Lorenzo Giustino",1488.32300472701,1500,1,-11.6769952729919,0,2,0.433589082538915,0
20230424,"Madrid Masters","Clay",FALSE,"Bernabe Zapata Miralles","Mackenzie Mcdonald",1518.97616048486,1530.65252751906,1,-11.6763670341993,2,2,0.463737447334827,0
20230814,"Cincinnati Masters","Hard",FALSE,"Mackenzie Mcdonald","Adrian Mannarino",1564.41770280758,1575.97265660541,0,-11.5549537978347,2,0,0.529267347481441,1
20230529,"Roland Garros","Clay",TRUE,"Taro Daniel","Christopher Oconnell",1517.14260350283,1528.64612543737,1,-11.5035219345345,0,1,0.454057271487873,0
20230102,"United Cup","Hard",FALSE,"Matteo Berrettini","Casper Ruud",1503.51577865517,1515,1,-11.4842213448321,2,2,0.464008762867826,0
20230403,"Marrakech","Clay",FALSE,"Hugo Grenier","Dimitar Kuzmanov",1500,1511.48207581452,0,-11.4820758145243,0,2,0.433860898066468,0
20230612,"s Hertogenbosch","Grass",FALSE,"Alexei Popyrin","Tallon Griekspoor",1517.82603299264,1529.27807407687,0,-11.4520410842331,0,0,0.498968510954145,0
20230619,"Halle","Grass",FALSE,"Hubert Hurkacz","Tallon Griekspoor",1584.42181696478,1595.77811546145,0,-11.3562984966673,0,0,0.499104411371208,0
20230424,"Madrid Masters","Clay",FALSE,"Hugo Grenier","Alexander Zverev",1517.84757148253,1529.17538974667,0,-11.3278182641395,0,1,0.466467825789117,0
20230206,"Montpellier","Hard",FALSE,"Quentin Halys","Clement Chidekh",1488.75788649301,1500,1,-11.2421135069887,2,1,0.497017517853704,0
20230109,"Auckland","Hard",FALSE,"Jenson Brooksby","Cameron Norrie",1515,1526.19842884392,0,-11.1984288439187,0,2,0.434256515312646,0
20230724,"Atlanta","Hard",FALSE,"Kei Nishikori","Jordan Thompson",1504.25504310366,1515.421145552,1,-11.1661024483326,2,0,0.529817371980184,1
20230403,"Marrakech","Clay",FALSE,"Aslan Karatsev","Francesco Passaro",1473.73963430323,1484.74296585205,0,-11.0033315488188,1,1,0.482124834627458,0
20231106,"Sofia","Hard",FALSE,"Jan Lennard Struff","Fabian Marozsan",1534.67678161597,1545.6796818465,1,-11.0029002305289,2,2,0.464688496046687,0
20230814,"Cincinnati Masters","Hard",FALSE,"Mackenzie Mcdonald","Yannick Hanfmann",1548.94529261917,1559.89105320546,1,-10.9457605862926,2,2,0.464769198778664,0
20230626,"Mallorca","Grass",FALSE,"Lloyd Harris","Christopher Eubanks",1508.12610538364,1518.99802564526,0,-10.8719202616221,0,0,0.499791956591635,0
20230703,"Wimbledon","Grass",TRUE,"Andy Murray","Ryan Peniston",1476.66478412213,1487.47769771932,1,-10.8129135971935,2,1,0.486124432788107,0
20230529,"Roland Garros","Clay",TRUE,"Tomas Martin Etcheverry","Borna Coric",1557.44514778553,1568.25725705432,1,-10.8121092687909,1,1,0.470916527903,0
20230417,"Munich","Clay",FALSE,"Christopher Oconnell","Ugo Humbert",1503.17919496421,1513.93080504536,1,-10.7516100811506,1,1,0.482481690707153,0
20230522,"Geneva","Clay",FALSE,"Nino Serdarusic","Christopher Oconnell",1500,1510.64048914893,0,-10.640489148926,1,1,0.482639228390311,0
20230417,"Barcelona","Clay",FALSE,"Bernabe Zapata Miralles","Attila Balazs",1489.40109701966,1500,1,-10.5989029803425,2,2,0.465259131998685,0
20230508,"Rome Masters","Clay",FALSE,"Hugo Dellien","Roberto Carballes Baena",1498.02542958225,1508.46274371107,0,-10.4373141288122,2,2,0.465487397733997,0
20231002,"Shanghai Masters","Hard",FALSE,"Miomir Kecmanovic","Bu Yunchaokete",1478.69993139819,1489.05416890989,0,-10.3542375116976,0,2,0.435434446910156,0
20230204,"Davis Cup QLS R1: BEL vs KOR","Hard",FALSE,"Zizou Bergs","Seong Chan Hong",1474.22310878528,1484.56288863187,0,-10.339779846593,0,2,0.435454626617183,0
20230731,"Kitzbuhel","Clay",FALSE,"Arthur Rinderknech","Juan Manuel Cerundolo",1430.65629090434,1440.99057828855,1,-10.334287384215,1,2,0.45050211673412,0
20230227,"Santiago","Clay",FALSE,"Roberto Carballes Baena","Yannick Hanfmann",1459.27650018405,1469.56355141106,0,-10.287051227001,2,1,0.498373142462983,0
20230204,"Davis Cup QLS R1: BEL vs KOR","Hard",FALSE,"David Goffin","Seong Chan Hong",1489.87259640007,1500,1,-10.1274035999311,2,2,0.465925227925909,0
20230731,"Washington","Hard",FALSE,"Juncheng Shang","Emilio Gomez",1473.8708333759,1483.9771490563,1,-10.1063156803989,0,1,0.468194272602766,0
20230424,"Madrid Masters","Clay",FALSE,"Richard Gasquet","Martin Landaluce",1489.97132145723,1500,1,-10.0286785427691,0,1,0.468304029529927,0
20230724,"Umag","Clay",FALSE,"Benjamin Bonzi","Alexei Popyrin",1490.68944188337,1500.66227544088,0,-9.97283355751119,2,1,0.498819152256513,0
20230612,"Stuttgart","Grass",FALSE,"Lorenzo Musetti","Frances Tiafoe",1621.06587755548,1631.00137289622,0,-9.93549534073736,0,0,0.501121154317141,1
20230227,"Acapulco","Hard",FALSE,"Alex De Minaur","Tommy Paul",1597.52452679084,1607.28712002974,1,-9.76259323889644,0,2,0.436260425623744,0
20230914,"Davis Cup Finals RR: CAN vs SWE","Hard",FALSE,"Vasek Pospisil","Leo Borg",1471.73051140079,1481.41918474063,1,-9.68867333983667,0,1,0.468784736591342,0
20230417,"Barcelona","Clay",FALSE,"Francisco Cerundolo","Casper Ruud",1545.1648251288,1554.82828185728,1,-9.66345672848297,2,1,0.499258292658415,0
20230717,"Gstaad","Clay",FALSE,"Jaume Munar","Pedro Cachin",1501.58550179634,1511.17335952914,0,-9.58785773279533,2,1,0.499365600743842,0
20230306,"Indian Wells Masters","Hard",FALSE,"Miomir Kecmanovic","Stan Wawrinka",1512.45296622853,1521.92982141058,0,-9.47685518205412,0,0,0.501772161269225,1
20231106,"Sofia","Hard",FALSE,"Lorenzo Musetti","Jack Draper",1567.20563177847,1576.63647565212,0,-9.43084387364524,0,2,0.43672372711078,0
20230920,"Chengdu","Hard",FALSE,"Jie Cui","Juan Pablo Varillas",1482.58345279288,1491.98975734185,0,-9.40630454896927,0,0,0.50187230237664,1
20230529,"Roland Garros","Clay",TRUE,"Denis Shapovalov","Brandon Nakashima",1498.55756482295,1507.91653748977,1,-9.35897266681968,0,1,0.459343316759889,0
20230306,"Indian Wells Masters","Hard",FALSE,"Jack Sock","Francisco Cerundolo",1484.77395070298,1493.96049931336,0,-9.18654861037317,0,1,0.46949475761949,0
20230703,"Wimbledon","Grass",TRUE,"Ilya Ivashka","Federico Coria",1417.17509344258,1426.3010303453,1,-9.1259369027141,1,2,0.442598088721101,0
20230828,"Us Open","Hard",TRUE,"Jack Draper","Michael Mmoh",1561.70406782557,1570.55130700393,1,-8.84723917835572,2,2,0.458371835082097,0
20230920,"Zhuhai","Hard",FALSE,"Sebastian Korda","Tomas Martin Etcheverry",1538.70241112159,1547.54603120874,1,-8.84362008715243,2,2,0.467739461819702,0
20230529,"Roland Garros","Clay",TRUE,"Alexander Zverev","Grigor Dimitrov",1569.01955529649,1577.81957465112,1,-8.8000193546236,1,1,0.475899424489685,0
20230529,"Roland Garros","Clay",TRUE,"Jurij Rodionov","Lucas Pouille",1481.26617509664,1489.9755292383,0,-8.7093541416591,1,0,0.508832402512288,1
20230220,"Doha","Hard",FALSE,"Felix Auger Aliassime","Jason Kubler",1530.06987610448,1538.58834528036,1,-8.51846917588432,2,2,0.468199100145727,0
20231002,"Shanghai Masters","Hard",FALSE,"Yannick Hanfmann","Christopher Eubanks",1539.81596683838,1548.25207000869,0,-8.43610317030584,2,2,0.468315542595578,0
20230828,"Us Open","Hard",TRUE,"Enzo Couacaud","Jiri Vesely",1489.19751152244,1497.62580962708,0,-8.42829810463786,2,2,0.459405250683536,0
20230917,"Davis Cup Finals RR: CRO vs NED","Hard",FALSE,"Botic Van De Zandschulp","Duje Ajdukovic",1476.65310818324,1485.01231121075,1,-8.35920302750583,2,2,0.468424260962349,0
20230703,"Wimbledon","Grass",TRUE,"Liam Broady","Denis Shapovalov",1505.83127685736,1514.03655016904,0,-8.20527331167727,2,0,0.5253027911286,1
20230424,"Madrid Masters","Clay",FALSE,"Alexei Popyrin","Quentin Halys",1508.11870948642,1516.25932355792,0,-8.14061407150166,1,1,0.486184188826638,0
20230206,"Dallas","Hard",FALSE,"Marcos Giron","Taylor Fritz",1516.11185222248,1524.0566425748,0,-7.94479035232325,2,2,0.469010192487066,0
20230724,"Umag","Clay",FALSE,"Facundo Bagnis","Dominic Thiem",1431.09732944823,1439.00342172335,0,-7.90609227511663,1,1,0.486516830509081,0
20230724,"Hamburg","Clay",FALSE,"Pedro Cachin","Alejandro Davidovich Fokina",1525.75952348223,1533.63993419588,0,-7.88041071365501,1,2,0.453953438125385,0
20230227,"Acapulco","Hard",FALSE,"Taro Daniel","Casper Ruud",1493.66071322011,1501.52883846159,1,-7.8681252414799,0,2,0.438907599797977,0
20230220,"Marseille","Hard",FALSE,"Gijs Brouwer","Grigor Dimitrov",1522.77590406221,1530.57618160503,0,-7.80027754281309,2,2,0.469214537039483,0
20230213,"Buenos Aires","Clay",FALSE,"Dominic Thiem","Juan Pablo Varillas",1474.68956107308,1482.43692325461,0,-7.74736218153839,1,2,0.454140697425591,0
20231127,"NextGen Finals","Hard",FALSE,"Hamad Medjedovic","Alex Michelsen",1514.08230799313,1521.78915198767,1,-7.70684399454649,2,2,0.469346659800011,0
20230417,"Barcelona","Clay",FALSE,"Jaume Munar","Matteo Arnaldi",1467.31914358092,1474.9245738103,0,-7.6054302293785,2,0,0.534850355465749,1
20230703,"Wimbledon","Grass",TRUE,"Tomas Barrios Vera","Sebastian Baez",1493.33362552996,1500.83635956816,1,-7.50273403819801,2,2,0.461689595303617,0
20230320,"Miami Masters","Hard",FALSE,"Pavel Kotov","Tomas Martin Etcheverry",1492.96110635427,1500.44452486341,0,-7.48341850913584,2,2,0.469662619293825,0
20230213,"Rotterdam","Hard",FALSE,"Gregoire Barrere","David Goffin",1483.54296301763,1491.0077668273,1,-7.46480380967091,0,2,0.439471622513457,0
20230410,"Monte Carlo Masters","Clay",FALSE,"Andy Murray","Alex De Minaur",1546.24549310637,1553.70851070147,0,-7.46301759510561,2,0,0.535051514006292,1
20230724,"Umag","Clay",FALSE,"Jesper De Jong","Matteo Arnaldi",1500,1507.41947055437,0,-7.41947055437481,0,0,0.504692366338657,1
20230508,"Rome Masters","Clay",FALSE,"Yibing Wu","Francisco Cerundolo",1513.59258373643,1520.97602032633,0,-7.38343658990107,0,2,0.439585429071973,0
20230703,"Wimbledon","Grass",TRUE,"Guido Pella","Roman Safiullin",1502.98809652951,1510.34807882235,0,-7.35998229284519,2,0,0.52739625809267,1
20231106,"Sofia","Hard",FALSE,"Marton Fucsovics","Pavel Kotov",1530.30907031781,1537.57271262498,0,-7.2636423071649,0,2,0.439752994285297,0
20230731,"Kitzbuhel","Clay",FALSE,"Guido Pella","Roberto Carballes Baena",1489.16964792228,1496.41545806659,0,-7.24581014431055,2,2,0.469998662334373,0
20230828,"Us Open","Hard",TRUE,"Nicolas Moreno De Alboran","Lorenzo Sonego",1500,1507.21149379566,0,-7.21149379565827,1,2,0.447294974594246,0
20231016,"Stockholm","Hard",FALSE,"Pavel Kotov","Miomir Kecmanovic",1506.01029170336,1513.16061982141,1,-7.15032811805372,2,0,0.535493149325036,1
20230320,"Miami Masters","Hard",FALSE,"Cristian Garin","Marcos Giron",1509.79859062436,1516.88229988919,1,-7.08370926482849,2,2,0.470227932822606,0
20230220,"Marseille","Hard",FALSE,"Benjamin Bonzi","Maxime Cressy",1527.86474289739,1534.79339365736,1,-6.92865075997611,2,2,0.470447254552516,0
20230828,"Us Open","Hard",TRUE,"Sebastian Korda","Marton Fucsovics",1553.40435774875,1560.30888974747,0,-6.90453199872081,2,0,0.528523842093079,1
20230703,"Wimbledon","Grass",TRUE,"Jiri Lehecka","Tommy Paul",1589.69121316742,1596.5684735291,1,-6.87726036168124,0,0,0.49814417225243,0
20230403,"Marrakech","Clay",FALSE,"Pavel Kotov","Christopher Oconnell",1494.75595661222,1501.6007413852,1,-6.84478477297921,2,1,0.503259183560621,1
20230508,"Rome Masters","Clay",FALSE,"Yannick Hanfmann","Nicolas Jarry",1561.84344199317,1568.67585594671,1,-6.8324139535398,1,1,0.4880398654092,0
20230424,"Madrid Masters","Clay",FALSE,"Alexander Bublik","Daniel Elahi Galan",1408.22216756932,1414.91276345908,1,-6.69059588975392,1,1,0.488241054482238,0
20230116,"Australian Open","Hard",TRUE,"Dominic Thiem","Andrey Rublev",1500,1506.68790779343,0,-6.68790779343226,0,2,0.433554921284996,0
20230227,"Acapulco","Hard",FALSE,"Ben Shelton","Holger Rune",1526.06137118419,1532.70063219894,0,-6.63926101474908,2,2,0.47085661089784,0
20230417,"Munich","Clay",FALSE,"Christopher Oconnell","Flavio Cobolli",1518.64323116904,1525.2190397988,1,-6.57580862976147,1,0,0.521116669600101,1
20230227,"Dubai","Hard",FALSE,"Borna Coric","Thanasi Kokkinakis",1518.68580447037,1525.25295911305,1,-6.567154642677,2,2,0.470958615109453,0
20230828,"Us Open","Hard",TRUE,"Alexander Zverev","Jannik Sinner",1713.55056927815,1720.09122222132,1,-6.54065294316933,2,2,0.464065771103125,0
20230227,"Dubai","Hard",FALSE,"Botic Van De Zandschulp","Mikael Ymer",1502.79026802599,1509.32812521533,1,-6.53785718933682,2,1,0.503694827959808,1
20230403,"Houston","Clay",FALSE,"Tomas Machac","Yannick Hanfmann",1466.61838068627,1473.14459989699,0,-6.52621921072205,2,1,0.503711346473849,1
20230116,"Australian Open","Hard",TRUE,"Tommy Paul","Jenson Brooksby",1536.37778590462,1542.82208615307,1,-6.44430024844996,2,0,0.529662968170824,1
20231106,"Metz","Hard",FALSE,"Gijs Brouwer","Pierre Hugues Herbert",1506.4170334496,1512.76407174698,0,-6.34703829738237,2,2,0.471270014406485,0
20231016,"Tokyo","Hard",FALSE,"Zhizhen Zhang","Aslan Karatsev",1576.54850552677,1582.87601609033,0,-6.32751056355846,2,0,0.536655009940682,1
20230920,"Zhuhai","Hard",FALSE,"Aleksandar Kovacevic","Kimmer Coppejans",1469.52314528245,1475.83060014403,0,-6.3074548615823,2,2,0.471326015598926,0
20230508,"Rome Masters","Clay",FALSE,"Richard Gasquet","Yibing Wu",1492.74120928138,1498.91130433994,0,-6.17009505856208,0,0,0.506465558080379,1
20230522,"Lyon","Clay",FALSE,"Jack Draper","Alexandre Muller",1544.58378580109,1550.72236802617,1,-6.13858222508929,2,2,0.471564938499287,0
20230828,"Us Open","Hard",TRUE,"James Duckworth","Felipe Meligeni Alves",1480.30955631669,1486.37442030906,0,-6.06486399237178,0,2,0.435075560025394,0
20230227,"Dubai","Hard",FALSE,"Mikael Ymer","Francesco Passaro",1494.0458965422,1500,1,-5.95410345780238,1,1,0.489285933443034,0
20230731,"Kitzbuhel","Clay",FALSE,"Dominic Thiem","Sebastian Baez",1505.05206294504,1510.9643220905,0,-5.91225914546158,1,2,0.456724816142667,0
20230522,"Geneva","Clay",FALSE,"Casper Ruud","Nicolas Jarry",1578.16872846473,1584.06436623752,0,-5.89563777279614,1,1,0.489368884202918,0
20230206,"Cordoba","Clay",FALSE,"Albert Ramos","Federico Coria",1473.42266153373,1479.17051551108,0,-5.74785397735559,2,2,0.472117794969715,0
20230529,"Roland Garros","Clay",TRUE,"Fabio Fognini","Sebastian Ofner",1498.53263076594,1504.23834247345,0,-5.70571170751123,0,0,0.501053730937406,1
20230403,"Estoril","Clay",FALSE,"Miomir Kecmanovic","Marco Cecchinato",1529.06674921618,1534.75640174426,1,-5.68965252808425,1,2,0.457038443168834,0
20230724,"Hamburg","Clay",FALSE,"Rudolf Molleker","Maximilian Marterer",1500,1505.61185234621,0,-5.61185234620552,2,1,0.505009136558846,1
20230731,"Kitzbuhel","Clay",FALSE,"Alex Molcan","Luca Van Assche",1491.85556263579,1497.46123986283,1,-5.6056772270415,2,2,0.472318983381804,0
20230920,"Chengdu","Hard",FALSE,"Jordan Thompson","Dusan Lajovic",1515.08920678312,1520.65692435273,1,-5.56771756960597,0,2,0.442126666900447,0
20231106,"Sofia","Hard",FALSE,"Sebastian Ofner","Christopher Oconnell",1494.51519180749,1500.07996797203,1,-5.56477616454276,0,2,0.442130786118702,0
20230227,"Santiago","Clay",FALSE,"Thiago Monteiro","Albert Ramos",1458.46811490629,1464.00923573249,1,-5.54112082619963,1,2,0.45724772615112,0
20230508,"Rome Masters","Clay",FALSE,"J J Wolf","Hugo Grenier",1497.82670007994,1503.33645948881,1,-5.50975940886838,1,0,0.522626966555853,1
20230320,"Miami Masters","Hard",FALSE,"Denis Kudla","Christopher Eubanks",1500.91170945676,1506.40444372736,0,-5.4927342706028,0,2,0.442231677898489,0
20230612,"Stuttgart","Grass",FALSE,"Marton Fucsovics","Denis Shapovalov",1503.01010643408,1508.49571790671,1,-5.4856114726224,0,0,0.507436953826404,1
20230828,"Us Open","Hard",TRUE,"Jakub Mensik","Titouan Droguet",1514.97989848719,1520.4438541911,1,-5.46395570391155,2,0,0.532088388061423,1
20230320,"Miami Masters","Hard",FALSE,"Emil Ruusuvuori","Roberto Bautista Agut",1495.94509295074,1501.18120856864,1,-5.23611561789812,2,2,0.472841976558914,0
20230619,"Halle","Grass",FALSE,"Mikael Ymer","Brandon Nakashima",1461.24070767121,1466.42439911581,0,-5.18369144459075,2,2,0.472916170626082,0
20230424,"Madrid Masters","Clay",FALSE,"Jan Lennard Struff","Lorenzo Sonego",1512.3417357664,1517.43170560554,1,-5.08996983914494,1,2,0.457883495635454,0
20230116,"Australian Open","Hard",TRUE,"Daniel Evans","Andrey Rublev",1486.83256845961,1491.9069718209,0,-5.07440336128639,0,2,0.437495444164907,0
20230612,"s Hertogenbosch","Grass",FALSE,"Alex De Minaur","Tallon Griekspoor",1565.98720059765,1571.05610113761,0,-5.0689005399604,0,0,0.508028308731822,1
20230920,"Zhuhai","Hard",FALSE,"Terence Atmane","Yoshihito Nishioka",1500,1505.06734826889,0,-5.06734826888555,0,0,0.508030511520301,1
20230220,"Rio De Janeiro","Clay",FALSE,"Daniel Elahi Galan","Pedro Cachin",1427.61993380885,1432.58479555792,1,-4.96486174907386,1,1,0.490689539386254,0
20230206,"Dallas","Hard",FALSE,"John Isner","Daniel Altmaier",1483.80037012728,1488.74451606971,1,-4.94414594243017,2,2,0.473255206024039,0
20230626,"Eastbourne","Grass",FALSE,"Mackenzie Mcdonald","Marco Cecchinato",1508.31992995158,1513.26144355377,1,-4.94151360218234,2,1,0.50596052784908,1
20230807,"Canada Masters","Hard",FALSE,"Taro Daniel","Milos Raonic",1482.44669745386,1487.28340643334,0,-4.83670897947695,0,2,0.44315063337138,0
20230828,"Us Open","Hard",TRUE,"Juan Pablo Varillas","Miomir Kecmanovic",1463.01600075227,1467.73952704351,1,-4.72352629123611,0,0,0.503492956364682,1
20230724,"Atlanta","Hard",FALSE,"John Isner","Dominik Koepfer",1475.15180573622,1479.80386530297,0,-4.65205956675482,2,0,0.539019589564688,1
20231016,"Stockholm","Hard",FALSE,"Laslo Djere","Gael Monfils",1596.38512785128,1600.90943603973,0,-4.52430818844482,2,0,0.539199815604092,1
20230828,"Us Open","Hard",TRUE,"Alejandro Davidovich Fokina","Tommy Paul",1628.06295427138,1632.58595272058,0,-4.52299844919912,0,2,0.438843929200608,0
20230424,"Madrid Masters","Clay",FALSE,"Alex Molcan","Yibing Wu",1524.26641308099,1528.78777563047,1,-4.52136254948118,2,0,0.539203971061602,1
20231106,"Metz","Hard",FALSE,"Mate Valkusz","Daniel Altmaier",1485.11077155533,1489.60141307821,1,-4.49064152287906,2,2,0.473897130714364,0
20230203,"Davis Cup QLS R1: SWE vs BIH","Hard",FALSE,"Damir Dzumhur","Mikael Ymer",1484.35280000847,1488.60787125916,0,-4.25507125069225,2,1,0.50693472970679,1
20230306,"Indian Wells Masters","Hard",FALSE,"Taro Daniel","Matteo Berrettini",1513.52636460026,1517.74095726359,1,-4.21459266333113,0,2,0.44402244909474,0
20231002,"Shanghai Masters","Hard",FALSE,"Matteo Arnaldi","Jan Lennard Struff",1573.37273163485,1577.58029260434,1,-4.20756096949049,0,2,0.444032305086769,0
20230807,"Canada Masters","Hard",FALSE,"Gael Monfils","Aleksandar Vukic",1496.79266033281,1500.94649689559,1,-4.15383656278459,0,2,0.444107609494977,0
20230522,"Geneva","Clay",FALSE,"Grigor Dimitrov","Roberto Carballes Baena",1544.53831395021,1548.61320863021,1,-4.07489467999767,1,2,0.459314454937852,0
20231121,"Davis Cup Finals QF: CAN vs FIN","Hard",FALSE,"Gabriel Diallo","Otto Virtanen",1490.9396032395,1494.93417222532,0,-3.99456898582798,2,2,0.474599408310425,0
20230417,"Banja Luka","Clay",FALSE,"Hugo Gaston","Juan Pablo Varillas",1469.50611236967,1473.43737494314,0,-3.93126257346967,0,2,0.444419614246484,0
20231002,"Shanghai Masters","Hard",FALSE,"Beibit Zhukayev","Stefano Napolitano",1482.12478052306,1485.98201926452,1,-3.85723874145879,2,1,0.507499311639561,1
20230724,"Umag","Clay",FALSE,"Taro Daniel","Martin Landaluce",1480.88745490101,1484.56714735089,1,-3.67969244988149,0,1,0.477289116695841,0
20230213,"Delray Beach","Hard",FALSE,"Aleksandar Vukic","Radu Albot",1484.40938750762,1488.06408019988,0,-3.65469269226151,2,0,0.540426356276788,1
20230717,"Newport","Grass",FALSE,"Kevin Anderson","Gijs Brouwer",1514.3818304512,1518.00556704899,1,-3.62373659778905,0,2,0.444850776965775,0
20230731,"Washington","Hard",FALSE,"Yosuke Watanuki","Felix Auger Aliassime",1502.23101125922,1505.79583672933,1,-3.56482547010523,0,2,0.444933382029165,0
20230529,"Roland Garros","Clay",TRUE,"Alexander Zverev","Tomas Martin Etcheverry",1569.25900191483,1572.58890694013,1,-3.32990502529697,1,1,0.489467450243185,0
20230227,"Santiago","Clay",FALSE,"Jaume Munar","Thiago Monteiro",1470.38640002828,1473.70732404148,1,-3.3209240132046,2,1,0.508260389354837,1
20230731,"Los Cabos","Hard",FALSE,"Tomas Barrios Vera","Dominik Koepfer",1491.3207641013,1494.60303174848,0,-3.28226764718056,1,0,0.525781339137261,1
20230206,"Montpellier","Hard",FALSE,"Emil Ruusuvuori","Maxime Cressy",1516.98564012114,1520.22521554645,0,-3.23957542530684,2,2,0.475668425917752,0
20230410,"Monte Carlo Masters","Clay",FALSE,"Sebastian Baez","Jack Draper",1526.70634894744,1529.71361674639,0,-3.00726779895535,2,2,0.475997402446301,0
20231002,"Shanghai Masters","Hard",FALSE,"Mikhail Kukushkin","Alexandre Muller",1482.34723241373,1485.16605054473,1,-2.81881813099722,0,1,0.478508688597689,0
20230920,"Zhuhai","Hard",FALSE,"Andy Murray","Aslan Karatsev",1530.08794277794,1532.77535473421,0,-2.68741195627422,0,0,0.511407400667338,1
20230220,"Rio De Janeiro","Clay",FALSE,"Hugo Gaston","Juan Pablo Varillas",1485,1487.68290493382,0,-2.68290493382096,0,2,0.446170370498693,0
20230116,"Australian Open","Hard",TRUE,"Christopher Eubanks","Jiri Lehecka",1498.93144318192,1501.60096908463,0,-2.66952590270535,2,2,0.473642202795702,0
20231002,"Shanghai Masters","Hard",FALSE,"Rigele Te","Jaume Munar",1485.59594071074,1488.24792376435,0,-2.651983053604,0,2,0.446213753954626,0
20230320,"Miami Masters","Hard",FALSE,"Alexander Zverev","Taro Daniel",1526.15316615628,1528.70831426766,0,-2.55514811137823,2,0,0.541976495516446,1
20230206,"Cordoba","Clay",FALSE,"Federico Delbonis","Francisco Cerundolo",1500,1502.52588089447,0,-2.52588089447499,0,2,0.446390683997485,0
20230821,"Winston-Salem","Hard",FALSE,"Omni Kumar","Botic Van De Zandschulp",1478.82085303996,1481.3425681979,1,-2.52171515794612,0,2,0.446396529045688,0
20231002,"Shanghai Masters","Hard",FALSE,"Fabian Marozsan","Dusan Lajovic",1549.7517333234,1552.26605988791,1,-2.51432656450788,2,2,0.476695537266358,0
20230206,"Dallas","Hard",FALSE,"Steve Johnson","Adrian Mannarino",1500,1502.44674831966,0,-2.44674831966381,0,0,0.511748825233722,1
20230424,"Madrid Masters","Clay",FALSE,"Gregoire Barrere","Emilio Nava",1503.76586392326,1506.13680067435,1,-2.37093675108781,1,1,0.49437062357594,0
20230203,"Davis Cup QLS R1: FRA vs HUN","Hard",FALSE,"Fabian Marozsan","Ugo Humbert",1500,1502.34472829006,0,-2.34472829005813,2,2,0.476935754356574,0
20230116,"Australian Open","Hard",TRUE,"Pedro Cachin","Pablo Carreno Busta",1470.7581414337,1473.08506222881,0,-2.32692079511162,2,2,0.474490781476024,0
20230306,"Indian Wells Masters","Hard",FALSE,"Constant Lestienne","Emil Ruusuvuori",1462.07880187083,1464.3871545025,0,-2.3083526316675,1,2,0.461806349752127,0
20231106,"Metz","Hard",FALSE,"Dominic Thiem","Matteo Martineau",1497.81927329442,1500,1,-2.18072670558399,0,1,0.47941281757879,0
20231002,"Shanghai Masters","Hard",FALSE,"Bernabe Zapata Miralles","Brandon Nakashima",1459.03262443054,1461.13607468159,0,-2.10345025104652,1,2,0.462095512243832,0
20230213,"Buenos Aires","Clay",FALSE,"Joao Sousa","Juan Pablo Varillas",1465.49015298536,1467.52476344515,0,-2.03461045978747,0,2,0.447080099493939,0
20230417,"Munich","Clay",FALSE,"Alexander Ritschard","Marcos Giron",1515.09298076945,1517.08871411363,0,-1.99573334417892,2,1,0.510140779742857,1
20230109,"Adelaide 2","Hard",FALSE,"Mackenzie Mcdonald","Daniel Evans",1483.73813052138,1485.64719999153,1,-1.90906947015674,2,0,0.542886960992068,1
20230731,"Los Cabos","Hard",FALSE,"Ernesto Escobedo","Jason Jung",1484.38064251041,1486.21665539839,0,-1.8360128879815,2,0,0.542989895709065,1
20230626,"Mallorca","Grass",FALSE,"Max Purcell","Feliciano Lopez",1468.71554578757,1470.5435287471,0,-1.82798295953012,2,0,0.543001209433858,1
20230306,"Indian Wells Masters","Hard",FALSE,"Carlos Alcaraz","Jannik Sinner",1629.36677678207,1631.17120440652,1,-1.80442762444568,2,2,0.47770110075491,0
20230206,"Cordoba","Clay",FALSE,"Hugo Dellien","Guido Pella",1497.6460823414,1499.43963829674,1,-1.79355595534116,2,2,0.477716501772307,0
20230424,"Madrid Masters","Clay",FALSE,"Aslan Karatsev","Jan Lennard Struff",1538.06304217509,1539.82775511717,0,-1.76471294207477,1,1,0.495231029050819,0
20230424,"Madrid Masters","Clay",FALSE,"Marton Fucsovics","Marco Cecchinato",1505.59858386576,1507.13277978044,0,-1.53419591467832,0,2,0.447782556474431,0
20230206,"Dallas","Hard",FALSE,"Alex Rybakov","Marcos Giron",1500,1501.16202049288,0,-1.16202049287699,2,2,0.478611218924131,0
20230522,"Lyon","Clay",FALSE,"Pedro Cachin","Gael Monfils",1457.97368383404,1459.12294471493,1,-1.1492608808901,1,2,0.463442416914345,0
20230227,"Dubai","Hard",FALSE,"Botic Van De Zandschulp","Andrey Rublev",1517.74231670283,1518.85298688883,0,-1.11067018599397,2,2,0.478683974710795,0
20230821,"Winston-Salem","Hard",FALSE,"Illya Marchenko","Rinky Hijikata",1500,1501.08393791526,0,-1.08393791526032,0,1,0.480967199114024,0
20230213,"Delray Beach","Hard",FALSE,"Michael Mmoh","Aleksandar Kovacevic",1498.97615919408,1500,1,-1.02384080592014,2,2,0.478807001150213,0
20230116,"Australian Open","Hard",TRUE,"Dalibor Svrcina","Jaume Munar",1471.39075297915,1472.39324366996,1,-1.00249069080996,1,2,0.462588712095014,0
20230116,"Australian Open","Hard",TRUE,"Marton Fucsovics","Jannik Sinner",1515,1515.99691256501,0,-0.99691256500887,0,2,0.447487670916753,0
20230703,"Wimbledon","Grass",TRUE,"Alexander Bublik","Mackenzie Mcdonald",1522.71204774606,1523.53325785887,1,-0.821210112818562,0,2,0.447919258415381,0
20230807,"Canada Masters","Hard",FALSE,"Alejandro Davidovich Fokina","Mackenzie Mcdonald",1548.29976784811,1549.06648960762,1,-0.766721759502616,0,2,0.448860302501766,0
20230703,"Wimbledon","Grass",TRUE,"Dennis Novak","Milos Raonic",1485.11282404774,1485.81742468654,0,-0.704600638807278,2,0,0.54383965916931,1
20230320,"Miami Masters","Hard",FALSE,"Lorenzo Sonego","Francisco Cerundolo",1495.28806629415,1495.88901407499,0,-0.600947780842944,2,1,0.512119611459229,1
20230116,"Australian Open","Hard",TRUE,"Ben Shelton","Nicolas Jarry",1499.40868348939,1500,1,-0.591316510611705,2,2,0.478791761350203,0
20230116,"Australian Open","Hard",TRUE,"Emil Ruusuvuori","Andrey Rublev",1470.11155911149,1470.64719999153,0,-0.535640880048959,2,2,0.478929785937223,0
20230109,"Auckland","Hard",FALSE,"Diego Schwartzman","Jenson Brooksby",1500,1500.48330768255,0,-0.483307682550048,1,0,0.529742027701806,1
20230731,"Los Cabos","Hard",FALSE,"Gonzalo Lama","Thiago Agustin Tirante",1500,1500.47876123832,0,-0.478761238323614,1,2,0.464389194189406,0
20230116,"Australian Open","Hard",TRUE,"Felix Auger Aliassime","Vasek Pospisil",1499.62062775826,1500,1,-0.379372241741066,2,0,0.544641047952851,1
20230403,"Estoril","Clay",FALSE,"Miomir Kecmanovic","Bernabe Zapata Miralles",1516.28723264528,1516.65798539644,1,-0.370752751158534,1,2,0.464541731479046,0
20230626,"Eastbourne","Grass",FALSE,"Daniel Elahi Galan","Maxime Cressy",1388.35985958885,1388.61993083803,0,-0.260071249181919,2,0,0.545209446020052,1
20230116,"Australian Open","Hard",TRUE,"Ben Shelton","J J Wolf",1513.47362390657,1513.73229673256,1,-0.258672825998019,2,0,0.544938402378644,1
20230213,"Buenos Aires","Clay",FALSE,"Tomas Martin Etcheverry","Roberto Carballes Baena",1488.10154532831,1488.28507674003,1,-0.183531411722697,1,2,0.464806154508271,0
20230410,"Monte Carlo Masters","Clay",FALSE,"Botic Van De Zandschulp","Marton Fucsovics",1513.08134223546,1513.25946450172,1,-0.178122266257787,0,0,0.514966695867241,1
20230612,"s Hertogenbosch","Grass",FALSE,"Rinky Hijikata","Mackenzie Mcdonald",1504.52814346395,1504.69226363207,1,-0.164120168120917,2,2,0.480025254798121,0
20231023,"Basel","Hard",FALSE,"Botic Van De Zandschulp","Roberto Bautista Agut",1473.26082641427,1473.37541338312,1,-0.114586968859385,2,2,0.480095452418346,0
20230529,"Roland Garros","Clay",TRUE,"Marton Fucsovics","Hugo Grenier",1488.00611328955,1488.09860399245,1,-0.092490702907071,0,0,0.514989806252089,1
20230203,"Davis Cup QLS R1: GBR vs COL","Clay",FALSE,"Nicolas Mejia","Daniel Evans",1488.20169841578,1488.25566457219,1,-0.0539661564014295,0,2,0.449861639038527,0
20230213,"Rotterdam","Hard",FALSE,"Maxime Cressy","Alex De Minaur",1535.0853558856,1535.13260519947,0,-0.0472493138724985,2,0,0.545509047982663,1
20230102,"Adelaide 1","Hard",FALSE,"Denis Shapovalov","Novak Djokovic",1529.97211242149,1530,0,-0.0278875785095352,0,2,0.449898284083111,0
20230102,"Pune","Hard",FALSE,"Benjamin Bonzi","Botic Van De Zandschulp",1531.23977036967,1531.26650792137,1,-0.0267375517034907,2,2,0.480219953071942,0
20230109,"Auckland","Hard",FALSE,"J J Wolf","Adrian Mannarino",1500,1500.02669010221,1,-0.0266901022064303,0,0,0.515181449466822,1
20230828,"Us Open","Hard",TRUE,"Pavel Kotov","Rinky Hijikata",1502.03184974103,1502.04865551908,0,-0.0168057780488198,2,1,0.512930374379683,1
20230102,"United Cup","Hard",FALSE,"Matteo Berrettini","Taylor Fritz",1500,1500,0,0,2,2,0.480257846158447,0
20230102,"Adelaide 1","Hard",FALSE,"Alexei Popyrin","Felix Auger Aliassime",1500,1500,1,0,2,2,0.480257846158447,0
20230102,"Adelaide 1","Hard",FALSE,"Richard Gasquet","Marcos Giron",1500,1500,0,0,0,2,0.449937471697185,0
20230102,"Adelaide 1","Hard",FALSE,"Daniel Elahi Galan","Mackenzie Mcdonald",1500,1500,0,0,2,2,0.480257846158447,0
20230102,"Adelaide 1","Hard",FALSE,"Holger Rune","Yoshihito Nishioka",1500,1500,0,0,2,0,0.545575559160276,1
20230102,"Adelaide 1","Hard",FALSE,"Roberto Bautista Agut","Andrey Rublev",1500,1500,1,0,2,2,0.480257846158447,0
20230102,"Adelaide 1","Hard",FALSE,"Andy Murray","Sebastian Korda",1500,1500,0,0,0,2,0.449937471697185,0
20230102,"Adelaide 1","Hard",FALSE,"Maxime Cressy","Thanasi Kokkinakis",1500,1500,0,0,2,2,0.480257846158447,0
20230102,"Adelaide 1","Hard",FALSE,"Kyle Edmund","Jannik Sinner",1500,1500,0,0,0,2,0.449937471697185,0
20230102,"Adelaide 1","Hard",FALSE,"Karen Khachanov","Pedro Cachin",1500,1500,1,0,2,2,0.480257846158447,0
20230102,"Adelaide 1","Hard",FALSE,"Soon Woo Kwon","Jack Draper",1500,1500,0,0,0,2,0.449937471697185,0
20230102,"Adelaide 1","Hard",FALSE,"Christopher Oconnell","Miomir Kecmanovic",1500,1500,0,0,2,0,0.545575559160276,1
20230102,"Adelaide 1","Hard",FALSE,"Lorenzo Sonego","Daniil Medvedev",1500,1500,0,0,2,2,0.480257846158447,0
20230102,"Adelaide 1","Hard",FALSE,"Mikael Ymer","Roman Safiullin",1500,1500,0,0,1,2,0.46506538525422,0
20230102,"Adelaide 1","Hard",FALSE,"Quentin Halys","Jordan Thompson",1500,1500,1,0,2,0,0.545575559160276,1
20230102,"Adelaide 1","Hard",FALSE,"Constant Lestienne","Novak Djokovic",1500,1500,0,0,1,2,0.46506538525422,0
20230102,"Adelaide 1","Hard",FALSE,"Alexei Popyrin","Marcos Giron",1515,1515,1,0,2,2,0.480257846158447,0
20230102,"Adelaide 1","Hard",FALSE,"Yoshihito Nishioka","Mackenzie Mcdonald",1515,1515,1,0,0,2,0.449937471697185,0
20230102,"Adelaide 1","Hard",FALSE,"Sebastian Korda","Roberto Bautista Agut",1515,1515,1,0,2,2,0.480257846158447,0
20230102,"Adelaide 1","Hard",FALSE,"Thanasi Kokkinakis","Jannik Sinner",1515,1515,0,0,2,2,0.480257846158447,0
20230102,"Adelaide 1","Hard",FALSE,"Karen Khachanov","Jack Draper",1515,1515,1,0,2,2,0.480257846158447,0
20230102,"Adelaide 1","Hard",FALSE,"Miomir Kecmanovic","Daniil Medvedev",1515,1515,0,0,0,2,0.449937471697185,0
20230102,"Adelaide 1","Hard",FALSE,"Novak Djokovic","Quentin Halys",1515,1515,1,0,2,2,0.480257846158447,0
20230102,"Pune","Hard",FALSE,"Tallon Griekspoor","Benjamin Bonzi",1500,1500,1,0,2,2,0.480257846158447,0
20230102,"Adelaide 1","Hard",FALSE,"Yoshihito Nishioka","Alexei Popyrin",1530,1530,1,0,0,2,0.449937471697185,0
20230102,"Pune","Hard",FALSE,"Flavio Cobolli","Sasi Kumar Mukund",1500,1500,1,0,0,1,0.482503730409744,0
20230102,"Pune","Hard",FALSE,"Maximilian Marterer","Elias Ymer",1500,1500,1,0,2,0,0.545575559160276,1
20230102,"Pune","Hard",FALSE,"Alex Molcan","Laslo Djere",1500,1500,0,0,0,2,0.449937471697185,0
20230102,"Pune","Hard",FALSE,"Michael Mmoh","Manas Dhamne",1500,1500,1,0,2,1,0.512972083923298,1
20230102,"Pune","Hard",FALSE,"Filip Krajinovic","Sumit Nagal",1500,1500,1,0,0,2,0.449937471697185,0
20230102,"Pune","Hard",FALSE,"Radu Albot","Tim Van Rijthoven",1500,1500,0,0,0,2,0.449937471697185,0
20230102,"Pune","Hard",FALSE,"Pedro Martinez","Ramkumar Ramanathan",1500,1500,1,0,1,0,0.530425570661668,1
20230102,"Pune","Hard",FALSE,"Nikoloz Basilashvili","Marco Cecchinato",1500,1500,0,0,0,0,0.515219299469804,1
20230102,"Pune","Hard",FALSE,"Bernabe Zapata Miralles","Roberto Carballes Baena",1500,1500,0,0,1,0,0.530425570661668,1
20230102,"Pune","Hard",FALSE,"Laslo Djere","Maximilian Marterer",1515,1515,0,0,2,2,0.480257846158447,0
20230102,"Pune","Hard",FALSE,"Filip Krajinovic","Michael Mmoh",1515,1515,1,0,0,2,0.449937471697185,0
20230102,"Adelaide 1","Hard",FALSE,"Jannik Sinner","Sebastian Korda",1530,1530,0,0,2,2,0.480257846158447,0
20230102,"United Cup","Hard",FALSE,"Marc Andrea Huesler","Timofey Skatov",1500,1500,1,0,2,2,0.480257846158447,0
20230102,"United Cup","Hard",FALSE,"Stan Wawrinka","Alexander Bublik",1500,1500,1,0,0,2,0.449937471697185,0
20230102,"United Cup","Hard",FALSE,"Zizou Bergs","Dimitar Kuzmanov",1500,1500,0,0,0,0,0.515219299469804,1
20230102,"United Cup","Hard",FALSE,"David Goffin","Grigor Dimitrov",1500,1500,0,0,2,2,0.480257846158447,0
20230102,"Adelaide 1","Hard",FALSE,"Daniil Medvedev","Karen Khachanov",1530,1530,1,0,2,2,0.480257846158447,0
20230102,"United Cup","Hard",FALSE,"Daniel Evans","Frances Tiafoe",1500,1500,0,0,0,2,0.449937471697185,0
20230102,"United Cup","Hard",FALSE,"Borna Gojo","Stefanos Sakellaridis",1500,1500,1,0,2,1,0.512972083923298,1
20230102,"Adelaide 1","Hard",FALSE,"Sebastian Korda","Yoshihito Nishioka",1545,1545,1,0,2,0,0.545575559160276,1
20230102,"United Cup","Hard",FALSE,"Felipe Meligeni Alves","Viktor Durasovic",1500,1500,1,0,2,0,0.545575559160276,1
20230102,"United Cup","Hard",FALSE,"Casper Ruud","Thiago Monteiro",1500,1500,1,0,2,2,0.480257846158447,0
20230102,"United Cup","Hard",FALSE,"Alex De Minaur","Rafael Nadal",1500,1500,1,0,0,0,0.515219299469804,1
20230102,"United Cup","Hard",FALSE,"Jason Kubler","Albert Ramos",1500,1500,1,0,2,0,0.545575559160276,1
20230102,"United Cup","Hard",FALSE,"Albert Ramos","Daniel Evans",1485,1485,0,0,0,0,0.515219299469804,1
20230109,"Adelaide 2","Hard",FALSE,"Jack Draper","Tommy Paul",1500,1500,1,0,2,2,0.480257846158447,0
20230109,"Adelaide 2","Hard",FALSE,"Alejandro Davidovich Fokina","John Millman",1500,1500,1,0,0,1,0.482503730409744,0
20230109,"Adelaide 2","Hard",FALSE,"Robin Haase","Roberto Bautista Agut",1500,1500,0,0,0,2,0.449937471697185,0
20230109,"Adelaide 2","Hard",FALSE,"Roberto Bautista Agut","Alejandro Davidovich Fokina",1515,1515,1,0,2,0,0.545575559160276,1
20230109,"Adelaide 2","Hard",FALSE,"Brandon Nakashima","Alejandro Davidovich Fokina",1500,1500,0,0,2,0,0.545575559160276,1
20230109,"Adelaide 2","Hard",FALSE,"Tommy Paul","Christopher Oconnell",1485,1485,1,0,2,2,0.480257846158447,0
20230109,"Auckland","Hard",FALSE,"Quentin Halys","Jenson Brooksby",1500,1500,0,0,2,0,0.545575559160276,1
20230116,"Australian Open","Hard",TRUE,"Maxime Cressy","Holger Rune",1485,1485,0,0,2,2,0.480257846158447,0
20230116,"Australian Open","Hard",TRUE,"Lloyd Harris","Marton Fucsovics",1500,1500,0,0,2,0,0.545575559160276,1
20230206,"Cordoba","Clay",FALSE,"Hugo Gaston","Luciano Darderi",1500,1500,0,0,0,0,0.515219299469804,1
20230102,"Adelaide 1","Hard",FALSE,"Sebastian Korda","Novak Djokovic",1560,1559.99884797747,0,0.00115202253391544,2,2,0.480259478836958,0
20230102,"Adelaide 1","Hard",FALSE,"Daniil Medvedev","Novak Djokovic",1545,1544.99879599645,0,0.00120400354535377,2,2,0.480259552505909,0
20230306,"Indian Wells Masters","Hard",FALSE,"Thiago Monteiro","Guido Pella",1458.56395259283,1458.50795713723,0,0.0559954556051707,2,0,0.545654379864326,1
20230213,"Buenos Aires","Clay",FALSE,"Carlos Alcaraz","Dusan Lajovic",1516.63253103216,1516.47491382421,1,0.157617207958083,1,2,0.465288028298739,0
20230703,"Wimbledon","Grass",TRUE,"Corentin Moutet","Richard Gasquet",1456.4352607354,1456.16963337394,1,0.265627361461156,2,2,0.480916543453688,0
20230522,"Lyon","Clay",FALSE,"Richard Gasquet","Mikael Ymer",1478.0075656977,1477.73397683617,0,0.273588861529106,0,2,0.450321951525376,0
20230116,"Australian Open","Hard",TRUE,"Pedro Martinez","Hubert Hurkacz",1513.81363693903,1513.53272198835,0,0.280914950682018,1,2,0.465759705643054,0
20231023,"Basel","Hard",FALSE,"Jan Lennard Struff","Christopher Eubanks",1534.45773248046,1534.17316125972,1,0.284571220740645,2,2,0.480661161165496,0
20230724,"Umag","Clay",FALSE,"Dino Prizmic","Duje Ajdukovic",1500.2851569117,1500,1,0.285156911699687,0,0,0.515623677718298,1
20230306,"Indian Wells Masters","Hard",FALSE,"Hubert Hurkacz","Tommy Paul",1601.13674444989,1600.75443543108,0,0.38230901881866,2,2,0.480799688114699,0
20230204,"Davis Cup QLS R1: KAZ vs CHI","Clay",FALSE,"Cristian Garin","Timofey Skatov",1501.0441081042,1500.64719999153,0,0.396908112665869,1,2,0.465626066380719,0
20230213,"Buenos Aires","Clay",FALSE,"Dominic Thiem","Alex Molcan",1459.70715043172,1459.29973897024,1,0.407411461484116,1,2,0.465640904828227,0
20230828,"Us Open","Hard",TRUE,"Jakub Mensik","Gregoire Barrere",1500,1499.53440099644,1,0.465599003561465,2,0,0.546722034200151,1
20230206,"Cordoba","Clay",FALSE,"Sebastian Baez","Federico Coria",1508.0968888847,1507.5031801265,1,0.593708758195589,2,2,0.48109932188688,0
20230102,"United Cup","Hard",FALSE,"Jiri Lehecka","Alexander Zverev",1486.26093570366,1485.643712121,1,0.6172235826632,2,2,0.481132652174023,0
20230410,"Monte Carlo Masters","Clay",FALSE,"Botic Van De Zandschulp","Casper Ruud",1528.08903239119,1527.47167161312,0,0.617360778075863,0,1,0.483379017171138,0
20230102,"Pune","Hard",FALSE,"Benjamin Bonzi","Emil Ruusuvuori",1500.64719999153,1500,1,0.647199991534308,2,2,0.481175141457362,0
20230102,"United Cup","Hard",FALSE,"Stan Wawrinka","Hubert Hurkacz",1515,1514.35280000847,0,0.647199991534308,0,2,0.450847090387076,0
20230102,"United Cup","Hard",FALSE,"Arthur Rinderknech","Francisco Cerundolo",1485.08012608821,1484.40724222374,1,0.672883864473761,2,1,0.51392651129419,1
20230320,"Miami Masters","Hard",FALSE,"John Isner","Emilio Nava",1491.82219259732,1491.10587479256,0,0.716317804760365,2,2,0.481273111745829,0
20230619,"Halle","Grass",FALSE,"Andrea Vavassori","Roberto Bautista Agut",1510.53328110472,1509.72738405514,0,0.805897049578789,0,2,0.451070184380336,0
20230731,"Washington","Hard",FALSE,"Lloyd Harris","Sho Shimabukuro",1480.41264467911,1479.55865774394,0,0.853986935169814,2,0,0.546777403543447,1
20230206,"Montpellier","Hard",FALSE,"Nikoloz Basilashvili","Gregoire Barrere",1471.77016882267,1470.66940274221,0,1.10076608045983,0,0,0.516780170419356,1
20230116,"Australian Open","Hard",TRUE,"Francisco Cerundolo","Felix Auger Aliassime",1485.75244091922,1484.56955883063,0,1.18288208859576,1,2,0.467989926706856,0
20230116,"Australian Open","Hard",TRUE,"Daniel Elahi Galan","Jeremy Chardy",1485,1483.73221120696,0,1.26778879303538,2,1,0.516117992493775,1
20230109,"Auckland","Hard",FALSE,"Sebastian Baez","Ben Shelton",1485.64719999153,1484.35280000847,0,1.29439998306862,2,2,0.482092563672219,0
20230116,"Australian Open","Hard",TRUE,"Yosuke Watanuki","Arthur Rinderknech",1486.93201259553,1485.58463158436,1,1.34738101116022,0,2,0.453252349773409,0
20230206,"Dallas","Hard",FALSE,"Chun Hsin Tseng","John Isner",1470.12756097736,1468.740485587,0,1.38707539035181,1,2,0.467025174079529,0
20230508,"Rome Masters","Clay",FALSE,"Fabian Marozsan","Corentin Moutet",1485.10122852085,1483.6353459897,1,1.46588253114692,1,2,0.467136551253684,0
20230206,"Montpellier","Hard",FALSE,"Holger Rune","Marc Andrea Huesler",1538.46036880147,1536.96879907531,1,1.49156972616356,2,2,0.482372081007015,0
20231016,"Stockholm","Hard",FALSE,"Lorenzo Sonego","Dusan Lajovic",1538.8414179516,1537.15750957914,1,1.68390837246125,2,2,0.482644760177554,0
20230403,"Estoril","Clay",FALSE,"Bernabe Zapata Miralles","Henrique Rocha",1501.73279557478,1500,1,1.73279557478031,2,0,0.548013611149679,1
20230227,"Acapulco","Hard",FALSE,"Holger Rune","Alex De Minaur",1547.77650843735,1546.0190197593,0,1.75748867805282,2,0,0.54804833810323,1
20230227,"Acapulco","Hard",FALSE,"Daniel Altmaier","Brandon Nakashima",1460.51562778743,1458.74073444057,0,1.7748933468647,2,2,0.482773753504673,0
20231023,"Basel","Hard",FALSE,"Tomas Martin Etcheverry","Andy Murray",1509.82085321914,1507.9983433584,1,1.82250986073723,2,0,0.548139777898442,1
20230102,"United Cup","Hard",FALSE,"Frances Tiafoe","Lorenzo Musetti",1529.35280000847,1527.49898263685,1,1.85381737161242,2,0,0.548183804735798,1
20230102,"United Cup","Hard",FALSE,"Borna Coric","Arthur Rinderknech",1501.85592794415,1500,1,1.85592794414515,2,2,0.482888641685931,0
20230731,"Washington","Hard",FALSE,"J J Wolf","Michael Mmoh",1529.02313911579,1527.1634083426,1,1.85973077318886,0,2,0.452552143213305,0
20230403,"Houston","Clay",FALSE,"Yannick Hanfmann","Yosuke Watanuki",1508.48331309283,1506.61296562983,1,1.87034746299764,1,0,0.53306970821319,1
20230529,"Roland Garros","Clay",TRUE,"Facundo Diaz Acosta","Jason Kubler",1503.2249748073,1501.32944388162,0,1.89553092567394,0,2,0.454602133295902,0
20230116,"Australian Open","Hard",TRUE,"Laurent Lokoli","Michael Mmoh",1500,1498.08886442974,0,1.91113557026097,0,2,0.454640568582991,0
20230109,"Adelaide 2","Hard",FALSE,"Miomir Kecmanovic","Thanasi Kokkinakis",1516.26425577004,1514.35280000847,0,1.91145576157237,0,2,0.452624903612309,0
20230109,"Adelaide 2","Hard",FALSE,"Mikael Ymer","Emil Ruusuvuori",1486.96473633782,1485.02794183742,1,1.93679450039713,1,2,0.467802153301799,0
20230807,"Canada Masters","Hard",FALSE,"Mackenzie Mcdonald","Aslan Karatsev",1534.03338762209,1531.9928748999,1,2.04051272219385,2,0,0.548446333268476,1
20230703,"Wimbledon","Grass",TRUE,"Jason Kubler","Ugo Humbert",1470.71596735764,1468.49878060453,1,2.21718675311308,1,1,0.503242180000805,1
20230724,"Atlanta","Hard",FALSE,"Lloyd Harris","Ugo Humbert",1495.51520312053,1493.13966929344,0,2.37553382708984,2,2,0.483625364251005,0
20230306,"Indian Wells Masters","Hard",FALSE,"Alexei Popyrin","Zhizhen Zhang",1488.61322132444,1486.22703929247,1,2.38618203197416,2,2,0.483640462550497,0
20230717,"Newport","Grass",FALSE,"Alex Michelsen","James Duckworth",1513.12376219976,1510.68613712303,1,2.43762507672932,2,1,0.516429143271446,1
20230306,"Indian Wells Masters","Hard",FALSE,"Quentin Halys","Jan Lennard Struff",1479.73425992936,1477.26507960118,0,2.46918032818076,2,2,0.483758148491424,0
20230109,"Adelaide 2","Hard",FALSE,"Roberto Bautista Agut","Soon Woo Kwon",1545.59601781056,1543.11181542031,0,2.48420239025609,2,0,0.549070135368211,1
20230220,"Marseille","Hard",FALSE,"Mikael Ymer","David Goffin",1478.18126037865,1475.68553492206,1,2.49572545658657,1,2,0.468592312758912,0
20230508,"Rome Masters","Clay",FALSE,"Alexander Bublik","Pedro Martinez",1424.95393020468,1422.44280962569,1,2.511120578994,1,0,0.533975158988224,1
20230220,"Rio De Janeiro","Clay",FALSE,"Francisco Cerundolo","Bernabe Zapata Miralles",1511.56741172942,1509.05032800487,0,2.517083724548,2,2,0.483826073071275,0
20230522,"Lyon","Clay",FALSE,"Jack Draper","Francisco Cerundolo",1573.38622503706,1570.8582264844,0,2.52799855266039,2,2,0.483841549826134,0
20231106,"Metz","Hard",FALSE,"Alexander Shevchenko","Mate Valkusz",1502.56577865446,1500,1,2.56577865446479,0,2,0.453545498958569,0
20230204,"Davis Cup QLS R1: ARG vs FIN","Hard",FALSE,"Emil Ruusuvuori","Facundo Bagnis",1486.36197435149,1483.79596791489,1,2.56600643659635,2,1,0.516611174059446,1
20230913,"Davis Cup Finals RR: ESP vs CZE","Hard",FALSE,"Tomas Machac","Bernabe Zapata Miralles",1474.76727989125,1472.19075995313,1,2.57651993812669,0,1,0.486157339400795,0
20230821,"Winston-Salem","Hard",FALSE,"Darian King","Michael Mmoh",1529.29975413732,1526.71531435723,0,2.58443978009586,1,2,0.468717742589173,0
20230410,"Monte Carlo Masters","Clay",FALSE,"Roberto Bautista Agut","Filip Krajinovic",1459.18395429335,1456.44128044217,1,2.74267385118878,2,2,0.484145956390329,0
20230417,"Barcelona","Clay",FALSE,"Nicolas Jarry","Karen Khachanov",1592.7895764125,1589.9419827635,0,2.84759364899719,1,1,0.501777772491741,1
20230116,"Australian Open","Hard",TRUE,"Tomas Machac","Casper Ruud",1473.66667666166,1470.79747606763,0,2.8692005940311,0,2,0.457001365000719,0
20230828,"Us Open","Hard",TRUE,"Aslan Karatsev","Roberto Carballes Baena",1535.9842821889,1533.10667212771,1,2.87761006118171,0,0,0.522355699884256,1
20230116,"Australian Open","Hard",TRUE,"Alexei Popyrin","Ben Shelton",1517.44402667242,1514.43421265066,0,3.0098140217624,2,2,0.487724988346585,0
20230724,"Atlanta","Hard",FALSE,"Corentin Moutet","Yibing Wu",1471.41672743265,1468.4055469403,0,3.01118049234537,1,0,0.534681618398767,1
20230508,"Rome Masters","Clay",FALSE,"Grigor Dimitrov","Stan Wawrinka",1540.41992744482,1537.32827373033,1,3.09165371449035,1,1,0.502124195986119,1
20231016,"Antwerp","Hard",FALSE,"Jaume Munar","Mark Lajal",1503.13343067579,1500,0,3.13343067579262,2,2,0.484700074129537,0
20230227,"Dubai","Hard",FALSE,"Alejandro Davidovich Fokina","Malek Jaziri",1503.17363661591,1500,1,3.17363661590912,0,0,0.519718559017899,1
20230403,"Houston","Clay",FALSE,"J J Wolf","Gijs Brouwer",1515.40989514736,1512.1695085348,0,3.24038661255918,1,1,0.502335309308847,1
20230529,"Roland Garros","Clay",TRUE,"Alexander Zverev","Casper Ruud",1584.39940144804,1581.14732020681,0,3.25208124122651,1,1,0.505812148551104,1
20231002,"Shanghai Masters","Hard",FALSE,"Cameron Norrie","J J Wolf",1529.20674530692,1525.93126263001,0,3.27548267691236,2,0,0.550182245865948,1
20230410,"Monte Carlo Masters","Clay",FALSE,"Luca Nardi","Lorenzo Musetti",1469.52674599375,1466.24870627775,0,3.2780397160027,2,2,0.484905148447925,0
20230529,"Roland Garros","Clay",TRUE,"Marcos Giron","Hamad Medjedovic",1500.97437177918,1497.67686904134,1,3.2975027378377,1,0,0.538575820399289,1
20230227,"Dubai","Hard",FALSE,"Maxime Cressy","Felix Auger Aliassime",1532.97845317983,1529.55253733056,0,3.42591584926777,2,2,0.485114861183089,0
20230116,"Australian Open","Hard",TRUE,"Botic Van De Zandschulp","Ilya Ivashka",1503.54441195165,1500,1,3.54441195164759,2,1,0.52176386572787,1
20230102,"United Cup","Hard",FALSE,"Matteo Berrettini","Thiago Monteiro",1488.67440976251,1485,1,3.67440976250691,2,2,0.485467278285343,0
20230717,"Gstaad","Clay",FALSE,"Hamad Medjedovic","Pedro Cachin",1499.69911475573,1496.01427831646,0,3.68483643926311,0,1,0.487729454860311,0
20230522,"Lyon","Clay",FALSE,"Pablo Llamas Ruiz","Max Purcell",1486.64758498302,1482.94848551549,1,3.69909946752728,2,2,0.485502294321544,0
20230320,"Miami Masters","Hard",FALSE,"Mikael Ymer","Alexei Popyrin",1492.89787729021,1489.10140284719,0,3.79647444302304,1,2,0.47043178186743,0
20230731,"Washington","Hard",FALSE,"Yosuke Watanuki","Yibing Wu",1487.39774906693,1483.53554679749,1,3.8622022694442,0,0,0.520694340541557,1
20231002,"Shanghai Masters","Hard",FALSE,"Taro Daniel","Dane Sweeny",1478.49029834192,1474.58367418354,0,3.90662415838187,0,0,0.520757286435098,1
20230206,"Montpellier","Hard",FALSE,"Quentin Halys","Arthur Fils",1503.92744050796,1500,0,3.92744050795909,2,2,0.485826144426712,0
20231023,"Basel","Hard",FALSE,"Botic Van De Zandschulp","Felix Auger Aliassime",1488.43906694893,1484.31039898595,0,4.12866796297112,2,2,0.486111549920411,0
20230403,"Houston","Clay",FALSE,"Cristian Garin","Tomas Martin Etcheverry",1536.27135620596,1532.1165515725,0,4.15480463346307,1,1,0.503633224469795,1
20230116,"Australian Open","Hard",TRUE,"Jiri Lehecka","Felix Auger Aliassime",1503.72888293993,1499.38189402531,1,4.34698891462335,2,2,0.49104438470914,0
20230508,"Rome Masters","Clay",FALSE,"Jason Kubler","Bernabe Zapata Miralles",1533.87202281149,1529.50125253475,0,4.3707702767424,2,2,0.486454941147185,0
20230109,"Auckland","Hard",FALSE,"David Goffin","Alexander Bublik",1475.06324199269,1470.64719999153,1,4.41604200115967,2,2,0.486519154738053,0
20230914,"Davis Cup Finals RR: CZE vs KOR","Hard",FALSE,"Tomas Machac","Seong Chan Hong",1489.65604462283,1485.1160215794,1,4.54002304342089,0,2,0.456325050123506,0
20230203,"Davis Cup QLS R1: GER vs SUI","Hard",FALSE,"Daniel Altmaier","Stan Wawrinka",1487.76390649158,1483.09616242684,0,4.66774406473746,2,0,0.552137785730669,1
20231016,"Tokyo","Hard",FALSE,"Sebastian Ofner","Christopher Oconnell",1514.00635026088,1509.30490649557,1,4.70144376530675,0,2,0.456552438105909,0
20230529,"Roland Garros","Clay",TRUE,"Aslan Karatsev","Alexei Popyrin",1537.44914986824,1532.61744497047,1,4.83170489777558,1,1,0.509734212939673,1
20230424,"Madrid Masters","Clay",FALSE,"Matteo Arnaldi","Benoit Paire",1489.59627342938,1484.62164812492,1,4.97462530446114,0,0,0.52227044289699,1
20231030,"Paris Masters","Hard",FALSE,"Felix Auger Aliassime","Jan Lennard Struff",1554.80414023606,1549.44544655601,1,5.3586936800516,2,2,0.48785631349051,0
20230206,"Montpellier","Hard",FALSE,"Maxime Cressy","Antoine Bellier",1505.46096494133,1500,1,5.46096494132826,2,1,0.520714647666537,1
20230927,"Beijing","Hard",FALSE,"Grigor Dimitrov","Holger Rune",1654.78237696831,1649.25637772506,1,5.52599924324977,2,2,0.488093656447108,0
20230529,"Roland Garros","Clay",TRUE,"Thiago Agustin Tirante","Zhizhen Zhang",1515.72040220025,1510.12294002301,0,5.59746217724114,2,1,0.526850569770894,1
20230925,"Astana","Hard",FALSE,"Juan Pablo Varillas","Dominic Thiem",1506.58375372201,1500.92274892055,0,5.66100480146065,0,0,0.523242699402029,1
20230417,"Munich","Clay",FALSE,"Marcos Giron","Botic Van De Zandschulp",1532.00255232663,1526.31621749143,0,5.68633483520648,1,0,0.538458509664312,1
20230116,"Australian Open","Hard",TRUE,"Stefanos Tsitsipas","Karen Khachanov",1554.08690193141,1548.25912094501,1,5.82778098640051,2,2,0.494721205079858,0
20230206,"Cordoba","Clay",FALSE,"Joao Sousa","Albert Ramos",1464.05706198199,1458.16845424203,0,5.88860773995566,0,2,0.458225306651222,0
20230717,"Newport","Grass",FALSE,"Li Tu","Mackenzie Mcdonald",1499.06907917308,1493.02986962561,0,6.03920954747059,0,2,0.458437592327971,0
20231113,"Tour Finals","Hard",FALSE,"Daniil Medvedev","Carlos Alcaraz",1813.90491753987,1807.81472325313,0,6.09019428673196,2,2,0.488894073568693,0
20230731,"Washington","Hard",FALSE,"Ugo Humbert","Yosuke Watanuki",1508.24222773486,1502.13406567859,1,6.10816205627339,2,0,0.554159268767625,1
20231016,"Tokyo","Hard",FALSE,"Ben Shelton","Aslan Karatsev",1614.60652654336,1608.3599245872,1,6.2466019561582,2,0,0.55435346211413,1
20231106,"Metz","Hard",FALSE,"Thiago Seyboth Wild","Fabio Fognini",1496.14034041544,1489.88624163707,0,6.25409877836955,2,1,0.521838415044987,1
20230724,"Umag","Clay",FALSE,"Matteo Arnaldi","Flavio Cobolli",1492.69442293765,1486.32516004264,1,6.36926289500548,0,0,0.524245762229499,1
20230424,"Madrid Masters","Clay",FALSE,"Cristian Garin","Miomir Kecmanovic",1551.62171022409,1545.20156160197,1,6.4201486221175,1,1,0.506848381502481,1
20230916,"Davis Cup Finals RR: SRB vs CZE","Hard",FALSE,"Laslo Djere","Jiri Lehecka",1623.33002170454,1616.89506886334,0,6.4349528411974,2,2,0.489383206923387,0
20230828,"Us Open","Hard",TRUE,"Arthur Fils","Matteo Arnaldi",1563.27202932303,1556.75621629163,0,6.51581303139619,2,0,0.56157051464182,1
20230220,"Rio De Janeiro","Clay",FALSE,"Sebastian Baez","Nicolas Jarry",1506.40350958959,1499.88398823954,0,6.51952135005695,2,1,0.522214435475576,1
20230116,"Australian Open","Hard",TRUE,"Karen Khachanov","Yoshihito Nishioka",1549.56916188143,1543.04399113967,1,6.52517074175535,2,0,0.561593402199482,1
20230724,"Hamburg","Clay",FALSE,"Tomas Martin Etcheverry","Laslo Djere",1558.11678439813,1551.51224407565,0,6.60454032248253,1,1,0.507110063579503,1
20230220,"Rio De Janeiro","Clay",FALSE,"Sebastian Baez","Thomaz Bellucci",1506.64349498066,1500,1,6.64349498066372,2,0,0.554910102392385,1
20231016,"Antwerp","Hard",FALSE,"David Goffin","Giovanni Mpetshi Perricard",1481.06703616418,1474.35955439443,0,6.70748176974553,2,2,0.489769877431134,0
20230612,"Stuttgart","Grass",FALSE,"Yibing Wu","Marton Fucsovics",1525.04452730906,1518.24691964123,0,6.79760766783625,2,0,0.555126207535752,1
20230213,"Rotterdam","Hard",FALSE,"Maxime Cressy","Tim Van Rijthoven",1520.08739580244,1513.2767364114,1,6.81065939104155,2,2,0.489916271507099,0
20230417,"Banja Luka","Clay",FALSE,"Elias Ymer","Abedallah Shelbayh",1492.85948804819,1485.7696883975,0,7.08979965069034,0,0,0.525266013837793,1
20230306,"Indian Wells Masters","Hard",FALSE,"Albert Ramos","Alex Molcan",1448.7700265973,1441.62827680337,0,7.1417497939342,0,0,0.525339565140805,1
20230206,"Cordoba","Clay",FALSE,"Tomas Barrios Vera","Bernabe Zapata Miralles",1496.29458863908,1489.06732173915,1,7.22726689993237,0,2,0.460112780136993,0
20230612,"Stuttgart","Grass",FALSE,"Jan Lennard Struff","Tommy Paul",1582.80381173315,1575.39848792624,1,7.40532380690797,0,0,0.525712717694405,1
20230403,"Marrakech","Clay",FALSE,"Richard Gasquet","Alexandre Muller",1523.30289200881,1515.89537657471,0,7.40751543410602,0,2,0.460367014360039,0
20230717,"Bastad","Clay",FALSE,"Lorenzo Musetti","Casper Ruud",1617.85490983174,1610.39779079435,0,7.4571190373963,2,1,0.523542512547219,1
20230220,"Marseille","Hard",FALSE,"Gijs Brouwer","Elias Ymer",1508.11261254409,1500.64719999153,1,7.46541255255443,2,0,0.556062397742642,1
20230213,"Buenos Aires","Clay",FALSE,"Facundo Diaz Acosta","Federico Coria",1500,1492.52881256911,1,7.47118743089368,0,2,0.460456826410228,0
20230213,"Rotterdam","Hard",FALSE,"Hubert Hurkacz","Grigor Dimitrov",1528.54485005904,1521.0605775028,0,7.48427255624279,2,2,0.490872072232953,0
20230807,"Canada Masters","Hard",FALSE,"Matteo Berrettini","Gregoire Barrere",1538.55359008377,1531.01977239005,1,7.53381769371936,2,0,0.556158271992197,1
20230508,"Rome Masters","Clay",FALSE,"Mackenzie Mcdonald","Marco Cecchinato",1515.14860793442,1507.56514413508,0,7.58346379933801,2,2,0.491012822113292,0
20230724,"Umag","Clay",FALSE,"Matteo Arnaldi","Alexei Popyrin",1540.96170522036,1533.28136270359,0,7.68034251677068,0,1,0.49339875800187,0
20230403,"Marrakech","Clay",FALSE,"Maxime Cressy","Roberto Carballes Baena",1487.7638449074,1479.90061192375,0,7.86323298365164,0,2,0.461009879642311,0
20230703,"Wimbledon","Grass",TRUE,"Alexander Bublik","J J Wolf",1537.74750217061,1529.76559478598,1,7.98190738462677,0,0,0.534989971999915,1
20231122,"Davis Cup Finals QF: CZE vs AUS","Hard",FALSE,"Jordan Thompson","Tomas Machac",1520.50235399327,1512.51438174133,0,7.9879722519463,0,0,0.52653749452837,1
20230213,"Buenos Aires","Clay",FALSE,"Pedro Martinez","Bernabe Zapata Miralles",1482.53370691035,1474.3793029353,0,8.15440397505017,0,2,0.461420692733006,0
20231002,"Shanghai Masters","Hard",FALSE,"Grigor Dimitrov","Andrey Rublev",1718.05639096733,1709.87838741325,0,8.17800355408394,2,2,0.491856488164877,0
20230703,"Wimbledon","Grass",TRUE,"Roman Safiullin","Corentin Moutet",1479.38302074128,1471.07671708765,1,8.30630365363459,0,2,0.470432604310906,0
20230403,"Houston","Clay",FALSE,"Cristian Garin","Hugo Dellien",1521.09198742087,1512.66152884412,1,8.43045857674906,1,2,0.47699116908119,0
20230206,"Dallas","Hard",FALSE,"Taylor Fritz","Yibing Wu",1539.42308409999,1530.93373996763,0,8.4893441323643,2,0,0.557497064004827,1
20230828,"Us Open","Hard",TRUE,"Ugo Humbert","Matteo Berrettini",1543.32368116429,1534.77065892412,0,8.55302224016714,2,2,0.501489205586946,1
20231106,"Metz","Hard",FALSE,"Pierre Hugues Herbert","Alexander Shevchenko",1540.25963845114,1531.7020472519,0,8.55759119923664,2,0,0.557592653526094,1
20230814,"Cincinnati Masters","Hard",FALSE,"Alexander Shevchenko","Lorenzo Sonego",1509.63899699475,1501.04125716915,0,8.59773982559591,0,2,0.462046295650183,0
20230320,"Miami Masters","Hard",FALSE,"Benoit Paire","Yosuke Watanuki",1500,1491.23461375476,0,8.76538624524323,1,0,0.54280015378192,1
20230508,"Rome Masters","Clay",FALSE,"Christopher Oconnell","Alexei Popyrin",1526.01951919302,1517.23841492637,0,8.78110426664739,1,1,0.510198631538589,1
20230227,"Santiago","Clay",FALSE,"Laslo Djere","Sebastian Baez",1543.02097298538,1534.12515093332,0,8.89582205206011,1,2,0.477650365806414,0
20230522,"Lyon","Clay",FALSE,"Arthur Fils","Francisco Cerundolo",1564.58470853718,1555.55408814185,1,9.03062039533006,1,2,0.477841325015595,0
20230626,"Eastbourne","Grass",FALSE,"J J Wolf","Luca Van Assche",1481.23825229185,1472.08618725609,1,9.15206503575223,0,1,0.495487519734531,0
20230508,"Rome Masters","Clay",FALSE,"Yoshihito Nishioka","Lorenzo Sonego",1516.99461758827,1507.82325322138,0,9.17136436688725,2,2,0.493266191881555,0
20230717,"Newport","Grass",FALSE,"Jordan Thompson","Liam Broady",1500.46528856709,1491.18546113658,1,9.27982743051484,0,2,0.463009040235406,0
20230522,"Lyon","Clay",FALSE,"Marton Fucsovics","Sebastian Baez",1509.95120133178,1500.66754213406,0,9.28365919772045,0,2,0.46301444943674,0
20230320,"Miami Masters","Hard",FALSE,"Casper Ruud","Ilya Ivashka",1484.72151571232,1475.29177090346,1,9.42974480885869,2,1,0.526335564472983,1
20230724,"Hamburg","Clay",FALSE,"Laslo Djere","Zhizhen Zhang",1504.71406926644,1495.2203796445,1,9.49368962193444,1,1,0.511209640254885,1
20230417,"Barcelona","Clay",FALSE,"Lorenzo Musetti","Jason Kubler",1543.88236412836,1534.34168445101,1,9.54067967734818,2,2,0.493790325180284,0
20230619,"Halle","Grass",FALSE,"Denis Shapovalov","Lloyd Harris",1483.62480641507,1474.07406914664,1,9.55073726842079,0,0,0.528748962796144,1
20230220,"Rio De Janeiro","Clay",FALSE,"Nicolas Jarry","Lorenzo Musetti",1528.1068739462,1518.50585653448,1,9.60101741171661,1,2,0.478649436859761,0
20230626,"Mallorca","Grass",FALSE,"Alex Michelsen","Christopher Eubanks",1500,1490.36432126225,0,9.63567873775469,2,0,0.559102094740114,1
20231127,"NextGen Finals","Hard",FALSE,"Luca Van Assche","Abedallah Shelbayh",1464.90529377215,1455.24867229018,1,9.6566214819668,0,0,0.528898759680097,1
20230417,"Munich","Clay",FALSE,"Max Hans Rehberg","Marton Fucsovics",1500,1490.17449580069,0,9.82550419931249,2,0,0.559367759010679,1
20230807,"Canada Masters","Hard",FALSE,"Zhizhen Zhang","Thanasi Kokkinakis",1524.49332989597,1514.59864949348,0,9.89468040248789,2,2,0.494292736804917,0
20231023,"Vienna","Hard",FALSE,"Cameron Norrie","Filip Misolic",1505.57607579889,1495.62126042871,1,9.95481537018554,2,0,0.559548712946167,1
20230731,"Los Cabos","Hard",FALSE,"James Duckworth","Otto Virtanen",1480.10259851726,1470.1124874736,1,9.99011104365968,0,2,0.464011875689015,0
20230227,"Dubai","Hard",FALSE,"Daniil Medvedev","Novak Djokovic",1662.0219643359,1651.88907002458,1,10.1328943113201,2,2,0.494630825817868,0
20230529,"Roland Garros","Clay",TRUE,"Andrea Vavassori","Genaro Alberto Olivieri",1510.21717622879,1500,0,10.2171762287885,2,2,0.505621938811109,1
20231016,"Tokyo","Hard",FALSE,"Cristian Garin","Alexei Popyrin",1553.77494516496,1543.44193618368,0,10.3330089812857,2,2,0.49491484566655,0
20230612,"Stuttgart","Grass",FALSE,"Yibing Wu","Nick Kyrgios",1510.49760759402,1500,1,10.4976075940237,2,0,0.560308105963361,1
20230522,"Lyon","Clay",FALSE,"Tommy Paul","Gregoire Barrere",1547.55896538953,1536.81114140622,1,10.7478239833142,2,1,0.528200932872075,1
20230703,"Wimbledon","Grass",TRUE,"Borna Gojo","Maximilian Marterer",1508.14266511308,1497.38132344712,0,10.7613416659613,0,0,0.541851893084104,1
20230612,"s Hertogenbosch","Grass",FALSE,"Ricardas Berankis","Laslo Djere",1515,1504.23049757976,0,10.7695024202421,2,0,0.560688394317982,1
20231002,"Shanghai Masters","Hard",FALSE,"Francisco Cerundolo","Sebastian Korda",1618.01712485111,1607.24233858092,0,10.7747862701958,1,2,0.480312724689183,0
20230227,"Acapulco","Hard",FALSE,"Tommy Paul","Mackenzie Mcdonald",1569.17834530882,1558.38018324764,1,10.798162061177,2,2,0.495575043054564,0
20230717,"Newport","Grass",FALSE,"Mackenzie Mcdonald","Alex Michelsen",1508.49780343432,1497.65582839104,0,10.8419750432827,2,2,0.495637228180566,0
20230508,"Rome Masters","Clay",FALSE,"Francisco Cerundolo","Gregoire Barrere",1535.65729972281,1524.7226751459,1,10.9346245769113,2,1,0.528465233806779,1
20230320,"Miami Masters","Hard",FALSE,"Jiri Lehecka","Karen Khachanov",1565.23628988344,1554.2585654256,0,10.9777244578361,2,2,0.495829902388443,0
20230703,"Wimbledon","Grass",TRUE,"Michael Mmoh","Maximilian Marterer",1523.89539779294,1512.84577939578,0,11.0496183971559,0,0,0.54256273335328,1
20230828,"Us Open","Hard",TRUE,"Daniel Evans","Botic Van De Zandschulp",1495.84151066055,1484.75767471082,1,11.0838359497257,0,2,0.47731172515745,0
20230828,"Us Open","Hard",TRUE,"Jiri Vesely","Borna Gojo",1531.47611635285,1520.27859995753,0,11.1975163953207,2,2,0.50805617645868,1
20230522,"Lyon","Clay",FALSE,"Miomir Kecmanovic","Oriol Roca Batalla",1511.35456114864,1500,1,11.3545611486443,1,0,0.546446044749387,1
20230102,"United Cup","Hard",FALSE,"Lorenzo Musetti","Felipe Meligeni Alves",1526.39083024304,1515,1,11.3908302430411,0,2,0.465990369101291,0
20230508,"Rome Masters","Clay",FALSE,"Lorenzo Sonego","Jeremy Chardy",1493.31627152946,1481.89268308108,1,11.4235884483778,2,0,0.561602945428547,1
20230508,"Rome Masters","Clay",FALSE,"Yannick Hanfmann","Marco Cecchinato",1533.61957000603,1522.06654364889,1,11.5530263571379,1,2,0.481415771855945,0
20230220,"Rio De Janeiro","Clay",FALSE,"Daniel Elahi Galan","Albert Ramos",1443.11896618369,1431.5559251861,0,11.5630409975897,1,2,0.481429967420689,0
20230703,"Wimbledon","Grass",TRUE,"J J Wolf","Enzo Couacaud",1515.26477380085,1503.69833250757,1,11.5664412932829,0,0,0.543836693051937,1
20230220,"Doha","Hard",FALSE,"Andy Murray","Alexandre Muller",1525.56185501081,1513.8923673272,1,11.669487683605,0,1,0.49906073040816,0
20230703,"Wimbledon","Grass",TRUE,"Denis Shapovalov","Radu Albot",1499.54070089001,1487.85897413829,1,11.6817267517179,0,1,0.511506396465826,1
20230828,"Us Open","Hard",TRUE,"Diego Schwartzman","Arthur Rinderknech",1444.36519880131,1432.67266665906,0,11.6925321422468,1,2,0.494047332429211,0
20230206,"Dallas","Hard",FALSE,"Marcos Giron","Oscar Otte",1501.45479662153,1489.65987169216,1,11.7949249293661,2,0,0.562121966863122,1
20231023,"Basel","Hard",FALSE,"Holger Rune","Sebastian Baez",1603.57727468584,1591.76560848939,1,11.8116661964505,2,2,0.497013572029416,0
20231023,"Vienna","Hard",FALSE,"Alexander Zverev","Andrey Rublev",1745.6613739219,1733.72846877149,0,11.932905150413,2,2,0.497185657738992,0
20230417,"Banja Luka","Clay",FALSE,"Hamad Medjedovic","Gregoire Barrere",1513.19304876869,1501.23237900998,0,11.960669758706,0,1,0.499474045176885,0
20230116,"Australian Open","Hard",TRUE,"Jason Kubler","Karen Khachanov",1527.52373352194,1515.56268956499,0,11.9610439569519,2,2,0.50995179800066,1
20230920,"Chengdu","Hard",FALSE,"Christopher Oconnell","Alibek Kachmazov",1511.99745330246,1500,1,11.9974533024611,2,0,0.562404985969386,1
20230717,"Newport","Grass",FALSE,"Shintaro Mochizuki","Liam Broady",1488.6053110625,1476.58600824718,0,12.0193028153151,2,2,0.497308290379763,0
20230213,"Delray Beach","Hard",FALSE,"Denis Kudla","Jordan Thompson",1486.43093260786,1474.39968586486,1,12.031246743001,0,0,0.532256780297877,1
20230116,"Australian Open","Hard",TRUE,"Stefanos Tsitsipas","Tallon Griekspoor",1594.32745568309,1582.18662023837,1,12.1408354447212,2,2,0.510398129468279,1
20230213,"Buenos Aires","Clay",FALSE,"Camilo Ugo Carabelli","Dusan Lajovic",1513.12063949716,1500.94966547378,0,12.1709740233848,2,2,0.497523572907278,0
20230925,"Astana","Hard",FALSE,"Tallon Griekspoor","Sebastian Korda",1583.41252021251,1571.17614645077,0,12.2363737617379,2,2,0.497616401762743,0
20230731,"Washington","Hard",FALSE,"Michael Mmoh","Bradley Klahn",1512.24369860745,1500,1,12.2436986074458,2,1,0.530316964009018,1
20230102,"Pune","Hard",FALSE,"Pedro Martinez","Aslan Karatsev",1529.35280000847,1516.85912182021,0,12.4936781882541,1,0,0.548048514629233,1
20230213,"Rotterdam","Hard",FALSE,"Alex De Minaur","Andrey Rublev",1533.9372358963,1521.39920326137,1,12.5380326349291,0,2,0.467611574313182,0
20230109,"Auckland","Hard",FALSE,"Laslo Djere","Jaume Munar",1499.4205003164,1486.85080285064,1,12.5696974657646,2,2,0.498089526224882,0
20230612,"Stuttgart","Grass",FALSE,"Yosuke Watanuki","Feliciano Lopez",1497.69785559816,1484.99536224552,1,12.7024933526418,0,0,0.533205491724111,1
20230227,"Santiago","Clay",FALSE,"Cristian Garin","Dominic Thiem",1456.51364931528,1443.79752637445,1,12.7161229408325,1,1,0.51578032920915,1
20230508,"Rome Masters","Clay",FALSE,"Thanasi Kokkinakis","Jaume Munar",1499.61418488927,1486.74460585767,1,12.8695790316062,1,2,0.483282209164657,0
20230227,"Dubai","Hard",FALSE,"Lorenzo Sonego","Alexander Zverev",1487.28857858088,1474.37434868841,0,12.9142298924735,2,2,0.498578564095121,0
20230703,"Wimbledon","Grass",TRUE,"Felix Auger Aliassime","Michael Mmoh",1521.3578881348,1508.33334638747,0,13.0245417473272,0,0,0.547427741983722,1
20230109,"Adelaide 2","Hard",FALSE,"Jason Kubler","Tomas Martin Etcheverry",1513.08854423843,1500,1,13.0885442384276,2,2,0.498825991295217,0
20230403,"Houston","Clay",FALSE,"Denis Kudla","Aleksandar Vukic",1471.75815455075,1458.65058797711,1,13.1075665736464,2,1,0.531538481119293,1
20230717,"Bastad","Clay",FALSE,"Sebastian Ofner","Bernabe Zapata Miralles",1496.43590818055,1483.23010155713,1,13.2058066234245,0,2,0.46855557738043,0
20230306,"Indian Wells Masters","Hard",FALSE,"Mackenzie Mcdonald","Holger Rune",1568.27265878126,1555.05641078519,0,13.2162479960712,2,2,0.49900725834945,0
20230828,"Us Open","Hard",TRUE,"Frances Tiafoe","Adrian Mannarino",1636.96931362389,1623.73390250868,1,13.2354111152072,2,0,0.577932415924189,1
20230529,"Roland Garros","Clay",TRUE,"Dominic Thiem","Pedro Cachin",1473.21444756878,1459.8722507364,0,13.3421968323871,1,1,0.530832281358723,1
20230227,"Acapulco","Hard",FALSE,"Elias Ymer","Matteo Berrettini",1502.97848373579,1489.59653112596,0,13.3819526098284,0,2,0.468804625103064,0
20230717,"Bastad","Clay",FALSE,"Thiago Monteiro","Daniel Elahi Galan",1438.8459813288,1425.4395557037,1,13.4064256251004,1,1,0.516759135124244,1
20230227,"Santiago","Clay",FALSE,"Yannick Hanfmann","Pedro Martinez",1484.11955344655,1470.5919595612,1,13.5275938853492,1,0,0.549502129846632,1
20230424,"Madrid Masters","Clay",FALSE,"Grigor Dimitrov","Gregoire Barrere",1532.48938701075,1518.86822390222,1,13.62116310853,1,1,0.517063593539686,1
20230116,"Australian Open","Hard",TRUE,"Daniil Medvedev","Marcos Giron",1529.1974803112,1515.57415553424,1,13.6233247769626,2,2,0.514077704459904,1
20230116,"Australian Open","Hard",TRUE,"Aleksandar Vukic","Brandon Holt",1500,1486.31293746798,0,13.6870625320159,2,1,0.546829484154175,1
20230102,"United Cup","Hard",FALSE,"Francisco Cerundolo","Borna Coric",1500,1486.26317016788,0,13.7368298321176,1,2,0.48451194277321,0
20230102,"United Cup","Hard",FALSE,"Zizou Bergs","Stefanos Sakellaridis",1485,1471.23784719526,0,13.7621528047357,0,1,0.502031132110995,1
20230116,"Australian Open","Hard",TRUE,"Mackenzie Mcdonald","Rafael Nadal",1485.09133590364,1471.31972485141,1,13.7716110522242,2,0,0.579231187652813,1
20230417,"Barcelona","Clay",FALSE,"Jozef Kovalik","Denis Shapovalov",1497.8693081046,1484.03712280818,0,13.8321852964257,2,0,0.564967022019646,1
20230213,"Rotterdam","Hard",FALSE,"Quentin Halys","Botic Van De Zandschulp",1520.27998102214,1506.34407438904,0,13.9359066331072,2,2,0.500028769782406,1
20230417,"Munich","Clay",FALSE,"Jan Lennard Struff","Alexander Ritschard",1513.4506481575,1499.49060123148,0,13.9600469260204,1,2,0.484828488348061,0
20231106,"Metz","Hard",FALSE,"Harold Mayot","Yosuke Watanuki",1514.51260092965,1500.4488131536,1,14.0637877760428,1,0,0.550255650983506,1
20230731,"Kitzbuhel","Clay",FALSE,"Dusan Lajovic","Zhizhen Zhang",1523.04061206649,1508.88240927505,0,14.1582027914353,2,1,0.533023579589421,1
20230220,"Doha","Hard",FALSE,"Fernando Verdasco","Christopher Oconnell",1471.63326498998,1457.46189950666,0,14.1713654833181,1,2,0.485128171754177,0
20230206,"Dallas","Hard",FALSE,"Miomir Kecmanovic","Emilio Gomez",1514.20564745732,1500,0,14.2056474573242,0,1,0.502660632517103,1
20230220,"Doha","Hard",FALSE,"Alejandro Davidovich Fokina","Constant Lestienne",1500.96034587221,1486.70411293745,1,14.2562329347568,0,1,0.502732433512524,1
20230116,"Australian Open","Hard",TRUE,"Felix Auger Aliassime","Alex Molcan",1485,1470.67508757004,1,14.3249124299562,2,0,0.58057023314941,1
20230717,"Newport","Grass",FALSE,"Kevin Anderson","Gabriel Diallo",1500,1485.67361253817,1,14.3263874618319,0,1,0.502832010617764,1
20230102,"United Cup","Hard",FALSE,"Cameron Norrie","Alex De Minaur",1529.32747514012,1515,1,14.32747514012,2,0,0.565658060630487,1
20230102,"United Cup","Hard",FALSE,"Adrian Mannarino","Federico Coria",1500,1485.64719999153,1,14.3528000084657,0,1,0.502869500441891,1
20230116,"Australian Open","Hard",TRUE,"Oscar Otte","Juncheng Shang",1502.46638592068,1487.97846082444,0,14.4879250962474,0,0,0.551026843967681,1
20230206,"Cordoba","Clay",FALSE,"Juan Pablo Varillas","Dusan Lajovic",1483.1501396128,1468.65654245362,0,14.4935971591794,2,2,0.500820377659914,1
20230116,"Australian Open","Hard",TRUE,"Laslo Djere","Grigor Dimitrov",1513.87805949708,1499.35280000847,0,14.5252594886124,2,2,0.51631560769081,1
20230529,"Roland Garros","Clay",TRUE,"Tomas Martin Etcheverry","Jack Draper",1572.91179343647,1558.27708449219,1,14.634708944282,1,2,0.501354013471521,1
20230731,"Los Cabos","Hard",FALSE,"Dominik Koepfer","James Duckworth",1509.46132907861,1494.6714095797,1,14.7899194989031,0,0,0.536154206339998,1
20230320,"Miami Masters","Hard",FALSE,"Denis Shapovalov","Guido Pella",1488.35569872954,1473.51037465536,1,14.8453240741799,0,0,0.536232437768939,1
20230206,"Dallas","Hard",FALSE,"Jack Sock","Ilya Ivashka",1500,1485.15301925644,1,14.8469807435633,0,1,0.503570931464284,1
20230724,"Umag","Clay",FALSE,"Lorenzo Sonego","Jaume Munar",1501.8483615154,1486.99933784325,1,14.8490236721466,2,2,0.501324882142792,1
20230206,"Cordoba","Clay",FALSE,"Alejandro Tabilo","Federico Delbonis",1500,1485.10904912305,0,14.8909508769493,1,0,0.55141762208092,1
20230916,"Davis Cup Finals RR: SRB vs CZE","Hard",FALSE,"Dusan Lajovic","Jakub Mensik",1536.30015545297,1521.39225479707,0,14.9079006558961,2,2,0.501408453903443,1
20230410,"Monte Carlo Masters","Clay",FALSE,"Holger Rune","Andrey Rublev",1642.8992265595,1627.98076033357,0,14.9184662259361,1,1,0.518902654218758,1
20230814,"Cincinnati Masters","Hard",FALSE,"Alexander Zverev","Grigor Dimitrov",1667.5510612168,1652.59330727443,1,14.9577539423697,2,2,0.501479217095576,1
20230102,"United Cup","Hard",FALSE,"Borna Gojo","Adrian Mannarino",1529.35280000847,1514.38069207016,1,14.9721079383055,2,0,0.566557083089695,1
20231002,"Shanghai Masters","Hard",FALSE,"Lorenzo Sonego","Philip Sekulic",1515.83778369573,1500.86329658509,1,14.9744871106373,2,1,0.534177013778828,1
20230102,"Pune","Hard",FALSE,"Tallon Griekspoor","Aslan Karatsev",1515,1500,1,15,2,0,0.566595972276166,1
20230102,"Pune","Hard",FALSE,"Chun Hsin Tseng","Benjamin Bonzi",1500,1485,0,15,1,2,0.486303408784932,0
20230102,"Pune","Hard",FALSE,"Flavio Cobolli","Botic Van De Zandschulp",1515,1500,0,15,0,2,0.471093046879837,0
20230102,"Pune","Hard",FALSE,"Pedro Martinez","Sebastian Baez",1515,1500,1,15,1,2,0.486303408784932,0
20230102,"United Cup","Hard",FALSE,"Daniel Michalski","Timofey Skatov",1500,1485,0,15,1,2,0.486303408784932,0
20230102,"United Cup","Hard",FALSE,"Grigor Dimitrov","Stefanos Tsitsipas",1515,1500,0,15,2,2,0.501539182321494,1
20230102,"United Cup","Hard",FALSE,"Frances Tiafoe","Kacper Zuk",1515,1500,1,15,2,1,0.534213058431222,1
20230102,"United Cup","Hard",FALSE,"Borna Gojo","Federico Coria",1515,1500,1,15,2,1,0.534213058431222,1
20230102,"United Cup","Hard",FALSE,"Jason Kubler","Daniel Evans",1515,1500,1,15,2,0,0.566595972276166,1
20230109,"Adelaide 2","Hard",FALSE,"Thanasi Kokkinakis","Andrey Rublev",1500,1485,1,15,2,2,0.501539182321494,1
20230109,"Auckland","Hard",FALSE,"Ben Shelton","Quentin Halys",1500,1485,0,15,2,2,0.501539182321494,1
20230116,"Australian Open","Hard",TRUE,"Alejandro Davidovich Fokina","Tommy Paul",1515,1500,0,15,0,2,0.487024933584339,0
20230203,"Davis Cup QLS R1: SWE vs BIH","Hard",FALSE,"Damir Dzumhur","Elias Ymer",1500,1485,0,15,2,0,0.566595972276166,1
20230717,"Newport","Grass",FALSE,"Ethan Quinn","Sasi Kumar Mukund",1500,1485,1,15,2,2,0.501539182321494,1
20230116,"Australian Open","Hard",TRUE,"Michael Mmoh","J J Wolf",1513.73673702091,1498.72112893101,0,15.0156080898989,2,0,0.582240120990981,1
20230116,"Australian Open","Hard",TRUE,"Roman Safiullin","Denis Kudla",1499.35280000847,1484.32158414332,0,15.0312158651409,2,0,0.582277834123658,1
20230109,"Auckland","Hard",FALSE,"J J Wolf","Marcos Giron",1515.00115230434,1499.92361421867,0,15.0775380856678,0,2,0.471202741114088,0
20230206,"Dallas","Hard",FALSE,"Yibing Wu","Adrian Mannarino",1546.30018149282,1531.08344870616,1,15.2167327866562,0,0,0.536756821768145,1
20230306,"Indian Wells Masters","Hard",FALSE,"Casper Ruud","Cristian Garin",1486.18920224794,1470.96489516378,0,15.2243070841632,2,2,0.501857569234868,1
20230213,"Buenos Aires","Clay",FALSE,"Roberto Carballes Baena","Albert Ramos",1473.94405187042,1458.67079370093,1,15.2732581694929,2,2,0.501927051400853,1
20231002,"Shanghai Masters","Hard",FALSE,"Tomas Martin Etcheverry","Zhizhen Zhang",1544.41830326336,1529.10334663952,0,15.3149566238462,2,2,0.501986238976341,1
20230206,"Dallas","Hard",FALSE,"Mackenzie Mcdonald","Fernando Verdasco",1515.36277819332,1500,1,15.3627781933224,2,1,0.534725553227852,1
20230227,"Santiago","Clay",FALSE,"Dusan Lajovic","Juan Manuel Cerundolo",1518.56474841659,1503.1771970209,1,15.3875513956907,2,2,0.502089281235973,1
20230206,"Cordoba","Clay",FALSE,"Marco Cecchinato","Facundo Bagnis",1484.31451033651,1468.90674930383,1,15.4077610326799,2,1,0.534789095155612,1
20230529,"Roland Garros","Clay",TRUE,"Genaro Alberto Olivieri","Giovanni Mpetshi Perricard",1515.44098384356,1500,1,15.440983843562,2,0,0.583267612707174,1
20230522,"Geneva","Clay",FALSE,"Nicolas Jarry","Alexander Zverev",1598.80985552218,1583.3526542145,1,15.4572013076822,1,1,0.51966621901504,1
20230116,"Australian Open","Hard",TRUE,"Alex De Minaur","Adrian Mannarino",1500.61821642788,1485.02553779787,1,15.5926786300133,0,0,0.553740403310364,1
20230206,"Dallas","Hard",FALSE,"Emilio Gomez","Gabriel Diallo",1515.61296556266,1500,1,15.6129655626644,1,2,0.487172864713633,0
20230206,"Cordoba","Clay",FALSE,"Juan Manuel Cerundolo","Pablo Andujar",1500,1484.38069207016,1,15.6193079298398,2,0,0.567459245296461,1
20230102,"Adelaide 1","Hard",FALSE,"Denis Shapovalov","Rinky Hijikata",1515.64719999153,1500,1,15.6471999915343,0,1,0.504706716891967,1
20230109,"Auckland","Hard",FALSE,"Casper Ruud","Laslo Djere",1499.50436680231,1483.74038098611,0,15.7639858162022,2,2,0.502623595642926,1
20230227,"Dubai","Hard",FALSE,"Thanasi Kokkinakis","Quentin Halys",1509.96946601697,1494.04732674387,1,15.9221392731054,2,2,0.502848078366853,1
20230213,"Delray Beach","Hard",FALSE,"Marcos Giron","Matija Pecotic",1515.94576431671,1500,1,15.9457643167125,2,1,0.535548980563053,1
20230724,"Atlanta","Hard",FALSE,"James Duckworth","Lloyd Harris",1495.79137613056,1479.82642550723,0,15.9649506233332,0,2,0.472458371737886,0
20230116,"Australian Open","Hard",TRUE,"Ugo Humbert","Holger Rune",1499.95396760985,1483.95975532702,0,15.9942122828322,2,2,0.519958970002551,1
20230529,"Roland Garros","Clay",TRUE,"John Isner","Nuno Borges",1463.95706833549,1447.93179711013,0,16.0252712253605,1,2,0.504807362922713,1
20230204,"Davis Cup QLS R1: BEL vs KOR","Hard",FALSE,"Soon Woo Kwon","David Goffin",1521.49009910296,1505.3097077682,1,16.180391334764,0,2,0.472763259415229,0
20230204,"Davis Cup QLS R1: ARG vs FIN","Hard",FALSE,"Emil Ruusuvuori","Pedro Cachin",1472.06098065635,1455.85860117794,1,16.2023794784061,2,2,0.503245847918383,1
20230828,"Us Open","Hard",TRUE,"Quentin Halys","Benjamin Bonzi",1496.0152481383,1479.78715679206,0,16.2280913462334,2,2,0.520538861490076,1
20230508,"Rome Masters","Clay",FALSE,"Tommy Paul","Cristian Garin",1582.09641748183,1565.8677291116,0,16.2286883702232,2,1,0.535948521544143,1
20230206,"Cordoba","Clay",FALSE,"Andrea Vavassori","Guido Pella",1500,1483.73806643952,0,16.2619335604845,2,2,0.503330377748515,1
20230220,"Doha","Hard",FALSE,"Liam Broady","Oleksii Krutykh",1500,1483.73540045285,1,16.2645995471539,0,0,0.538235840453152,1
20230206,"Cordoba","Clay",FALSE,"Roberto Carballes Baena","Bernabe Zapata Miralles",1489.64646944038,1473.36490416919,0,16.2815652711895,2,2,0.503358242550431,1
20230821,"Winston-Salem","Hard",FALSE,"Laslo Djere","Sebastian Baez",1596.26907453101,1579.98190775945,0,16.2871667715619,2,2,0.503366193188341,1
20230116,"Australian Open","Hard",TRUE,"Yibing Wu","Corentin Moutet",1500,1483.68385199986,0,16.3161480001404,0,1,0.523001875744021,1
20230731,"Washington","Hard",FALSE,"Jordan Thompson","Kevin Anderson",1527.94556513947,1511.61855007939,1,16.3270150600806,0,1,0.50567156981396,1
20230213,"Delray Beach","Hard",FALSE,"Christopher Eubanks","Aleksandar Vukic",1485.96145014976,1469.5671674553,0,16.3942826944592,2,2,0.503518230678268,1
20230320,"Miami Masters","Hard",FALSE,"Botic Van De Zandschulp","Casper Ruud",1515.73787052853,1499.31450083837,1,16.4233696901608,2,2,0.50355951587463,1
20230320,"Miami Masters","Hard",FALSE,"Brandon Nakashima","Oscar Otte",1472.52461189411,1455.9894690873,1,16.5351428068045,2,0,0.568735104733113,1
20230320,"Miami Masters","Hard",FALSE,"Taro Daniel","Emil Ruusuvuori",1543.59800164484,1527.05295403846,0,16.545047606385,0,2,0.473279360347845,0
20230213,"Buenos Aires","Clay",FALSE,"Bernabe Zapata Miralles","Diego Schwartzman",1489.73129222561,1473.08524486837,1,16.6460473572367,2,2,0.503875576127955,1
20230529,"Roland Garros","Clay",TRUE,"Grigor Dimitrov","Emil Ruusuvuori",1585.96367089158,1569.31754993004,1,16.6461209615456,1,2,0.506349064778165,1
20230828,"Us Open","Hard",TRUE,"Dominic Stricker","Benjamin Bonzi",1530.21475872184,1513.50146288026,1,16.713295841583,0,2,0.491277915474433,0
20230109,"Auckland","Hard",FALSE,"Ugo Humbert","Christopher Eubanks",1500,1483.2069949351,0,16.7930050649029,2,2,0.504084160655661,1
20230731,"Los Cabos","Hard",FALSE,"Borna Coric","Jason Jung",1518.01232504369,1501.137389088,1,16.8749359556912,2,0,0.569208243218985,1
20230403,"Houston","Clay",FALSE,"Tomas Martin Etcheverry","Yannick Hanfmann",1504.37894139249,1487.41268961541,1,16.9662517770871,1,1,0.521804539460606,1
20230206,"Montpellier","Hard",FALSE,"Geoffrey Blancaneaux","Marton Fucsovics",1500,1482.92592510909,0,17.0740748909088,0,0,0.539377920695479,1
20230403,"Houston","Clay",FALSE,"Jack Sock","Tomas Machac",1486.24848335292,1469.03031354134,0,17.2181698115814,0,2,0.474232184768709,0
20230619,"Queen's Club","Grass",FALSE,"Ryan Peniston","Ugo Humbert",1500,1482.75485884045,1,17.24514115955,1,1,0.522199639827604,1
20230508,"Rome Masters","Clay",FALSE,"Guido Pella","Maxime Cressy",1464.00129193566,1446.68389563276,1,17.3173963028917,2,0,0.569824149207602,1
20230417,"Barcelona","Clay",FALSE,"Emil Ruusuvuori","Alejandro Davidovich Fokina",1560.94120546763,1543.61374657249,0,17.3274588951438,2,2,0.504842725558337,1
20230424,"Madrid Masters","Clay",FALSE,"Corentin Moutet","Yosuke Watanuki",1499.38775934525,1481.94544224261,0,17.4423171026472,2,0,0.569998000267577,1
20231106,"Metz","Hard",FALSE,"Alexander Shevchenko","Mathias Bourgue",1517.45500709913,1500,1,17.4550070991349,0,1,0.50727241795812,1
20230529,"Roland Garros","Clay",TRUE,"Miomir Kecmanovic","Andrea Vavassori",1512.32707687737,1494.77619238523,0,17.5508844921467,1,2,0.508595560753845,1
20230213,"Rotterdam","Hard",FALSE,"Stefanos Tsitsipas","Jannik Sinner",1629.95165018651,1612.2903076744,0,17.6613425121166,2,2,0.505316604592578,1
20230206,"Dallas","Hard",FALSE,"Yibing Wu","John Isner",1516.69650471451,1499.01381165884,1,17.6826930556679,0,2,0.474889841050594,0
20230807,"Canada Masters","Hard",FALSE,"Lorenzo Sonego","Andy Murray",1516.80503929095,1499.09872024443,0,17.706319046518,2,0,0.570365352362869,1
20230227,"Santiago","Clay",FALSE,"Laslo Djere","Riccardo Bonadio",1517.78756238214,1500,1,17.7875623821412,1,2,0.490257993799477,0
20231023,"Basel","Hard",FALSE,"Felix Auger Aliassime","Alexander Shevchenko",1470.07796614124,1452.28374770948,1,17.7942184317594,2,0,0.570487644982095,1
20230417,"Barcelona","Clay",FALSE,"Yoshihito Nishioka","David Goffin",1494.79505924917,1476.98469806916,1,17.8103611800082,2,0,0.570510103123282,1
20230220,"Doha","Hard",FALSE,"Soon Woo Kwon","Abedallah Shelbayh",1517.84348078338,1500,1,17.8434807833826,0,0,0.540463084419537,1
20230213,"Delray Beach","Hard",FALSE,"Marcos Giron","Miomir Kecmanovic",1530.25781329839,1512.40536321356,0,17.8524500848237,2,0,0.570568656754478,1
20231016,"Antwerp","Hard",FALSE,"Arthur Rinderknech","Hugo Gaston",1460.04249236961,1442.13346751718,0,17.9090248524262,2,0,0.570647359850382,1
20230220,"Marseille","Hard",FALSE,"Alex De Minaur","Alexander Ritschard",1531.79927688467,1513.71034410611,1,18.0889327785674,0,2,0.475465052979363,0
20230821,"Winston-Salem","Hard",FALSE,"Michael Mmoh","Borna Coric",1541.82689153386,1523.72084020236,0,18.1060513314983,2,2,0.50594776219778,1
20230927,"Beijing","Hard",FALSE,"Casper Ruud","Jan Lennard Struff",1610.00538474702,1591.79479754224,1,18.210587204781,2,2,0.506096123142995,1
20230403,"Estoril","Clay",FALSE,"Miomir Kecmanovic","Luca Nardi",1502.07842291914,1483.73555571989,1,18.3428671992517,1,2,0.491045940359979,0
20230403,"Marrakech","Clay",FALSE,"Alexandre Muller","Pavel Kotov",1527.71278301796,1508.94653975877,1,18.7662432591869,2,2,0.506884710880145,1
20230220,"Doha","Hard",FALSE,"Emil Ruusuvuori","Daniel Evans",1492.0220284372,1473.25333466594,1,18.7686937712519,2,0,0.57184283297525,1
20230306,"Indian Wells Masters","Hard",FALSE,"Casper Ruud","Diego Schwartzman",1470.53233644,1451.73348099815,1,18.7988554418562,2,1,0.539575895741472,1
20230925,"Astana","Hard",FALSE,"Alexei Popyrin","Sebastian Korda",1572.85185978365,1554.04811366699,0,18.8037461166598,2,2,0.506937933790205,1
20230529,"Roland Garros","Clay",TRUE,"Yannick Hanfmann","Francisco Cerundolo",1605.09201375426,1586.15230547623,0,18.939708278029,1,2,0.512043254541736,1
20230213,"Buenos Aires","Clay",FALSE,"Thiago Monteiro","Pedro Cachin",1447.37085559562,1428.40178190836,0,18.9690736872544,1,1,0.524641285924488,1
20230731,"Kitzbuhel","Clay",FALSE,"Sebastian Ofner","Alex Molcan",1511.71304356515,1492.38596450185,0,19.327079063306,0,2,0.47721859165174,0
20230403,"Houston","Clay",FALSE,"Steve Johnson","Facundo Bagnis",1461.01886831702,1441.65287387434,1,19.3659944426729,1,1,0.525203291556677,1
20230529,"Roland Garros","Clay",TRUE,"Thiago Seyboth Wild","Yoshihito Nishioka",1525.29032810261,1505.83561639481,0,19.4547117078014,1,2,0.51332145414801,1
20230306,"Indian Wells Masters","Hard",FALSE,"Jiri Lehecka","Andrey Rublev",1581.07712894769,1561.58086346886,0,19.496265478826,2,2,0.507920706596695,1
20230403,"Estoril","Clay",FALSE,"Sebastian Baez","Radu Albot",1512.55162003469,1492.95237308478,1,19.599246949901,2,2,0.508066845321019,1
20231023,"Vienna","Hard",FALSE,"Daniil Medvedev","Jannik Sinner",1798.93812824384,1779.2209651023,0,19.7171631415374,2,2,0.508234175882,1
20231002,"Shanghai Masters","Hard",FALSE,"Roberto Carballes Baena","Aleksandar Vukic",1501.64862349944,1481.9133575324,0,19.7352659670405,0,2,0.47779681620273,0
20230920,"Chengdu","Hard",FALSE,"Daniel Evans","Roman Safiullin",1547.93016148016,1528.19231649305,0,19.7378449871126,0,2,0.477800469751138,0
20230417,"Barcelona","Clay",FALSE,"Jason Kubler","Daniel Rincon",1519.75348520028,1500,1,19.7534852002791,2,0,0.573211273235968,1
20230227,"Acapulco","Hard",FALSE,"Frances Tiafoe","Yoshihito Nishioka",1571.57459190367,1551.48912537316,1,20.0854665305108,2,0,0.573672334358416,1
20230703,"Wimbledon","Grass",TRUE,"Alexei Popyrin","Dominic Stricker",1499.6012674156,1479.49584144569,0,20.1054259699097,0,0,0.564789976404847,1
20230417,"Barcelona","Clay",FALSE,"Grigor Dimitrov","Emilio Gomez",1518.3630748037,1498.10346126334,1,20.2596135403628,1,0,0.558945151944529,1
20230724,"Hamburg","Clay",FALSE,"Zhizhen Zhang","Daniel Altmaier",1480.63015319151,1460.36201430732,1,20.2681388841897,1,1,0.526480410776663,1
20230306,"Indian Wells Masters","Hard",FALSE,"Grigor Dimitrov","Jason Kubler",1545.23947312315,1524.90705672146,0,20.3324164016899,2,2,0.509107228532095,1
20230508,"Rome Masters","Clay",FALSE,"Alexander Shevchenko","Sebastian Baez",1521.03490599941,1500.66393397353,1,20.3709720258867,0,2,0.478697455074684,0
20230220,"Marseille","Hard",FALSE,"Marc Andrea Huesler","Gregoire Barrere",1519.30491578357,1498.86519492287,0,20.4397208606999,2,0,0.574164187363596,1
20230522,"Geneva","Clay",FALSE,"Casper Ruud","J J Wolf",1564.05112003852,1543.58921312927,1,20.4619069092555,1,1,0.526754673522356,1
20231127,"NextGen Finals","Hard",FALSE,"Arthur Fils","Hamad Medjedovic",1550.00534329271,1529.41498463279,0,20.5903586599245,2,2,0.509473235845734,1
20231127,"NextGen Finals","Hard",FALSE,"Dominic Stricker","Flavio Cobolli",1496.71443863774,1475.99380181575,0,20.7206368219856,0,0,0.544517520592314,1
20230213,"Delray Beach","Hard",FALSE,"Taylor Fritz","Mackenzie Mcdonald",1580.1763137005,1559.37282992826,1,20.8034837722466,2,2,0.509775642199674,1
20231002,"Shanghai Masters","Hard",FALSE,"Matteo Arnaldi","Alexei Popyrin",1577.85236430604,1557.04082852568,1,20.8115357803663,0,2,0.479321706985152,0
20230612,"Stuttgart","Grass",FALSE,"Jan Lennard Struff","Hubert Hurkacz",1607.93099437993,1587.11074105626,1,20.820253323669,0,0,0.544657795861146,1
20230508,"Rome Masters","Clay",FALSE,"Luca Nardi","David Goffin",1471.34333618608,1450.47803749471,0,20.8652986913614,2,0,0.57475487309915,1
20230927,"Beijing","Hard",FALSE,"Daniil Medvedev","Alexander Zverev",1796.21888783332,1775.34771098732,1,20.8711768460014,2,2,0.509871691410288,1
20230916,"Davis Cup WG1 R1: BUL vs KAZ","Clay",FALSE,"Alexander Bublik","Dimitar Kuzmanov",1530.59016045346,1509.61669396272,1,20.9734664907376,1,2,0.494779152357517,0
20230522,"Geneva","Clay",FALSE,"Nicolas Jarry","Grigor Dimitrov",1613.14295444019,1591.90374480852,1,21.2392096316737,1,1,0.527854717818565,1
20230828,"Us Open","Hard",TRUE,"Zhizhen Zhang","Rinky Hijikata",1545.03712149941,1523.38067666984,0,21.6564448295653,2,1,0.566365386106072,1
20230927,"Beijing","Hard",FALSE,"Ugo Humbert","Lorenzo Sonego",1551.66406059539,1529.89935295851,1,21.7647076368839,2,2,0.511139444753738,1
20230220,"Marseille","Hard",FALSE,"Hubert Hurkacz","Benjamin Bonzi",1565.06228663726,1543.16383714828,1,21.8984494889776,2,2,0.511329187537495,1
20230920,"Chengdu","Hard",FALSE,"Christopher Oconnell","Taro Daniel",1497.9449324923,1475.96980969293,1,21.9751227993647,2,0,0.576294258747758,1
20230306,"Indian Wells Masters","Hard",FALSE,"Andy Murray","Tomas Martin Etcheverry",1548.41549566574,1526.34905307239,1,22.0664425933549,0,2,0.481100180639257,0
20230619,"Queen's Club","Grass",FALSE,"Adrian Mannarino","Liam Broady",1509.43573181803,1487.31766311058,1,22.1180687074518,2,2,0.511640759499964,1
20230529,"Roland Garros","Clay",TRUE,"Hubert Hurkacz","Tallon Griekspoor",1555.09562574434,1532.97464673646,1,22.1209790078854,1,1,0.552479765416525,1
20230403,"Marrakech","Clay",FALSE,"Jan Lennard Struff","Hugo Gaston",1492.27887204174,1470.11582801475,0,22.1630440269935,1,0,0.561607686507114,1
20230410,"Monte Carlo Masters","Clay",FALSE,"Matteo Berrettini","Maxime Cressy",1494.63816415974,1472.42441980128,1,22.2137443584513,1,0,0.561678558770609,1
20230731,"Los Cabos","Hard",FALSE,"Alejandro Tabilo","Felipe Meligeni Alves",1504.45810017186,1482.21592301664,0,22.2421771552176,2,2,0.511816827140282,1
20231106,"Metz","Hard",FALSE,"Harold Mayot","Gregoire Barrere",1500.47692406162,1478.1100646799,1,22.366859381721,1,0,0.561892577749532,1
20230306,"Indian Wells Masters","Hard",FALSE,"Jason Kubler","Lorenzo Sonego",1510.88974244294,1488.0957628201,1,22.7939796228372,2,2,0.51259961089919,1
20230626,"Mallorca","Grass",FALSE,"Jordan Thompson","Feliciano Lopez",1508.27927783123,1485.46460910694,0,22.8146687242859,0,0,0.547464717446472,1
20230724,"Atlanta","Hard",FALSE,"Juncheng Shang","Ben Shelton",1459.8544983456,1437.03773914635,1,22.8167591992492,0,2,0.482163772843445,0
20230920,"Zhuhai","Hard",FALSE,"Cameron Norrie","Aslan Karatsev",1539.68416151553,1516.78828890331,0,22.8958726122246,2,0,0.577570266590599,1
20230912,"Davis Cup Finals RR: SRB vs KOR","Hard",FALSE,"Dusan Lajovic","Seong Chan Hong",1522.29956083774,1499.11661619464,1,23.1829446430984,2,2,0.513151357498944,1
20230626,"Eastbourne","Grass",FALSE,"Sebastian Baez","Nuno Borges",1486.8370964506,1463.62317346133,1,23.2139229892748,2,1,0.545797062195486,1
20230828,"Us Open","Hard",TRUE,"J J Wolf","Zhizhen Zhang",1532.92170095285,1509.68830809203,0,23.233392860818,0,2,0.507469289935052,1
20230821,"Winston-Salem","Hard",FALSE,"Borna Coric","Rinky Hijikata",1539.50183439343,1516.03714070549,1,23.4646936879374,2,1,0.546150006978574,1
20230213,"Buenos Aires","Clay",FALSE,"Francisco Cerundolo","Bernabe Zapata Miralles",1527.58346470898,1504.01317398266,0,23.5702907263153,2,2,0.51370077579028,1
20230306,"Indian Wells Masters","Hard",FALSE,"Karen Khachanov","Alejandro Davidovich Fokina",1558.44781595686,1534.86695024714,0,23.5808657097293,2,0,0.578518884213546,1
20230227,"Dubai","Hard",FALSE,"Christopher Oconnell","Alexander Zverev",1481.95522930956,1458.35709931214,0,23.598129997423,2,2,0.513740262227765,1
20231106,"Sofia","Hard",FALSE,"Adrian Mannarino","Jack Draper",1652.61758729403,1628.98667922675,1,23.6309080672866,0,2,0.483318031394961,0
20230703,"Wimbledon","Grass",TRUE,"Arthur Fils","Alejandro Davidovich Fokina",1588.5775016206,1564.94498916819,0,23.6325124524114,0,2,0.508460261024083,1
20230920,"Zhuhai","Hard",FALSE,"Cameron Norrie","Marc Polmans",1523.69709568463,1500,1,23.6970956846251,2,2,0.51388063097712,1
20230828,"Us Open","Hard",TRUE,"Juan Manuel Cerundolo","Ilya Ivashka",1466.31439070954,1442.52280897681,1,23.7915817327307,1,1,0.556579374845459,1
20230116,"Australian Open","Hard",TRUE,"Roberto Bautista Agut","Tommy Paul",1544.17583053166,1520.35078529948,0,23.8250452321815,2,2,0.539336182250491,1
20230807,"Canada Masters","Hard",FALSE,"Casper Ruud","Jiri Lehecka",1628.19184009747,1604.17934181484,1,24.0124982826328,2,2,0.514327969979614,1
20230703,"Wimbledon","Grass",TRUE,"Alexander Bublik","Maximilian Marterer",1552.40295614201,1528.32266899656,1,24.0802871454487,0,0,0.574469861217143,1
20230116,"Australian Open","Hard",TRUE,"Holger Rune","Andrey Rublev",1500,1475.86672714792,0,24.1332728520842,2,2,0.540096842733269,1
20230626,"Mallorca","Grass",FALSE,"Jordan Thompson","Richard Gasquet",1494.32219522006,1470.12671598511,1,24.1954792349591,0,2,0.484118556740276,0
20231002,"Shanghai Masters","Hard",FALSE,"Andrey Rublev","Adrian Mannarino",1708.15195402109,1683.88361850585,1,24.268335515238,2,0,0.579470349374265,1
20230213,"Rotterdam","Hard",FALSE,"Daniil Medvedev","Grigor Dimitrov",1560.69839171236,1536.38364955249,1,24.3147421598712,2,2,0.514756624293143,1
20230213,"Delray Beach","Hard",FALSE,"Taylor Fritz","Emilio Gomez",1552.66395713693,1528.1737693988,1,24.4901877381319,2,1,0.547592842240204,1
20230814,"Cincinnati Masters","Hard",FALSE,"Sebastian Korda","Borna Coric",1542.39795787174,1517.90338286691,0,24.4945750048291,2,2,0.515011660140755,1
20230116,"Australian Open","Hard",TRUE,"Sebastian Korda","Karen Khachanov",1558.06793766766,1533.51070288113,0,24.5572347865386,2,2,0.541142812677926,1
20230913,"Davis Cup Finals RR: CAN vs ITA","Hard",FALSE,"Lorenzo Sonego","Alexis Galarneau",1514.39492238857,1489.6675043437,0,24.7274180448749,2,0,0.580105396046483,1
20230508,"Rome Masters","Clay",FALSE,"Alexei Popyrin","Roman Safiullin",1503.31400368487,1478.35798509947,1,24.9560185853925,1,2,0.50043195890757,1
20230306,"Indian Wells Masters","Hard",FALSE,"Gregoire Barrere","Jack Sock",1495.18286117347,1470.17047348605,0,25.0123876874284,0,0,0.550554267220765,1
20230116,"Australian Open","Hard",TRUE,"Benjamin Bonzi","Mattia Bellucci",1525.19695449556,1500,1,25.1969544955573,2,2,0.542720396534703,1
20230227,"Santiago","Clay",FALSE,"Tomas Martin Etcheverry","Fabio Fognini",1492.12405154188,1466.62482922455,1,25.499222317336,1,0,0.566265723964186,1
20230213,"Delray Beach","Hard",FALSE,"Yoshihito Nishioka","Mackenzie Mcdonald",1555.32813503565,1529.69994567578,0,25.6281893598684,0,2,0.486150403339333,0
20230116,"Australian Open","Hard",TRUE,"Hubert Hurkacz","Lorenzo Sonego",1496.90876236717,1471.26674509829,1,25.6420172688831,2,2,0.543817442445588,1
20230821,"Winston-Salem","Hard",FALSE,"Dominik Koepfer","Strong Kirchheimer",1525.66539993178,1500,1,25.6653999317814,0,1,0.518918061068732,1
20230116,"Australian Open","Hard",TRUE,"Thanasi Kokkinakis","Fabio Fognini",1511.36020062183,1485.66712687736,1,25.6930737444695,2,1,0.576186380964561,1
20230220,"Doha","Hard",FALSE,"Alexandre Muller","Nikoloz Basilashvili",1500,1474.29781631294,1,25.7021836870572,1,0,0.566548733734362,1
20230508,"Rome Masters","Clay",FALSE,"Alexander Zverev","J J Wolf",1537.48395057742,1511.71625447012,1,25.7676961072996,1,1,0.534257747845719,1
20231002,"Shanghai Masters","Hard",FALSE,"Grigor Dimitrov","Karen Khachanov",1669.54382051875,1643.74302556614,1,25.8007949526193,2,2,0.516863875869253,1
20230508,"Rome Masters","Clay",FALSE,"Francisco Cerundolo","Casper Ruud",1550.18536983819,1524.13602460047,0,26.0493452377218,2,1,0.549784984234637,1
20230814,"Cincinnati Masters","Hard",FALSE,"Frances Tiafoe","Tallon Griekspoor",1633.39817208449,1607.24140937686,1,26.1567627076383,2,2,0.517368558823147,1
20230417,"Banja Luka","Clay",FALSE,"Miomir Kecmanovic","Abedallah Shelbayh",1527.27867889025,1501.07573717429,1,26.2029417159592,1,0,0.56724680578233,1
20230828,"Us Open","Hard",TRUE,"Guido Pella","Lloyd Harris",1474.48242934744,1448.23540804105,0,26.2470213063864,0,2,0.514949805719681,1
20230724,"Umag","Clay",FALSE,"Christopher Oconnell","Zsombor Piros",1526.5959756035,1500.26919728883,0,26.3267783146673,1,2,0.502377653200604,1
20230529,"Roland Garros","Clay",TRUE,"Sebastian Korda","Mackenzie Mcdonald",1526.26133586405,1499.82125546754,1,26.4400803965034,2,2,0.545783536215337,1
20230306,"Indian Wells Masters","Hard",FALSE,"Taylor Fritz","Jannik Sinner",1654.13642611215,1627.59015559677,0,26.546270515382,2,2,0.517920753464896,1
20230227,"Acapulco","Hard",FALSE,"Nick Chappell","Nuno Borges",1500,1473.42251890974,0,26.5774810902556,0,2,0.487496930048489,0
20230206,"Dallas","Hard",FALSE,"Denis Shapovalov","Yibing Wu",1527.38341869751,1500.5398763779,0,26.843542319612,0,0,0.553125536330698,1
20230424,"Madrid Masters","Clay",FALSE,"Hugo Grenier","Diego Schwartzman",1485.49554066881,1458.63227297034,1,26.863267698471,0,2,0.487902341658677,0
20230912,"Davis Cup Finals RR: NED vs FIN","Hard",FALSE,"Botic Van De Zandschulp","Otto Virtanen",1470.23604010426,1443.25368760386,0,26.9823525004017,2,2,0.518538923058668,1
20230206,"Dallas","Hard",FALSE,"Emilio Gomez","John Isner",1529.9393530245,1502.74953904548,0,27.1898139790126,1,2,0.503602636697151,1
20230529,"Roland Garros","Clay",TRUE,"Juncheng Shang","Juan Pablo Varillas",1490.34839152599,1463.10326418793,0,27.2451273380611,2,2,0.547765389466767,1
20230424,"Madrid Masters","Clay",FALSE,"Jurij Rodionov","Zhizhen Zhang",1497.44191546619,1470.15300106223,0,27.2889144039514,1,1,0.536406241430903,1
20230320,"Miami Masters","Hard",FALSE,"Richard Gasquet","Christopher Oconnell",1509.48003515507,1482.15842801559,1,27.3216071394875,0,2,0.48855256654372,0
20230320,"Miami Masters","Hard",FALSE,"Laslo Djere","Aleksandar Vukic",1499.84922299543,1472.47101631212,1,27.3782066833123,2,2,0.519100018499684,1
20230206,"Cordoba","Clay",FALSE,"Juan Manuel Cerundolo","Diego Schwartzman",1514.32611419227,1486.90377985987,1,27.4223343323972,2,2,0.519162563377829,1
20231106,"Metz","Hard",FALSE,"Lorenzo Sonego","Marcos Giron",1539.14290783307,1511.62151591125,1,27.521391921822,2,2,0.519302961707232,1
20230703,"Wimbledon","Grass",TRUE,"Lorenzo Sonego","Matteo Berrettini",1539.31691103968,1511.78352878473,0,27.5333822549478,2,0,0.612142923490003,1
20230102,"United Cup","Hard",FALSE,"Lorenzo Musetti","Viktor Durasovic",1512.57901760692,1485,1,27.5790176069206,0,0,0.554157483825866,1
20230213,"Rotterdam","Hard",FALSE,"Alex De Minaur","Grigor Dimitrov",1550.13056528262,1522.43169092235,0,27.6988743602726,0,2,0.489087807199909,0
20230320,"Miami Masters","Hard",FALSE,"Marc Andrea Huesler","Albert Ramos",1461.18783789274,1433.46173589308,1,27.7261019996599,2,0,0.584246849079871,1
20230213,"Delray Beach","Hard",FALSE,"Steve Johnson","Nuno Borges",1485.10563287013,1457.22123067674,0,27.8844021933896,0,2,0.489351030520297,0
20230717,"Gstaad","Clay",FALSE,"Zhizhen Zhang","Hamad Medjedovic",1511.42351842826,1483.49597597197,0,27.9275424562818,1,0,0.569648893156831,1
20230619,"Queen's Club","Grass",FALSE,"Alex De Minaur","Adrian Mannarino",1551.20602709983,1523.23053627772,1,27.9754908221159,0,2,0.489480267484861,0
20230109,"Adelaide 2","Hard",FALSE,"Soon Woo Kwon","Tomas Machac",1515.58912790147,1487.45466218206,1,28.1344657194097,0,0,0.55493652584921,1
20230320,"Miami Masters","Hard",FALSE,"Andy Murray","Dusan Lajovic",1562.46408967912,1534.17615967897,0,28.2879300001493,0,2,0.489923568202918,0
20230703,"Wimbledon","Grass",TRUE,"Jordan Thompson","Brandon Nakashima",1492.2957027265,1463.99736853727,1,28.2983341892286,0,2,0.520038009159154,1
20231002,"Shanghai Masters","Hard",FALSE,"Alexander Shevchenko","Chun Hsin Tseng",1465.58573714672,1437.27974718003,0,28.3059899666946,0,1,0.522659724851062,1
20230529,"Roland Garros","Clay",TRUE,"Patrick Kypson","Radu Albot",1500,1471.63716505906,0,28.3628349409375,2,2,0.550514423696406,1
20230417,"Banja Luka","Clay",FALSE,"Radu Albot","Federico Coria",1478.79764417203,1450.22749855201,1,28.5701456200268,2,2,0.520789211435964,1
20230703,"Wimbledon","Grass",TRUE,"Gregoire Barrere","Lloyd Harris",1522.17469112153,1493.59533076974,1,28.5793603517925,2,0,0.614607065637137,1
20230102,"Pune","Hard",FALSE,"Roberto Carballes Baena","Marin Cilic",1515,1486.26425577004,0,28.7357442299619,0,2,0.490558971710058,0
20230102,"United Cup","Hard",FALSE,"Lorenzo Musetti","Stefanos Sakellaridis",1513.73682983212,1485,1,28.7368298321176,0,1,0.523269986309866,1
20230717,"Newport","Grass",FALSE,"Corentin Moutet","John Isner",1487.65475220949,1458.91378095938,0,28.7409712501124,2,0,0.585645815472103,1
20230717,"Gstaad","Clay",FALSE,"Miomir Kecmanovic","Zizou Bergs",1487.70407357976,1458.95133846429,1,28.7527351154731,1,1,0.538472395190592,1
20230522,"Geneva","Clay",FALSE,"Alexander Zverev","Christopher Eubanks",1556.31038887019,1527.50570883302,1,28.8046800371653,1,1,0.538545690558109,1
20230915,"Davis Cup Finals RR: GBR vs SUI","Hard",FALSE,"Andy Murray","Leandro Riedi",1516.33043428837,1487.48529070383,1,28.8451435845363,0,0,0.555932890795425,1
20230206,"Dallas","Hard",FALSE,"Michael Mmoh","Yibing Wu",1513.17137395271,1484.29609265461,0,28.8752812981063,2,0,0.585830854836902,1
20230717,"Gstaad","Clay",FALSE,"Stan Wawrinka","Roberto Carballes Baena",1555.10731454502,1526.23168240819,1,28.8756321368335,1,2,0.505995330545409,1
20230807,"Canada Masters","Hard",FALSE,"Taylor Fritz","Alex De Minaur",1649.84836222372,1620.94876877498,0,28.8995934487316,2,0,0.585864347173751,1
20231016,"Stockholm","Hard",FALSE,"Laslo Djere","J J Wolf",1570.30138238056,1541.07267239526,1,29.2287099852981,2,0,0.58631765876758,1
20230724,"Atlanta","Hard",FALSE,"Yoshihito Nishioka","Aleksandar Vukic",1513.87777279657,1484.63315728,0,29.2446155165678,0,2,0.49128104597623,0
20230109,"Auckland","Hard",FALSE,"Laslo Djere","Constant Lestienne",1500,1470.75536381769,0,29.2446361823056,2,1,0.554271368963853,1
20230102,"United Cup","Hard",FALSE,"Lorenzo Musetti","Daniel Michalski",1500,1470.67252485988,1,29.32747514012,0,1,0.524106490301017,1
20230920,"Chengdu","Hard",FALSE,"Miomir Kecmanovic","Corentin Moutet",1448.33227463238,1418.99733939224,1,29.3349352401376,0,1,0.524117054845157,1
20230102,"Pune","Hard",FALSE,"Tallon Griekspoor","Marin Cilic",1529.35280000847,1500,1,29.3528000084657,2,2,0.521898118097996,1
20230206,"Montpellier","Hard",FALSE,"Luca Nardi","Arthur Rinderknech",1500,1470.64280240707,0,29.3571975929251,2,2,0.521904348231762,1
20230116,"Australian Open","Hard",TRUE,"J J Wolf","Jordan Thompson",1514.36900152217,1485,1,29.3690015221728,0,0,0.587260157414146,1
20230109,"Adelaide 2","Hard",FALSE,"Jack Draper","Lorenzo Sonego",1514.41087209853,1485,1,29.4108720985273,2,2,0.521980389280009,1
20230116,"Australian Open","Hard",TRUE,"Jeremy Chardy","Daniel Evans",1500,1470.56477966658,0,29.4352203334236,1,0,0.602110126072816,1
20230306,"Indian Wells Masters","Hard",FALSE,"Marcos Giron","Aleksandar Kovacevic",1514.44808220759,1484.95579736713,1,29.4922848404633,2,2,0.522095725336463,1
20230626,"Eastbourne","Grass",FALSE,"Gregoire Barrere","Miomir Kecmanovic",1500.96792911862,1471.38509335672,1,29.5828357619023,2,2,0.522224004529465,1
20230731,"Washington","Hard",FALSE,"Thanasi Kokkinakis","Ugo Humbert",1542.17686501948,1512.56518176243,0,29.611683257054,2,2,0.522264870791901,1
20230417,"Barcelona","Clay",FALSE,"Pavel Kotov","Oleksii Krutykh",1499.16446505814,1469.43708715814,1,29.7273779000018,2,2,0.52242876443559,1
20230306,"Indian Wells Masters","Hard",FALSE,"Marton Fucsovics","Alex Molcan",1485.07720304192,1455.34788228263,1,29.7293207592934,0,0,0.557171871864301,1
20230109,"Auckland","Hard",FALSE,"Richard Gasquet","Joao Sousa",1529.80495397425,1500,1,29.8049539742483,0,2,0.492076192701882,0
20230724,"Atlanta","Hard",FALSE,"Alex De Minaur","Thanasi Kokkinakis",1572.23924308345,1542.28731365907,1,29.9519294243817,0,2,0.492284764605253,0
20230821,"Winston-Salem","Hard",FALSE,"Borna Coric","Juan Manuel Cerundolo",1510.01238683597,1480.02284407593,1,29.9895427600338,2,1,0.555316021108632,1
20230109,"Adelaide 2","Hard",FALSE,"Jack Draper","Soon Woo Kwon",1515,1485,0,30,2,0,0.587379427849075,1
20230306,"Indian Wells Masters","Hard",FALSE,"Roman Safiullin","Ilya Ivashka",1470.90621564518,1440.65253563882,0,30.2536800063615,2,1,0.555686328567397,1
20230529,"Roland Garros","Clay",TRUE,"Jan Lennard Struff","Jiri Lehecka",1586.01238200827,1555.72191110327,0,30.2904709050006,1,2,0.540148846700061,1
20230821,"Winston-Salem","Hard",FALSE,"Alex Michelsen","Juan Pablo Varillas",1507.09153113037,1476.70755287875,1,30.3839782516186,2,0,0.587907715640585,1
20230529,"Roland Garros","Clay",TRUE,"Thiago Seyboth Wild","Guido Pella",1509.45127743355,1479.02478581936,1,30.4264916141872,1,2,0.540484460978876,1
20230828,"Us Open","Hard",TRUE,"Alexander Bublik","Dominic Thiem",1532.60385912194,1502.16532406115,0,30.4385350607836,2,0,0.618972416624706,1
20230116,"Australian Open","Hard",TRUE,"Roberto Bautista Agut","Brandon Holt",1530.48876799964,1500,1,30.4887679996441,2,1,0.587775819150565,1
20230410,"Monte Carlo Masters","Clay",FALSE,"Ugo Humbert","Lorenzo Sonego",1530.24750603106,1499.67089107492,0,30.5766149561437,1,2,0.508409269064433,1
20230116,"Australian Open","Hard",TRUE,"Daniil Medvedev","John Millman",1529.99994801899,1499.35280000847,1,30.6471480105229,2,1,0.588156984815337,1
20230102,"United Cup","Hard",FALSE,"Stefanos Tsitsipas","David Goffin",1515.64719999153,1485,1,30.6471999915343,2,2,0.523731614558679,1
20230529,"Roland Garros","Clay",TRUE,"Roberto Bautista Agut","Juan Pablo Varillas",1477.60539755999,1446.77572260331,0,30.8296749566794,2,2,0.55657054755789,1
20230116,"Australian Open","Hard",TRUE,"Matteo Berrettini","Andy Murray",1519.01141185286,1487.98922063567,0,31.0221912171855,2,0,0.620338925246976,1
20230116,"Australian Open","Hard",TRUE,"Sebastian Korda","Hubert Hurkacz",1542.00947866736,1510.80371315666,1,31.2057655107044,2,2,0.557492424992323,1
20230612,"Stuttgart","Grass",FALSE,"Christopher Oconnell","Daniel Altmaier",1513.14965987752,1481.93245168779,1,31.2172081897352,2,2,0.52453882198511,1
20230220,"Rio De Janeiro","Clay",FALSE,"Cristian Garin","Pedro Martinez",1485.63378336739,1454.24026924415,0,31.3935141232334,1,0,0.574466413816158,1
20230612,"s Hertogenbosch","Grass",FALSE,"Emil Ruusuvuori","Tallon Griekspoor",1586.17498172882,1554.70096347307,0,31.4740182557532,0,0,0.559614584149941,1
20230417,"Banja Luka","Clay",FALSE,"Taro Daniel","Alex Molcan",1539.50870501915,1507.90575458424,0,31.6029504349121,0,2,0.494627885285657,0
20230508,"Rome Masters","Clay",FALSE,"Marco Cecchinato","Roberto Bautista Agut",1522.89249660196,1491.24273470416,1,31.649761897801,2,2,0.52515129023936,1
20230227,"Dubai","Hard",FALSE,"Marc Andrea Huesler","Lorenzo Sonego",1503.42347874742,1471.73128309079,0,31.6921956566289,2,2,0.525211369669513,1
20230916,"Davis Cup WG1 R1: BUL vs KAZ","Clay",FALSE,"Dimitar Kuzmanov","Timofey Skatov",1525.98653514571,1494.16911523394,0,31.817419911777,2,2,0.525388662967704,1
20230417,"Barcelona","Clay",FALSE,"Ilya Ivashka","Nuno Borges",1479.45358329532,1447.58768889452,0,31.8658944008002,2,2,0.525457291742117,1
20230821,"Winston-Salem","Hard",FALSE,"Thai Son Kwiatkowski","Luca Van Assche",1500,1468.11015919804,0,31.8898408019552,0,0,0.560196346884321,1
20230116,"Australian Open","Hard",TRUE,"Denis Shapovalov","Hubert Hurkacz",1529.3272663152,1497.14736314494,0,32.1799031702624,0,2,0.529653873567292,1
20230717,"Bastad","Clay",FALSE,"Leo Borg","Elias Ymer",1500,1467.80560057889,1,32.194399421114,2,0,0.590395796093755,1
20230220,"Marseille","Hard",FALSE,"Richard Gasquet","Stan Wawrinka",1531.86291420479,1499.62226380782,0,32.2406503969737,0,0,0.560687023760168,1
20231002,"Shanghai Masters","Hard",FALSE,"Thanasi Kokkinakis","Fabio Fognini",1497.15314291407,1464.80025574182,1,32.3528871722458,2,1,0.558627082151161,1
20230717,"Newport","Grass",FALSE,"Alex Michelsen","John Isner",1484.04998501769,1451.66453991372,1,32.3854451039654,2,0,0.59065808474572,1
20230306,"Indian Wells Masters","Hard",FALSE,"Mikael Ymer","Rinky Hijikata",1509.30293069015,1476.66287375346,0,32.6400569366892,1,1,0.543952673635761,1
20230626,"Eastbourne","Grass",FALSE,"Jan Choinski","Liam Broady",1489.36468700246,1456.54605015526,0,32.8186368472002,2,2,0.526805958385242,1
20231030,"Paris Masters","Hard",FALSE,"Casper Ruud","Francisco Cerundolo",1616.14864184615,1583.31434227709,0,32.8342995690621,2,1,0.559300915209711,1
20230522,"Lyon","Clay",FALSE,"Brandon Nakashima","Arthur Rinderknech",1494.33352211191,1461.414642509,1,32.918879602918,1,1,0.54434536019164,1
20230206,"Cordoba","Clay",FALSE,"Federico Coria","Thiago Monteiro",1493.92238334388,1460.95165237824,1,32.970730965641,2,1,0.559491838657328,1
20231113,"Tour Finals","Hard",FALSE,"Jannik Sinner","Daniil Medvedev",1831.700538956,1798.64200964348,1,33.0585293125175,2,2,0.527145480342357,1
20230403,"Estoril","Clay",FALSE,"Sebastian Baez","Casper Ruud",1518.23590450129,1485.02302705511,0,33.212877446176,2,1,0.559830657475156,1
20230213,"Delray Beach","Hard",FALSE,"Mackenzie Mcdonald","Michael Mmoh",1545.8044011258,1512.54458799654,1,33.2598131292652,2,2,0.527430339775836,1
20230213,"Delray Beach","Hard",FALSE,"Taylor Fritz","Adrian Mannarino",1566.60837841632,1533.33702912039,1,33.2713492959331,2,0,0.591873675677126,1
20230724,"Umag","Clay",FALSE,"Alexei Popyrin","Dino Prizmic",1548.61289574335,1515.27284570095,1,33.3400500423979,1,0,0.577165871036839,1
20230320,"Miami Masters","Hard",FALSE,"Carlos Alcaraz","Jannik Sinner",1718.76051418003,1685.40660762784,0,33.3539065521843,2,2,0.527563495877717,1
20231002,"Shanghai Masters","Hard",FALSE,"Roman Safiullin","Ben Shelton",1591.11525040133,1557.73774578865,0,33.3775046126746,2,2,0.527596890007128,1
20230220,"Marseille","Hard",FALSE,"Richard Gasquet","Laurent Lokoli",1518.2997223268,1484.91749047703,1,33.3822318497723,0,0,0.562282926278964,1
20230522,"Geneva","Clay",FALSE,"Tallon Griekspoor","Stefano Travaglia",1533.41802024633,1500,1,33.4180202463276,1,1,0.545048198824855,1
20231113,"Tour Finals","Hard",FALSE,"Andrey Rublev","Alexander Zverev",1763.07109397643,1729.5456915267,0,33.5254024497228,2,2,0.527806177821962,1
20230424,"Madrid Masters","Clay",FALSE,"Matteo Arnaldi","Jaume Munar",1504.38151626607,1470.77166512794,0,33.609851138134,0,2,0.497476376462579,0
20230717,"Gstaad","Clay",FALSE,"Alexander Ritschard","Jaume Munar",1500.17914255645,1466.50063841711,0,33.6785041393339,2,2,0.528022819227469,1
20230724,"Hamburg","Clay",FALSE,"Alexandre Muller","Luca Van Assche",1514.9200382843,1481.00149308937,0,33.918545194927,2,2,0.528362459987005,1
20230522,"Lyon","Clay",FALSE,"Jack Draper","Miomir Kecmanovic",1559.84878212582,1525.86451978861,1,33.9842623372149,2,1,0.560909629909936,1
20230731,"Kitzbuhel","Clay",FALSE,"Filip Misolic","Guido Andreozzi",1506.2879911723,1471.89200257202,0,34.3959886002835,2,0,0.593415226846682,1
20231023,"Vienna","Hard",FALSE,"Jiri Lehecka","J J Wolf",1580.24608444484,1545.84626465936,1,34.3998197854792,2,0,0.593420475154453,1
20230227,"Acapulco","Hard",FALSE,"Taylor Fritz","Frances Tiafoe",1607.04268028606,1572.62061876994,1,34.4220615161141,2,2,0.529074813546265,1
20230522,"Geneva","Clay",FALSE,"Grigor Dimitrov","Christopher Oconnell",1559.71423322918,1525.18124587636,1,34.5329873528128,1,1,0.546617528924704,1
20230612,"s Hertogenbosch","Grass",FALSE,"Alex De Minaur","Laslo Djere",1552.48236935251,1517.7353288249,1,34.7470405276113,0,0,0.564189201784445,1
20230807,"Canada Masters","Hard",FALSE,"Mackenzie Mcdonald","Milos Raonic",1535.5628913676,1500.78700467336,1,34.7758866942409,2,2,0.5295753197483,1
20230814,"Cincinnati Masters","Hard",FALSE,"Hubert Hurkacz","Alexei Popyrin",1597.01877905326,1562.17789206807,1,34.8408869851837,2,2,0.529667259986911,1
20230220,"Doha","Hard",FALSE,"Botic Van De Zandschulp","Alexandre Muller",1534.24170303613,1499.39599024141,0,34.8457127947249,2,1,0.562113900612268,1
20230220,"Doha","Hard",FALSE,"Roberto Bautista Agut","Marton Fucsovics",1522.00566577957,1487.14353408174,1,34.862131697827,2,0,0.59405363536826,1
20231016,"Tokyo","Hard",FALSE,"Ben Shelton","Jordan Thompson",1584.54450435948,1549.67231073867,1,34.8721936208144,2,0,0.594067412227,1
20230717,"Newport","Grass",FALSE,"Li Tu","Aleksandar Vukic",1485.57474794228,1450.5820441579,1,34.9927037843818,0,0,0.564532128440933,1
20230807,"Canada Masters","Hard",FALSE,"Alejandro Davidovich Fokina","J J Wolf",1591.05167575721,1555.93691335305,1,35.1147624041553,0,0,0.564702489775244,1
20230626,"Mallorca","Grass",FALSE,"Christopher Eubanks","Ben Shelton",1476.87806675786,1441.69637237799,1,35.1816943798738,0,0,0.564795902509085,1
20230821,"Winston-Salem","Hard",FALSE,"Alexandre Muller","Benjamin Bonzi",1498.46029151084,1463.27317979346,0,35.1871117173803,1,2,0.514949931219515,1
20230220,"Rio De Janeiro","Clay",FALSE,"Hugo Dellien","Joao Sousa",1485.79270013324,1450.57799317589,1,35.2147069573455,2,0,0.594536295556603,1
20230220,"Marseille","Hard",FALSE,"Maxime Cressy","Geoffrey Blancaneaux",1519.49429940647,1484.26344577399,1,35.2308536324833,2,0,0.594558395284972,1
20230227,"Santiago","Clay",FALSE,"Dusan Lajovic","Camilo Ugo Carabelli",1532.90084844574,1497.59539114674,1,35.3054572990002,2,2,0.530324316606395,1
20230403,"Houston","Clay",FALSE,"Tomas Martin Etcheverry","Max Purcell",1518.64703111091,1483.07370391254,1,35.5733271983675,1,2,0.515497632905038,1
20230717,"Bastad","Clay",FALSE,"Dusan Lajovic","Filip Misolic",1539.06499681399,1502.96741588631,0,36.0975809276829,2,2,0.531444398720941,1
20230206,"Montpellier","Hard",FALSE,"Roberto Bautista Agut","Arthur Fils",1554.63012419005,1518.52485967129,0,36.1052645187592,2,2,0.531455261972871,1
20230912,"Davis Cup Finals RR: NED vs FIN","Hard",FALSE,"Tallon Griekspoor","Emil Ruusuvuori",1570.57737628138,1534.36035371969,1,36.217022561683,2,2,0.531613264894344,1
20231016,"Tokyo","Hard",FALSE,"Tommy Paul","Ben Shelton",1634.36789675412,1598.04398618899,0,36.3239105651303,2,2,0.531764376650015,1
20230403,"Estoril","Clay",FALSE,"Quentin Halys","Roberto Bautista Agut",1522.28788684116,1485.95516439887,1,36.3327224422924,1,2,0.516574440215914,1
20230227,"Santiago","Clay",FALSE,"Alejandro Tabilo","Jaume Munar",1484.35749933642,1447.99598744032,0,36.3615118960922,1,2,0.516615260122456,1
20231002,"Shanghai Masters","Hard",FALSE,"Yu Hsiou Hsu","Max Purcell",1510.23546166577,1473.72172433943,1,36.5137373263392,2,2,0.53203272779679,1
20230920,"Chengdu","Hard",FALSE,"Aleksandar Vukic","Taro Daniel",1498.48636699155,1461.91728888277,0,36.5690781087808,2,0,0.596388664735399,1
20230417,"Barcelona","Clay",FALSE,"Alex De Minaur","Grigor Dimitrov",1568.38635587774,1531.7888515947,1,36.5975042830332,0,1,0.534390185086821,1
20230203,"Davis Cup QLS R1: GER vs SUI","Hard",FALSE,"Marc Andrea Huesler","Oscar Otte",1523.54767253786,1486.84125421018,1,36.7064183276775,2,0,0.596576352102782,1
20230417,"Banja Luka","Clay",FALSE,"Dusan Lajovic","Miomir Kecmanovic",1595.427032775,1558.6183208349,1,36.8087119400934,2,1,0.564855334552498,1
20230417,"Munich","Clay",FALSE,"Marc Andrea Huesler","Dominic Thiem",1473.4375729764,1436.56849461292,0,36.8690783634802,1,1,0.549902567387125,1
20230227,"Acapulco","Hard",FALSE,"Jacopo Berrettini","Oscar Otte",1500,1462.90345820945,1,37.0965417905534,1,0,0.582362236983801,1
20230828,"Us Open","Hard",TRUE,"Christopher Eubanks","Soon Woo Kwon",1552.8628421595,1515.74165074729,1,37.121191412215,2,0,0.634500944471371,1
20230220,"Marseille","Hard",FALSE,"Alex De Minaur","Benjamin Bonzi",1548.39616037432,1511.26785940774,0,37.1283009665833,0,2,0.502470565706111,1
20230116,"Australian Open","Hard",TRUE,"Benjamin Bonzi","Alex De Minaur",1541.80422361267,1504.43259110285,0,37.371632509823,2,0,0.635077720088775,1
20230220,"Marseille","Hard",FALSE,"Hubert Hurkacz","Mikael Ymer",1529.29303395232,1491.55850540345,1,37.7345285488677,2,1,0.56614692275389,1
20230920,"Zhuhai","Hard",FALSE,"Cristian Garin","Yi Zhou",1520.85867328791,1483.04723461568,1,37.8114386722305,2,0,0.598085425635918,1
20230213,"Buenos Aires","Clay",FALSE,"Laslo Djere","Carlos Alcaraz",1537.96366313277,1500,0,37.9636631327737,1,1,0.551440307181774,1
20231002,"Shanghai Masters","Hard",FALSE,"Arthur Fils","Pavel Kotov",1532.31168069913,1494.34549836362,1,37.9661823355086,2,2,0.534085371609465,1
20230424,"Madrid Masters","Clay",FALSE,"Andy Murray","Andrea Vavassori",1531.5676479301,1493.58378336716,0,37.98386456294,2,2,0.534110353755955,1
20230213,"Buenos Aires","Clay",FALSE,"Lorenzo Musetti","Juan Pablo Varillas",1535.14160612311,1497.10249816919,0,38.039107953922,2,2,0.534188402688965,1
20230306,"Indian Wells Masters","Hard",FALSE,"Taro Daniel","Roberto Carballes Baena",1500.16371111887,1462.08716887855,1,38.0765422403204,0,0,0.56883157066391,1
20230220,"Doha","Hard",FALSE,"Jason Kubler","Aslan Karatsev",1525.22787730601,1487.10010227758,1,38.1277750284285,2,0,0.598517090498395,1
20230925,"Astana","Hard",FALSE,"Gregoire Barrere","Jurij Rodionov",1484.55450250925,1446.31782951579,0,38.2366729934606,0,2,0.504043765975722,1
20230220,"Rio De Janeiro","Clay",FALSE,"Carlos Alcaraz","Nicolas Jarry",1551.50508610881,1513.23853667877,1,38.266549430034,1,1,0.551865648027851,1
20231002,"Shanghai Masters","Hard",FALSE,"Yosuke Watanuki","Juncheng Shang",1505.93728028633,1467.6600965669,1,38.277183719435,0,0,0.569110950142555,1
20230703,"Wimbledon","Grass",TRUE,"Miomir Kecmanovic","Diego Schwartzman",1488.33777659541,1449.860196905,0,38.477579690411,2,2,0.57523198096063,1
20230403,"Estoril","Clay",FALSE,"Pedro Sousa","Luca Van Assche",1500,1461.52104730671,0,38.4789526932884,0,2,0.504387643173963,1
20230717,"Bastad","Clay",FALSE,"Dragos Nicolae Madaras","Luca Van Assche",1500,1461.51701501666,0,38.4829849833377,0,2,0.504393366329125,1
20230403,"Houston","Clay",FALSE,"Max Purcell","Daniel Altmaier",1469.60418345096,1431.09739474415,1,38.5067887068083,2,1,0.567223601302725,1
20230306,"Indian Wells Masters","Hard",FALSE,"Roberto Bautista Agut","Emil Ruusuvuori",1517.83880514474,1479.28749637464,0,38.5513087700922,2,2,0.534911969720099,1
20230724,"Umag","Clay",FALSE,"Stan Wawrinka","Lorenzo Sonego",1568.81468699391,1530.14227846329,1,38.6724085306159,1,2,0.519891057459009,1
20230529,"Roland Garros","Clay",TRUE,"Lorenzo Sonego","Ugo Humbert",1511.95451874586,1473.24335671116,1,38.7111620347091,2,1,0.607415274641318,1
20230912,"Davis Cup Finals RR: SWE vs CHI","Hard",FALSE,"Cristian Garin","Leo Borg",1533.64422980072,1494.74683032303,1,38.8973994776907,2,1,0.567767946493624,1
20230925,"Astana","Hard",FALSE,"Hamad Medjedovic","Alexander Shevchenko",1517.81990178906,1478.91297658362,1,38.9069252054351,2,0,0.599579647129692,1
20230522,"Geneva","Clay",FALSE,"Dusan Lajovic","Nicolas Jarry",1592.42050801847,1553.38091494364,0,39.0395930748339,2,1,0.567966063306784,1
20230821,"Winston-Salem","Hard",FALSE,"Jiri Lehecka","Sebastian Baez",1589.23445943693,1550.18075662806,0,39.053702808875,2,2,0.535621540381131,1
20230508,"Rome Masters","Clay",FALSE,"Botic Van De Zandschulp","Laslo Djere",1533.38037862329,1494.27298066935,0,39.1073979539442,0,1,0.537934179476841,1
20230320,"Miami Masters","Hard",FALSE,"Jan Lennard Struff","Fabio Fognini",1478.96270236118,1439.79612485253,1,39.1665775086531,2,1,0.568142970980621,1
20231002,"Shanghai Masters","Hard",FALSE,"Francisco Cerundolo","Marton Fucsovics",1602.55208900943,1563.26470096801,1,39.2873880414156,1,0,0.585384496796951,1
20230206,"Dallas","Hard",FALSE,"J J Wolf","Brandon Holt",1541.2525891023,1501.90354996037,1,39.3490391419357,0,1,0.538275182721658,1
20230724,"Hamburg","Clay",FALSE,"Arthur Fils","Dusan Lajovic",1562.0077554819,1522.51212251776,1,39.4956329641325,1,2,0.52105761580218,1
20230410,"Monte Carlo Masters","Clay",FALSE,"Grigor Dimitrov","Ben Shelton",1532.8601551948,1493.28672762176,1,39.573427573046,1,1,0.553700009118236,1
20231016,"Stockholm","Hard",FALSE,"Emil Ruusuvuori","Benjamin Hassan",1556.10553677928,1516.26650792137,1,39.8390288579046,2,0,0.600849562105952,1
20230522,"Geneva","Clay",FALSE,"Alexander Zverev","Yibing Wu",1570.06963234196,1530.12527776208,1,39.9443545798808,1,0,0.58628953818105,1
20230626,"Eastbourne","Grass",FALSE,"Liam Broady","Mikael Ymer",1473.27128898801,1433.13304422974,0,40.1382447582741,2,2,0.537152829045483,1
20230724,"Umag","Clay",FALSE,"Alexander Shevchenko","Marco Cecchinato",1515.01670020651,1474.75876633542,0,40.2579338710952,0,2,0.506912473595221,1
20230213,"Buenos Aires","Clay",FALSE,"Hugo Dellien","Tomas Martin Etcheverry",1511.80265618881,1471.36348772058,0,40.4391684682355,2,1,0.569914906985112,1
20230320,"Miami Masters","Hard",FALSE,"Adrian Mannarino","Juncheng Shang",1544.20104074701,1503.60359253494,1,40.5974482120739,0,0,0.57233851980968,1
20230417,"Munich","Clay",FALSE,"Botic Van De Zandschulp","Aslan Karatsev",1513.06237881191,1472.43294267324,1,40.6294361386667,0,1,0.540081469565481,1
20230828,"Us Open","Hard",TRUE,"Tallon Griekspoor","Arthur Fils",1587.33136896413,1546.51803664027,0,40.8133323238576,2,2,0.580891415651474,1
20230203,"Davis Cup QLS R1: SRB vs NOR","Hard",FALSE,"Laslo Djere","Viktor Durasovic",1512.00882617712,1471.18818736388,1,40.8206388132403,2,0,0.602185460384662,1
20230731,"Los Cabos","Hard",FALSE,"Dominik Koepfer","Aleksandar Kovacevic",1523.82318234163,1482.758448019,1,41.0647343226249,0,2,0.508057421829384,1
20230116,"Australian Open","Hard",TRUE,"Taylor Fritz","Nikoloz Basilashvili",1526.19325292266,1485,1,41.1932529226629,2,0,0.643830172754629,1
20230116,"Australian Open","Hard",TRUE,"Marc Andrea Huesler","John Millman",1526.8811625329,1485.67252263305,0,41.2086398998497,2,1,0.613315532248543,1
20230102,"Pune","Hard",FALSE,"Tallon Griekspoor","Marco Cecchinato",1556.23774138779,1515,1,41.2377413877925,2,0,0.602752646689058,1
20230206,"Montpellier","Hard",FALSE,"Holger Rune","Gregoire Barrere",1525.23696136699,1483.89281017669,1,41.3441511902952,2,0,0.60289730121882,1
20230206,"Montpellier","Hard",FALSE,"Jannik Sinner","Arthur Fils",1556.59489738358,1515.16955401495,1,41.4253433686338,2,2,0.538969200666335,1
20230626,"Mallorca","Grass",FALSE,"Christopher Eubanks","Arthur Rinderknech",1505.78022032857,1464.3044587527,1,41.4757615758715,0,0,0.57355869530146,1
20230206,"Montpellier","Hard",FALSE,"Jannik Sinner","Maxime Cressy",1543.37819450376,1501.87653201754,1,41.5016624862233,2,2,0.539076871263927,1
20230424,"Madrid Masters","Clay",FALSE,"Lorenzo Musetti","Yannick Hanfmann",1558.47056337909,1516.8303771437,0,41.6401862353905,2,1,0.571585545114256,1
20231002,"Shanghai Masters","Hard",FALSE,"Tommy Paul","Arthur Fils",1587.3871309861,1545.67904219263,1,41.7080887934685,2,2,0.539368078082532,1
20230916,"Davis Cup Finals RR: AUS vs SUI","Hard",FALSE,"Dominic Stricker","Thanasi Kokkinakis",1532.25986177053,1490.23013335503,0,42.0297284154956,0,2,0.509426754105146,1
20230203,"Davis Cup QLS R1: SRB vs NOR","Hard",FALSE,"Hamad Medjedovic","Viktor Durasovic",1500,1457.94249117918,1,42.0575088208204,2,0,0.603866581040692,1
20231030,"Paris Masters","Hard",FALSE,"Gael Monfils","Francisco Cerundolo",1619.4084641602,1577.3185240023,0,42.089940157899,0,1,0.542140550255936,1
20230814,"Cincinnati Masters","Hard",FALSE,"Gregoire Barrere","Yoshihito Nishioka",1516.34498247641,1474.20214779447,0,42.1428346819353,0,0,0.574484813250877,1
20230626,"Eastbourne","Grass",FALSE,"Botic Van De Zandschulp","Mikael Ymer",1492.03878979854,1449.85828306248,0,42.1805067360565,1,2,0.524860580838212,1
20230116,"Australian Open","Hard",TRUE,"Benjamin Bonzi","Pablo Carreno Busta",1528.62398783992,1486.26529800156,1,42.358689838361,2,2,0.584624185988021,1
20230320,"Miami Masters","Hard",FALSE,"Mackenzie Mcdonald","Matteo Berrettini",1544.92872118371,1502.55900759619,1,42.3697135875216,2,2,0.54030125404994,1
20230116,"Australian Open","Hard",TRUE,"Taylor Fritz","Alexei Popyrin",1543.01441495423,1500.62286464085,0,42.3915503133794,2,2,0.584703455851058,1
20230626,"Eastbourne","Grass",FALSE,"George Loffhagen","Luca Van Assche",1500,1457.48122230002,0,42.5187776999751,1,1,0.557828730997363,1
20230116,"Australian Open","Hard",TRUE,"Marton Fucsovics","Federico Coria",1500.04304005709,1457.50421199547,1,42.5388280616216,0,1,0.587240918611689,1
20230306,"Indian Wells Masters","Hard",FALSE,"Yibing Wu","Alejandro Davidovich Fokina",1560.64364206681,1518.03662351981,0,42.6070185470041,0,0,0.575128946022568,1
20230116,"Australian Open","Hard",TRUE,"Nuno Borges","Lorenzo Sonego",1500,1457.37179430881,0,42.6282056911932,2,2,0.585274213801259,1
20230220,"Marseille","Hard",FALSE,"Hubert Hurkacz","Leandro Riedi",1542.67027897712,1500,1,42.6702789771223,2,0,0.604698536295819,1
20230724,"Atlanta","Hard",FALSE,"Dominik Koepfer","Daniel Evans",1466.63748521443,1423.95303371101,1,42.6844515034206,0,0,0.57523637244065,1
20230731,"Washington","Hard",FALSE,"Aslan Karatsev","Kiranpal Pannu",1529.58254174148,1486.86919990065,1,42.7133418408257,0,1,0.543019014427663,1
20230821,"Winston-Salem","Hard",FALSE,"Richard Gasquet","Marc Andrea Huesler",1418.61499627093,1375.82061250987,1,42.7943837610635,0,2,0.510511705088719,1
20230206,"Cordoba","Clay",FALSE,"Hugo Dellien","Pedro Cachin",1484.49025676696,1441.5576074828,1,42.9326492841542,2,1,0.573381563153425,1
20230227,"Santiago","Clay",FALSE,"Riccardo Bonadio","Daniel Elahi Galan",1485.7672805427,1442.83426953182,1,42.9330110108797,2,1,0.57338206554357,1
20230306,"Indian Wells Masters","Hard",FALSE,"Federico Coria","Diego Schwartzman",1477.85131995013,1434.88800255142,0,42.9633173987095,1,1,0.558451196905025,1
20230522,"Lyon","Clay",FALSE,"Sebastian Baez","Pedro Cachin",1516.06825455734,1473.0233012338,1,43.0449533235387,2,1,0.573537531196188,1
20230116,"Australian Open","Hard",TRUE,"Juan Pablo Varillas","Alexander Zverev",1500,1456.93362275619,0,43.0663772438056,0,2,0.556483403370429,1
20230206,"Dallas","Hard",FALSE,"J J Wolf","Radu Albot",1528.10405124819,1485,1,43.104051248187,0,0,0.575818379253839,1
20230417,"Munich","Clay",FALSE,"Roberto Carballes Baena","Marcos Giron",1543.43638990601,1500.23302993542,0,43.2033599705862,2,1,0.573757501747954,1
20230116,"Australian Open","Hard",TRUE,"Thanasi Kokkinakis","Andy Murray",1528.21644090337,1485,0,43.216440903373,2,0,0.648425588009111,1
20231016,"Antwerp","Hard",FALSE,"Arthur Fils","Alexander Bublik",1568.84086844367,1525.6031848881,0,43.2376835555676,2,2,0.541525036169914,1
20230724,"Atlanta","Hard",FALSE,"Ugo Humbert","Aleksandar Vukic",1490.0559657486,1446.71196728745,0,43.3439984611487,2,2,0.541674899251798,1
20231016,"Tokyo","Hard",FALSE,"Yoshihito Nishioka","Marcos Giron",1537.49502207205,1494.13514493309,0,43.3598771389604,0,2,0.511314006846975,1
20230920,"Chengdu","Hard",FALSE,"Jordan Thompson","Max Purcell",1530.3295638986,1486.85448998435,1,43.4750739142567,0,2,0.511477436895511,1
20230116,"Australian Open","Hard",TRUE,"Alejandro Davidovich Fokina","Alexander Bublik",1499.35280000847,1455.83784558416,1,43.5149544243063,0,2,0.557582959844218,1
20230417,"Munich","Clay",FALSE,"Alexander Zverev","Christopher Oconnell",1529.93784128021,1486.30526649779,0,43.6325747824148,1,1,0.559387976393628,1
20230731,"Washington","Hard",FALSE,"Bjorn Fratangelo","Gael Monfils",1500,1456.32241642995,0,43.677583570045,1,0,0.591421231246522,1
20230116,"Australian Open","Hard",TRUE,"Stan Wawrinka","Alex Molcan",1499.97205816258,1456.29319354474,0,43.6788646178427,0,0,0.621237942905307,1
20230206,"Dallas","Hard",FALSE,"Denis Kudla","Jordan Thompson",1514.97141893896,1471.26495027399,0,43.7064686649746,0,0,0.57665359580451,1
20230821,"Winston-Salem","Hard",FALSE,"Sebastian Baez","Borna Coric",1566.85977498804,1523.13451960737,1,43.7252553806709,2,2,0.542212262520651,1
20230213,"Buenos Aires","Clay",FALSE,"Camilo Ugo Carabelli","Daniel Elahi Galan",1500,1456.23960568085,1,43.7603943191482,2,1,0.574530792253032,1
20230626,"Eastbourne","Grass",FALSE,"Lorenzo Sonego","Zhizhen Zhang",1556.20041102024,1512.34260404557,0,43.8578069746666,2,2,0.542399064667709,1
20230424,"Madrid Masters","Clay",FALSE,"Jeremy Chardy","Hugo Gaston",1498.78694580608,1454.67583137534,0,44.1111144307356,0,0,0.577214367968606,1
20230612,"s Hertogenbosch","Grass",FALSE,"David Goffin","Alexander Bublik",1452.04674022115,1407.89264230571,0,44.1540979154388,2,0,0.606710592061275,1
20230102,"United Cup","Hard",FALSE,"Frances Tiafoe","Oscar Otte",1544.2727650384,1500,1,44.2727650383983,2,0,0.606871349188243,1
20230206,"Cordoba","Clay",FALSE,"Dusan Lajovic","Albert Ramos",1485.55848877428,1441.26650792137,0,44.2919808529068,2,2,0.543010852946671,1
20230306,"Indian Wells Masters","Hard",FALSE,"Cristian Garin","Daniel Elahi Galan",1473.98598438585,1429.67845933832,1,44.3075250475345,2,2,0.543032753657362,1
20230703,"Wimbledon","Grass",TRUE,"Oscar Otte","Daniel Elahi Galan",1412.65129218095,1368.33565760176,0,44.3156345791931,0,2,0.559544185356827,1
20230529,"Roland Garros","Clay",TRUE,"Nicolas Jarry","Tommy Paul",1618.80269087537,1574.44241606163,1,44.3602748137323,1,2,0.574616720345264,1
20230920,"Zhuhai","Hard",FALSE,"Alex Bolt","Diego Schwartzman",1473.24662917699,1428.8605821016,1,44.3860470753909,0,1,0.54537476419114,1
20231030,"Paris Masters","Hard",FALSE,"Karen Khachanov","Laslo Djere",1645.37558827989,1600.86506337086,1,44.5105249090261,2,2,0.543318751322227,1
20230204,"Davis Cup QLS R1: CRO vs AUT","Hard",FALSE,"Borna Coric","Dominic Thiem",1517.50049784122,1472.78731445742,1,44.7131833838,2,0,0.607467776736761,1
20230227,"Acapulco","Hard",FALSE,"Holger Rune","Matteo Berrettini",1547.41402714476,1502.67562418094,1,44.7384029638113,2,2,0.543639764759607,1
20230724,"Umag","Clay",FALSE,"Sebastian Ofner","Alexei Popyrin",1528.64110498358,1483.73421402246,0,44.9068909611151,0,1,0.546107883732445,1
20230807,"Canada Masters","Hard",FALSE,"Alexander Zverev","Tallon Griekspoor",1665.49302401564,1620.3012531901,1,45.1917708255462,2,2,0.544278319237259,1
20230814,"Cincinnati Masters","Hard",FALSE,"Arthur Fils","Ugo Humbert",1583.70217095153,1538.47623124116,0,45.2259397103708,2,2,0.54432643917248,1
20230807,"Canada Masters","Hard",FALSE,"Emil Ruusuvuori","Marcos Giron",1530.41111615332,1485.14437743036,0,45.2667387229585,2,2,0.544383895212062,1
20230522,"Lyon","Clay",FALSE,"Alvaro Lopez San Martin","David Goffin",1500,1454.70033325141,0,45.2996667485879,2,0,0.608261512053326,1
20230915,"Davis Cup WG1 R1: AUT vs POR","Hard",FALSE,"Jurij Rodionov","Nuno Borges",1463.26410405265,1417.92819876995,0,45.3359052827004,2,2,0.544481297727085,1
20230403,"Marrakech","Clay",FALSE,"Botic Van De Zandschulp","Christopher Oconnell",1530.02934431179,1484.65273930888,0,45.3766050029096,0,1,0.546768863562302,1
20230109,"Auckland","Hard",FALSE,"Richard Gasquet","David Goffin",1516.75546605063,1471.31972485141,1,45.4357411992107,0,2,0.514258637242953,1
20230220,"Rio De Janeiro","Clay",FALSE,"Tomas Martin Etcheverry","Albert Ramos",1492.57943376735,1447.05495756093,0,45.5244762064156,1,2,0.529593036743509,1
20230920,"Zhuhai","Hard",FALSE,"Tomas Martin Etcheverry","Dalibor Svrcina",1532.16430387535,1486.43403386129,1,45.7302700140535,2,1,0.577262480324893,1
20230213,"Rotterdam","Hard",FALSE,"Daniil Medvedev","Felix Auger Aliassime",1574.65035034249,1528.91141112865,1,45.7389392138484,2,2,0.545048794808759,1
20231030,"Paris Masters","Hard",FALSE,"Ben Shelton","Alejandro Davidovich Fokina",1631.06104880399,1585.29097041505,0,45.7700783889422,2,0,0.608897744857259,1
20230403,"Houston","Clay",FALSE,"J J Wolf","Jordan Thompson",1514.66067602009,1468.79724143806,1,45.8634345820265,1,1,0.562507488089232,1
20231030,"Paris Masters","Hard",FALSE,"Tomas Martin Etcheverry","Miomir Kecmanovic",1533.02060142533,1487.0652862702,1,45.9553151551299,2,0,0.609148176576284,1
20230116,"Australian Open","Hard",TRUE,"Jenson Brooksby","Casper Ruud",1529.79531474868,1483.82424747202,1,45.9710672766578,0,2,0.563593128823222,1
20230522,"Geneva","Clay",FALSE,"Bernabe Zapata Miralles","Christopher Oconnell",1557.7710948299,1511.66726447188,0,46.1038303580176,2,1,0.577779980858979,1
20230703,"Wimbledon","Grass",TRUE,"Frances Tiafoe","Grigor Dimitrov",1674.72105402567,1628.30255842443,0,46.4184956012418,0,0,0.627620393298692,1
20230424,"Madrid Masters","Clay",FALSE,"Denis Shapovalov","Zhizhen Zhang",1499.63399093721,1453.1583702077,0,46.4756207295093,0,1,0.548314746212043,1
20230403,"Houston","Clay",FALSE,"Tomas Martin Etcheverry","Juan Manuel Cerundolo",1547.29592035759,1500.79826136979,1,46.4976589878027,1,2,0.53096934446631,1
20230417,"Barcelona","Clay",FALSE,"Francisco Cerundolo","Francesco Passaro",1532.1612439246,1485.64346408879,1,46.5177798358138,2,1,0.57835323381303,1
20230731,"Washington","Hard",FALSE,"Tallon Griekspoor","J J Wolf",1588.56044541937,1542.02601415944,1,46.5344312599286,2,0,0.609930743959169,1
20230306,"Indian Wells Masters","Hard",FALSE,"Maximilian Marterer","Alejandro Tabilo",1514.38069207016,1467.79335323591,0,46.5873388342472,2,2,0.54624301066494,1
20230424,"Madrid Masters","Clay",FALSE,"Emil Ruusuvuori","Ugo Humbert",1545.19373854437,1498.46676884053,1,46.72696970384,2,1,0.578642847683726,1
20230306,"Indian Wells Masters","Hard",FALSE,"Andy Murray","Radu Albot",1552.68169530339,1505.94674514792,1,46.7349501554754,0,0,0.580845682969377,1
20230220,"Rio De Janeiro","Clay",FALSE,"Dusan Lajovic","Diego Schwartzman",1505.5717960597,1458.80336311132,1,46.7684329483764,2,2,0.546497852136525,1
20230417,"Banja Luka","Clay",FALSE,"Dusan Lajovic","Gregoire Barrere",1563.75893445977,1516.74855873733,1,47.0103757224367,2,1,0.579035124115491,1
20231127,"NextGen Finals","Hard",FALSE,"Alex Michelsen","Luca Van Assche",1506.45647534801,1459.36764265062,0,47.0888326973914,2,0,0.610679384284092,1
20230522,"Geneva","Clay",FALSE,"J J Wolf","Hugo Dellien",1530.61184069432,1483.47590915042,1,47.135931543901,1,2,0.531871756482573,1
20230724,"Umag","Clay",FALSE,"Stan Wawrinka","Roberto Carballes Baena",1573.88787508889,1526.72765267225,1,47.1602224166393,1,2,0.5319060956861,1
20230220,"Rio De Janeiro","Clay",FALSE,"Cameron Norrie","Carlos Alcaraz",1611.77260641016,1564.47563263607,1,47.2969737740873,1,1,0.564509480578493,1
20230410,"Monte Carlo Masters","Clay",FALSE,"Miomir Kecmanovic","Lorenzo Musetti",1544.31236930549,1496.91542406551,0,47.396945239977,1,2,0.532240727040759,1
20230612,"s Hertogenbosch","Grass",FALSE,"Alexei Popyrin","Arthur Rinderknech",1503.32027836941,1455.3162675604,1,48.0040108090045,0,0,0.582598915545931,1
20230925,"Astana","Hard",FALSE,"Sebastian Korda","Hamad Medjedovic",1558.23644475952,1510.21150217987,1,48.0249425796483,2,2,0.54826537476359,1
20230619,"Halle","Grass",FALSE,"Stefanos Tsitsipas","Nicolas Jarry",1681.42438938601,1633.35294111009,0,48.0714482759136,0,0,0.582692023758455,1
20231106,"Sofia","Hard",FALSE,"Hamad Medjedovic","Christopher Oconnell",1531.14714122596,1483.0151347392,0,48.1320064867577,2,2,0.548415925113109,1
20231113,"Tour Finals","Hard",FALSE,"Carlos Alcaraz","Andrey Rublev",1794.88483660506,1746.62816163825,1,48.256674966814,2,2,0.548591219364696,1
20230920,"Zhuhai","Hard",FALSE,"Matteo Arnaldi","Aslan Karatsev",1595.97469708505,1547.65933214729,0,48.3153649377571,0,0,0.583028740461485,1
20231002,"Shanghai Masters","Hard",FALSE,"Yoshihito Nishioka","Daniel Altmaier",1536.1452079913,1487.70519684335,1,48.4400111479474,0,2,0.518518412909673,1
20231016,"Tokyo","Hard",FALSE,"Marcos Giron","Felix Auger Aliassime",1531.49622112691,1482.99760738164,1,48.4986137452668,2,2,0.548931370964709,1
20231016,"Antwerp","Hard",FALSE,"Arthur Fils","Mark Lajal",1563.80473447541,1515.13527740913,1,48.6694570662833,2,2,0.549171539035089,1
20230213,"Rotterdam","Hard",FALSE,"Jannik Sinner","Daniil Medvedev",1592.30704033219,1543.60961535257,0,48.6974249796169,2,2,0.549210853580291,1
20230927,"Beijing","Hard",FALSE,"Yoshihito Nishioka","Juncheng Shang",1529.52648750678,1480.55992724874,1,48.9665602580421,0,0,0.583927308146304,1
20230410,"Monte Carlo Masters","Clay",FALSE,"Dusan Lajovic","Alexei Popyrin",1550.39475625173,1501.38752632328,0,49.0072299284514,2,1,0.581796215172472,1
20230914,"Davis Cup WG1 R1: UKR vs COL","Hard",FALSE,"Oleksii Krutykh","Daniel Elahi Galan",1472.75488951655,1423.71368024606,1,49.0412092704946,0,2,0.51937055269899,1
20230828,"Us Open","Hard",TRUE,"Roman Safiullin","Marco Cecchinato",1495.47646073424,1446.42988677806,1,49.0465739561778,2,0,0.661512778143347,1
20230612,"Stuttgart","Grass",FALSE,"Lorenzo Sonego","Matteo Berrettini",1557.7288832291,1508.68042439974,1,49.0484588293536,2,0,0.613321380312038,1
20230807,"Canada Masters","Hard",FALSE,"Borna Coric","Aleksandar Vukic",1535.01547633689,1485.7671698995,0,49.2483064373891,2,2,0.549985102765398,1
20230703,"Wimbledon","Grass",TRUE,"Borna Coric","Guido Pella",1535.12442355353,1485.87599801967,0,49.2484255338547,1,2,0.586441029573723,1
20230703,"Wimbledon","Grass",TRUE,"Quentin Halys","Aleksandar Vukic",1496.25054589077,1446.99955913171,1,49.2509867590584,0,0,0.63417270383663,1
20230529,"Roland Garros","Clay",TRUE,"Taylor Fritz","Francisco Cerundolo",1651.34688915055,1601.96918940801,0,49.3776997425366,1,2,0.586752454737289,1
20230410,"Monte Carlo Masters","Clay",FALSE,"Nicolas Jarry","Alexei Popyrin",1567.97075185097,1518.4894170438,1,49.4813348071614,1,1,0.567555963262693,1
20230403,"Houston","Clay",FALSE,"Marcos Giron","Tomas Machac",1501.57651394612,1451.90010708503,0,49.6764068610939,1,2,0.535461445712411,1
20230417,"Barcelona","Clay",FALSE,"Jozef Kovalik","Pedro Martinez",1485,1435.31211773029,1,49.6878822697095,2,0,0.614182027072254,1
20230814,"Cincinnati Masters","Hard",FALSE,"Lloyd Harris","Max Purcell",1465.37577517361,1415.45915520429,0,49.9166199693223,2,2,0.550924074289282,1
20230828,"Us Open","Hard",TRUE,"Daniel Evans","Daniel Elahi Galan",1486.52376910288,1436.57181886162,1,49.9519502412561,0,2,0.573294155195496,1
20230306,"Indian Wells Masters","Hard",FALSE,"Yoshihito Nishioka","Cristian Garin",1537.3553199244,1487.08337776156,0,50.2719421628399,0,2,0.521114639892983,1
20231023,"Basel","Hard",FALSE,"Yannick Hanfmann","Andy Murray",1543.36883639395,1493.07702671241,0,50.2918096815408,2,0,0.614994242261762,1
20230724,"Hamburg","Clay",FALSE,"Laslo Djere","Guido Pella",1538.671605528,1488.30580498534,1,50.365800542661,1,2,0.536434940594615,1
20230220,"Rio De Janeiro","Clay",FALSE,"Laslo Djere","Facundo Bagnis",1504.9473477678,1454.57152008338,1,50.3758276844158,1,1,0.568802034332713,1
20231002,"Shanghai Masters","Hard",FALSE,"Marton Fucsovics","Denis Yevseyev",1550.42663433238,1500,1,50.4266343323814,0,0,0.585939992088299,1
20230227,"Dubai","Hard",FALSE,"Novak Djokovic","Tallon Griekspoor",1649.83661498956,1599.33727698812,1,50.4993380014382,2,2,0.551742489431274,1
20230914,"Davis Cup Finals RR: CAN vs SWE","Hard",FALSE,"Gabriel Diallo","Elias Ymer",1488.48287645276,1437.76712489075,1,50.7157515620063,2,0,0.615564014687773,1
20230920,"Chengdu","Hard",FALSE,"Pavel Kotov","Daniel Elahi Galan",1481.52326936685,1430.72195735528,1,50.8013120115645,2,2,0.552166495599105,1
20230529,"Roland Garros","Clay",TRUE,"Arthur Cazaux","Corentin Moutet",1500,1449.18315114202,0,50.816848857985,2,2,0.604872618091587,1
20230116,"Australian Open","Hard",TRUE,"Frances Tiafoe","Karen Khachanov",1581.9385119924,1531.07888542864,0,50.8596265637539,2,2,0.604974179208358,1
20231106,"Sofia","Hard",FALSE,"Jack Draper","Maximilian Marterer",1603.47000844153,1552.10829426822,1,51.3617141733012,2,2,0.552953163127108,1
20230220,"Marseille","Hard",FALSE,"Arthur Fils","Roman Safiullin",1535.0780621388,1483.70425483384,1,51.3738073049628,2,2,0.552970136017661,1
20231127,"NextGen Finals","Hard",FALSE,"Alex Michelsen","Abedallah Shelbayh",1489.43584426779,1438.04603553334,0,51.3898087344492,2,0,0.616469285795403,1
20230424,"Madrid Masters","Clay",FALSE,"Casper Ruud","Matteo Arnaldi",1539.41118444331,1487.93497180746,0,51.4762126358512,1,0,0.602075976235716,1
20230529,"Roland Garros","Clay",TRUE,"Quentin Halys","Guido Pella",1513.46431158397,1461.81102012616,0,51.6532914578063,1,2,0.59222284740895,1
20230116,"Australian Open","Hard",TRUE,"Tommy Paul","Jan Lennard Struff",1551.65597680949,1500,1,51.6559768094894,2,2,0.606863179196073,1
20230220,"Rio De Janeiro","Clay",FALSE,"Bernabe Zapata Miralles","Albert Ramos",1496.27648435964,1444.32976883132,1,51.9467155283201,2,2,0.553774079094174,1
20230213,"Rotterdam","Hard",FALSE,"Richard Gasquet","Stan Wawrinka",1535.53234197614,1483.43253957447,0,52.0998024016753,0,0,0.588242894561969,1
20230213,"Delray Beach","Hard",FALSE,"Taylor Fritz","Miomir Kecmanovic",1594.27922695506,1542.08640101585,1,52.1928259392062,2,0,0.617546699182929,1
20230724,"Hamburg","Clay",FALSE,"Casper Ruud","Cristian Garin",1626.29227007614,1574.03458096952,1,52.2576891066217,1,1,0.571420696317236,1
20230424,"Madrid Masters","Clay",FALSE,"Laslo Djere","Aslan Karatsev",1511.51559144063,1459.17910399372,0,52.3364874469098,1,1,0.571530260242384,1
20231023,"Vienna","Hard",FALSE,"Aslan Karatsev","Borna Gojo",1593.62958301733,1541.12373438883,0,52.5058486284972,0,2,0.524278993016602,1
20230915,"Davis Cup WG1 R1: AUT vs POR","Hard",FALSE,"Sebastian Ofner","Joao Sousa",1485.63800580121,1432.92280983594,0,52.7151959652626,0,2,0.524575439892605,1
20231106,"Sofia","Hard",FALSE,"Jack Draper","Jan Lennard Struff",1616.26855848422,1563.0013493649,1,53.2672091193242,2,2,0.555626006076533,1
20230206,"Dallas","Hard",FALSE,"Frances Tiafoe","J J Wolf",1589.90457936565,1536.58801836688,0,53.3165609987664,2,0,0.619052481944295,1
20230731,"Los Cabos","Hard",FALSE,"Stefanos Tsitsipas","Alex De Minaur",1686.98198430755,1633.66478109553,1,53.3172032120201,2,0,0.619053341846235,1
20230213,"Buenos Aires","Clay",FALSE,"Laslo Djere","Fabio Fognini",1525.25452236182,1471.77436838613,1,53.4801539756854,1,0,0.604798708369764,1
20230403,"Marrakech","Clay",FALSE,"Roberto Carballes Baena","Daniel Evans",1512.36699880146,1458.6475499237,1,53.7194488777627,2,2,0.556259897550779,1
20230828,"Us Open","Hard",TRUE,"Sebastian Baez","Borna Coric",1607.3439139814,1553.49031957984,1,53.8535944015573,2,2,0.612059377267777,1
20230508,"Rome Masters","Clay",FALSE,"Ben Shelton","Alexander Bublik",1471.61783619399,1417.69932354868,0,53.9185126453117,1,1,0.573728465033634,1
20230213,"Rotterdam","Hard",FALSE,"Holger Rune","Constant Lestienne",1553.39597295552,1499.39113474662,1,54.0048382089055,2,1,0.588683727741095,1
20230724,"Umag","Clay",FALSE,"Jaume Munar","Albert Ramos",1489.23059525725,1435.10586438631,1,54.1247308709403,2,2,0.556827814151002,1
20230508,"Rome Masters","Clay",FALSE,"Cameron Norrie","Alexandre Muller",1607.64046722889,1553.48304572633,1,54.1574215025573,1,2,0.541783940993549,1
20230731,"Kitzbuhel","Clay",FALSE,"Roberto Carballes Baena","Sebastian Baez",1513.75130988068,1459.20362894252,0,54.5476809381616,2,2,0.557420330419048,1
20230703,"Wimbledon","Grass",TRUE,"Tomas Barrios Vera","David Goffin",1508.65749425524,1454.08896307823,0,54.5685311770073,2,2,0.613744406384481,1
20230529,"Roland Garros","Clay",TRUE,"Jason Kubler","Fabio Fognini",1518.68333144382,1463.70743527045,0,54.9758961733733,2,0,0.674573806391963,1
20231016,"Tokyo","Hard",FALSE,"Cristian Garin","Sho Shimabukuro",1541.13542702435,1486.00292391117,1,55.1325031131832,2,0,0.621480965943969,1
20230227,"Santiago","Clay",FALSE,"Carlos Taberner","Roberto Carballes Baena",1500,1444.72049814856,0,55.2795018514357,2,2,0.558445161025062,1
20230703,"Wimbledon","Grass",TRUE,"Tallon Griekspoor","Marton Fucsovics",1610.28799917413,1554.99252075262,0,55.2954784215065,0,0,0.647987910362085,1
20230821,"Winston-Salem","Hard",FALSE,"Marton Fucsovics","Zhizhen Zhang",1564.41375572662,1509.06625765825,1,55.3474980683648,0,2,0.528301372262296,1
20230522,"Lyon","Clay",FALSE,"Gregoire Barrere","Corentin Moutet",1524.18658687282,1468.69863285038,1,55.4879540224392,1,2,0.543658762958402,1
20230220,"Doha","Hard",FALSE,"Andy Murray","Alexander Zverev",1540.05823209661,1484.54434981096,1,55.5138822856427,0,2,0.528536781809395,1
20230703,"Wimbledon","Grass",TRUE,"Tomas Martin Etcheverry","Stan Wawrinka",1593.26947440044,1537.72968744397,0,55.5397869564695,2,2,0.61602918699411,1
20230821,"Winston-Salem","Hard",FALSE,"Brandon Nakashima","Richard Gasquet",1476.32627397533,1420.73270979394,0,55.593564181394,2,0,0.622096586206925,1
20230220,"Rio De Janeiro","Clay",FALSE,"Joao Fonseca","Alex Molcan",1500,1444.31732832889,0,55.6826716711107,0,2,0.528775581351572,1
20231002,"Shanghai Masters","Hard",FALSE,"Stefanos Tsitsipas","Ugo Humbert",1635.8065919139,1580.0698888674,0,55.7367030465011,2,2,0.55908516643444,1
20230731,"Los Cabos","Hard",FALSE,"Omni Kumar","Aleksandar Kovacevic",1500,1444.13988605383,0,55.8601139461746,0,2,0.529026608610844,1
20231016,"Stockholm","Hard",FALSE,"Daniel Evans","Filip Misolic",1534.41532495129,1478.21587743246,0,56.1994475188303,0,0,0.593869035304573,1
20230206,"Cordoba","Clay",FALSE,"Tomas Barrios Vera","Sebastian Baez",1513.70565972003,1457.37097686289,0,56.3346828571418,0,2,0.52969790788766,1
20230920,"Zhuhai","Hard",FALSE,"Mackenzie Mcdonald","Kimmer Coppejans",1544.77052487028,1488.41881285629,1,56.351712013992,2,2,0.559945766409063,1
20230403,"Marrakech","Clay",FALSE,"Elliot Benchetrit","Jaume Munar",1500,1443.56275008303,0,56.4372499169747,0,2,0.529842979616667,1
20230306,"Indian Wells Masters","Hard",FALSE,"Holger Rune","Stan Wawrinka",1572.47286318159,1516.01022290681,0,56.4626402747813,2,0,0.623255927271907,1
20231002,"Shanghai Masters","Hard",FALSE,"Fabian Marozsan","Arthur Rinderknech",1529.14359375971,1472.62362938555,1,56.5199643741641,2,2,0.560181144299959,1
20230731,"Kitzbuhel","Clay",FALSE,"Laslo Djere","Pedro Cachin",1579.20614805909,1522.35226843371,1,56.8538796253745,1,1,0.577799351634616,1
20230227,"Acapulco","Hard",FALSE,"Matteo Berrettini","Alex Molcan",1505.17399093461,1448.31698392975,1,56.8570070048636,2,0,0.623781545390424,1
20230102,"United Cup","Hard",FALSE,"Frances Tiafoe","Tomas Machac",1557.3716349989,1500,1,57.3716349988949,2,0,0.624467011366034,1
20230206,"Cordoba","Clay",FALSE,"Marco Cecchinato","Federico Coria",1501.77206276625,1444.33163846791,0,57.4404242983435,2,2,0.56146834685069,1
20230821,"Winston-Salem","Hard",FALSE,"Jiri Lehecka","Dominik Koepfer",1597.07969825492,1539.55934669442,1,57.5203515604994,2,0,0.624665003756624,1
20230116,"Australian Open","Hard",TRUE,"Jenson Brooksby","Christopher Oconnell",1527.5438952482,1470,1,57.5438952482027,0,2,0.591633706941999,1
20230703,"Wimbledon","Grass",TRUE,"Gregoire Barrere","Denis Shapovalov",1539.63722785778,1482.07816415376,0,57.5590637040159,2,0,0.680181675944174,1
20230417,"Banja Luka","Clay",FALSE,"Jiri Lehecka","Miomir Kecmanovic",1598.85708986797,1541.14954694223,0,57.7075429257441,2,1,0.593764495283297,1
20230626,"Mallorca","Grass",FALSE,"Yannick Hanfmann","Adrian Mannarino",1625.48167144937,1567.75134300423,0,57.73032844514,0,2,0.53167148040262,1
20230529,"Roland Garros","Clay",TRUE,"Felix Auger Aliassime","Fabio Fognini",1538.82919606809,1481.06132283265,0,57.7678732354395,1,0,0.667239123884797,1
20230227,"Dubai","Hard",FALSE,"Karen Khachanov","Botic Van De Zandschulp",1575.92257656355,1518.07249669912,0,57.8500798644259,2,2,0.562040958312292,1
20230828,"Us Open","Hard",TRUE,"Marton Fucsovics","Rinky Hijikata",1575.01083637464,1517.04792995531,0,57.962906419327,0,1,0.623820284842995,1
20230807,"Canada Masters","Hard",FALSE,"Francisco Cerundolo","Tommy Paul",1629.30156989105,1571.23241231487,0,58.0691575761757,1,2,0.547292303748901,1
20231002,"Shanghai Masters","Hard",FALSE,"Roman Safiullin","Andy Murray",1578.59992925808,1520.51366450165,1,58.0862647564334,2,0,0.625418045395666,1
20231106,"Sofia","Hard",FALSE,"Fabian Marozsan","Roberto Bautista Agut",1530.204807201,1472.01919988956,1,58.1856073114448,2,2,0.562509831385585,1
20230703,"Wimbledon","Grass",TRUE,"Jiri Lehecka","Sebastian Ofner",1577.18016945064,1518.99202924006,1,58.1881402105839,0,1,0.624345208585586,1
20230227,"Dubai","Hard",FALSE,"Novak Djokovic","Hubert Hurkacz",1637.32641824436,1579.11810453881,1,58.2083137055449,2,2,0.562541557750981,1
20230403,"Estoril","Clay",FALSE,"Alejandro Davidovich Fokina","Luca Van Assche",1536.39652645473,1478.17555809648,1,58.2209683582437,2,2,0.562559239162342,1
20230731,"Los Cabos","Hard",FALSE,"Rinky Hijikata","John Isner",1518.5743015936,1460.35263929071,0,58.2216623028903,1,2,0.547506829755166,1
20230306,"Indian Wells Masters","Hard",FALSE,"Yibing Wu","Jaume Munar",1543.81331533949,1485.52977147693,1,58.2835438625575,0,2,0.532453507716678,1
20230717,"Newport","Grass",FALSE,"Jordan Thompson","Aleksandar Kovacevic",1515.06474145649,1456.64104093699,1,58.423700519503,0,1,0.565054694423806,1
20230821,"Winston-Salem","Hard",FALSE,"Radu Albot","Daniel Elahi Galan",1477.50974421633,1419.07240109607,0,58.4373431202614,0,2,0.532670890745471,1
20230731,"Kitzbuhel","Clay",FALSE,"Tomas Martin Etcheverry","Guido Andreozzi",1542.83167781233,1484.39250813732,1,58.4391696750081,1,0,0.611508263525386,1
20230522,"Lyon","Clay",FALSE,"Lloyd Harris","Arthur Rinderknech",1502.39275289679,1443.91346411974,0,58.4792887770529,2,1,0.59482098324159,1
20230814,"Cincinnati Masters","Hard",FALSE,"Cameron Norrie","Gael Monfils",1581.45087448711,1522.96355061932,0,58.4873238677962,2,0,0.62595135411164,1
20231016,"Antwerp","Hard",FALSE,"Dominic Thiem","Luca Nardi",1513.98840998754,1455.44359024982,1,58.5448197377166,0,2,0.532822793046023,1
20230220,"Doha","Hard",FALSE,"Jiri Lehecka","Andrey Rublev",1565.52050580371,1506.94027878334,1,58.5802270203656,2,2,0.563061138274754,1
20230109,"Auckland","Hard",FALSE,"Cameron Norrie","Richard Gasquet",1543.70925871224,1485,0,58.7092587122381,2,0,0.62624634080105,1
20231113,"Tour Finals","Hard",FALSE,"Stefanos Tsitsipas","Holger Rune",1669.29919182448,1610.4790788603,0,58.8201129641877,2,2,0.563396196972737,1
20230206,"Montpellier","Hard",FALSE,"Benjamin Bonzi","Lorenzo Sonego",1522.42955590455,1463.22977579195,0,59.1997801126006,2,2,0.563926375539093,1
20230529,"Roland Garros","Clay",TRUE,"Sebastian Ofner","Maxime Cressy",1491.77583845457,1432.43092919713,1,59.3449092574356,0,0,0.65710824507537,1
20230320,"Miami Masters","Hard",FALSE,"Hubert Hurkacz","Thanasi Kokkinakis",1586.12023884941,1526.41319780516,1,59.7070410442518,2,2,0.564634501676764,1
20230619,"Queen's Club","Grass",FALSE,"Cameron Norrie","Sebastian Korda",1620.44379805553,1560.48938142522,0,59.9544166303158,2,0,0.627899608085181,1
20230116,"Australian Open","Hard",TRUE,"Jannik Sinner","Kyle Edmund",1530.95387250792,1470.69811683317,1,60.2557556747504,2,0,0.685980912062284,1
20230814,"Cincinnati Masters","Hard",FALSE,"Stefanos Tsitsipas","Hubert Hurkacz",1676.10359401868,1615.70996073184,0,60.393633286842,2,2,0.565592550376988,1
20230731,"Los Cabos","Hard",FALSE,"Borna Gojo","Ilya Ivashka",1511.0019435885,1450.44422070141,0,60.5577228870854,2,1,0.597661883583328,1
20230920,"Zhuhai","Hard",FALSE,"Aslan Karatsev","Yoshihito Nishioka",1534.3790176871,1473.76399525891,0,60.6150224281919,0,0,0.599901263144251,1
20230731,"Kitzbuhel","Clay",FALSE,"Laslo Djere","Thiago Seyboth Wild",1566.79735066145,1506.17101595783,1,60.6263347036231,1,1,0.583015591817248,1
20230927,"Beijing","Hard",FALSE,"Casper Ruud","Tomas Martin Etcheverry",1617.48006647123,1556.82593646789,1,60.6541300033355,2,2,0.565955911303571,1
20230417,"Barcelona","Clay",FALSE,"Matteo Arnaldi","Daniel Evans",1492.52044790845,1431.78257583631,0,60.7378720721435,0,2,0.535920979882983,1
20230403,"Estoril","Clay",FALSE,"Alejandro Davidovich Fokina","Marco Cecchinato",1553.99475147482,1493.20074373374,0,60.7940077410835,2,2,0.566150994341707,1
20230703,"Wimbledon","Grass",TRUE,"Cameron Norrie","Christopher Eubanks",1622.64387771748,1561.57444993263,0,61.069427784852,2,0,0.68771947753699,1
20230424,"Madrid Masters","Clay",FALSE,"Alex De Minaur","Marco Cecchinato",1580.87262428813,1519.51078165495,1,61.3618426331825,0,2,0.536801984757756,1
20230320,"Miami Masters","Hard",FALSE,"J J Wolf","Alexander Bublik",1503.04866910699,1441.28593043409,1,61.7627386729018,0,2,0.537367902406844,1
20230626,"Eastbourne","Grass",FALSE,"Tommy Paul","Sebastian Baez",1561.03747127915,1499.19498624776,1,61.8424850313925,0,2,0.537480463479732,1
20230731,"Kitzbuhel","Clay",FALSE,"Laslo Djere","Christopher Oconnell",1572.327167708,1510.46152763772,1,61.8656400702826,1,1,0.584725214011175,1
20231002,"Shanghai Masters","Hard",FALSE,"Yannick Hanfmann","James Duckworth",1527.46000770684,1465.57137095092,1,61.8886367559185,2,0,0.63046184646764,1
20230917,"Davis Cup Finals RR: CRO vs NED","Hard",FALSE,"Tallon Griekspoor","Borna Gojo",1601.06012282991,1539.08633833648,0,61.9737844934252,2,2,0.567795570269257,1
20230927,"Beijing","Hard",FALSE,"Matteo Arnaldi","J J Wolf",1578.90209820128,1516.92012723304,1,61.9819709682415,0,0,0.601762654007157,1
20230220,"Rio De Janeiro","Clay",FALSE,"Tomas Barrios Vera","Fabio Fognini",1510.98260744293,1448.97584731158,0,62.0067601313594,0,0,0.601796382745509,1
20230529,"Roland Garros","Clay",TRUE,"Tommy Paul","Dominic Stricker",1562.09509248731,1500,1,62.09509248731,2,0,0.689903495948942,1
20230913,"Davis Cup Finals RR: CRO vs USA","Hard",FALSE,"Mackenzie Mcdonald","Dino Prizmic",1564.02072257546,1501.70784937623,1,62.3128731992301,2,2,0.568267975782764,1
20230306,"Indian Wells Masters","Hard",FALSE,"Frances Tiafoe","Jason Kubler",1585.70839735243,1523.22064707897,1,62.4877502734569,2,2,0.568511559407083,1
20230417,"Barcelona","Clay",FALSE,"Casper Ruud","Ben Shelton",1542.4983251924,1479.9878994401,1,62.510425752296,1,1,0.585613892840978,1
20230508,"Rome Masters","Clay",FALSE,"Felix Auger Aliassime","Alexei Popyrin",1555.98687586179,1493.47010374602,0,62.51677211577,1,1,0.585622636986879,1
20230227,"Dubai","Hard",FALSE,"Alexandar Lazarov","Alexander Bublik",1500,1437.28862664976,0,62.711373350244,1,2,0.553814196537895,1
20230306,"Indian Wells Masters","Hard",FALSE,"Jack Draper","Daniel Evans",1510.1112483917,1447.24763474436,1,62.8636136473424,2,0,0.631750615260603,1
20230717,"Gstaad","Clay",FALSE,"Taro Daniel","Pedro Cachin",1512.83200220494,1449.78723066777,0,63.0447715371729,0,1,0.571491634915998,1
20230424,"Madrid Masters","Clay",FALSE,"Bernabe Zapata Miralles","Roman Safiullin",1534.4800800695,1471.27130354512,1,63.208776524385,2,2,0.569515514714651,1
20230717,"Newport","Grass",FALSE,"Rinky Hijikata","Abedallah Shelbayh",1518.03801596052,1454.63935263837,1,63.3986633221509,2,1,0.601534398438074,1
20230403,"Marrakech","Clay",FALSE,"Benjamin Bonzi","Pavel Kotov",1541.7556719766,1478.28414154889,0,63.4715304277177,2,2,0.569881231049037,1
20231016,"Tokyo","Hard",FALSE,"Sebastian Ofner","Felix Auger Aliassime",1528.80338500542,1465.28546716529,0,63.5179178401361,0,2,0.539844416961551,1
20230619,"Queen's Club","Grass",FALSE,"Mackenzie Mcdonald","Diego Schwartzman",1502.98534836907,1439.45729464988,0,63.5280537191916,2,2,0.569959893538035,1
20230522,"Lyon","Clay",FALSE,"Arthur Fils","Zhizhen Zhang",1579.19491309136,1515.38013443084,1,63.814778660523,1,1,0.587409914823503,1
20230703,"Wimbledon","Grass",TRUE,"Carlos Alcaraz","Daniil Medvedev",1811.65387858751,1747.76398973668,1,63.8898888508284,2,0,0.693704945374902,1
20230424,"Madrid Masters","Clay",FALSE,"Tallon Griekspoor","Jaume Munar",1551.14732941556,1487.21820958655,0,63.9291198290018,1,2,0.555522050221239,1
20231016,"Antwerp","Hard",FALSE,"Alexander Bublik","Gregoire Barrere",1554.38023312818,1490.37769066562,1,64.002542462551,2,0,0.633253723161825,1
20231016,"Antwerp","Hard",FALSE,"Maximilian Marterer","Hugo Gaston",1518.41524273866,1454.40058792566,1,64.0146548130042,2,0,0.633269694641354,1
20231016,"Tokyo","Hard",FALSE,"Alex De Minaur","Jack Draper",1653.10630888086,1588.89540541209,1,64.2109034687746,0,2,0.540821667984375,1
20230626,"Eastbourne","Grass",FALSE,"Francisco Cerundolo","Tommy Paul",1637.54894335905,1573.29458774562,1,64.2543556134306,2,0,0.633585706510781,1
20230920,"Zhuhai","Hard",FALSE,"Mackenzie Mcdonald","Juncheng Shang",1557.35873758254,1492.8045330379,1,64.5542045446364,2,0,0.633980853480082,1
20231106,"Sofia","Hard",FALSE,"Jack Draper","Cem Ilkel",1591.22941336266,1526.57906224452,1,64.6503511181445,2,0,0.634107519236042,1
20230626,"Mallorca","Grass",FALSE,"Christopher Oconnell","Corentin Moutet",1529.96665048049,1465.21197030389,0,64.7546801765995,2,2,0.571666091874965,1
20230116,"Australian Open","Hard",TRUE,"Frances Tiafoe","Daniel Altmaier",1564.75827647603,1500,1,64.7582764760282,2,2,0.637448082146482,1
20230912,"Davis Cup Finals RR: FRA vs SUI","Hard",FALSE,"Adrian Mannarino","Dominic Stricker",1609.30504488669,1544.49374380972,1,64.8113010769719,0,0,0.605605998993375,1
20230508,"Rome Masters","Clay",FALSE,"Emil Ruusuvuori","Ugo Humbert",1550.40758107981,1485.47205839231,1,64.9355226874964,2,1,0.603624056886873,1
20230717,"Bastad","Clay",FALSE,"Tomas Martin Etcheverry","Sebastian Ofner",1575.8918472994,1510.86604208231,0,65.0258052170832,1,0,0.62035467816913,1
20230320,"Miami Masters","Hard",FALSE,"Emil Ruusuvuori","Nuno Borges",1542.76672170538,1477.58798510314,1,65.1787366022447,2,2,0.572255546842554,1
20230403,"Estoril","Clay",FALSE,"Chun Hsin Tseng","Pedro Cachin",1455.06767643708,1389.73324358245,0,65.3344328546307,0,1,0.574672227979455,1
20230213,"Rotterdam","Hard",FALSE,"Stan Wawrinka","Alexander Bublik",1471.23290638491,1405.60003475624,1,65.632871628665,0,2,0.54282594205747,1
20230703,"Wimbledon","Grass",TRUE,"Zhizhen Zhang","Botic Van De Zandschulp",1529.22610402613,1463.53998260003,0,65.6861214261032,2,1,0.669169697002142,1
20230403,"Houston","Clay",FALSE,"Gijs Brouwer","Aleksandar Kovacevic",1540.14360159442,1474.30056358507,1,65.8430380093446,1,1,0.590198083487858,1
20230731,"Kitzbuhel","Clay",FALSE,"Marco Cecchinato","Daniel Elahi Galan",1477.55449322233,1411.65147760077,0,65.9030156215597,2,1,0.604937619056865,1
20230424,"Madrid Masters","Clay",FALSE,"Pavel Kotov","Oscar Otte",1512.88415380625,1446.95201714319,0,65.9321366630625,2,1,0.604977133227618,1
20231023,"Vienna","Hard",FALSE,"Stefanos Tsitsipas","Borna Gojo",1642.27815251612,1576.2894540657,1,65.988698450424,2,2,0.573380854163636,1
20230717,"Newport","Grass",FALSE,"Alex Bolt","John Isner",1500,1433.84231080875,0,66.1576891912453,0,0,0.607430379381945,1
20230731,"Washington","Hard",FALSE,"Juncheng Shang","Ben Shelton",1489.30703507688,1423.02140411605,1,66.2856309608251,0,2,0.543745550764954,1
20230529,"Roland Garros","Clay",TRUE,"Jiri Lehecka","Marcos Giron",1572.02635256417,1505.66453151239,0,66.3618210517745,2,1,0.670654022011031,1
20231125,"Davis Cup Finals SF: ITA vs SRB","Hard",FALSE,"Novak Djokovic","Jannik Sinner",1917.89585566682,1851.30608941316,0,66.5897662536631,2,2,0.574215447787693,1
20231023,"Basel","Hard",FALSE,"Holger Rune","Tomas Martin Etcheverry",1591.42120934921,1524.74216986513,1,66.6790394840805,2,2,0.574339369359286,1
20230927,"Beijing","Hard",FALSE,"Karen Khachanov","Lorenzo Musetti",1661.59523341246,1594.71740065117,0,66.8778327612897,2,0,0.637036833774527,1
20230717,"Newport","Grass",FALSE,"Adrian Mannarino","Jordan Thompson",1594.51681983718,1527.56589633966,1,66.9509234975167,2,0,0.637132783109187,1
20230626,"Mallorca","Grass",FALSE,"Stefanos Tsitsipas","Yannick Hanfmann",1664.36212118037,1597.36842569323,0,66.9936954871412,0,0,0.608561679312516,1
20230717,"Bastad","Clay",FALSE,"Andrey Rublev","Francisco Cerundolo",1711.44559474624,1644.44662751016,1,66.9989672360857,1,2,0.559821515848156,1
20230529,"Roland Garros","Clay",TRUE,"Yibing Wu","Roberto Bautista Agut",1528.3582433056,1461.27785597537,0,67.0803873302257,0,2,0.614308536081556,1
20230204,"Davis Cup QLS R1: CZE vs POR","Clay",FALSE,"Jiri Lehecka","Nuno Borges",1550.35742929432,1483.16877217643,1,67.1886571178925,2,2,0.575046598332454,1
20230403,"Marrakech","Clay",FALSE,"Dimitar Kuzmanov","Roberto Carballes Baena",1529.35280000847,1462.02988772981,0,67.3229122786547,2,2,0.57523286181085,1
20230731,"Los Cabos","Hard",FALSE,"Beibit Zhukayev","Ilya Ivashka",1500,1432.56900122448,0,67.4309987755221,2,1,0.607009067616032,1
20230320,"Miami Masters","Hard",FALSE,"Thanasi Kokkinakis","Zizou Bergs",1513.96587817314,1446.43114253865,1,67.5347356344835,2,0,0.637898785764376,1
20230227,"Acapulco","Hard",FALSE,"Alex De Minaur","Taro Daniel",1573.48407223677,1505.7738848608,1,67.7101873759666,0,0,0.60953032310248,1
20230116,"Australian Open","Hard",TRUE,"Tallon Griekspoor","Pavel Kotov",1567.71056899328,1500,1,67.71056899328,2,2,0.64419840460816,1
20230807,"Canada Masters","Hard",FALSE,"Bernabe Zapata Miralles","Ben Shelton",1476.65410023382,1408.79254424783,0,67.8615559859941,1,2,0.561028026978653,1
20230206,"Montpellier","Hard",FALSE,"Gregoire Barrere","Alexander Bublik",1485.71692647509,1417.70047585939,1,68.0164506157018,0,2,0.546182473323224,1
20230227,"Dubai","Hard",FALSE,"Andrey Rublev","Filip Krajinovic",1548.10026576061,1479.94362310386,1,68.1566426567551,2,0,0.638714001556428,1
20230814,"Cincinnati Masters","Hard",FALSE,"Tommy Paul","Ugo Humbert",1623.58551187876,1555.41783791918,1,68.1676739595825,2,2,0.576404378618716,1
20230828,"Us Open","Hard",TRUE,"Fabian Marozsan","Richard Gasquet",1506.36563937955,1438.11260025507,1,68.2530391244829,2,0,0.70283650014699,1
20230717,"Newport","Grass",FALSE,"Kevin Anderson","Ugo Humbert",1529.53827406348,1461.03649061861,0,68.5017834448686,0,1,0.579061806557012,1
20230320,"Miami Masters","Hard",FALSE,"Yoshihito Nishioka","Alex Molcan",1520.19992684169,1451.67686045522,0,68.5230663864759,0,0,0.610628230004217,1
20230410,"Monte Carlo Masters","Clay",FALSE,"Taylor Fritz","Andrey Rublev",1678.61955475296,1610.05857766217,0,68.5609770907859,1,1,0.593925226394145,1
20230213,"Rotterdam","Hard",FALSE,"Soon Woo Kwon","Alexander Zverev",1535.79204004385,1466.59579055049,0,69.1962494933578,0,2,0.547842321184629,1
20230213,"Rotterdam","Hard",FALSE,"Daniil Medvedev","Botic Van De Zandschulp",1587.68697095807,1518.39139269521,1,69.2955782628544,2,2,0.577967217814108,1
20231106,"Metz","Hard",FALSE,"Botic Van De Zandschulp","Luca Van Assche",1523.32396297248,1453.73677048303,0,69.5871924894564,2,0,0.640586176264167,1
20230920,"Chengdu","Hard",FALSE,"Lorenzo Musetti","Philip Sekulic",1582.69106998342,1512.88962725284,1,69.8014427305816,0,1,0.580859413498043,1
20230925,"Astana","Hard",FALSE,"Tallon Griekspoor","Sho Shimabukuro",1567.88445180913,1498.0269286203,1,69.8575231888251,2,0,0.6409394823797,1
20230116,"Australian Open","Hard",TRUE,"Frances Tiafoe","Juncheng Shang",1569.91697281683,1500,1,69.916972816832,2,0,0.706277229751842,1
20230320,"Miami Masters","Hard",FALSE,"Alejandro Davidovich Fokina","Brandon Nakashima",1554.47890814945,1484.54546816211,1,69.933439987341,0,2,0.548878929908632,1
20230116,"Australian Open","Hard",TRUE,"Sebastian Korda","Cristian Garin",1570.14857376228,1500,1,70.1485737622781,2,2,0.649730060233829,1
20230403,"Estoril","Clay",FALSE,"Quentin Halys","Nuno Borges",1535.72497017671,1465.36942407991,1,70.3555460968016,1,2,0.564512289895045,1
20230828,"Us Open","Hard",TRUE,"Borna Gojo","Hugo Dellien",1493.41361489767,1422.9874431448,1,70.4261717528664,2,1,0.679509859305056,1
20230626,"Mallorca","Grass",FALSE,"Roberto Carballes Baena","Ilya Ivashka",1507.2725211199,1436.84307315051,1,70.4294479693931,2,1,0.611062759187661,1
20231023,"Vienna","Hard",FALSE,"Daniil Medvedev","Grigor Dimitrov",1790.09647584672,1719.64904867868,1,70.4474271680426,2,2,0.579561624860869,1
20230731,"Washington","Hard",FALSE,"Sebastian Korda","Alexander Shevchenko",1562.12537599817,1491.63684051937,0,70.4885354788075,2,0,0.641763582591723,1
20230731,"Washington","Hard",FALSE,"J J Wolf","Radu Albot",1543.94284885095,1473.36312485926,1,70.5797239916819,0,0,0.613401007179171,1
20230828,"Us Open","Hard",TRUE,"Christopher Eubanks","Benjamin Bonzi",1566.2662621359,1495.48727075304,0,70.7789913828608,2,2,0.651153974995948,1
20231002,"Shanghai Masters","Hard",FALSE,"Alejandro Davidovich Fokina","Arthur Fils",1603.30754160449,1532.47112486716,0,70.8364167373336,0,2,0.550148082103034,1
20230814,"Cincinnati Masters","Hard",FALSE,"Carlos Alcaraz","Novak Djokovic",1855.35527796834,1784.45399341721,0,70.9012845511288,2,2,0.580189407555291,1
20230227,"Acapulco","Hard",FALSE,"Holger Rune","Nuno Borges",1560.49312019974,1489.56772808499,1,70.9253921147492,2,2,0.580222746279597,1
20230828,"Us Open","Hard",TRUE,"Alexander Zverev","Grigor Dimitrov",1728.83291861093,1657.7878606585,1,71.045057952427,2,2,0.651754128499461,1
20230814,"Cincinnati Masters","Hard",FALSE,"Emil Ruusuvuori","Corentin Moutet",1513.46777757921,1442.3955276512,1,71.072249928005,2,1,0.611929807481945,1
20230828,"Us Open","Hard",TRUE,"Daniil Medvedev","Andrey Rublev",1766.17469954705,1694.9489050834,1,71.2257944636572,2,2,0.652161532715064,1
20230612,"s Hertogenbosch","Grass",FALSE,"Milos Raonic","Jordan Thompson",1500,1428.73556571493,0,71.2644342850738,0,0,0.614322511397662,1
20230619,"Halle","Grass",FALSE,"Jannik Sinner","Lorenzo Sonego",1639.52444599784,1568.16205680764,1,71.3623891901993,0,2,0.550887047422465,1
20230828,"Us Open","Hard",TRUE,"Dusan Lajovic","Yibing Wu",1540.34971436281,1468.7022846052,0,71.6474297576008,2,0,0.709830710431984,1
20230220,"Doha","Hard",FALSE,"Jiri Lehecka","Emil Ruusuvuori",1578.01509093118,1506.21250609473,1,71.8025848364521,2,2,0.58143532941277,1
20230731,"Kitzbuhel","Clay",FALSE,"Tomas Martin Etcheverry","Sebastian Baez",1564.8101246725,1492.90344007628,0,71.9066845962118,1,2,0.566676142295265,1
20231127,"NextGen Finals","Hard",FALSE,"Arthur Fils","Flavio Cobolli",1559.88988643987,1487.93074961947,1,71.9591368203944,2,0,0.643680929558291,1
20231030,"Paris Masters","Hard",FALSE,"Hubert Hurkacz","Sebastian Korda",1696.27344675061,1624.01406074781,1,72.2593860027973,2,2,0.582066397855889,1
20230320,"Miami Masters","Hard",FALSE,"Hubert Hurkacz","Adrian Mannarino",1598.56755848144,1526.11769134611,0,72.4498671353276,2,0,0.644319716051432,1
20231106,"Sofia","Hard",FALSE,"Roberto Carballes Baena","Albert Ramos",1469.60719951243,1397.09920552405,0,72.5079939883844,0,0,0.615994034476808,1
20231023,"Basel","Hard",FALSE,"Hubert Hurkacz","Ugo Humbert",1681.05016629848,1608.50853225817,1,72.5416340403115,2,2,0.582456187933953,1
20230724,"Atlanta","Hard",FALSE,"Ethan Quinn","Aleksandar Vukic",1501.32995907251,1428.61777287824,0,72.7121861942687,2,2,0.582691673910827,1
20231016,"Antwerp","Hard",FALSE,"Gregoire Barrere","Daniel Elahi Galan",1478.47745168586,1405.6305885824,1,72.8468631034618,0,2,0.552971438225324,1
20231125,"Davis Cup Finals SF: ITA vs SRB","Hard",FALSE,"Lorenzo Musetti","Miomir Kecmanovic",1552.61269406793,1479.74820852862,0,72.8644855393102,0,0,0.616472707391794,1
20230220,"Marseille","Hard",FALSE,"Filip Krajinovic","Alexander Bublik",1498.04552674215,1425.14682003412,0,72.8987067080275,0,2,0.553044200056855,1
20231016,"Stockholm","Hard",FALSE,"Dino Prizmic","Elias Ymer",1493.34728020106,1420.13900385278,0,73.2082763482792,2,0,0.645305930973393,1
20230424,"Madrid Masters","Clay",FALSE,"Thanasi Kokkinakis","Jaume Munar",1526.08634481742,1452.64744396183,0,73.4389008555834,1,2,0.568811104807223,1
20230403,"Estoril","Clay",FALSE,"Alessandro Giannessi","Fabio Fognini",1500,1426.47995517197,0,73.5200448280314,2,0,0.645710988978055,1
20230522,"Lyon","Clay",FALSE,"Cameron Norrie","Francisco Cerundolo",1626.25154856018,1552.73061759585,0,73.5209309643294,1,2,0.568925332717256,1
20230814,"Cincinnati Masters","Hard",FALSE,"Alejandro Davidovich Fokina","Tomas Martin Etcheverry",1604.54079057396,1530.87711238691,1,73.6636781870457,0,2,0.554117561945705,1
20230724,"Atlanta","Hard",FALSE,"Thanasi Kokkinakis","Gael Monfils",1530.4342860657,1456.44433269018,1,73.9899533755208,2,0,0.646321111951899,1
20230920,"Zhuhai","Hard",FALSE,"Karen Khachanov","Sebastian Korda",1640.20252107527,1565.8877371022,1,74.3147839730727,2,2,0.584902568255837,1
20230508,"Rome Masters","Clay",FALSE,"Daniil Medvedev","Holger Rune",1780.15275778872,1705.67175829994,1,74.4809994887746,1,1,0.602005548564966,1
20231016,"Antwerp","Hard",FALSE,"Arthur Fils","Juan Pablo Varillas",1551.98372509461,1477.21764367032,1,74.7660814242888,2,0,0.647327782709012,1
20231002,"Shanghai Masters","Hard",FALSE,"Tommy Paul","Sebastian Ofner",1600.59504831158,1525.82729051781,1,74.7677577937741,2,0,0.647329955619663,1
20230227,"Dubai","Hard",FALSE,"Borna Coric","Daniel Evans",1533.96929756645,1459.06285700841,1,74.906440558042,2,0,0.647509695149359,1
20230417,"Munich","Clay",FALSE,"Holger Rune","Cristian Garin",1638.37762699581,1563.43545960118,1,74.9421673946238,1,1,0.602632736353591,1
20230424,"Madrid Masters","Clay",FALSE,"Dusan Lajovic","Jason Kubler",1608.84379200793,1533.90157642449,1,74.9422155834359,2,2,0.585767228338984,1
20230116,"Australian Open","Hard",TRUE,"Novak Djokovic","Enzo Couacaud",1574.99889771428,1500,1,74.9988977142771,2,2,0.660615086195559,1
20230913,"Davis Cup Finals RR: AUS vs GBR","Hard",FALSE,"Jack Draper","Thanasi Kokkinakis",1577.08595130646,1502.03958746066,1,75.0463638457954,2,2,0.585910703510156,1
20230920,"Zhuhai","Hard",FALSE,"Sebastian Korda","Alexandre Muller",1554.08413845498,1478.89570908509,1,75.1884293698929,2,1,0.617464954197785,1
20230731,"Los Cabos","Hard",FALSE,"Tommy Paul","Felipe Meligeni Alves",1573.43935362139,1498.17488530839,1,75.2644683130013,2,2,0.586211118069719,1
20230203,"Davis Cup QLS R1: GBR vs COL","Clay",FALSE,"Cameron Norrie","Nicolas Mejia",1575.3169683979,1500,1,75.3169683978979,1,0,0.634016030369236,1
20230424,"Madrid Masters","Clay",FALSE,"Jaume Munar","Daniel Altmaier",1504.94751875578,1429.60107675585,0,75.3464419999316,2,1,0.617676842404263,1
20230410,"Monte Carlo Masters","Clay",FALSE,"Mackenzie Mcdonald","Ivan Gakhov",1567.31520084825,1491.81342639206,0,75.5017744561901,2,0,0.648280801709281,1
20230508,"Rome Masters","Clay",FALSE,"Jason Kubler","Marc Andrea Huesler",1522.087829034,1446.42842011599,1,75.6594089180103,2,1,0.618096385592472,1
20230213,"Rotterdam","Hard",FALSE,"Tallon Griekspoor","Gijs Brouwer",1575.73713763283,1500,1,75.7371376328258,2,2,0.586861946908191,1
20230703,"Wimbledon","Grass",TRUE,"Tommy Paul","Milos Raonic",1573.39536107631,1497.59584820183,1,75.7995128744719,0,0,0.69293899740672,1
20230717,"Newport","Grass",FALSE,"Adrian Mannarino","Rinky Hijikata",1606.66157062484,1530.33085636532,1,76.3307142595177,2,2,0.587678825750184,1
20230626,"Mallorca","Grass",FALSE,"Alejandro Davidovich Fokina","Pavel Kotov",1571.50609371117,1495.07131901269,0,76.4347746984822,2,2,0.587821983894616,1
20230220,"Doha","Hard",FALSE,"Jiri Lehecka","Andy Murray",1583.76910014436,1507.31326067016,0,76.4558394742016,2,0,0.649514942433264,1
20230220,"Doha","Hard",FALSE,"Daniil Medvedev","Felix Auger Aliassime",1622.12861682604,1545.43757430587,1,76.6910425201713,2,2,0.58817447356373,1
20230320,"Miami Masters","Hard",FALSE,"Jiri Lehecka","Lorenzo Musetti",1549.76250107654,1473.00198135815,1,76.7605197183934,2,0,0.64990864456123,1
20230814,"Cincinnati Masters","Hard",FALSE,"Frances Tiafoe","Stan Wawrinka",1647.27102256721,1570.17419324755,0,77.0968293196554,2,0,0.65034298050615,1
20230424,"Madrid Masters","Clay",FALSE,"Ilya Ivashka","Albert Ramos",1463.08166678059,1385.83630586467,0,77.2453609159254,2,2,0.588936614166076,1
20230612,"s Hertogenbosch","Grass",FALSE,"Emil Ruusuvuori","Brandon Nakashima",1569.81984406428,1492.51257586197,1,77.3072682023073,0,2,0.559222936455764,1
20230717,"Newport","Grass",FALSE,"Adrian Mannarino","Alex Michelsen",1573.22155217553,1495.7600346044,1,77.4615175711376,2,2,0.589233695757739,1
20230508,"Rome Masters","Clay",FALSE,"Stan Wawrinka","Ilya Ivashka",1522.4617476278,1444.80060087824,1,77.661146749565,1,2,0.574680857511383,1
20230417,"Barcelona","Clay",FALSE,"Nicolas Jarry","Marco Trungelliti",1577.66663866489,1500,1,77.6666386648865,1,0,0.637106071438926,1
20230306,"Indian Wells Masters","Hard",FALSE,"Cameron Norrie","Andrey Rublev",1651.04695095631,1573.27829308937,1,77.7686578669368,2,2,0.589655711578742,1
20230529,"Roland Garros","Clay",TRUE,"Marco Cecchinato","Luca Van Assche",1531.56453935115,1453.78309145871,0,77.7814478924429,2,2,0.666784741434312,1
20230703,"Wimbledon","Grass",TRUE,"Alejandro Davidovich Fokina","Botic Van De Zandschulp",1553.25836616517,1475.22660560305,1,78.0317605621194,2,1,0.695736070959621,1
20230306,"Indian Wells Masters","Hard",FALSE,"Laslo Djere","Oscar Otte",1527.6369933802,1449.49898607203,0,78.1380073081762,2,0,0.651686054208453,1
20230227,"Dubai","Hard",FALSE,"Hubert Hurkacz","Alexander Shevchenko",1578.26623569676,1500,1,78.2662356967605,2,0,0.6518512970798,1
20231002,"Shanghai Masters","Hard",FALSE,"Ugo Humbert","J J Wolf",1597.45580317313,1519.01905896253,1,78.4367442106025,2,0,0.652070968089477,1
20230508,"Rome Masters","Clay",FALSE,"Marton Fucsovics","Filip Krajinovic",1498.28486333865,1419.75899690803,1,78.5258664306143,0,2,0.560927691915025,1
20230306,"Indian Wells Masters","Hard",FALSE,"Botic Van De Zandschulp","Ilya Ivashka",1535.54725730581,1456.95540070667,0,78.5918565991383,2,1,0.622018808027331,1
20230213,"Delray Beach","Hard",FALSE,"Tommy Paul","Denis Kudla",1576.69138049521,1498.09435009145,1,78.597030403758,2,0,0.652277410420195,1
20230626,"Mallorca","Grass",FALSE,"Roberto Carballes Baena","Corentin Moutet",1525.6152137375,1446.86927768629,0,78.7459360512114,2,2,0.590997627268058,1
20230403,"Estoril","Clay",FALSE,"Hubert Hurkacz","Bernabe Zapata Miralles",1580.48420908053,1501.64197871955,0,78.8422303609825,1,2,0.57631910862332,1
20230522,"Lyon","Clay",FALSE,"Cameron Norrie","Sebastian Baez",1608.12393967164,1529.21930505474,1,78.9046346169052,1,2,0.576405621667352,1
20230227,"Dubai","Hard",FALSE,"Felix Auger Aliassime","Lorenzo Sonego",1547.9043203181,1468.93679559335,0,78.9675247247451,2,2,0.591301706376199,1
20230927,"Beijing","Hard",FALSE,"Tomas Martin Etcheverry","Lloyd Harris",1545.20129235914,1465.65885497736,1,79.5424373817812,2,2,0.592090314531593,1
20230320,"Miami Masters","Hard",FALSE,"Taro Daniel","Arthur Rinderknech",1527.88423397791,1448.33757412323,1,79.5466598546855,0,2,0.562354624576029,1
20230417,"Banja Luka","Clay",FALSE,"Tallon Griekspoor","Alexei Popyrin",1569.53326007223,1489.73277882975,0,79.8004812424836,1,1,0.609219201131391,1
20230204,"Davis Cup QLS R1: NED vs SVK","Hard",FALSE,"Tallon Griekspoor","Lukas Klein",1579.82372476847,1500,1,79.8237247684747,2,0,0.65385544577765,1
20230417,"Barcelona","Clay",FALSE,"Carlos Alcaraz","Stefanos Tsitsipas",1728.85519678441,1649.02547727557,1,79.8297195088385,1,1,0.609258722117991,1
20230403,"Estoril","Clay",FALSE,"Jurij Rodionov","Albert Ramos",1500,1419.65623334394,1,80.3437666560628,1,2,0.578399427245937,1
20231113,"Tour Finals","Hard",FALSE,"Novak Djokovic","Carlos Alcaraz",1903.60822908138,1823.07763114952,1,80.5305979318628,2,2,0.593444665589404,1
20230828,"Us Open","Hard",TRUE,"Mackenzie Mcdonald","Borna Gojo",1582.43848002528,1501.86084250771,0,80.5776375175608,2,2,0.672927596345118,1
20230403,"Marrakech","Clay",FALSE,"Alexandre Muller","Lorenzo Musetti",1541.9033661645,1461.26311044046,1,80.6402557240417,2,2,0.59359487299574,1
20230417,"Barcelona","Clay",FALSE,"Mackenzie Mcdonald","Ben Shelton",1549.1058880847,1467.65794277522,0,81.4479453094752,2,1,0.625823807982826,1
20230227,"Acapulco","Hard",FALSE,"Tommy Paul","Emilio Gomez",1595.7431740149,1514.22934811941,1,81.5138258954876,2,1,0.625911395552575,1
20230814,"Cincinnati Masters","Hard",FALSE,"Matteo Berrettini","Felix Auger Aliassime",1553.22837999741,1471.67377452443,0,81.55460547298,2,2,0.594846649974357,1
20230410,"Monte Carlo Masters","Clay",FALSE,"Taylor Fritz","Jiri Lehecka",1654.30838964202,1572.27971494562,1,82.0286746963989,1,2,0.580730487892723,1
20230920,"Chengdu","Hard",FALSE,"Alexander Bublik","Marcos Giron",1544.6857614274,1462.60560266888,0,82.080158758519,2,2,0.595565594244813,1
20230731,"Kitzbuhel","Clay",FALSE,"Daniel Altmaier","Daniel Elahi Galan",1485.30403760629,1402.62579878833,0,82.678238817959,1,1,0.613102083765271,1
20231127,"NextGen Finals","Hard",FALSE,"Hamad Medjedovic","Luca Van Assche",1559.39486963719,1476.38827373083,1,83.006595906354,2,0,0.657934109611131,1
20230220,"Marseille","Hard",FALSE,"Jannik Sinner","Arthur Fils",1628.05215302489,1544.84793670302,0,83.204216321871,2,2,0.597101898413478,1
20230424,"Madrid Masters","Clay",FALSE,"Christopher Oconnell","Filip Krajinovic",1514.54932921835,1431.22918688271,1,83.3201423356388,1,2,0.582514795457386,1
20230508,"Rome Masters","Clay",FALSE,"Alex De Minaur","Marton Fucsovics",1574.10308506401,1490.6648199973,0,83.4382650667094,0,0,0.630564358293933,1
20230410,"Monte Carlo Masters","Clay",FALSE,"Richard Gasquet","Dominic Thiem",1507.9831323089,1424.1198496444,0,83.8632826645007,0,1,0.600162479506353,1
20230828,"Us Open","Hard",TRUE,"Adrian Mannarino","Yosuke Watanuki",1601.25840112495,1517.38491174585,1,83.8734893791009,0,0,0.709736198736367,1
20231016,"Tokyo","Hard",FALSE,"Alexei Popyrin","Shintaro Mochizuki",1561.99880684614,1478.01483317614,0,83.9839736699935,2,0,0.65918192485842,1
20230508,"Rome Masters","Clay",FALSE,"Cristian Garin","Laslo Djere",1581.56786879203,1497.21646376166,0,84.3514050303615,1,1,0.615353085677283,1
20230204,"Davis Cup QLS R1: BEL vs KOR","Hard",FALSE,"Soon Woo Kwon","Zizou Bergs",1540.06456467377,1455.64864321447,0,84.4159214593071,0,0,0.631856517232742,1
20230828,"Us Open","Hard",TRUE,"Andy Murray","Corentin Moutet",1514.86250236623,1430.42186746176,1,84.4406349044775,0,1,0.683267222128321,1
20230927,"Beijing","Hard",FALSE,"Grigor Dimitrov","Mackenzie Mcdonald",1654.30205555653,1569.6033433717,1,84.6987121848272,2,2,0.599141546928622,1
20230619,"Halle","Grass",FALSE,"Hubert Hurkacz","Christopher Eubanks",1573.0085492098,1488.29133451284,1,84.7172146969522,0,0,0.632254353297351,1
20230410,"Monte Carlo Masters","Clay",FALSE,"Holger Rune","Matteo Berrettini",1590.82264422542,1506.04914077104,1,84.7735034543853,1,1,0.615920182676122,1
20230529,"Roland Garros","Clay",TRUE,"Karen Khachanov","Thanasi Kokkinakis",1626.62315863544,1541.84507630917,1,84.7780823262731,1,1,0.69701774757805,1
20230306,"Indian Wells Masters","Hard",FALSE,"Mackenzie Mcdonald","Filip Krajinovic",1552.70234254388,1467.84900795986,1,84.8533345840128,2,0,0.660289984845338,1
20230703,"Wimbledon","Grass",TRUE,"Tommy Paul","Shintaro Mochizuki",1585.1737845916,1500,1,85.173784591597,0,2,0.655928225628829,1
20230731,"Los Cabos","Hard",FALSE,"Alex De Minaur","Dominik Koepfer",1622.27169594913,1537.05848507818,1,85.2132108709486,0,0,0.63290888836869,1
20230724,"Hamburg","Clay",FALSE,"Francisco Cerundolo","Yannick Hanfmann",1647.90923874153,1562.67749148872,0,85.231747252818,2,1,0.630840816407279,1
20231002,"Shanghai Masters","Hard",FALSE,"Stefanos Tsitsipas","Rinky Hijikata",1624.4180029738,1539.09424959474,1,85.3237533790611,2,1,0.630962462384262,1
20230508,"Rome Masters","Clay",FALSE,"Taylor Fritz","Yannick Hanfmann",1662.56060410092,1577.13838299624,0,85.4222211046824,1,1,0.61679113221237,1
20230403,"Estoril","Clay",FALSE,"Quentin Halys","Dominic Thiem",1510.9111936815,1425.29489211314,1,85.6163015683687,1,1,0.617051553688092,1
20230508,"Rome Masters","Clay",FALSE,"Novak Djokovic","Tomas Martin Etcheverry",1645.20158972653,1559.52394498453,1,85.6776447419954,1,1,0.61713385135607,1
20230403,"Estoril","Clay",FALSE,"Giulio Zeppieri","Joao Sousa",1500,1414.29593525635,0,85.7040647436486,1,0,0.647589466748384,1
20230724,"Hamburg","Clay",FALSE,"Yannick Hanfmann","Zhizhen Zhang",1581.34011355982,1494.7560985791,0,86.5840149807207,1,1,0.618349047952138,1
20230612,"s Hertogenbosch","Grass",FALSE,"Adrian Mannarino","Jordan Thompson",1522.5335935702,1435.852729385,0,86.6808641851947,2,0,0.662613572722274,1
20230203,"Davis Cup QLS R1: GBR vs COL","Clay",FALSE,"Cameron Norrie","Nicolas Barrientos",1587.11526998211,1500,1,87.115269982113,1,1,0.619060629991111,1
20230508,"Rome Masters","Clay",FALSE,"Daniil Medvedev","Stefanos Tsitsipas",1748.37236326618,1661.18404901825,1,87.1883142479285,1,1,0.619158428212896,1
20230916,"Davis Cup Finals RR: USA vs FIN","Hard",FALSE,"Tommy Paul","Emil Ruusuvuori",1624.8110366943,1537.40975319624,0,87.4012834980551,2,2,0.602821194200898,1
20230703,"Wimbledon","Grass",TRUE,"Tomas Martin Etcheverry","Bernabe Zapata Miralles",1581.96656674951,1494.53300920806,1,87.4335575414573,2,2,0.687737605119213,1
20230213,"Rotterdam","Hard",FALSE,"Daniil Medvedev","Alejandro Davidovich Fokina",1599.73428926424,1512.26166956808,1,87.4726196961574,2,0,0.663617814248282,1
20230529,"Roland Garros","Clay",TRUE,"Borna Coric","Pedro Cachin",1562.94777919456,1475.44799668639,1,87.4997825081693,1,1,0.702697062886422,1
20230306,"Indian Wells Masters","Hard",FALSE,"Daniil Medvedev","Frances Tiafoe",1685.66865795301,1598.03930198846,1,87.6293559645519,2,2,0.603131197839718,1
20230807,"Canada Masters","Hard",FALSE,"Andy Murray","Max Purcell",1495.65003032385,1407.77604714288,1,87.873983180971,0,2,0.573954575063813,1
20230508,"Rome Masters","Clay",FALSE,"Borna Coric","Thiago Monteiro",1556.97312728182,1469.07634603437,1,87.8967812474507,1,1,0.620106484886364,1
20230417,"Barcelona","Clay",FALSE,"Tomas Martin Etcheverry","Pablo Andujar",1544.25355286495,1456.34423377179,1,87.9093190931594,1,0,0.650441647868129,1
20230612,"s Hertogenbosch","Grass",FALSE,"Borna Coric","Mackenzie Mcdonald",1574.24800150083,1485.96056697768,0,88.2874345231446,1,2,0.589357168828422,1
20230807,"Canada Masters","Hard",FALSE,"Christopher Eubanks","Gael Monfils",1592.59732311971,1504.22856024426,0,88.3687628754471,2,0,0.664752676959969,1
20230529,"Roland Garros","Clay",TRUE,"Matteo Arnaldi","Daniel Elahi Galan",1488.0155795989,1399.62394291557,1,88.391636683323,0,1,0.691699618010417,1
20230619,"Halle","Grass",FALSE,"Laslo Djere","Oscar Otte",1512.40737435907,1423.91114010948,1,88.4962342495969,0,0,0.637228842327773,1
20230731,"Washington","Hard",FALSE,"Hubert Hurkacz","Michael Mmoh",1597.03201986691,1508.41850819216,0,88.6135116747507,2,2,0.604467942553007,1
20230731,"Kitzbuhel","Clay",FALSE,"Pedro Cachin","Albert Ramos",1511.09968982999,1422.42389541531,1,88.6757944146873,1,2,0.589890710917144,1
20230821,"Winston-Salem","Hard",FALSE,"Roman Safiullin","Juan Manuel Cerundolo",1514.22403167895,1425.54454277019,0,88.6794889087562,2,1,0.635387771428243,1
20230320,"Miami Masters","Hard",FALSE,"Stefanos Tsitsipas","Cristian Garin",1593.05637677927,1504.23877084427,1,88.8176059350051,2,2,0.604744962070626,1
20230417,"Banja Luka","Clay",FALSE,"Jiri Lehecka","Radu Albot",1581.38831597529,1492.56694458757,1,88.8213713877265,2,2,0.604750072332258,1
20230320,"Miami Masters","Hard",FALSE,"Adrian Mannarino","Christopher Eubanks",1544.87312759431,1455.99930392741,0,88.8738236668955,0,2,0.575342154723365,1
20230612,"Stuttgart","Grass",FALSE,"Lorenzo Musetti","Gregoire Barrere",1609.83537876891,1520.61390419344,1,89.2214745754663,0,2,0.575824348086896,1
20230417,"Banja Luka","Clay",FALSE,"Stan Wawrinka","Luca Van Assche",1554.90054276716,1465.66589264063,0,89.2346501265217,1,2,0.590658114590799,1
20230529,"Roland Garros","Clay",TRUE,"Novak Djokovic","Casper Ruud",1705.07330078848,1615.80735707602,1,89.2659437124578,1,1,0.706349418839758,1
20230410,"Monte Carlo Masters","Clay",FALSE,"Alexander Zverev","Alexander Bublik",1518.73098616156,1428.92470439372,1,89.8062817678378,1,1,0.622657163669188,1
20230619,"Queen's Club","Grass",FALSE,"J J Wolf","Ben Shelton",1512.73644438629,1422.90209315765,0,89.8343512286424,0,0,0.638983307887121,1
20230417,"Barcelona","Clay",FALSE,"Emilio Gomez","Albert Ramos",1486.89867965896,1397.04108746905,1,89.8575921899157,0,2,0.576706271815577,1
20230522,"Geneva","Clay",FALSE,"Adrian Mannarino","Ilya Ivashka",1523.00487264542,1433.09875433379,0,89.9061183116294,2,2,0.606221273038824,1
20230320,"Miami Masters","Hard",FALSE,"Marton Fucsovics","Pedro Cachin",1502.07726032883,1411.66072654117,1,90.4165337876605,0,2,0.577480794432143,1
20230717,"Newport","Grass",FALSE,"Alex Michelsen","Maxime Cressy",1484.58410093367,1394.01224937472,1,90.5718515589592,2,0,0.667534534544607,1
20230403,"Houston","Clay",FALSE,"Cristian Garin","Zizou Bergs",1525.10437656743,1434.31067589437,1,90.7937006730533,1,1,0.62397349158823,1
20231002,"Shanghai Masters","Hard",FALSE,"Hubert Hurkacz","Fabian Marozsan",1651.77345069734,1560.91614640039,1,90.8573042969431,2,2,0.607509747991927,1
20230508,"Rome Masters","Clay",FALSE,"Francesco Passaro","Albert Ramos",1486.39947484626,1395.40668997341,0,90.992784872853,1,2,0.593069437113263,1
20230724,"Umag","Clay",FALSE,"Jiri Lehecka","Matteo Arnaldi",1613.62406413542,1522.09919494536,0,91.524869190062,2,0,0.668734320760219,1
20230731,"Washington","Hard",FALSE,"Christopher Eubanks","Jordan Thompson",1611.46277581285,1519.86490934888,0,91.5978664639656,2,0,0.66882612940064,1
20230508,"Rome Masters","Clay",FALSE,"Adrian Mannarino","Thiago Monteiro",1541.87302425839,1450.2081944214,0,91.6648298369889,2,1,0.639305509426068,1
20230227,"Santiago","Clay",FALSE,"Nicolas Jarry","Yannick Hanfmann",1590.41711311849,1498.53581521912,1,91.8812978993701,1,1,0.625421250352053,1
20230828,"Us Open","Hard",TRUE,"Alex Michelsen","Albert Ramos",1521.67812100879,1429.73282270621,1,91.9452983025722,2,0,0.749547975174708,1
20230828,"Us Open","Hard",TRUE,"Mackenzie Mcdonald","Felix Auger Aliassime",1571.31900603823,1479.34706746964,1,91.9719385685923,2,2,0.69733687768861,1
20230612,"Stuttgart","Grass",FALSE,"Frances Tiafoe","Marton Fucsovics",1645.57253997029,1553.525255142,1,92.0472848282855,0,0,0.641876644631463,1
20230724,"Atlanta","Hard",FALSE,"Taylor Fritz","J J Wolf",1607.62361408554,1515.11014081458,1,92.5134732709616,2,0,0.66997659482561,1
20230828,"Us Open","Hard",TRUE,"Jiri Lehecka","Aslan Karatsev",1609.61878784094,1517.08096990282,0,92.537817938123,2,0,0.750651332820517,1
20230529,"Roland Garros","Clay",TRUE,"Casper Ruud","Zhizhen Zhang",1614.32649556689,1521.19577399068,1,93.1307215762124,1,1,0.714249349278855,1
20230717,"Gstaad","Clay",FALSE,"Arthur Fils","Dominic Stricker",1572.55877467128,1479.34214562085,0,93.2166290504342,1,0,0.657261620589007,1
20231016,"Tokyo","Hard",FALSE,"Tomas Martin Etcheverry","Shintaro Mochizuki",1528.75753134997,1435.39023142294,0,93.3672999270236,2,0,0.671047602908849,1
20230828,"Us Open","Hard",TRUE,"Alexei Popyrin","Dominic Stricker",1591.79475567806,1498.27276612497,0,93.5219895530868,2,0,0.75247681673881,1
20230828,"Us Open","Hard",TRUE,"Jannik Sinner","Stan Wawrinka",1704.80887288854,1611.19671349179,1,93.6121593967484,2,0,0.752643618400799,1
20230116,"Australian Open","Hard",TRUE,"Stefanos Tsitsipas","Quentin Halys",1608.80350692818,1514.97211242149,1,93.8313945066936,2,2,0.701221276395852,1
20230821,"Winston-Salem","Hard",FALSE,"Sebastian Korda","Richard Gasquet",1525.62503345347,1431.77670130492,1,93.8483321485469,2,0,0.671650210613302,1
20230917,"Davis Cup Finals RR: ITA vs SWE","Hard",FALSE,"Lorenzo Sonego","Elias Ymer",1518.85811303282,1424.94127968636,1,93.9168333464586,2,0,0.671735978814351,1
20230508,"Rome Masters","Clay",FALSE,"Cristian Garin","Pedro Cachin",1562.99603056453,1469.01223423903,1,93.9837963255061,1,1,0.628213625658479,1
20230807,"Canada Masters","Hard",FALSE,"Felix Auger Aliassime","Max Purcell",1490.6419362427,1396.49099348602,0,94.15094275668,2,2,0.611959649409437,1
20230306,"Indian Wells Masters","Hard",FALSE,"Daniil Medvedev","Carlos Alcaraz",1704.64062904521,1610.39480568988,0,94.2458233553284,2,2,0.612087566367679,1
20230717,"Gstaad","Clay",FALSE,"Fabio Fognini","Albert Ramos",1483.77894399933,1389.36578183914,0,94.413162160193,0,2,0.583007591261629,1
20231016,"Tokyo","Hard",FALSE,"Mackenzie Mcdonald","Max Purcell",1554.70990222216,1460.29237078047,1,94.4175314416946,2,2,0.612319021999027,1
20230920,"Chengdu","Hard",FALSE,"Roman Safiullin","Brandon Nakashima",1544.04355220286,1449.48518799295,1,94.5583642099107,2,2,0.612508821107858,1
20230828,"Us Open","Hard",TRUE,"Nicolas Jarry","Alex Michelsen",1627.50578567005,1532.79866819406,1,94.707117475989,2,2,0.703040715261215,1
20230807,"Canada Masters","Hard",FALSE,"Cristian Garin","Miomir Kecmanovic",1552.63848444167,1457.83736617374,0,94.8011182679304,2,0,0.672842134184862,1
20230814,"Cincinnati Masters","Hard",FALSE,"Novak Djokovic","Alexander Zverev",1773.45218680513,1678.55286782888,1,94.8993189762473,2,2,0.612968181403274,1
20230227,"Santiago","Clay",FALSE,"Laslo Djere","Joao Sousa",1532.02028183944,1437.09314941043,1,94.927132429005,1,0,0.65944603978647,1
20230320,"Miami Masters","Hard",FALSE,"Felix Auger Aliassime","Thiago Monteiro",1557.76984612814,1462.65272879157,1,95.1171173365735,2,2,0.613261510890224,1
20231016,"Stockholm","Hard",FALSE,"Adrian Mannarino","Roman Safiullin",1669.92966610195,1574.67864449824,1,95.2510216037149,0,2,0.584163646227694,1
20230213,"Rotterdam","Hard",FALSE,"Tallon Griekspoor","Mikael Ymer",1597.9005018352,1502.541898392,1,95.3586034431974,2,1,0.644127347515489,1
20230508,"Rome Masters","Clay",FALSE,"Laslo Djere","Constant Lestienne",1515.78830198916,1420.23568893608,1,95.5526130530811,1,0,0.660243134615996,1
20231106,"Metz","Hard",FALSE,"Lorenzo Sonego","Fabio Fognini",1546.78379232959,1451.19301886011,0,95.5907734694858,2,1,0.644429458957177,1
20230206,"Montpellier","Hard",FALSE,"Jannik Sinner","Lorenzo Sonego",1569.8148487384,1474.20302213238,1,95.6118266060189,2,2,0.613927476742771,1
20231113,"Tour Finals","Hard",FALSE,"Novak Djokovic","Jannik Sinner",1900.62904599915,1804.95523515017,1,95.6738108489787,2,2,0.61401088846436,1
20230703,"Wimbledon","Grass",TRUE,"Stefanos Tsitsipas","Christopher Eubanks",1646.50509230312,1550.74421226656,0,95.7608800365576,0,0,0.733449229266947,1
20230522,"Geneva","Clay",FALSE,"Adrian Mannarino","Filip Krajinovic",1504.20769339494,1408.0926589149,1,96.1150344800426,2,2,0.614604446071972,1
20230508,"Rome Masters","Clay",FALSE,"Stefanos Tsitsipas","Borna Coric",1649.87119484351,1553.68260721163,1,96.1885876318781,1,1,0.631132688147437,1
20231030,"Paris Masters","Hard",FALSE,"Andrey Rublev","Alex De Minaur",1739.5344281471,1643.25185110183,1,96.2825770452675,2,0,0.674690993477729,1
20231016,"Tokyo","Hard",FALSE,"Karen Khachanov","Alexei Popyrin",1639.39411757254,1542.93826166039,0,96.4558559121547,2,2,0.615062704110158,1
20230828,"Us Open","Hard",TRUE,"Hubert Hurkacz","Jack Draper",1649.57709022639,1553.00687806506,0,96.5702121613288,2,2,0.706890170457285,1
20231023,"Basel","Hard",FALSE,"Stan Wawrinka","Alexander Shevchenko",1558.20251140373,1461.52394962196,0,96.6785617817716,0,0,0.647898357934694,1
20230612,"s Hertogenbosch","Grass",FALSE,"Tallon Griekspoor","Jordan Thompson",1543.7838287001,1446.76986415797,1,97.0139645421298,0,0,0.648332664471055,1
20230508,"Rome Masters","Clay",FALSE,"Cameron Norrie","Marton Fucsovics",1606.2772326357,1509.19944700146,1,97.0777856342393,1,0,0.662182963513874,1
20230320,"Miami Masters","Hard",FALSE,"Jason Kubler","Thiago Monteiro",1540.78387696493,1443.5615350747,0,97.2223418902292,2,2,0.616092551169728,1
20231023,"Basel","Hard",FALSE,"Ugo Humbert","Dominic Stricker",1596.59567594468,1499.02804276384,1,97.5676331808361,2,0,0.676290349746872,1
20230828,"Us Open","Hard",TRUE,"Karen Khachanov","Michael Mmoh",1638.03394887891,1540.01317588486,0,98.020772994045,2,2,0.709866947011813,1
20230227,"Santiago","Clay",FALSE,"Nicolas Jarry","Jaume Munar",1579.55129890915,1481.25221423762,1,98.2990846715261,1,2,0.603041041260034,1
20230424,"Madrid Masters","Clay",FALSE,"Alex De Minaur","Aslan Karatsev",1593.25062616265,1494.61668194294,0,98.6339442197041,0,1,0.620107954815983,1
20230626,"Eastbourne","Grass",FALSE,"Ryan Peniston","Marc Andrea Huesler",1506.63115607391,1407.84879060789,0,98.7823654660203,1,0,0.664344534968223,1
20230703,"Wimbledon","Grass",TRUE,"Lorenzo Musetti","Juan Pablo Varillas",1597.4649612603,1498.49511782053,1,98.9698434397783,0,1,0.713646793274848,1
20231016,"Stockholm","Hard",FALSE,"Adrian Mannarino","Gael Monfils",1680.91737109256,1581.74024624084,0,99.1771248517227,0,0,0.651127781167128,1
20231016,"Antwerp","Hard",FALSE,"Fabian Marozsan","Juan Pablo Varillas",1564.86028363217,1465.39663428952,0,99.4636493426526,2,0,0.678642583640156,1
20230814,"Cincinnati Masters","Hard",FALSE,"Nicolas Jarry","Roman Safiullin",1624.82207123652,1525.03037036652,1,99.7917008700028,2,2,0.619537096767999,1
20231023,"Basel","Hard",FALSE,"Holger Rune","Miomir Kecmanovic",1598.13799219965,1497.8519589178,1,100.286033281847,2,0,0.679660046094762,1
20230828,"Us Open","Hard",TRUE,"Francisco Cerundolo","Jiri Vesely",1612.56782317564,1512.26200210914,0,100.305821066494,1,2,0.701924908952241,1
20230731,"Washington","Hard",FALSE,"Taylor Fritz","Jordan Thompson",1639.06356532118,1538.73036204201,1,100.333203279161,2,0,0.679718353677565,1
20230814,"Cincinnati Masters","Hard",FALSE,"Adrian Mannarino","Felix Auger Aliassime",1590.47397299688,1490.13149559771,1,100.34247739917,0,2,0.591168364378808,1
20230619,"Queen's Club","Grass",FALSE,"Holger Rune","Lorenzo Musetti",1706.99376538903,1606.49471048141,1,100.499054907621,0,0,0.652830817626283,1
20230916,"Davis Cup Finals RR: USA vs FIN","Hard",FALSE,"Mackenzie Mcdonald","Otto Virtanen",1576.35893886221,1475.70626910933,0,100.652669752887,2,2,0.620688665218808,1
20230920,"Zhuhai","Hard",FALSE,"Jan Lennard Struff","Yoshihito Nishioka",1611.02578518163,1510.29549986738,0,100.730285314253,2,0,0.680208970468319,1
20230403,"Estoril","Clay",FALSE,"Sebastian Baez","Pedro Cachin",1501.80634124885,1400.47852236828,1,101.327818880568,2,1,0.651857769970347,1
20230403,"Houston","Clay",FALSE,"Frances Tiafoe","Tomas Martin Etcheverry",1616.51809117104,1515.12148966879,1,101.396601502247,1,1,0.637989590083572,1
20230828,"Us Open","Hard",TRUE,"Matteo Berrettini","Arthur Rinderknech",1550.13984800117,1448.17728335877,0,101.962564642402,2,2,0.717865043395094,1
20230724,"Hamburg","Clay",FALSE,"Casper Ruud","Arthur Fils",1645.61012728418,1542.68989827386,0,102.920229010314,1,1,0.639985173427616,1
20230912,"Davis Cup Finals RR: SRB vs KOR","Hard",FALSE,"Laslo Djere","Soon Woo Kwon",1605.36306729192,1502.33823077089,1,103.024836521031,2,0,0.683036187022521,1
20231030,"Paris Masters","Hard",FALSE,"Nicolas Jarry","Alexander Bublik",1665.73621958256,1562.70954867272,0,103.026670909837,2,2,0.623856885077491,1
20231023,"Basel","Hard",FALSE,"Alex De Minaur","Tallon Griekspoor",1653.77250371554,1550.65189280759,0,103.120610907953,0,2,0.59497510202762,1
20230703,"Wimbledon","Grass",TRUE,"Sebastian Korda","Jiri Vesely",1581.45247879219,1478.29870683306,0,103.153771959123,0,0,0.747558935197378,1
20230529,"Roland Garros","Clay",TRUE,"Francisco Cerundolo","Jaume Munar",1575.48046574502,1472.29997626689,1,103.180489478124,2,2,0.720309036211369,1
20230717,"Bastad","Clay",FALSE,"Alejandro Davidovich Fokina","Jozef Kovalik",1571.80277880365,1468.0371367636,0,103.765642040053,2,2,0.624840933637696,1
20230612,"s Hertogenbosch","Grass",FALSE,"Arthur Fils","Adrian Mannarino",1607.94099815212,1503.8670397462,0,104.073958405921,0,2,0.596278823179849,1
20230619,"Queen's Club","Grass",FALSE,"Lorenzo Musetti","Jan Choinski",1604.10408240627,1500,1,104.104082406275,0,2,0.596319996287073,1
20230703,"Wimbledon","Grass",TRUE,"Dominik Koepfer","Oscar Otte",1500,1395.7483410739,0,104.251658926095,2,0,0.77179163018657,1
20230403,"Houston","Clay",FALSE,"Frances Tiafoe","Gijs Brouwer",1627.26063944734,1522.79035436944,1,104.470285077898,1,1,0.642010417764516,1
20230204,"Davis Cup QLS R1: CZE vs POR","Clay",FALSE,"Jiri Lehecka","Joao Sousa",1562.4922894751,1458.01670783489,1,104.475581640208,2,0,0.684816781489572,1
20230508,"Rome Masters","Clay",FALSE,"Sebastian Korda","Roman Safiullin",1563.65100373567,1458.97053131474,0,104.68047242093,2,2,0.626057736525673,1
20230731,"Washington","Hard",FALSE,"Alexander Shevchenko","Maxime Cressy",1498.28636253933,1393.52510799033,1,104.761254549002,0,2,0.597217872429314,1
20230807,"Canada Masters","Hard",FALSE,"Taylor Fritz","Ugo Humbert",1633.6035360834,1528.84053432404,1,104.763001759365,2,2,0.626167429516635,1
20230731,"Washington","Hard",FALSE,"Grigor Dimitrov","Emil Ruusuvuori",1622.12198302108,1517.22800796656,1,104.893975054526,2,2,0.626341484649774,1
20231002,"Shanghai Masters","Hard",FALSE,"Ugo Humbert","Botic Van De Zandschulp",1597.90796875683,1492.92390353087,1,104.984065225963,2,2,0.626461189744731,1
20230424,"Madrid Masters","Clay",FALSE,"Stefanos Tsitsipas","Jan Lennard Struff",1671.69167595113,1566.60905694187,0,105.082619009251,1,1,0.64280908012718,1
20230522,"Lyon","Clay",FALSE,"Arthur Fils","Brandon Nakashima",1591.47037727881,1486.08077641728,1,105.389600861534,1,1,0.643209176075488,1
20230626,"Eastbourne","Grass",FALSE,"Tomas Martin Etcheverry","J J Wolf",1601.38812330245,1495.84321724791,0,105.544906054535,2,0,0.686125769959524,1
20230529,"Roland Garros","Clay",TRUE,"Alejandro Davidovich Fokina","Luca Van Assche",1570.3222492153,1464.34447665328,1,105.977772562023,2,2,0.725872990611763,1
20230619,"Halle","Grass",FALSE,"Jan Lennard Struff","Alexander Bublik",1618.27486043561,1512.1965881407,0,106.078272294916,0,0,0.659975101783043,1
20230306,"Indian Wells Masters","Hard",FALSE,"Frances Tiafoe","Alejandro Tabilo",1605.25339961696,1498.72066401891,1,106.532735598044,2,2,0.628516515564357,1
20230403,"Marrakech","Clay",FALSE,"Tallon Griekspoor","Elias Ymer",1593.94709972309,1487.40102392714,1,106.546075795953,1,0,0.67410181977462,1
20230213,"Buenos Aires","Clay",FALSE,"Cameron Norrie","Juan Pablo Varillas",1620.41364039769,1513.73824775781,1,106.675392639872,1,2,0.614368117940645,1
20230213,"Buenos Aires","Clay",FALSE,"Cameron Norrie","Tomas Martin Etcheverry",1609.88360514948,1503.10946901556,1,106.774136133917,1,1,0.645011182315593,1
20230529,"Roland Garros","Clay",TRUE,"Holger Rune","Casper Ruud",1704.32589300353,1596.28771974002,0,108.038173263513,1,1,0.743493226577302,1
20230612,"Stuttgart","Grass",FALSE,"Jan Lennard Struff","Richard Gasquet",1597.48414661041,1488.5915405224,1,108.89260608801,0,2,0.602847287340042,1
20230828,"Us Open","Hard",TRUE,"Daniel Altmaier","Constant Lestienne",1466.42508742935,1357.30572334208,1,109.119364087273,2,1,0.756926457934901,1
20230724,"Umag","Clay",FALSE,"Stan Wawrinka","Federico Coria",1550.22813322569,1440.84023267594,1,109.38790054975,1,2,0.618010428704251,1
20230828,"Us Open","Hard",TRUE,"Carlos Alcaraz","Alexander Zverev",1833.85788920182,1723.95796969548,1,109.899919506339,2,2,0.733557299023353,1
20230807,"Canada Masters","Hard",FALSE,"Hubert Hurkacz","Miomir Kecmanovic",1578.28711971647,1468.2389675537,1,110.048152162776,2,0,0.691605723639352,1
20230821,"Winston-Salem","Hard",FALSE,"Sebastian Baez","Daniel Elahi Galan",1539.79005839434,1429.46309932978,1,110.326959064563,2,2,0.63353230011932,1
20230917,"Davis Cup Finals RR: ESP vs KOR","Hard",FALSE,"Alejandro Davidovich Fokina","Soon Woo Kwon",1591.95630666177,1481.45252128613,1,110.503785375648,0,0,0.665590934272466,1
20231016,"Tokyo","Hard",FALSE,"Ben Shelton","Taro Daniel",1574.17435169174,1463.3216429268,1,110.852708764939,2,0,0.692579183420439,1
20230828,"Us Open","Hard",TRUE,"Andrey Rublev","Jack Draper",1682.98160353838,1572.07199820377,1,110.909605334616,2,2,0.735513135650206,1
20230417,"Barcelona","Clay",FALSE,"Francisco Cerundolo","Daniel Evans",1560.58192254277,1449.37844993446,0,111.203472608309,2,2,0.634686951620249,1
20230227,"Acapulco","Hard",FALSE,"Taylor Fritz","John Isner",1630.38795510446,1518.92102709731,1,111.466928007151,2,2,0.635033705655456,1
20230920,"Chengdu","Hard",FALSE,"Alexander Zverev","Grigor Dimitrov",1757.38125921044,1645.81307426641,1,111.568184944033,2,2,0.635166940503203,1
20231106,"Metz","Hard",FALSE,"Alexander Bublik","Fabio Fognini",1582.03162018686,1470.21892907202,0,111.812691114842,2,1,0.665242647016191,1
20230807,"Canada Masters","Hard",FALSE,"Francisco Cerundolo","Alexis Galarneau",1611.81760935118,1500,1,111.817609351179,1,0,0.680642639512252,1
20230306,"Indian Wells Masters","Hard",FALSE,"Taylor Fritz","Ben Shelton",1623.63811563488,1511.34797623838,1,112.290139396508,2,2,0.636116293966208,1
20231016,"Antwerp","Hard",FALSE,"Stefanos Tsitsipas","Botic Van De Zandschulp",1611.13592223586,1498.74938978812,1,112.386532447743,2,2,0.636242968621104,1
20231030,"Paris Masters","Hard",FALSE,"Arthur Fils","Daniel Altmaier",1569.70844890842,1456.97707805425,0,112.731370854165,2,2,0.636695982268726,1
20230417,"Barcelona","Clay",FALSE,"Cameron Norrie","Lorenzo Musetti",1627.5577567338,1513.94911448075,0,113.608642253052,1,2,0.623651558924522,1
20231030,"Paris Masters","Hard",FALSE,"Ugo Humbert","Marcos Giron",1635.71687750095,1521.87523159551,1,113.84164590544,2,2,0.638152898604628,1
20230821,"Winston-Salem","Hard",FALSE,"Tallon Griekspoor","Max Purcell",1593.36855889414,1479.2261995323,0,114.142359361838,2,2,0.638547063014227,1
20230227,"Dubai","Hard",FALSE,"Tallon Griekspoor","Constant Lestienne",1586.50228392528,1472.31925879077,1,114.183025134509,2,1,0.668233022419694,1
20231106,"Sofia","Hard",FALSE,"Billy Harris","Marc Andrea Huesler",1487.15030689657,1372.94758568898,1,114.202721207595,2,2,0.638626160702571,1
20230724,"Atlanta","Hard",FALSE,"J J Wolf","Maxime Cressy",1518.00446978231,1403.76330776585,1,114.241162016468,0,2,0.610094834589811,1
20230612,"s Hertogenbosch","Grass",FALSE,"Tallon Griekspoor","Mikael Ymer",1585.83727463542,1471.47417400088,1,114.363100634536,0,2,0.610259514917302,1
20230320,"Miami Masters","Hard",FALSE,"Alex De Minaur","Quentin Halys",1592.23455258536,1477.67375094511,0,114.560801640253,0,2,0.610526460292935,1
20231016,"Antwerp","Hard",FALSE,"Maximilian Marterer","Richard Gasquet",1530.68236314714,1415.9578045535,1,114.724558593644,2,0,0.69723983140398,1
20230619,"Queen's Club","Grass",FALSE,"Cameron Norrie","Jordan Thompson",1602.88074818621,1487.87097729455,1,115.009770891663,2,0,0.697581564957877,1
20230914,"Davis Cup Finals RR: CZE vs KOR","Hard",FALSE,"Jiri Lehecka","Soon Woo Kwon",1606.68736048627,1491.6602296632,1,115.027130823067,2,0,0.697602358096027,1
20230828,"Us Open","Hard",TRUE,"Francisco Cerundolo","Zachary Svajda",1602.36970715056,1487.09508201112,1,115.274625139445,1,0,0.780229082973911,1
20230913,"Davis Cup Finals RR: CRO vs USA","Hard",FALSE,"Frances Tiafoe","Borna Gojo",1651.39817124588,1535.7618682874,0,115.636302958478,2,2,0.640502498201987,1
20231106,"Metz","Hard",FALSE,"Ugo Humbert","Harold Mayot",1644.57538441465,1528.90574981602,1,115.669634598633,2,1,0.670101622605369,1
20230529,"Roland Garros","Clay",TRUE,"Nicolas Jarry","Marcos Giron",1631.89784354356,1515.83201141654,1,116.065832127016,1,1,0.758404511332088,1
20230828,"Us Open","Hard",TRUE,"Andrey Rublev","Gael Monfils",1684.78603479923,1568.60105448147,1,116.184980317768,2,0,0.791996527473126,1
20230403,"Houston","Clay",FALSE,"Frances Tiafoe","Jason Kubler",1637.88148528198,1521.69268324807,1,116.188802033911,1,2,0.627083677090931,1
20230417,"Munich","Clay",FALSE,"Holger Rune","Christopher Oconnell",1650.1913763729,1533.92709775414,1,116.264278618763,1,1,0.657250224305648,1
20230529,"Roland Garros","Clay",TRUE,"Borna Coric","Federico Coria",1552.79061140339,1436.45819813648,1,116.33241326691,1,2,0.734132345611507,1
20230213,"Rotterdam","Hard",FALSE,"Stefanos Tsitsipas","Emil Ruusuvuori",1619.84817884172,1502.12549978199,1,117.722679059722,2,2,0.64322557090833,1
20231030,"Paris Masters","Hard",FALSE,"Holger Rune","Dominic Thiem",1618.47584513741,1500.56642926728,1,117.909415870128,2,0,0.701043390085954,1
20230220,"Rio De Janeiro","Clay",FALSE,"Carlos Alcaraz","Fabio Fognini",1577.15334152677,1459.06522761518,1,118.088113911592,1,0,0.688331218608108,1
20230731,"Washington","Hard",FALSE,"Tallon Griekspoor","Liam Broady",1610.21263632428,1492.10471635472,1,118.107919969555,2,0,0.701279547363754,1
20230703,"Wimbledon","Grass",TRUE,"Grigor Dimitrov","Sho Shimabukuro",1618.21819152868,1500,1,118.218191528685,0,1,0.75107932948278,1
20230731,"Washington","Hard",FALSE,"Adrian Mannarino","Jordan Thompson",1618.41812539656,1499.9392320674,0,118.478893329155,0,0,0.67559280814853,1
20231023,"Basel","Hard",FALSE,"Holger Rune","Felix Auger Aliassime",1618.06752043596,1499.48863952062,0,118.578880915347,2,2,0.644340397420439,1
20230724,"Atlanta","Hard",FALSE,"Taylor Fritz","Kei Nishikori",1618.7212816898,1500,1,118.721281689799,2,2,0.644525660458995,1
20230508,"Rome Masters","Clay",FALSE,"Casper Ruud","Alexander Bublik",1553.99638700021,1435.00866324299,1,118.987723757218,1,1,0.660725109176116,1
20230724,"Atlanta","Hard",FALSE,"Alex De Minaur","Ugo Humbert",1592.18460943047,1473.19430294643,0,118.990306484036,0,2,0.616489758157477,1
20230717,"Bastad","Clay",FALSE,"Casper Ruud","Sebastian Ofner",1625.71969107425,1506.48098552328,1,119.238705550966,1,0,0.689730978937058,1
20230424,"Madrid Masters","Clay",FALSE,"Francisco Cerundolo","Pedro Cachin",1540.93837851263,1421.50631860024,0,119.432059912391,2,1,0.674806781184268,1
20230508,"Rome Masters","Clay",FALSE,"Andrey Rublev","Alex Molcan",1656.23877531076,1536.79645714141,1,119.442318169352,1,2,0.631393271749267,1
20231106,"Sofia","Hard",FALSE,"Adrian Mannarino","Sebastian Ofner",1624.40379049323,1504.53609093902,1,119.867699554205,0,0,0.677318611167345,1
20230612,"Stuttgart","Grass",FALSE,"Taylor Fritz","Marton Fucsovics",1653.55894648545,1533.54035851418,0,120.018587971277,0,0,0.677505823333986,1
20230703,"Wimbledon","Grass",TRUE,"Cameron Norrie","Tomas Machac",1605.03412021025,1484.77307371838,1,120.261046491871,2,1,0.776708076712484,1
20230417,"Barcelona","Clay",FALSE,"Stefanos Tsitsipas","Denis Shapovalov",1614.32739741543,1494.04198116223,1,120.2854162532,1,0,0.691001352219921,1
20230814,"Cincinnati Masters","Hard",FALSE,"Taylor Fritz","Dusan Lajovic",1648.11756756427,1527.21008930249,1,120.90747826178,2,2,0.647364435254208,1
20230424,"Madrid Masters","Clay",FALSE,"Karen Khachanov","Roberto Bautista Agut",1605.06492051112,1483.76507361197,1,121.299846899153,1,2,0.63384442550657,1
20230828,"Us Open","Hard",TRUE,"Grigor Dimitrov","Andy Murray",1647.83126451112,1526.28703043575,1,121.544234075372,2,0,0.800630805034784,1
20230306,"Indian Wells Masters","Hard",FALSE,"Tommy Paul","Jan Lennard Struff",1608.96175949865,1487.21387910381,1,121.747880394847,2,2,0.648452947281797,1
20231030,"Paris Masters","Hard",FALSE,"Jiri Lehecka","Roberto Bautista Agut",1580.47240160549,1458.37046626618,0,122.101935339308,2,2,0.648911068173727,1
20230522,"Lyon","Clay",FALSE,"Arthur Fils","Mikael Ymer",1614.89473015946,1492.74578861437,1,122.148941545092,1,2,0.634962577085206,1
20230508,"Rome Masters","Clay",FALSE,"Alexandre Muller","Kyle Edmund",1540.80245439816,1418.29938010169,1,122.503074296468,2,2,0.649429780944965,1
20230927,"Beijing","Hard",FALSE,"Alexander Zverev","Nicolas Jarry",1761.24770979055,1638.31713955784,1,122.930570232708,2,2,0.649982187398774,1
20231113,"Tour Finals","Hard",FALSE,"Jannik Sinner","Stefanos Tsitsipas",1802.15462726164,1679.20192762883,1,122.952699632815,2,2,0.650010771878611,1
20230731,"Washington","Hard",FALSE,"Taylor Fritz","Andy Murray",1629.18790566764,1505.52568997739,1,123.662215690247,2,0,0.707843699079467,1
20230717,"Bastad","Clay",FALSE,"Alexander Zverev","Alex Molcan",1634.19766335621,1510.20851751232,1,123.989145843889,1,2,0.637380892110842,1
20231016,"Tokyo","Hard",FALSE,"Casper Ruud","Yosuke Watanuki",1634.72959711961,1510.29504215187,1,124.434554967739,2,0,0.708749727126343,1
20230417,"Barcelona","Clay",FALSE,"Frances Tiafoe","Emil Ruusuvuori",1655.9296840481,1531.28370405074,0,124.645979997361,1,2,0.638242400943051,1
20230914,"Davis Cup Finals RR: AUS vs FRA","Hard",FALSE,"Adrian Mannarino","Max Purcell",1621.53892692588,1496.68474765826,1,124.854179267618,0,2,0.624330254394638,1
20230227,"Acapulco","Hard",FALSE,"Taylor Fritz","Denis Shapovalov",1620.56140389179,1495.60979259379,1,124.951611297997,2,0,0.709355357937153,1
20231002,"Shanghai Masters","Hard",FALSE,"Sebastian Baez","Dane Sweeny",1609.70084676867,1484.39682516598,1,125.30402160269,2,0,0.709767711714108,1
20230821,"Winston-Salem","Hard",FALSE,"Arthur Fils","Brandon Nakashima",1566.76056427351,1439.98959996226,0,126.770964311258,2,2,0.654926540807251,1
20230116,"Australian Open","Hard",TRUE,"Novak Djokovic","Andrey Rublev",1612.39833651657,1485.62407453413,1,126.774261982447,2,2,0.765015728245249,1
20230807,"Canada Masters","Hard",FALSE,"Nicolas Jarry","Ugo Humbert",1645.06705635455,1518.23124612314,0,126.835810231409,2,2,0.6550097438606,1
20230619,"Halle","Grass",FALSE,"Jan Lennard Struff","Roman Safiullin",1608.52445453324,1481.56700382122,1,126.957450712025,0,0,0.686052910045024,1
20230424,"Madrid Masters","Clay",FALSE,"Cameron Norrie","Yosuke Watanuki",1618.70749318147,1491.69371424082,1,127.013778940657,1,0,0.699098131284144,1
20230920,"Chengdu","Hard",FALSE,"Grigor Dimitrov","Christopher Oconnell",1635.47085058171,1507.66315400114,1,127.807696580573,2,2,0.656255620046712,1
20230828,"Us Open","Hard",TRUE,"Casper Ruud","Emilio Nava",1619.66551755733,1491.03444069539,1,128.631076861938,2,2,0.768315439656908,1
20230529,"Roland Garros","Clay",TRUE,"Karen Khachanov","Radu Albot",1610.05765150731,1481.32025815345,1,128.737393353852,1,2,0.757481830828413,1
20231023,"Vienna","Hard",FALSE,"Jannik Sinner","Ben Shelton",1769.54017218337,1640.74184172292,1,128.798330460457,2,2,0.657523319749898,1
20230717,"Bastad","Clay",FALSE,"Lorenzo Musetti","Matteo Arnaldi",1613.8008968775,1484.81871354016,1,128.982183337348,2,0,0.714050789234785,1
20230703,"Wimbledon","Grass",TRUE,"Alexander Zverev","Gijs Brouwer",1644.77913206189,1515.14349344691,1,129.63563861498,0,2,0.747795513351686,1
20230807,"Canada Masters","Hard",FALSE,"Daniil Medvedev","Alex De Minaur",1767.09214145824,1637.1935949153,0,129.898546542943,2,0,0.715111943461355,1
20230619,"Queen's Club","Grass",FALSE,"Alex De Minaur","Diego Schwartzman",1579.37299692096,1449.08182737351,1,130.291169547443,0,2,0.631542298569563,1
20230807,"Canada Masters","Hard",FALSE,"Adrian Mannarino","Taro Daniel",1598.49244811508,1467.65550147778,0,130.836946637299,0,0,0.69077759603173,1
20231016,"Stockholm","Hard",FALSE,"Holger Rune","Miomir Kecmanovic",1611.82856292442,1480.6892621384,0,131.139300786021,2,0,0.716544962146881,1
20230828,"Us Open","Hard",TRUE,"Grigor Dimitrov","Alex Molcan",1638.23868674296,1507.09755817775,1,131.141128565207,2,0,0.815413630202731,1
20230925,"Astana","Hard",FALSE,"Sebastian Korda","Nuno Borges",1586.70421485415,1455.5554954337,1,131.148719420444,2,2,0.660522072904356,1
20230731,"Washington","Hard",FALSE,"Emil Ruusuvuori","Constant Lestienne",1506.62388927417,1375.3947513224,1,131.229137951768,2,1,0.689329791907216,1
20230717,"Newport","Grass",FALSE,"Adrian Mannarino","Ugo Humbert",1584.93160176224,1453.59450295198,1,131.337098810262,2,1,0.689461048101924,1
20231023,"Basel","Hard",FALSE,"Sebastian Korda","Tomas Martin Etcheverry",1644.44855764463,1512.58610452851,0,131.86245311612,2,2,0.661430163758562,1
20231030,"Paris Masters","Hard",FALSE,"Holger Rune","Daniel Altmaier",1608.92466484725,1476.68018366996,1,132.244481177288,2,2,0.661915734541575,1
20230703,"Wimbledon","Grass",TRUE,"Lorenzo Musetti","Jaume Munar",1608.30403053764,1476.05151771121,1,132.252512826429,0,1,0.776223949995693,1
20231002,"Shanghai Masters","Hard",FALSE,"Karen Khachanov","Beibit Zhukayev",1629.85489232651,1497.29130406449,1,132.563588262014,2,2,0.662321069294069,1
20230424,"Madrid Masters","Clay",FALSE,"Yannick Hanfmann","Daniel Altmaier",1537.29865521163,1404.53467755795,0,132.763977653684,1,1,0.678032697156702,1
20231023,"Basel","Hard",FALSE,"Casper Ruud","Dominic Stricker",1636.6200056563,1503.7735932956,0,132.846412360699,2,0,0.71850946561976,1
20230814,"Cincinnati Masters","Hard",FALSE,"Alex De Minaur","J J Wolf",1675.36203972854,1542.44779853631,1,132.914241192235,0,0,0.693291237780417,1
20230306,"Indian Wells Masters","Hard",FALSE,"Carlos Alcaraz","Jack Draper",1655.70496023114,1522.4264425301,1,133.278517701043,2,2,0.663228317870393,1
20231002,"Shanghai Masters","Hard",FALSE,"Mackenzie Mcdonald","Corentin Moutet",1545.19931083488,1411.8705506561,1,133.328760178779,2,1,0.691876978800188,1
20230828,"Us Open","Hard",TRUE,"Nicolas Jarry","Luca Van Assche",1618.00231415512,1484.48310090727,1,133.519213247847,2,0,0.8189429341314,1
20230915,"Davis Cup Finals RR: ITA vs CHI","Hard",FALSE,"Nicolas Jarry","Lorenzo Sonego",1632.71686948948,1498.32915282434,0,134.387716665139,2,2,0.664633516346184,1
20230807,"Canada Masters","Hard",FALSE,"Daniil Medvedev","Lorenzo Musetti",1757.63827416515,1622.79003928432,1,134.848234880828,2,0,0.720802534903036,1
20230925,"Astana","Hard",FALSE,"Jiri Lehecka","Hamad Medjedovic",1632.17285634681,1497.27180048863,0,134.901055858175,2,2,0.665282860453763,1
20230508,"Rome Masters","Clay",FALSE,"Holger Rune","Casper Ruud",1668.52179024538,1533.58665324184,1,134.935137003541,1,1,0.680717879401015,1
20230508,"Rome Masters","Clay",FALSE,"Andrey Rublev","Yannick Hanfmann",1676.81063685477,1541.27158044916,0,135.539056405612,1,1,0.681462660275707,1
20230807,"Canada Masters","Hard",FALSE,"Jiri Lehecka","Brandon Nakashima",1594.76155386042,1458.94429775537,1,135.817256105053,2,2,0.666440245065388,1
20230828,"Us Open","Hard",TRUE,"Tommy Paul","Roman Safiullin",1644.60547761274,1508.37290477482,1,136.232572837924,2,2,0.781484363131153,1
20230403,"Houston","Clay",FALSE,"Tommy Paul","Yannick Hanfmann",1624.70904744097,1487.86287349822,0,136.846173942741,2,1,0.696118076864786,1
20230417,"Banja Luka","Clay",FALSE,"Andrey Rublev","Alex Molcan",1654.78630887836,1517.26009587967,1,137.52621299869,1,2,0.654951157463109,1
20231016,"Tokyo","Hard",FALSE,"Tommy Paul","Daniel Altmaier",1612.41598856851,1474.78307413366,1,137.632914434853,2,2,0.668727938653406,1
20230529,"Roland Garros","Clay",TRUE,"Yannick Hanfmann","Thiago Monteiro",1595.75379855269,1457.79221626186,1,137.961582290831,1,1,0.795997948439187,1
20230814,"Cincinnati Masters","Hard",FALSE,"Lorenzo Musetti","Daniel Evans",1633.85708714199,1495.86069562747,1,137.99639151452,0,0,0.699392520355121,1
20230227,"Dubai","Hard",FALSE,"Daniil Medvedev","Andrey Rublev",1652.68753715856,1514.62362677412,1,138.063910384442,2,2,0.669269821253154,1
20230529,"Roland Garros","Clay",TRUE,"Nicolas Jarry","Hugo Dellien",1609.50304357085,1470.49853671547,1,139.004506855378,1,2,0.775723659848054,1
20230306,"Indian Wells Masters","Hard",FALSE,"Taylor Fritz","Marton Fucsovics",1633.9521936362,1494.3549705332,1,139.597223102995,2,0,0.726196423637019,1
20230220,"Rio De Janeiro","Clay",FALSE,"Cameron Norrie","Hugo Dellien",1634.82094314436,1495.06459858108,1,139.756344563279,1,2,0.657807038811819,1
20230320,"Miami Masters","Hard",FALSE,"Carlos Alcaraz","Dusan Lajovic",1683.49318113756,1543.43700469235,1,140.056176445214,2,2,0.671768809785533,1
20230717,"Gstaad","Clay",FALSE,"Yannick Hanfmann","Daniel Altmaier",1591.93734640371,1451.80631359895,1,140.131032804759,1,1,0.687095208991389,1
20231023,"Vienna","Hard",FALSE,"Andrey Rublev","Matteo Arnaldi",1736.8119662164,1596.50389107148,1,140.308075144916,2,0,0.72699819913522,1
20230220,"Marseille","Hard",FALSE,"Hubert Hurkacz","Alexander Bublik",1555.83726180257,1414.80807408327,1,141.029187719303,2,2,0.672985785083857,1
20230807,"Canada Masters","Hard",FALSE,"Lorenzo Musetti","Yoshihito Nishioka",1624.63903495562,1483.42019998084,1,141.218834974782,0,0,0.703225087330563,1
20230424,"Madrid Masters","Clay",FALSE,"Taylor Fritz","Christopher Oconnell",1664.98848561862,1523.76729480752,1,141.221190811101,1,1,0.688424413441039,1
20230320,"Miami Masters","Hard",FALSE,"Mackenzie Mcdonald","Daniel Elahi Galan",1558.10848802953,1416.58106596261,1,141.527422066915,2,2,0.673608043331567,1
20230703,"Wimbledon","Grass",TRUE,"Stefanos Tsitsipas","Andy Murray",1627.47236793046,1485.8686962644,1,141.603671666055,0,2,0.769551580411567,1
20230424,"Madrid Masters","Clay",FALSE,"Cameron Norrie","Zhizhen Zhang",1628.45576517968,1486.32874143178,0,142.127023747902,1,1,0.689526519542224,1
20230828,"Us Open","Hard",TRUE,"Stefanos Tsitsipas","Milos Raonic",1665.39368144597,1523.26651748903,1,142.127163956941,2,2,0.791319096826314,1
20230508,"Rome Masters","Clay",FALSE,"Frances Tiafoe","Daniel Altmaier",1606.39977509061,1464.2487926167,1,142.150982473912,1,1,0.689555640472435,1
20230927,"Beijing","Hard",FALSE,"Andrey Rublev","Ugo Humbert",1708.24161167734,1565.72562985817,0,142.515981819165,2,2,0.674840872072921,1
20230703,"Wimbledon","Grass",TRUE,"Holger Rune","Alejandro Davidovich Fokina",1723.73902399408,1580.9637161175,1,142.775307876578,0,2,0.771609210271705,1
20230828,"Us Open","Hard",TRUE,"Frances Tiafoe","Sebastian Ofner",1638.66939417521,1494.75735631194,1,143.912037863261,2,0,0.8337506273122,1
20230116,"Australian Open","Hard",TRUE,"Novak Djokovic","Roberto Carballes Baena",1642.77334011018,1498.76219935478,1,144.011140755402,2,0,0.833887044186713,1
20230417,"Munich","Clay",FALSE,"Taylor Fritz","Botic Van De Zandschulp",1685.88412293175,1541.56169438281,0,144.322428548943,1,0,0.719358407669471,1
20230320,"Miami Masters","Hard",FALSE,"Daniil Medvedev","Karen Khachanov",1742.85261976166,1598.07592611079,1,144.776693650872,2,2,0.677651091691768,1
20230417,"Barcelona","Clay",FALSE,"Gijs Brouwer","Pedro Cachin",1552.33447840969,1407.52117283949,0,144.813305570191,1,1,0.692782204003333,1
20230529,"Roland Garros","Clay",TRUE,"Andrey Rublev","Lorenzo Sonego",1682.1955417255,1536.79389850493,0,145.401643220562,1,2,0.78658583754167,1
20230320,"Miami Masters","Hard",FALSE,"Tommy Paul","Marc Andrea Huesler",1615.77094103156,1470.24845326767,1,145.522487763884,2,2,0.678575366907301,1
20230522,"Lyon","Clay",FALSE,"Cameron Norrie","David Goffin",1617.19181629852,1471.64506956403,1,145.54674673449,1,0,0.720759624748164,1
20230306,"Indian Wells Masters","Hard",FALSE,"Daniil Medvedev","Alejandro Davidovich Fokina",1696.96362693815,1550.88345768967,1,146.080169248474,2,0,0.733454027984161,1
20231016,"Tokyo","Hard",FALSE,"Hubert Hurkacz","Zhizhen Zhang",1702.02319822584,1555.5754735994,0,146.44772462644,2,2,0.679720086692133,1
20230522,"Geneva","Clay",FALSE,"Taylor Fritz","Marcos Giron",1643.94518854447,1497.05275401102,1,146.892434533441,1,1,0.695288945205174,1
20231016,"Tokyo","Hard",FALSE,"Francisco Cerundolo","Diego Schwartzman",1615.86310880704,1468.86344078037,0,146.999668026676,1,1,0.695417921404793,1
20230417,"Barcelona","Clay",FALSE,"Karen Khachanov","Daniel Evans",1610.95583781882,1463.38291263602,0,147.5729251828,1,2,0.667725900599773,1
20230703,"Wimbledon","Grass",TRUE,"Jannik Sinner","Quentin Halys",1668.92468449441,1521.01969172051,1,147.904992773894,0,0,0.822035309644918,1
20230410,"Monte Carlo Masters","Clay",FALSE,"Holger Rune","Dominic Thiem",1581.88164947096,1433.06084439886,1,148.820805072098,1,1,0.697603616460041,1
20230724,"Atlanta","Hard",FALSE,"Christopher Eubanks","Aleksandar Vukic",1612.40888203186,1463.57363008962,0,148.835251942246,2,2,0.682663979502035,1
20230417,"Banja Luka","Clay",FALSE,"Andrey Rublev","Juan Pablo Varillas",1637.11399498268,1488.26765593746,1,148.846339045218,1,2,0.669328087916461,1
20230619,"Queen's Club","Grass",FALSE,"Frances Tiafoe","Botic Van De Zandschulp",1649.83035349945,1500.97866894251,1,148.851684556937,0,1,0.684629758395865,1
20230703,"Wimbledon","Grass",TRUE,"Andrey Rublev","Alexander Bublik",1680.84434021609,1531.63916160758,1,149.205178608509,0,0,0.823917005101598,1
20230828,"Us Open","Hard",TRUE,"Tommy Paul","Stefano Travaglia",1635.67966863364,1486.43833903951,1,149.241329594133,2,1,0.822660475415699,1
20230814,"Cincinnati Masters","Hard",FALSE,"Alex De Minaur","Gael Monfils",1684.888137312,1535.43763081841,0,149.450506493583,0,0,0.712885661652346,1
20230508,"Rome Masters","Clay",FALSE,"Stefanos Tsitsipas","Lorenzo Sonego",1652.28835088473,1502.21196966298,1,150.076381221746,1,2,0.670871985733347,1
20230814,"Cincinnati Masters","Hard",FALSE,"Adrian Mannarino","Richard Gasquet",1578.09645541163,1427.49167129019,1,150.604784121439,0,0,0.71422520021662,1
20230828,"Us Open","Hard",TRUE,"Laslo Djere","Hugo Gaston",1596.48915221918,1445.80765089223,1,150.681501326946,2,0,0.84286399858841,1
20230306,"Indian Wells Masters","Hard",FALSE,"Stefanos Tsitsipas","Jordan Thompson",1614.18980483602,1463.30412185013,0,150.885682985883,2,0,0.738754051065506,1
20230508,"Rome Masters","Clay",FALSE,"Jannik Sinner","Alexander Shevchenko",1686.15900737239,1535.15642687439,1,151.002580497998,1,0,0.726951365203685,1
20230724,"Atlanta","Hard",FALSE,"Taylor Fritz","Yibing Wu",1628.78627024056,1477.24869816179,1,151.537572078775,2,0,0.739467752026185,1
20230807,"Canada Masters","Hard",FALSE,"Frances Tiafoe","Milos Raonic",1654.5900871641,1502.07460240942,0,152.515484754686,2,2,0.68717327466812,1
20230320,"Miami Masters","Hard",FALSE,"Frances Tiafoe","Lorenzo Sonego",1627.08848090555,1474.07844854158,0,153.010032363964,2,2,0.687776565846628,1
20230814,"Cincinnati Masters","Hard",FALSE,"Novak Djokovic","Taylor Fritz",1810.12917416765,1656.90011630272,1,153.229057864928,2,2,0.688043548675569,1
20230724,"Hamburg","Clay",FALSE,"Alexander Zverev","Maximilian Marterer",1668.5350532633,1514.36063707045,1,154.174416192853,1,1,0.703977077925929,1
20230717,"Gstaad","Clay",FALSE,"Lorenzo Sonego","Albert Ramos",1523.1306815702,1368.08346178434,0,155.047219785864,2,2,0.690254980786351,1
20230731,"Washington","Hard",FALSE,"Frances Tiafoe","Juncheng Shang",1657.72884590407,1501.47947818914,1,156.249367714928,2,0,0.744588640325423,1
20231023,"Vienna","Hard",FALSE,"Daniil Medvedev","Stefanos Tsitsipas",1810.80345779069,1654.46296169675,1,156.340496093935,2,2,0.69182272133753,1
20230828,"Us Open","Hard",TRUE,"Taylor Fritz","Dominic Stricker",1673.63143608592,1517.21566201938,1,156.41577406654,2,0,0.850262165980853,1
20231123,"Davis Cup Finals QF: SRB vs GBR","Hard",FALSE,"Jack Draper","Miomir Kecmanovic",1615.00533722866,1458.41091025147,0,156.594426977184,2,0,0.744961048617155,1
20230925,"Astana","Hard",FALSE,"Adrian Mannarino","Sebastian Ofner",1661.07171181111,1503.82540747726,1,157.246304333845,0,0,0.721859312762956,1
20230703,"Wimbledon","Grass",TRUE,"Jannik Sinner","Roman Safiullin",1645.30922923096,1488.02114098997,1,157.288088240998,0,0,0.83526497630569,1
20231106,"Metz","Hard",FALSE,"Calvin Hemery","Constant Lestienne",1500,1342.03530724647,0,157.96469275353,0,1,0.695693203587334,1
20230731,"Kitzbuhel","Clay",FALSE,"Yannick Hanfmann","Arthur Rinderknech",1581.2851603392,1423.08586795556,0,158.199292383644,1,1,0.708717042729957,1
20230828,"Us Open","Hard",TRUE,"Tommy Paul","Ben Shelton",1654.00782506341,1495.02185628637,0,158.985968777044,2,2,0.817629944703013,1
20230927,"Beijing","Hard",FALSE,"Alexander Zverev","Alejandro Davidovich Fokina",1771.15129069006,1611.87545205363,1,159.275838636435,2,0,0.747842795359666,1
20230916,"Davis Cup WG1 R1: GRE vs SVK","Hard",FALSE,"Stefanos Tsitsipas","Lukas Klein",1631.61518125202,1472.19806999501,1,159.417111257007,2,0,0.747994022792869,1
20231023,"Basel","Hard",FALSE,"Hubert Hurkacz","Jan Lennard Struff",1702.49414444643,1543.01860832993,1,159.475536116498,2,2,0.695604742765334,1
20230807,"Canada Masters","Hard",FALSE,"Tommy Paul","Diego Schwartzman",1612.94938073413,1452.90609386953,1,160.043286864601,2,1,0.723239473713099,1
20230724,"Hamburg","Clay",FALSE,"Lorenzo Musetti","Elias Ymer",1614.24966461835,1454.19157993492,1,160.058084683435,2,0,0.748679406800496,1
20230717,"Bastad","Clay",FALSE,"Francisco Cerundolo","Luca Van Assche",1639.41031901167,1478.17169777617,1,161.238621235503,2,2,0.697720168391523,1
20230703,"Wimbledon","Grass",TRUE,"Casper Ruud","Liam Broady",1634.40241153482,1472.95874545345,0,161.44366608137,2,2,0.821242301667585,1
20230724,"Atlanta","Hard",FALSE,"Taylor Fritz","Aleksandar Vukic",1599.15367403669,1437.08771292709,1,162.065961109598,2,2,0.698709968885193,1
20230508,"Rome Masters","Clay",FALSE,"Dusan Lajovic","Nuno Borges",1613.99913059898,1450.54289556202,0,163.456235036954,2,2,0.700369083492942,1
20230306,"Indian Wells Masters","Hard",FALSE,"Cameron Norrie","Tung Lin Wu",1662.74438057682,1499.27523497733,1,163.469145599489,2,0,0.752305930560103,1
20230619,"Queen's Club","Grass",FALSE,"Lorenzo Musetti","Ben Shelton",1595.71650763813,1431.28966792579,1,164.426839712339,0,0,0.729970435555199,1
20231030,"Paris Masters","Hard",FALSE,"Grigor Dimitrov","Alexander Bublik",1735.73629867313,1571.08947370091,1,164.646824972223,2,2,0.701785736665535,1
20230703,"Wimbledon","Grass",TRUE,"Daniil Medvedev","Jiri Lehecka",1731.18502377388,1566.439067808,1,164.745955965885,0,0,0.845207664759251,1
20230508,"Rome Masters","Clay",FALSE,"Jannik Sinner","Thanasi Kokkinakis",1673.53012052059,1507.96212365131,1,165.567996869287,1,1,0.717277907288185,1
20230828,"Us Open","Hard",TRUE,"Stefanos Tsitsipas","Dominic Stricker",1674.57837835168,1508.54662259696,0,166.031755754722,2,0,0.862021794417276,1
20230417,"Barcelona","Clay",FALSE,"Jannik Sinner","Lorenzo Musetti",1701.09853505304,1533.68634447457,0,167.41219057847,1,2,0.692228860840074,1
20230703,"Wimbledon","Grass",TRUE,"Daniil Medvedev","Adrian Mannarino",1735.49166120976,1568.00566196167,1,167.485999248094,0,2,0.811975578744225,1
20231023,"Vienna","Hard",FALSE,"Andrey Rublev","Alexei Popyrin",1728.60724104374,1558.88791655774,1,169.719324485999,2,2,0.70777792905529,1
20231113,"Tour Finals","Hard",FALSE,"Jannik Sinner","Holger Rune",1793.98447191291,1623.25633960488,1,170.72813230803,2,2,0.708961183030526,1
20230529,"Roland Garros","Clay",TRUE,"Taylor Fritz","Arthur Rinderknech",1634.22932036725,1463.48589970965,1,170.743420657604,1,1,0.843845621203513,1
20230703,"Wimbledon","Grass",TRUE,"Frances Tiafoe","Dominic Stricker",1658.77023264342,1487.65267642568,1,171.117556217743,0,0,0.853309073634114,1
20230417,"Banja Luka","Clay",FALSE,"Novak Djokovic","Luca Van Assche",1655.73641064753,1484.43592676038,1,171.300483887152,1,2,0.696912216338577,1
20230724,"Hamburg","Clay",FALSE,"Casper Ruud","Sebastian Baez",1639.05298537239,1467.34012776915,1,171.712857603239,1,2,0.697406543348768,1
20230913,"Davis Cup Finals RR: AUS vs GBR","Hard",FALSE,"Alex De Minaur","Daniel Evans",1682.79278249306,1510.3631452671,0,172.429637225954,0,0,0.738832749784643,1
20230619,"Halle","Grass",FALSE,"Alexander Zverev","Alexander Bublik",1640.9449586075,1468.46764802644,0,172.477310581066,0,0,0.738884976141265,1
20230619,"Queen's Club","Grass",FALSE,"Carlos Alcaraz","Grigor Dimitrov",1790.39282689069,1616.0581933887,1,174.334633501982,2,0,0.763621936467573,1
20230828,"Us Open","Hard",TRUE,"Frances Tiafoe","Ben Shelton",1647.78874468594,1473.05567306267,0,174.733071623271,2,2,0.839808667260961,1
20231106,"Metz","Hard",FALSE,"Karen Khachanov","Alexander Shevchenko",1655.50937380598,1480.59340365863,0,174.915970147349,2,0,0.764217204249854,1
20230619,"Halle","Grass",FALSE,"Alexander Zverev","Dominic Thiem",1632.9300313852,1457.63870161879,1,175.291329766415,0,1,0.716110398090994,1
20231126,"Davis Cup Finals F: AUS vs ITA","Hard",FALSE,"Jannik Sinner","Alex De Minaur",1869.14630820671,1693.62658920712,1,175.519718999594,2,0,0.764834323196894,1
20231002,"Shanghai Masters","Hard",FALSE,"Jiri Lehecka","Diego Schwartzman",1622.51072877172,1446.86643963279,0,175.644289138933,2,1,0.740614825983532,1
20230828,"Us Open","Hard",TRUE,"Holger Rune","Roberto Carballes Baena",1686.95408327572,1511.10267664144,0,175.851406634278,2,0,0.873219991583023,1
20230724,"Hamburg","Clay",FALSE,"Alexander Zverev","Alex Molcan",1677.28383798755,1500.3453212858,1,176.938516701745,1,2,0.703630920769522,1
20230529,"Roland Garros","Clay",TRUE,"Holger Rune","Christopher Eubanks",1690.80877237004,1513.74646536126,1,177.062307008779,1,1,0.851939791684273,1
20231023,"Vienna","Hard",FALSE,"Matteo Arnaldi","Albert Ramos",1588.55437776422,1411.32332221601,1,177.231055548206,0,0,0.74405871402867,1
20230731,"Los Cabos","Hard",FALSE,"Stefanos Tsitsipas","John Isner",1655.09565755693,1477.84300296905,1,177.252654587882,2,2,0.716545232581531,1
20230717,"Bastad","Clay",FALSE,"Alexander Zverev","Thiago Monteiro",1632.43560268919,1453.26746650391,1,179.168136185275,1,1,0.73267113015015,1
20230912,"Davis Cup Finals RR: SWE vs CHI","Hard",FALSE,"Nicolas Jarry","Elias Ymer",1624.83278911128,1445.65120526895,1,179.181583842335,2,0,0.768553274826708,1
20230807,"Canada Masters","Hard",FALSE,"Jannik Sinner","Andy Murray",1687.54565516563,1506.93508398072,1,180.610571184911,2,0,0.769993342846519,1
20230731,"Washington","Hard",FALSE,"Tallon Griekspoor","Daniel Evans",1592.92065585597,1410.78665362246,0,182.13400223351,2,0,0.77152165358137,1
20230424,"Madrid Masters","Clay",FALSE,"Carlos Alcaraz","Emil Ruusuvuori",1740.46806815249,1558.1884489926,1,182.279619159895,1,2,0.709915544213118,1
20230306,"Indian Wells Masters","Hard",FALSE,"Daniil Medvedev","Alexander Zverev",1706.00395306423,1522.79614133189,1,183.207811732342,2,2,0.723362157717022,1
20230807,"Canada Masters","Hard",FALSE,"Jannik Sinner","Gael Monfils",1695.38201890191,1511.97198732891,1,183.410031573002,2,0,0.772796258745054,1
20230927,"Beijing","Hard",FALSE,"Jannik Sinner","Daniel Evans",1715.8623532803,1532.07892577035,1,183.783427509948,2,0,0.773168287108651,1
20231002,"Shanghai Masters","Hard",FALSE,"Nicolas Jarry","Diego Schwartzman",1639.4335722606,1454.5616204267,1,184.871951833897,2,1,0.750552110741549,1
20230814,"Cincinnati Masters","Hard",FALSE,"Novak Djokovic","Alejandro Davidovich Fokina",1802.47325181064,1616.40728723118,1,186.065964579454,2,0,0.775433098585882,1
20230619,"Queen's Club","Grass",FALSE,"Holger Rune","Ryan Peniston",1701.26773431626,1514.25607823592,1,187.011656080333,0,1,0.72944215226221,1
20230703,"Wimbledon","Grass",TRUE,"Stefanos Tsitsipas","Dominic Thiem",1636.67628007273,1449.62377439649,1,187.052505676249,0,1,0.856704437119432,1
20230814,"Cincinnati Masters","Hard",FALSE,"Andrey Rublev","Emil Ruusuvuori",1699.80888907822,1511.95782926082,0,187.851059817403,2,2,0.728606507202972,1
20230227,"Dubai","Hard",FALSE,"Novak Djokovic","Tomas Machac",1662.67160805239,1474.19545969446,1,188.476148357932,2,0,0.777807077624017,1
20231023,"Basel","Hard",FALSE,"Hubert Hurkacz","Dusan Lajovic",1711.0550202959,1522.23020917833,1,188.824811117569,2,2,0.729698370073272,1
20230424,"Madrid Masters","Clay",FALSE,"Frances Tiafoe","Pedro Cachin",1647.36431140807,1458.4319396104,0,188.932371797674,1,1,0.743388654119772,1
20230529,"Roland Garros","Clay",TRUE,"Stefanos Tsitsipas","Jiri Vesely",1689.20571256788,1500,1,189.205712567876,1,1,0.866519659441519,1
20230814,"Cincinnati Masters","Hard",FALSE,"Casper Ruud","Max Purcell",1642.15678472938,1451.57787561021,0,190.578909119172,2,2,0.731658239647564,1
20230724,"Hamburg","Clay",FALSE,"Alexander Zverev","Luca Van Assche",1661.05223241939,1469.67277804631,1,191.379454373078,1,2,0.720439075665451,1
20230927,"Beijing","Hard",FALSE,"Daniil Medvedev","Tommy Paul",1797.59384265626,1606.11525311127,1,191.478589544991,2,2,0.732659962260927,1
20230424,"Madrid Masters","Clay",FALSE,"Taylor Fritz","Zhizhen Zhang",1685.10661871539,1492.83411981637,0,192.272498899011,1,1,0.746989620619352,1
20230807,"Canada Masters","Hard",FALSE,"Alex De Minaur","Gabriel Diallo",1667.92820612859,1475.03022585083,1,192.89798027776,0,2,0.709777900511119,1
20230731,"Washington","Hard",FALSE,"Frances Tiafoe","Daniel Evans",1666.40379105531,1473.4326168472,0,192.971174208105,2,0,0.782186529970674,1
20231023,"Vienna","Hard",FALSE,"Jannik Sinner","Frances Tiafoe",1801.02983419094,1607.7644871075,1,193.265347083439,2,2,0.734642318746854,1
20230914,"Davis Cup Finals RR: NED vs USA","Hard",FALSE,"Tommy Paul","Botic Van De Zandschulp",1647.39069021103,1454.07345466651,0,193.317235544521,2,2,0.734699747000223,1
20230828,"Us Open","Hard",TRUE,"Andrey Rublev","Arthur Cazaux",1677.40636461934,1482.82157236056,1,194.584792258785,2,2,0.86459770733374,1
20231002,"Shanghai Masters","Hard",FALSE,"Holger Rune","Brandon Nakashima",1634.49493417461,1438.4697034314,0,196.025230743217,2,2,0.737685815628177,1
20230220,"Rio De Janeiro","Clay",FALSE,"Cameron Norrie","Thiago Monteiro",1644.0928415922,1447.7791674071,1,196.313674185103,1,1,0.751301480363426,1
20231030,"Paris Masters","Hard",FALSE,"Karen Khachanov","Max Purcell",1638.05348334136,1441.66676632372,1,196.386717017639,2,2,0.738082778867747,1
20230703,"Wimbledon","Grass",TRUE,"Jannik Sinner","Diego Schwartzman",1653.94734947965,1457.16985815901,1,196.777491320632,0,2,0.852441875187704,1
20230619,"Halle","Grass",FALSE,"Daniil Medvedev","Laslo Djere",1717.15627918407,1519.69530551845,1,197.460973665612,0,0,0.765313065911589,1
20230529,"Roland Garros","Clay",TRUE,"Stefanos Tsitsipas","Sebastian Ofner",1678.81921179826,1481.05182802113,1,197.767383777129,1,0,0.889583393957819,1
20231002,"Shanghai Masters","Hard",FALSE,"Daniil Medvedev","Sebastian Korda",1821.73303830693,1621.65364758154,0,200.079390725395,2,2,0.742115600403875,1
20230410,"Monte Carlo Masters","Clay",FALSE,"Jannik Sinner","Lorenzo Musetti",1705.167515872,1504.08907645043,1,201.078439421569,1,2,0.731394483957732,1
20230424,"Madrid Masters","Clay",FALSE,"Carlos Alcaraz","Jan Lennard Struff",1748.24893606528,1546.995923798,1,201.25301226728,1,1,0.756504496501399,1
20231030,"Paris Masters","Hard",FALSE,"Tommy Paul","Richard Gasquet",1608.86872715795,1405.73836318954,1,203.130363968406,2,0,0.791853733094884,1
20230703,"Wimbledon","Grass",TRUE,"Hubert Hurkacz","Albert Ramos",1578.92313861864,1375.17352177496,1,203.749616843683,0,2,0.860943028182078,1
20230508,"Rome Masters","Clay",FALSE,"Daniil Medvedev","Bernabe Zapata Miralles",1741.31354368878,1536.56007211215,1,204.753471576633,1,2,0.735473894945402,1
20231023,"Vienna","Hard",FALSE,"Daniil Medvedev","Arthur Fils",1783.08778256852,1576.71714218663,1,206.370640381892,2,2,0.748892408619433,1
20230807,"Canada Masters","Hard",FALSE,"Daniil Medvedev","Matteo Arnaldi",1746.73145413797,1538.88328197004,1,207.848172167927,2,0,0.796234229568839,1
20230417,"Barcelona","Clay",FALSE,"Stefanos Tsitsipas","Pedro Cachin",1637.41260590748,1428.43471913569,1,208.977886771794,1,1,0.764492599033461,1
20230529,"Roland Garros","Clay",TRUE,"Andrey Rublev","Corentin Moutet",1666.27602271501,1456.07407831698,1,210.201944398028,1,2,0.875250179565267,1
20230814,"Cincinnati Masters","Hard",FALSE,"Jannik Sinner","Dusan Lajovic",1727.80914461574,1517.22909500244,0,210.580049613292,2,2,0.753360081253256,1
20230508,"Rome Masters","Clay",FALSE,"Daniil Medvedev","Emil Ruusuvuori",1773.27517278857,1562.63628276097,1,210.638890027599,1,2,0.741923696812884,1
20230814,"Cincinnati Masters","Hard",FALSE,"Stefanos Tsitsipas","Ben Shelton",1658.52213926728,1447.68515571854,1,210.836983548739,2,2,0.753631040585398,1
20230828,"Us Open","Hard",TRUE,"Alexander Zverev","Aleksandar Vukic",1717.115335541,1505.32900114603,1,211.786334394974,2,2,0.883386294346377,1
20230731,"Washington","Hard",FALSE,"Grigor Dimitrov","Daniel Evans",1645.29476654604,1433.00095413138,0,212.293812414657,2,0,0.800298901094613,1
20230417,"Barcelona","Clay",FALSE,"Jannik Sinner","Diego Schwartzman",1679.38266299811,1465.40861734463,1,213.974045653482,1,2,0.745532828935495,1
20230320,"Miami Masters","Hard",FALSE,"Daniil Medvedev","Christopher Eubanks",1736.10533991851,1521.16732308105,1,214.938016837453,2,2,0.757928764498529,1
20230529,"Roland Garros","Clay",TRUE,"Frances Tiafoe","Filip Krajinovic",1615.58359825035,1397.13956431518,1,218.444033935171,1,2,0.883918995906184,1
20231023,"Vienna","Hard",FALSE,"Alexander Zverev","Cameron Norrie",1739.0321978695,1520.1464094433,1,218.885788426194,2,2,0.762017407334544,1
20230814,"Cincinnati Masters","Hard",FALSE,"Alexander Zverev","Yoshihito Nishioka",1710.50414619382,1491.01272927444,1,219.491416919378,2,0,0.80675010723546,1
20231030,"Paris Masters","Hard",FALSE,"Andrey Rublev","Yoshihito Nishioka",1756.48022561231,1536.30315921166,1,220.177066400645,2,0,0.807356311271388,1
20230828,"Us Open","Hard",TRUE,"Novak Djokovic","Laslo Djere",1823.93915835243,1603.05923626914,1,220.879922083296,2,2,0.892374889335427,1
20231023,"Vienna","Hard",FALSE,"Alexander Zverev","Sebastian Ofner",1732.47704401945,1511.09124478907,1,221.385799230383,2,0,0.80842146125799,1
20230703,"Wimbledon","Grass",TRUE,"Novak Djokovic","Stan Wawrinka",1766.93537887184,1544.24649537727,1,222.688883494572,0,2,0.88197727291182,1
20231002,"Shanghai Masters","Hard",FALSE,"Andrey Rublev","Quentin Halys",1722.10590642499,1498.88963539578,1,223.216271029215,2,2,0.766447501733177,1
20230927,"Beijing","Hard",FALSE,"Daniil Medvedev","Ugo Humbert",1810.31888903008,1586.55519033014,1,223.763698699943,2,2,0.767003420128066,1
20230703,"Wimbledon","Grass",TRUE,"Andrey Rublev","Max Purcell",1677.65511917392,1453.79446542772,1,223.8606537462,0,2,0.883183591856184,1
20230424,"Madrid Masters","Clay",FALSE,"Carlos Alcaraz","Grigor Dimitrov",1770.78883253583,1546.90161523552,1,223.887217300307,1,1,0.779391120994207,1
20231002,"Shanghai Masters","Hard",FALSE,"Adrian Mannarino","Chun Hsin Tseng",1677.40240060688,1453.49911831493,1,223.903282291954,0,1,0.768748149808205,1
20230828,"Us Open","Hard",TRUE,"Andrey Rublev","Arthur Rinderknech",1693.34953391658,1467.45719083367,1,225.892343082917,2,2,0.897064593214907,1
20230807,"Canada Masters","Hard",FALSE,"Stefanos Tsitsipas","Gael Monfils",1699.6979966281,1473.19825772339,0,226.499738904711,2,0,0.812878181624383,1
20230619,"Queen's Club","Grass",FALSE,"Carlos Alcaraz","Sebastian Korda",1805.26904626745,1578.05243129454,1,227.216614972912,2,0,0.813496508176124,1
20230927,"Beijing","Hard",FALSE,"Jannik Sinner","Yoshihito Nishioka",1773.249496005,1542.42631818862,1,230.823177816377,2,0,0.816583384747547,1
20231106,"Sofia","Hard",FALSE,"Adrian Mannarino","Albert Ramos",1634.42468962476,1403.37380890875,1,231.050880716014,0,0,0.797823783858813,1
20231030,"Paris Masters","Hard",FALSE,"Jannik Sinner","Mackenzie Mcdonald",1798.69230599494,1567.23245524269,1,231.459850752252,2,2,0.774721188498276,1
20230612,"Stuttgart","Grass",FALSE,"Stefanos Tsitsipas","Richard Gasquet",1696.75903191337,1464.84142170678,0,231.917610206583,0,2,0.753218088208854,1
20230915,"Davis Cup WG1 R1: DEN vs BRA","Hard",FALSE,"Holger Rune","Thiago Monteiro",1664.95008778944,1431.67845471099,0,233.271633078456,2,2,0.776511462980353,1
20230927,"Beijing","Hard",FALSE,"Carlos Alcaraz","Lorenzo Musetti",1846.14551534603,1612.5696084975,1,233.57590684853,2,0,0.818912696027166,1
20230424,"Madrid Masters","Clay",FALSE,"Carlos Alcaraz","Alexander Zverev",1777.27052032653,1543.68650174039,1,233.584018586138,1,1,0.788711779750012,1
20230626,"Eastbourne","Grass",FALSE,"Francisco Cerundolo","Marc Andrea Huesler",1649.80605982553,1413.98831505731,1,235.817744768217,2,0,0.82079262673629,1
20231002,"Shanghai Masters","Hard",FALSE,"Jannik Sinner","Ben Shelton",1784.21764965343,1546.58940002259,0,237.628249630848,2,2,0.780774777313381,1
20231123,"Davis Cup Finals QF: ITA vs NED","Hard",FALSE,"Jannik Sinner","Tallon Griekspoor",1845.27757920121,1605.48356934871,1,239.794009852503,2,2,0.78287227547742,1
20230424,"Madrid Masters","Clay",FALSE,"Carlos Alcaraz","Borna Coric",1755.41710474611,1515.49763335921,1,239.919471386893,1,1,0.794643970958676,1
20230529,"Roland Garros","Clay",TRUE,"Carlos Alcaraz","Taro Daniel",1763.77512057643,1523.1480465224,1,240.627074054035,1,0,0.924997176898419,1
20231030,"Paris Masters","Hard",FALSE,"Andrey Rublev","Botic Van De Zandschulp",1750.48081673469,1509.63542598054,1,240.845390754153,2,2,0.783885275589846,1
20230703,"Wimbledon","Grass",TRUE,"Daniil Medvedev","Arthur Fery",1743.7732415939,1500,1,243.773241593897,0,2,0.902096843275685,1
20230424,"Madrid Masters","Clay",FALSE,"Holger Rune","Alexander Bublik",1671.23316521423,1423.51098811282,1,247.722177101409,1,1,0.801779071777602,1
20230508,"Rome Masters","Clay",FALSE,"Holger Rune","Fabio Fognini",1699.87622690216,1451.555311162,1,248.320915740165,1,0,0.822263686106952,1
20230306,"Indian Wells Masters","Hard",FALSE,"Daniil Medvedev","Ilya Ivashka",1698.96012519279,1446.33303949124,1,252.627085701552,2,1,0.815515746956165,1
20230920,"Chengdu","Hard",FALSE,"Alexander Zverev","Roman Safiullin",1751.70356253351,1498.97055732414,1,252.733005209371,2,2,0.7951004065227,1
20230417,"Barcelona","Clay",FALSE,"Carlos Alcaraz","Daniel Evans",1723.21611545582,1469.0219939646,1,254.194121491212,1,2,0.786387724007021,1
20230410,"Monte Carlo Masters","Clay",FALSE,"Daniil Medvedev","Lorenzo Sonego",1764.79236194339,1505.16823434924,1,259.62412759415,1,2,0.791520929520832,1
20230529,"Roland Garros","Clay",TRUE,"Carlos Alcaraz","Denis Shapovalov",1774.80846038758,1513.96152645075,1,260.846933936835,1,0,0.93779703809572,1
20230828,"Us Open","Hard",TRUE,"Daniil Medvedev","Attila Balazs",1747.17858630639,1484.54255047028,1,262.636035836103,2,1,0.934682761446447,1
20231030,"Paris Masters","Hard",FALSE,"Carlos Alcaraz","Roman Safiullin",1837.87605329931,1574.44460512872,0,263.431448170592,2,2,0.804819232308452,1
20230828,"Us Open","Hard",TRUE,"Alexander Zverev","Daniel Altmaier",1740.80770500303,1476.86304906166,1,263.944655941369,2,2,0.927104641235724,1
20230915,"Davis Cup Finals RR: ESP vs SRB","Hard",FALSE,"Novak Djokovic","Alejandro Davidovich Fokina",1863.46210974267,1597.28633184952,1,266.175777893151,2,0,0.844761612603985,1
20231030,"Paris Masters","Hard",FALSE,"Novak Djokovic","Holger Rune",1895.31327083918,1628.57211476485,1,266.741156074335,2,2,0.807754238261572,1
20230529,"Roland Garros","Clay",TRUE,"Carlos Alcaraz","Flavio Cobolli",1769.780563596,1491.35305683422,1,278.427506761774,1,0,0.947238942376871,1
20230814,"Cincinnati Masters","Hard",FALSE,"Carlos Alcaraz","Jordan Thompson",1844.33287726969,1554.16209508945,1,290.170782180246,2,0,0.861801093293956,1
20231113,"Tour Finals","Hard",FALSE,"Novak Djokovic","Holger Rune",1911.5998092364,1615.08618425616,1,296.513624980247,2,2,0.832649769210974,1
20230828,"Us Open","Hard",TRUE,"Carlos Alcaraz","Matteo Arnaldi",1844.26528961914,1544.25499118474,1,300.010298434399,2,0,0.959423376080679,1
20230828,"Us Open","Hard",TRUE,"Carlos Alcaraz","Dominik Koepfer",1849.08417371379,1535.52001289733,1,313.564160816464,2,0,0.964352767979117,1
20230508,"Rome Masters","Clay",FALSE,"Carlos Alcaraz","Albert Ramos",1758.38147700587,1414.24774306734,1,344.133733938528,1,2,0.859837765343018,1
20231030,"Paris Masters","Hard",FALSE,"Novak Djokovic","Tomas Martin Etcheverry",1891.70480404004,1546.04804113877,1,345.656762901274,2,2,0.868018054316832,1
20230828,"Us Open","Hard",TRUE,"Novak Djokovic","Borna Gojo",1854.11540014808,1505.41404312037,1,348.701357027713,2,2,0.967233159835349,1
20230828,"Us Open","Hard",TRUE,"Carlos Alcaraz","Daniel Evans",1848.79444836665,1499.38190771844,1,349.412540648214,2,0,0.97476358227188,1
20230703,"Wimbledon","Grass",TRUE,"Carlos Alcaraz","Matteo Berrettini",1846.75156187266,1495.78406013523,1,350.967501737429,2,0,0.975140800669157,1
20230927,"Beijing","Hard",FALSE,"Alexander Zverev","Diego Schwartzman",1771.92681684691,1415.76652415756,1,356.160292689346,2,1,0.888359597533298,1
20230703,"Wimbledon","Grass",TRUE,"Carlos Alcaraz","Jeremy Chardy",1854.2907328448,1467.38570138916,1,386.905031455638,2,1,0.980071040542593,1
20231123,"Davis Cup Finals QF: SRB vs GBR","Hard",FALSE,"Novak Djokovic","Cameron Norrie",1915.19239711918,1513.5172333909,1,401.675163728286,2,2,0.900393687910926,1
