tourney_id,tourney_name,surface,draw_size,tourney_level,tourney_date,match_num,score,best_of,round,minutes,player_A_id,player_B_id,player_A_seed,player_B_seed,player_A_entry,player_B_entry,player_A_name,player_B_name,player_A_hand,player_B_hand,player_A_ht,player_B_ht,player_A_ioc,player_B_ioc,player_A_age,player_B_age,player_A_rank,player_B_rank,player_A_rank_points,player_B_rank_points,player_A_ace,player_B_ace,player_A_df,player_B_df,player_A_svpt,player_B_svpt,player_A_1stIn,player_B_1stIn,player_A_1stWon,player_B_1stWon,player_A_2ndWon,player_B_2ndWon,player_A_SvGms,player_B_SvGms,player_A_bpSaved,player_B_bpSaved,player_A_bpFaced,player_B_bpFaced,winner,player_A_win
2023-9900,United Cup,Hard,18,A,20230102,300,7-6(4) 7-6(6),3,F,135.0,126610,126203,5.0,3.0,,,Matteo Berrettini,Taylor Fritz,R,R,196.0,196.0,ITA,USA,26.7,25.1,16.0,9.0,2375.0,3355.0,7.0,15.0,2.0,2.0,97.0,85.0,62.0,52.0,47.0,45.0,15.0,16.0,12.0,12.0,9.0,0.0,9.0,0.0,B,0
2023-9900,United Cup,Hard,18,A,20230102,299,6-2 0-0 RET,3,F,34.0,126207,207518,,,,,Frances Tiafoe,Lorenzo Musetti,R,R,188.0,185.0,USA,ITA,24.9,20.8,19.0,23.0,2000.0,1865.0,3.0,0.0,1.0,0.0,27.0,21.0,19.0,12.0,15.0,8.0,3.0,3.0,4.0,4.0,3.0,1.0,3.0,3.0,A,1
2023-9900,United Cup,Hard,18,A,20230102,296,7-6(5) 7-6(5),3,SF,104.0,128034,126203,2.0,3.0,,,Hubert Hurkacz,Taylor Fritz,R,R,196.0,196.0,POL,USA,25.8,25.1,10.0,9.0,2905.0,3355.0,17.0,11.0,1.0,0.0,82.0,80.0,62.0,50.0,51.0,44.0,7.0,19.0,12.0,12.0,2.0,4.0,2.0,4.0,B,0
2023-9900,United Cup,Hard,18,A,20230102,295,6-3 6-3,3,SF,79.0,200390,126207,,,,,Kacper Zuk,Frances Tiafoe,R,R,183.0,188.0,POL,USA,23.9,24.9,245.0,19.0,220.0,2000.0,3.0,5.0,3.0,4.0,68.0,61.0,41.0,37.0,26.0,31.0,12.0,11.0,9.0,9.0,6.0,5.0,9.0,5.0,B,0
2023-9900,United Cup,Hard,18,A,20230102,292,4-6 7-6(2) 6-4,3,SF,155.0,126610,126774,5.0,1.0,,,Matteo Berrettini,Stefanos Tsitsipas,R,R,196.0,193.0,ITA,GRE,26.7,24.3,16.0,4.0,2375.0,5550.0,7.0,9.0,2.0,1.0,89.0,98.0,58.0,52.0,48.0,43.0,18.0,28.0,16.0,16.0,1.0,1.0,2.0,2.0,B,0
2023-9900,United Cup,Hard,18,A,20230102,291,6-1 6-1,3,SF,62.0,207518,208852,,,,,Lorenzo Musetti,Stefanos Sakellaridis,R,R,185.0,196.0,ITA,GRE,20.8,18.3,23.0,803.0,1865.0,23.0,2.0,2.0,1.0,1.0,41.0,43.0,25.0,26.0,18.0,15.0,12.0,5.0,7.0,7.0,1.0,4.0,1.0,9.0,A,1
2023-9900,United Cup,Hard,18,A,20230102,288,6-0 6-7(4) 7-5,3,RR,151.0,106432,126774,8.0,1.0,,,Borna Coric,Stefanos Tsitsipas,R,R,188.0,193.0,CRO,GRE,26.1,24.3,26.0,4.0,1685.0,5550.0,7.0,20.0,2.0,1.0,88.0,94.0,59.0,60.0,44.0,45.0,10.0,20.0,15.0,15.0,2.0,5.0,7.0,6.0,B,0
2023-9900,United Cup,Hard,18,A,20230102,287,6-4 6-2,3,RR,89.0,208852,127339,,,,,Stefanos Sakellaridis,Borna Gojo,R,R,196.0,196.0,GRE,CRO,18.3,24.8,803.0,144.0,23.0,381.0,4.0,4.0,1.0,1.0,78.0,50.0,50.0,30.0,30.0,27.0,12.0,11.0,9.0,9.0,6.0,1.0,9.0,1.0,B,0
2023-9900,United Cup,Hard,18,A,20230102,284,6-4 3-6 6-3,3,RR,116.0,128034,126610,2.0,5.0,,,Hubert Hurkacz,Matteo Berrettini,R,R,196.0,196.0,POL,ITA,25.8,26.7,10.0,16.0,2905.0,2375.0,12.0,11.0,1.0,1.0,79.0,77.0,49.0,49.0,36.0,37.0,16.0,18.0,14.0,14.0,1.0,2.0,4.0,4.0,B,0
2023-9900,United Cup,Hard,18,A,20230102,283,6-1 6-1,3,RR,57.0,207518,207415,,,,,Lorenzo Musetti,Daniel Michalski,R,R,185.0,180.0,ITA,POL,20.8,22.9,23.0,260.0,1865.0,204.0,8.0,1.0,0.0,1.0,31.0,40.0,18.0,28.0,17.0,12.0,11.0,5.0,7.0,7.0,0.0,4.0,0.0,9.0,A,1
2023-9900,United Cup,Hard,18,A,20230102,280,6-4 5-7 6-4,3,RR,136.0,126203,111815,3.0,15.0,,,Taylor Fritz,Cameron Norrie,R,L,196.0,188.0,USA,GBR,25.1,27.3,9.0,14.0,3355.0,2445.0,16.0,7.0,2.0,0.0,95.0,91.0,58.0,69.0,39.0,53.0,21.0,9.0,16.0,16.0,4.0,5.0,8.0,8.0,B,0
2023-9900,United Cup,Hard,18,A,20230102,279,3-6 7-5 6-3,3,RR,132.0,105554,126207,,,,,Daniel Evans,Frances Tiafoe,R,R,175.0,188.0,GBR,USA,32.6,24.9,27.0,19.0,1585.0,2000.0,9.0,10.0,3.0,1.0,82.0,87.0,46.0,46.0,35.0,32.0,17.0,24.0,15.0,15.0,5.0,7.0,9.0,10.0,B,0
2023-9900,United Cup,Hard,18,A,20230102,276,6-3 6-2,3,RR,78.0,105676,126774,12.0,1.0,,,David Goffin,Stefanos Tsitsipas,R,R,180.0,193.0,BEL,GRE,32.0,24.3,53.0,4.0,870.0,5550.0,2.0,12.0,1.0,1.0,49.0,61.0,33.0,39.0,22.0,27.0,4.0,12.0,8.0,9.0,2.0,4.0,6.0,5.0,B,0
2023-9900,United Cup,Hard,18,A,20230102,275,5-7 6-1 6-3,3,RR,133.0,200267,208852,,,,,Zizou Bergs,Stefanos Sakellaridis,R,R,185.0,196.0,BEL,GRE,23.5,18.3,129.0,803.0,435.0,23.0,1.0,8.0,5.0,1.0,86.0,86.0,52.0,50.0,33.0,37.0,16.0,21.0,14.0,14.0,3.0,4.0,7.0,5.0,B,0
2023-9900,United Cup,Hard,18,A,20230102,272,4-6 6-2 7-6(4),3,RR,,126774,105777,1.0,16.0,,,Stefanos Tsitsipas,Grigor Dimitrov,R,R,193.0,191.0,GRE,BUL,24.3,31.6,4.0,28.0,5550.0,1460.0,12.0,11.0,1.0,2.0,95.0,87.0,72.0,55.0,56.0,44.0,12.0,19.0,15.0,15.0,8.0,6.0,9.0,8.0,A,1
2023-9900,United Cup,Hard,18,A,20230102,271,6-1 6-1,3,RR,67.0,133018,106220,,,,,Michail Pervolarakis,Dimitar Kuzmanov,R,R,193.0,183.0,GRE,BUL,26.5,29.4,506.0,196.0,70.0,282.0,2.0,2.0,5.0,2.0,48.0,36.0,26.0,20.0,14.0,18.0,6.0,11.0,7.0,7.0,3.0,1.0,8.0,1.0,B,0
2023-9900,United Cup,Hard,18,A,20230102,268,6-4 7-5,3,RR,102.0,105777,105676,16.0,12.0,,,Grigor Dimitrov,David Goffin,R,R,191.0,180.0,BUL,BEL,31.6,32.0,28.0,53.0,1460.0,870.0,10.0,2.0,7.0,2.0,72.0,64.0,48.0,33.0,38.0,22.0,9.0,16.0,11.0,11.0,6.0,3.0,8.0,7.0,A,1
2023-9900,United Cup,Hard,18,A,20230102,267,6-2 6-0,3,RR,87.0,106220,200267,,,,,Dimitar Kuzmanov,Zizou Bergs,R,R,183.0,185.0,BUL,BEL,29.4,23.5,196.0,129.0,282.0,435.0,2.0,4.0,0.0,4.0,48.0,56.0,33.0,31.0,21.0,13.0,12.0,11.0,7.0,7.0,3.0,2.0,3.0,7.0,A,1
2023-9900,United Cup,Hard,18,A,20230102,264,7-6(5) 6-4,3,RR,99.0,128034,104527,2.0,9.0,,,Hubert Hurkacz,Stan Wawrinka,R,R,196.0,183.0,POL,SUI,25.8,37.7,10.0,148.0,2905.0,377.0,11.0,9.0,0.0,3.0,62.0,67.0,32.0,33.0,25.0,26.0,23.0,21.0,11.0,11.0,1.0,1.0,2.0,3.0,A,1
2023-9900,United Cup,Hard,18,A,20230102,263,6-3 6-2,3,RR,72.0,207415,144817,,,,,Daniel Michalski,Marc Andrea Huesler,R,L,180.0,196.0,POL,SUI,22.9,26.5,260.0,56.0,204.0,818.0,0.0,3.0,2.0,1.0,46.0,52.0,34.0,31.0,20.0,27.0,5.0,11.0,8.0,9.0,0.0,0.0,3.0,0.0,B,0
2023-9900,United Cup,Hard,18,A,20230102,260,7-6(8) 4-6 6-3,3,RR,129.0,128034,122330,2.0,13.0,,,Hubert Hurkacz,Alexander Bublik,R,R,196.0,196.0,POL,KAZ,25.8,25.5,10.0,37.0,2905.0,1130.0,18.0,15.0,4.0,8.0,94.0,104.0,58.0,62.0,52.0,50.0,20.0,23.0,16.0,15.0,3.0,3.0,4.0,4.0,A,1
2023-9900,United Cup,Hard,18,A,20230102,259,7-6(7) 6-2,3,RR,131.0,207415,207608,,,,,Daniel Michalski,Timofey Skatov,R,R,180.0,175.0,POL,KAZ,22.9,21.9,260.0,142.0,204.0,387.0,2.0,3.0,2.0,1.0,93.0,78.0,62.0,55.0,41.0,44.0,14.0,11.0,10.0,10.0,8.0,5.0,10.0,5.0,B,0
2023-9900,United Cup,Hard,18,A,20230102,256,6-3 7-6(3),3,RR,90.0,104527,122330,9.0,13.0,,,Stan Wawrinka,Alexander Bublik,R,R,183.0,196.0,SUI,KAZ,37.7,25.5,148.0,37.0,377.0,1130.0,10.0,7.0,0.0,2.0,63.0,59.0,34.0,42.0,29.0,33.0,19.0,8.0,11.0,10.0,0.0,3.0,0.0,4.0,A,1
2023-9900,United Cup,Hard,18,A,20230102,255,4-6 6-3 6-3,3,RR,,144817,207608,,,,,Marc Andrea Huesler,Timofey Skatov,L,R,196.0,175.0,SUI,KAZ,26.5,21.9,56.0,142.0,818.0,387.0,6.0,4.0,1.0,2.0,99.0,88.0,67.0,61.0,48.0,41.0,16.0,13.0,14.0,14.0,6.0,4.0,7.0,7.0,A,1
2023-9900,United Cup,Hard,18,A,20230102,252,6-1 6-4,3,RR,64.0,126203,100644,3.0,10.0,,,Taylor Fritz,Alexander Zverev,R,R,196.0,198.0,USA,GER,25.1,25.7,9.0,12.0,3355.0,2700.0,8.0,3.0,4.0,5.0,45.0,60.0,27.0,48.0,26.0,31.0,11.0,3.0,9.0,8.0,1.0,3.0,1.0,6.0,A,1
2023-9900,United Cup,Hard,18,A,20230102,251,7-5 6-4,3,RR,75.0,126207,106214,,,,,Frances Tiafoe,Oscar Otte,R,R,188.0,193.0,USA,GER,24.9,29.4,19.0,76.0,2000.0,691.0,9.0,10.0,3.0,0.0,56.0,58.0,30.0,30.0,29.0,23.0,16.0,18.0,11.0,11.0,0.0,0.0,0.0,2.0,A,1
2023-9900,United Cup,Hard,18,A,20230102,248,6-3 6-4,3,RR,,126203,208103,3.0,14.0,,,Taylor Fritz,Jiri Lehecka,R,R,196.0,185.0,USA,CZE,25.1,21.1,9.0,81.0,3355.0,646.0,5.0,4.0,3.0,1.0,68.0,48.0,41.0,31.0,32.0,24.0,14.0,8.0,10.0,9.0,2.0,1.0,2.0,3.0,A,1
2023-9900,United Cup,Hard,18,A,20230102,247,6-3 2-4 RET,3,RR,80.0,126207,207830,,,,,Frances Tiafoe,Tomas Machac,R,R,188.0,183.0,USA,CZE,24.9,22.2,19.0,97.0,2000.0,580.0,4.0,6.0,1.0,5.0,55.0,59.0,36.0,37.0,24.0,27.0,10.0,6.0,8.0,7.0,2.0,3.0,4.0,5.0,A,1
2023-9900,United Cup,Hard,18,A,20230102,244,6-4 6-2,3,RR,92.0,208103,100644,14.0,10.0,,,Jiri Lehecka,Alexander Zverev,R,R,185.0,198.0,CZE,GER,21.1,25.7,81.0,12.0,646.0,2700.0,5.0,1.0,3.0,8.0,67.0,56.0,47.0,34.0,36.0,22.0,8.0,8.0,9.0,9.0,6.0,4.0,7.0,8.0,A,1
2023-9900,United Cup,Hard,18,A,20230102,243,7-6(1) 6-2,3,RR,109.0,106214,207494,,,,,Oscar Otte,Dalibor Svrcina,R,R,193.0,178.0,GER,CZE,29.4,20.2,76.0,222.0,691.0,249.0,7.0,0.0,2.0,2.0,67.0,73.0,35.0,46.0,23.0,24.0,15.0,10.0,10.0,10.0,6.0,1.0,10.0,7.0,A,1
2023-9900,United Cup,Hard,18,A,20230102,240,3-6 6-1 7-5,3,RR,162.0,104745,200282,4.0,7.0,,,Rafael Nadal,Alex De Minaur,L,R,185.0,183.0,ESP,AUS,36.5,23.8,2.0,24.0,6020.0,1790.0,2.0,3.0,4.0,6.0,92.0,100.0,56.0,62.0,34.0,39.0,16.0,19.0,14.0,14.0,7.0,8.0,13.0,12.0,B,0
2023-9900,United Cup,Hard,18,A,20230102,239,6-3 4-6 6-3,3,RR,129.0,105077,106186,,,,,Albert Ramos,Jason Kubler,L,R,188.0,178.0,ESP,AUS,34.9,29.6,39.0,107.0,1075.0,538.0,4.0,10.0,2.0,2.0,82.0,78.0,46.0,50.0,33.0,41.0,19.0,14.0,14.0,14.0,1.0,1.0,5.0,3.0,B,0
2023-9900,United Cup,Hard,18,A,20230102,236,3-6 6-3 6-4,3,RR,164.0,111815,104745,15.0,4.0,,,Cameron Norrie,Rafael Nadal,L,L,188.0,185.0,GBR,ESP,27.3,36.5,14.0,2.0,2445.0,6020.0,6.0,10.0,2.0,4.0,88.0,95.0,57.0,55.0,42.0,40.0,18.0,21.0,14.0,14.0,5.0,9.0,6.0,11.0,A,1
2023-9900,United Cup,Hard,18,A,20230102,235,6-3 1-6 6-3,3,RR,139.0,105554,105077,,,,,Daniel Evans,Albert Ramos,R,L,175.0,188.0,GBR,ESP,32.6,34.9,27.0,39.0,1585.0,1075.0,5.0,3.0,1.0,3.0,73.0,82.0,41.0,49.0,32.0,32.0,15.0,14.0,13.0,12.0,2.0,4.0,5.0,7.0,A,1
2023-9900,United Cup,Hard,18,A,20230102,232,6-3 6-3,3,RR,,111815,200282,15.0,7.0,,,Cameron Norrie,Alex De Minaur,L,R,188.0,183.0,GBR,AUS,27.3,23.8,14.0,24.0,2445.0,1790.0,4.0,3.0,1.0,1.0,56.0,55.0,30.0,28.0,26.0,19.0,14.0,14.0,9.0,9.0,4.0,6.0,4.0,9.0,A,1
2023-9900,United Cup,Hard,18,A,20230102,231,6-3 7-6(3),3,RR,110.0,105554,106186,,,,,Daniel Evans,Jason Kubler,R,R,175.0,178.0,GBR,AUS,32.6,29.6,27.0,107.0,1585.0,538.0,3.0,11.0,2.0,1.0,64.0,67.0,36.0,42.0,26.0,30.0,13.0,15.0,10.0,11.0,1.0,2.0,4.0,4.0,B,0
2023-9900,United Cup,Hard,18,A,20230102,228,6-4 7-6(7),3,RR,115.0,126610,106329,5.0,11.0,,,Matteo Berrettini,Thiago Monteiro,R,L,196.0,183.0,ITA,BRA,26.7,28.5,16.0,71.0,2375.0,738.0,15.0,4.0,1.0,2.0,64.0,72.0,43.0,43.0,38.0,31.0,14.0,20.0,11.0,11.0,0.0,1.0,0.0,2.0,A,1
2023-9900,United Cup,Hard,18,A,20230102,227,6-3 6-4,3,RR,,200335,207518,,,,,Felipe Meligeni Alves,Lorenzo Musetti,R,R,185.0,185.0,BRA,ITA,24.8,20.8,166.0,23.0,343.0,1865.0,1.0,9.0,2.0,1.0,50.0,55.0,33.0,31.0,19.0,22.0,8.0,15.0,9.0,10.0,0.0,1.0,4.0,3.0,B,0
2023-9900,United Cup,Hard,18,A,20230102,224,6-4 6-4,3,RR,86.0,134770,126610,18.0,5.0,,,Casper Ruud,Matteo Berrettini,R,R,183.0,196.0,NOR,ITA,24.0,26.7,3.0,16.0,5820.0,2375.0,4.0,10.0,0.0,2.0,52.0,60.0,41.0,40.0,31.0,35.0,4.0,9.0,10.0,10.0,0.0,2.0,2.0,2.0,B,0
2023-9900,United Cup,Hard,18,A,20230102,223,7-6(7) 6-3,3,RR,108.0,126340,207518,,,,,Viktor Durasovic,Lorenzo Musetti,R,R,185.0,185.0,NOR,ITA,25.7,20.8,343.0,23.0,143.0,1865.0,6.0,7.0,3.0,1.0,81.0,69.0,45.0,42.0,28.0,35.0,19.0,16.0,10.0,11.0,8.0,1.0,10.0,2.0,B,0
2023-9900,United Cup,Hard,18,A,20230102,220,6-3 6-2,3,RR,71.0,106329,134770,11.0,18.0,,,Thiago Monteiro,Casper Ruud,L,R,183.0,183.0,BRA,NOR,28.5,24.0,71.0,3.0,738.0,5820.0,2.0,8.0,5.0,1.0,41.0,49.0,27.0,36.0,16.0,24.0,3.0,8.0,8.0,9.0,1.0,2.0,6.0,4.0,B,0
2023-9900,United Cup,Hard,18,A,20230102,219,6-3 6-3,3,RR,87.0,126340,200335,,,,,Viktor Durasovic,Felipe Meligeni Alves,R,R,185.0,185.0,NOR,BRA,25.7,24.8,343.0,166.0,143.0,343.0,11.0,5.0,5.0,0.0,73.0,59.0,41.0,41.0,28.0,31.0,11.0,11.0,9.0,9.0,3.0,1.0,6.0,1.0,B,0
2023-9900,United Cup,Hard,18,A,20230102,216,7-6(1) 7-6(2),3,RR,113.0,106432,126239,8.0,6.0,,,Borna Coric,Arthur Rinderknech,R,R,188.0,196.0,CRO,FRA,26.1,27.4,26.0,44.0,1685.0,952.0,10.0,8.0,1.0,3.0,65.0,81.0,43.0,51.0,40.0,36.0,15.0,17.0,12.0,12.0,1.0,2.0,2.0,3.0,A,1
2023-9900,United Cup,Hard,18,A,20230102,215,7-6(5) 3-6 7-6(5),3,RR,170.0,127339,105173,,,,,Borna Gojo,Adrian Mannarino,R,L,196.0,180.0,CRO,FRA,24.8,34.5,144.0,46.0,381.0,946.0,14.0,9.0,4.0,1.0,110.0,104.0,72.0,63.0,57.0,51.0,17.0,21.0,16.0,17.0,1.0,3.0,4.0,5.0,A,1
2023-9900,United Cup,Hard,18,A,20230102,212,6-4 6-2,3,RR,,126239,202103,6.0,17.0,,,Arthur Rinderknech,Francisco Cerundolo,R,R,196.0,185.0,FRA,ARG,27.4,24.3,44.0,30.0,952.0,1395.0,2.0,1.0,1.0,3.0,64.0,57.0,43.0,37.0,30.0,22.0,11.0,10.0,9.0,9.0,0.0,4.0,0.0,7.0,A,1
2023-9900,United Cup,Hard,18,A,20230102,211,6-1 6-0,3,RR,62.0,105173,105948,,,,,Adrian Mannarino,Federico Coria,L,R,180.0,180.0,FRA,ARG,34.5,30.8,46.0,75.0,946.0,695.0,6.0,2.0,0.0,2.0,44.0,56.0,30.0,37.0,23.0,16.0,7.0,5.0,7.0,6.0,2.0,4.0,3.0,10.0,A,1
2023-9900,United Cup,Hard,18,A,20230102,208,7-5 6-4,3,RR,128.0,106432,202103,8.0,17.0,,,Borna Coric,Francisco Cerundolo,R,R,188.0,185.0,CRO,ARG,26.1,24.3,26.0,30.0,1685.0,1395.0,4.0,2.0,2.0,1.0,81.0,70.0,51.0,50.0,37.0,31.0,12.0,8.0,11.0,11.0,8.0,5.0,10.0,9.0,A,1
2023-9900,United Cup,Hard,18,A,20230102,207,7-6(5) 6-4,3,RR,97.0,105948,127339,,,,,Federico Coria,Borna Gojo,R,R,180.0,196.0,ARG,CRO,30.8,24.8,75.0,144.0,695.0,381.0,0.0,6.0,0.0,3.0,81.0,66.0,50.0,47.0,37.0,37.0,15.0,10.0,11.0,11.0,3.0,0.0,4.0,0.0,B,0
2023-2843,Adelaide 1,Hard,32,A,20230102,300,6-7(8) 7-6(3) 6-4,3,F,189.0,104925,200624,1.0,,,,Novak Djokovic,Sebastian Korda,R,R,188.0,196.0,SRB,USA,35.6,22.4,5.0,33.0,4820.0,1175.0,7.0,15.0,4.0,4.0,99.0,129.0,62.0,76.0,53.0,59.0,25.0,27.0,17.0,17.0,1.0,5.0,2.0,7.0,A,1
2023-2843,Adelaide 1,Hard,32,A,20230102,299,6-3 6-4,3,SF,90.0,104925,106421,1.0,3.0,,,Novak Djokovic,Daniil Medvedev,R,R,188.0,198.0,SRB,RUS,35.6,26.8,5.0,7.0,4820.0,4065.0,5.0,5.0,3.0,2.0,61.0,48.0,35.0,31.0,31.0,23.0,14.0,9.0,10.0,9.0,3.0,1.0,3.0,3.0,A,1
2023-2843,Adelaide 1,Hard,32,A,20230102,298,7-6(5) 1-0 RET,3,SF,74.0,106415,200624,,,,,Yoshihito Nishioka,Sebastian Korda,L,R,170.0,196.0,JPN,USA,27.2,22.4,36.0,33.0,1134.0,1175.0,0.0,9.0,0.0,0.0,54.0,40.0,40.0,23.0,29.0,21.0,6.0,10.0,7.0,6.0,3.0,0.0,4.0,0.0,B,0
2023-2843,Adelaide 1,Hard,32,A,20230102,297,6-3 6-4,3,QF,115.0,104925,133430,1.0,7.0,,,Novak Djokovic,Denis Shapovalov,R,L,188.0,185.0,SRB,CAN,35.6,23.7,5.0,18.0,4820.0,2075.0,4.0,6.0,3.0,7.0,70.0,72.0,40.0,38.0,31.0,25.0,16.0,14.0,10.0,9.0,3.0,5.0,4.0,8.0,A,1
2023-2843,Adelaide 1,Hard,32,A,20230102,296,6-3 6-3,3,QF,77.0,111575,106421,8.0,3.0,,,Karen Khachanov,Daniil Medvedev,R,R,198.0,198.0,RUS,RUS,26.6,26.8,20.0,7.0,1990.0,4065.0,1.0,6.0,2.0,5.0,60.0,51.0,42.0,33.0,25.0,29.0,6.0,7.0,9.0,9.0,3.0,2.0,7.0,3.0,B,0
2023-2843,Adelaide 1,Hard,32,A,20230102,295,7-5 6-1,3,QF,86.0,200624,206173,,6.0,,,Sebastian Korda,Jannik Sinner,R,R,196.0,191.0,USA,ITA,22.4,21.3,33.0,15.0,1175.0,2410.0,5.0,8.0,1.0,3.0,52.0,53.0,30.0,34.0,25.0,23.0,12.0,6.0,9.0,10.0,3.0,4.0,4.0,9.0,A,1
2023-2843,Adelaide 1,Hard,32,A,20230102,294,7-6(4) 6-7(8) 6-2,3,QF,166.0,200615,106415,,,Q,,Alexei Popyrin,Yoshihito Nishioka,R,L,196.0,170.0,AUS,JPN,23.4,27.2,120.0,36.0,469.0,1134.0,27.0,2.0,4.0,1.0,103.0,106.0,68.0,75.0,56.0,57.0,12.0,19.0,16.0,16.0,6.0,2.0,10.0,4.0,B,0
2023-2843,Adelaide 1,Hard,32,A,20230102,293,7-6(3) 7-6(5),3,R16,115.0,104925,111460,1.0,,,,Novak Djokovic,Quentin Halys,R,R,188.0,191.0,SRB,FRA,35.6,26.1,5.0,64.0,4820.0,767.0,10.0,11.0,4.0,2.0,76.0,82.0,50.0,48.0,44.0,39.0,14.0,16.0,12.0,12.0,0.0,4.0,1.0,5.0,A,1
2023-2843,Adelaide 1,Hard,32,A,20230102,292,6-4 6-3,3,R16,81.0,133430,126128,7.0,,,Q,Denis Shapovalov,Roman Safiullin,L,R,185.0,185.0,CAN,RUS,23.7,25.4,18.0,88.0,2075.0,606.0,7.0,3.0,2.0,3.0,44.0,70.0,25.0,45.0,21.0,29.0,13.0,11.0,9.0,10.0,0.0,7.0,1.0,11.0,A,1
2023-2843,Adelaide 1,Hard,32,A,20230102,291,6-0 6-3,3,R16,67.0,200175,106421,,3.0,,,Miomir Kecmanovic,Daniil Medvedev,R,R,183.0,198.0,SRB,RUS,23.3,26.8,29.0,7.0,1420.0,4065.0,0.0,7.0,0.0,3.0,42.0,51.0,31.0,38.0,13.0,29.0,6.0,7.0,7.0,8.0,3.0,1.0,7.0,1.0,B,0
2023-2843,Adelaide 1,Hard,32,A,20230102,290,6-4 6-2,3,R16,91.0,207733,111575,,8.0,,,Jack Draper,Karen Khachanov,L,R,193.0,198.0,GBR,RUS,21.0,26.6,42.0,20.0,990.0,1990.0,6.0,7.0,3.0,1.0,67.0,53.0,36.0,39.0,20.0,32.0,17.0,9.0,9.0,9.0,6.0,1.0,9.0,1.0,B,0
2023-2843,Adelaide 1,Hard,32,A,20230102,289,7-6(2) 6-4,3,R16,122.0,106423,206173,,6.0,WC,,Thanasi Kokkinakis,Jannik Sinner,R,R,193.0,191.0,AUS,ITA,26.7,21.3,93.0,15.0,592.0,2410.0,9.0,5.0,3.0,2.0,72.0,78.0,45.0,58.0,33.0,40.0,13.0,12.0,11.0,11.0,1.0,6.0,3.0,7.0,B,0
2023-2843,Adelaide 1,Hard,32,A,20230102,288,6-4 6-4,3,R16,73.0,105138,200624,,,,,Roberto Bautista Agut,Sebastian Korda,R,R,183.0,196.0,ESP,USA,34.7,22.4,21.0,33.0,1940.0,1175.0,5.0,12.0,3.0,0.0,47.0,57.0,26.0,41.0,20.0,33.0,12.0,10.0,10.0,10.0,0.0,2.0,2.0,2.0,B,0
2023-2843,Adelaide 1,Hard,32,A,20230102,287,6-4 6-3,3,R16,95.0,111456,106415,,,,,Mackenzie Mcdonald,Yoshihito Nishioka,R,L,178.0,170.0,USA,JPN,27.7,27.2,63.0,36.0,775.0,1134.0,3.0,0.0,2.0,2.0,57.0,72.0,36.0,49.0,26.0,29.0,8.0,17.0,10.0,9.0,1.0,4.0,4.0,4.0,B,0
2023-2843,Adelaide 1,Hard,32,A,20230102,286,4-6 6-4 6-3,3,R16,112.0,106218,200615,,,,Q,Marcos Giron,Alexei Popyrin,R,R,180.0,196.0,USA,AUS,29.4,23.4,61.0,120.0,776.0,469.0,4.0,16.0,0.0,1.0,79.0,83.0,61.0,58.0,43.0,49.0,11.0,13.0,14.0,15.0,1.0,2.0,3.0,3.0,B,0
2023-2843,Adelaide 1,Hard,32,A,20230102,285,6-3 6-2,3,R32,74.0,106005,104925,,1.0,,,Constant Lestienne,Novak Djokovic,R,R,180.0,188.0,FRA,SRB,30.6,35.6,65.0,5.0,760.0,4820.0,3.0,4.0,1.0,2.0,56.0,47.0,39.0,29.0,22.0,25.0,10.0,13.0,8.0,9.0,5.0,1.0,8.0,1.0,B,0
2023-2843,Adelaide 1,Hard,32,A,20230102,284,6-3 6-4,3,R32,76.0,111442,111460,,,WC,,Jordan Thompson,Quentin Halys,R,R,183.0,191.0,AUS,FRA,28.7,26.1,84.0,64.0,626.0,767.0,5.0,14.0,4.0,2.0,65.0,47.0,38.0,30.0,26.0,27.0,12.0,13.0,9.0,10.0,3.0,0.0,5.0,0.0,B,0
2023-2843,Adelaide 1,Hard,32,A,20230102,283,6-4 6-2,3,R32,94.0,126128,144707,,,Q,,Roman Safiullin,Mikael Ymer,R,R,185.0,183.0,RUS,SWE,25.4,24.3,88.0,69.0,606.0,739.0,4.0,2.0,3.0,3.0,65.0,61.0,40.0,36.0,31.0,20.0,13.0,13.0,9.0,9.0,5.0,5.0,5.0,8.0,A,1
2023-2843,Adelaide 1,Hard,32,A,20230102,282,2-6 6-4 6-3,3,R32,120.0,133430,208014,7.0,,,Q,Denis Shapovalov,Rinky Hijikata,L,R,185.0,178.0,CAN,AUS,23.7,21.8,18.0,164.0,2075.0,344.0,7.0,2.0,9.0,5.0,77.0,93.0,42.0,58.0,30.0,43.0,18.0,12.0,13.0,14.0,5.0,8.0,8.0,12.0,A,1
2023-2843,Adelaide 1,Hard,32,A,20230102,281,7-6(6) 2-1 RET,3,R32,102.0,132283,106421,,3.0,,,Lorenzo Sonego,Daniil Medvedev,R,R,191.0,198.0,ITA,RUS,27.6,26.8,45.0,7.0,950.0,4065.0,1.0,5.0,1.0,2.0,57.0,70.0,32.0,45.0,25.0,30.0,11.0,15.0,7.0,8.0,3.0,9.0,4.0,10.0,B,0
2023-2843,Adelaide 1,Hard,32,A,20230102,280,6-4 6-4,3,R32,94.0,200175,106331,,,,WC,Miomir Kecmanovic,Christopher Oconnell,R,R,183.0,183.0,SRB,AUS,23.3,28.5,29.0,78.0,1420.0,652.0,4.0,9.0,4.0,2.0,74.0,55.0,42.0,31.0,24.0,23.0,23.0,9.0,10.0,10.0,5.0,2.0,6.0,5.0,A,1
2023-2843,Adelaide 1,Hard,32,A,20230102,279,6-2 6-1,3,R32,68.0,207733,126952,,,,Q,Jack Draper,Soon Woo Kwon,L,R,193.0,180.0,GBR,KOR,21.0,25.0,42.0,83.0,990.0,630.0,8.0,2.0,2.0,3.0,35.0,52.0,18.0,24.0,16.0,12.0,13.0,10.0,7.0,8.0,3.0,7.0,3.0,12.0,A,1
2023-2843,Adelaide 1,Hard,32,A,20230102,278,6-2 6-4,3,R32,85.0,111575,106398,8.0,,,,Karen Khachanov,Pedro Cachin,R,R,198.0,185.0,RUS,ARG,26.6,27.7,20.0,57.0,1990.0,813.0,6.0,3.0,3.0,2.0,61.0,57.0,34.0,40.0,30.0,24.0,12.0,6.0,9.0,9.0,6.0,8.0,7.0,12.0,A,1
2023-2843,Adelaide 1,Hard,32,A,20230102,277,6-3 6-2,3,R32,65.0,206173,106378,6.0,,,PR,Jannik Sinner,Kyle Edmund,R,R,191.0,188.0,ITA,GBR,21.3,27.9,15.0,582.0,2410.0,52.0,5.0,1.0,1.0,2.0,41.0,48.0,25.0,21.0,23.0,15.0,13.0,11.0,9.0,8.0,0.0,1.0,0.0,4.0,A,1
2023-2843,Adelaide 1,Hard,32,A,20230102,276,7-6(4) 7-6(7),3,R32,131.0,202195,106423,,,,WC,Maxime Cressy,Thanasi Kokkinakis,R,R,201.0,193.0,USA,AUS,25.6,26.7,34.0,93.0,1163.0,592.0,20.0,21.0,8.0,0.0,82.0,72.0,50.0,52.0,38.0,45.0,19.0,13.0,12.0,12.0,5.0,3.0,6.0,4.0,B,0
2023-2843,Adelaide 1,Hard,32,A,20230102,275,7-6(3) 6-3,3,R32,116.0,200624,104918,,,,,Sebastian Korda,Andy Murray,R,R,196.0,191.0,USA,GBR,22.4,35.6,33.0,49.0,1175.0,920.0,12.0,3.0,1.0,2.0,64.0,69.0,39.0,36.0,34.0,27.0,14.0,14.0,11.0,10.0,4.0,3.0,5.0,5.0,A,1
2023-2843,Adelaide 1,Hard,32,A,20230102,274,4-6 6-3 6-4,3,R32,109.0,126094,105138,4.0,,,,Andrey Rublev,Roberto Bautista Agut,R,R,188.0,183.0,RUS,ESP,25.2,34.7,8.0,21.0,3930.0,1940.0,15.0,8.0,6.0,1.0,81.0,79.0,52.0,54.0,40.0,40.0,11.0,17.0,14.0,15.0,2.0,2.0,5.0,4.0,B,0
2023-2843,Adelaide 1,Hard,32,A,20230102,273,2-6 6-4 6-4,3,R32,125.0,106415,208029,,5.0,,,Yoshihito Nishioka,Holger Rune,L,R,170.0,188.0,JPN,DEN,27.2,19.6,36.0,11.0,1134.0,2888.0,0.0,14.0,8.0,8.0,86.0,95.0,54.0,57.0,36.0,40.0,16.0,16.0,14.0,14.0,5.0,7.0,9.0,11.0,A,1
2023-2843,Adelaide 1,Hard,32,A,20230102,272,6-3 0-0 RET,3,R32,40.0,111456,123755,,,,,Mackenzie Mcdonald,Daniel Elahi Galan,R,R,178.0,191.0,USA,COL,27.7,26.5,63.0,67.0,775.0,741.0,4.0,2.0,1.0,1.0,20.0,39.0,14.0,25.0,14.0,16.0,2.0,6.0,4.0,5.0,0.0,0.0,0.0,2.0,A,1
2023-2843,Adelaide 1,Hard,32,A,20230102,271,7-6(5) 6-7(6) 7-5,3,R32,177.0,106218,104755,,,,,Marcos Giron,Richard Gasquet,R,R,180.0,183.0,USA,FRA,29.4,36.5,61.0,68.0,776.0,740.0,13.0,10.0,2.0,4.0,110.0,139.0,76.0,74.0,59.0,51.0,23.0,38.0,18.0,18.0,2.0,10.0,3.0,12.0,A,1
2023-2843,Adelaide 1,Hard,32,A,20230102,270,6-4 7-6(5),3,R32,114.0,200000,200615,2.0,,,Q,Felix Auger Aliassime,Alexei Popyrin,R,R,193.0,196.0,CAN,AUS,22.4,23.4,6.0,120.0,4195.0,469.0,7.0,11.0,2.0,2.0,66.0,67.0,45.0,45.0,33.0,35.0,11.0,13.0,11.0,11.0,2.0,1.0,4.0,2.0,B,0
2023-0891,Pune,Hard,32,A,20230102,300,4-6 7-5 6-3,3,F,136.0,134868,126127,,,,,Tallon Griekspoor,Benjamin Bonzi,R,R,188.0,183.0,NED,FRA,26.5,26.5,95.0,60.0,584.0,781.0,17.0,11.0,4.0,4.0,86.0,102.0,61.0,66.0,48.0,47.0,13.0,18.0,15.0,16.0,3.0,4.0,4.0,7.0,A,1
2023-0891,Pune,Hard,32,A,20230102,299,7-6(4) 6-1,3,SF,81.0,106234,134868,8.0,,,,Aslan Karatsev,Tallon Griekspoor,R,R,185.0,188.0,RUS,NED,29.3,26.5,59.0,95.0,795.0,584.0,3.0,11.0,5.0,2.0,59.0,53.0,31.0,36.0,22.0,32.0,14.0,13.0,9.0,10.0,3.0,0.0,5.0,0.0,B,0
2023-0891,Pune,Hard,32,A,20230102,298,7-6(5) 6-7(5) 6-1,3,SF,149.0,126127,122298,,2.0,,,Benjamin Bonzi,Botic Van De Zandschulp,R,R,183.0,191.0,FRA,NED,26.5,27.2,60.0,35.0,781.0,1160.0,10.0,9.0,3.0,3.0,101.0,106.0,71.0,69.0,54.0,49.0,16.0,17.0,16.0,15.0,0.0,7.0,2.0,11.0,A,1
2023-0891,Pune,Hard,32,A,20230102,297,W/O,3,QF,0.0,105227,134868,1.0,,,,Marin Cilic,Tallon Griekspoor,R,R,198.0,188.0,CRO,NED,34.2,26.5,17.0,95.0,2105.0,584.0,,,,,,,,,,,,,,,,,,,B,0
2023-0891,Pune,Hard,32,A,20230102,296,6-1 6-2,3,QF,73.0,106234,124079,8.0,,,,Aslan Karatsev,Pedro Martinez,R,R,185.0,185.0,RUS,ESP,29.3,25.6,59.0,62.0,795.0,776.0,13.0,1.0,3.0,3.0,58.0,44.0,40.0,26.0,33.0,15.0,6.0,6.0,8.0,7.0,5.0,4.0,5.0,8.0,A,1
2023-0891,Pune,Hard,32,A,20230102,295,7-6(5) 6-4,3,QF,125.0,105936,126127,6.0,,,,Filip Krajinovic,Benjamin Bonzi,R,R,185.0,183.0,SRB,FRA,30.8,26.5,54.0,60.0,845.0,781.0,6.0,7.0,3.0,0.0,90.0,77.0,50.0,46.0,29.0,30.0,20.0,15.0,11.0,11.0,10.0,2.0,14.0,5.0,B,0
2023-0891,Pune,Hard,32,A,20230102,294,6-4 6-2,3,QF,67.0,109739,122298,,2.0,Q,,Maximilian Marterer,Botic Van De Zandschulp,L,R,188.0,191.0,GER,NED,27.5,27.2,159.0,35.0,354.0,1160.0,1.0,3.0,1.0,1.0,51.0,44.0,37.0,34.0,22.0,29.0,7.0,7.0,9.0,9.0,2.0,0.0,5.0,0.0,B,0
2023-0891,Pune,Hard,32,A,20230102,293,6-3 3-6 6-1,3,R16,122.0,105227,106148,1.0,,,,Marin Cilic,Roberto Carballes Baena,R,R,198.0,183.0,CRO,ESP,34.2,29.7,17.0,74.0,2105.0,695.0,16.0,3.0,3.0,3.0,76.0,74.0,54.0,40.0,45.0,26.0,9.0,18.0,13.0,12.0,2.0,4.0,3.0,7.0,A,1
2023-0891,Pune,Hard,32,A,20230102,292,6-4 6-4,3,R16,75.0,106065,134868,,,,,Marco Cecchinato,Tallon Griekspoor,R,R,185.0,188.0,ITA,NED,30.2,26.5,101.0,95.0,562.0,584.0,3.0,7.0,3.0,2.0,58.0,54.0,36.0,35.0,25.0,29.0,12.0,14.0,10.0,10.0,3.0,0.0,5.0,0.0,B,0
2023-0891,Pune,Hard,32,A,20230102,291,3-6 6-1 6-3,3,R16,132.0,124079,202104,,4.0,,,Pedro Martinez,Sebastian Baez,R,R,185.0,170.0,ESP,ARG,25.6,22.0,62.0,43.0,776.0,987.0,0.0,5.0,3.0,1.0,77.0,85.0,54.0,66.0,42.0,43.0,10.0,6.0,12.0,13.0,6.0,6.0,7.0,10.0,A,1
2023-0891,Pune,Hard,32,A,20230102,290,7-6(7) 7-6(8),3,R16,129.0,106234,126646,8.0,,,,Aslan Karatsev,Tim Van Rijthoven,R,R,185.0,188.0,RUS,NED,29.3,25.6,59.0,111.0,795.0,516.0,9.0,10.0,6.0,6.0,88.0,91.0,57.0,55.0,47.0,44.0,16.0,19.0,12.0,12.0,1.0,7.0,2.0,8.0,A,1
2023-0891,Pune,Hard,32,A,20230102,289,2-6 6-3 6-4,3,R16,130.0,105936,111581,6.0,,,,Filip Krajinovic,Michael Mmoh,R,R,185.0,188.0,SRB,USA,30.8,24.9,54.0,113.0,845.0,507.0,9.0,4.0,0.0,1.0,93.0,72.0,67.0,42.0,47.0,29.0,12.0,19.0,14.0,13.0,5.0,0.0,8.0,3.0,A,1
2023-0891,Pune,Hard,32,A,20230102,288,6-1 7-6(4),3,R16,80.0,126127,200325,,3.0,,,Benjamin Bonzi,Emil Ruusuvuori,R,R,183.0,188.0,FRA,FIN,26.5,23.7,60.0,40.0,781.0,1011.0,5.0,5.0,2.0,2.0,65.0,50.0,47.0,36.0,38.0,27.0,9.0,7.0,10.0,9.0,1.0,0.0,1.0,2.0,A,1
2023-0891,Pune,Hard,32,A,20230102,287,7-6(5) 6-2,3,R16,91.0,109739,111513,,,Q,,Maximilian Marterer,Laslo Djere,L,R,188.0,188.0,GER,SRB,27.5,27.5,159.0,70.0,354.0,738.0,11.0,6.0,2.0,3.0,63.0,66.0,45.0,40.0,34.0,30.0,14.0,13.0,10.0,10.0,0.0,7.0,0.0,9.0,A,1
2023-0891,Pune,Hard,32,A,20230102,286,7-5 6-4,3,R16,93.0,122298,207925,2.0,,,Q,Botic Van De Zandschulp,Flavio Cobolli,R,R,191.0,183.0,NED,ITA,27.2,20.6,35.0,171.0,1160.0,335.0,2.0,5.0,3.0,0.0,64.0,59.0,41.0,38.0,30.0,24.0,13.0,9.0,11.0,11.0,4.0,0.0,6.0,4.0,A,1
2023-0891,Pune,Hard,32,A,20230102,284,6-1 7-5,3,R32,100.0,106148,126523,,,,,Roberto Carballes Baena,Bernabe Zapata Miralles,R,R,183.0,183.0,ESP,ESP,29.7,25.9,74.0,72.0,695.0,712.0,0.0,4.0,1.0,5.0,60.0,79.0,41.0,51.0,28.0,31.0,10.0,10.0,9.0,10.0,3.0,4.0,4.0,9.0,A,1
2023-0891,Pune,Hard,32,A,20230102,283,6-2 6-2,3,R32,55.0,106065,105932,,,,,Marco Cecchinato,Nikoloz Basilashvili,R,R,185.0,185.0,ITA,GEO,30.2,30.8,101.0,91.0,562.0,595.0,3.0,2.0,0.0,1.0,43.0,47.0,22.0,25.0,18.0,13.0,16.0,11.0,8.0,8.0,1.0,2.0,1.0,6.0,A,1
2023-0891,Pune,Hard,32,A,20230102,282,6-4 7-5,3,R32,94.0,134868,144719,,7.0,,,Tallon Griekspoor,Jaume Munar,R,R,188.0,183.0,NED,ESP,26.5,25.6,95.0,58.0,584.0,802.0,10.0,2.0,6.0,1.0,63.0,60.0,43.0,46.0,36.0,30.0,9.0,9.0,11.0,11.0,1.0,2.0,2.0,5.0,A,1
2023-0891,Pune,Hard,32,A,20230102,280,3-6 7-5 6-3,3,R32,148.0,124079,106368,,,,Q,Pedro Martinez,Ramkumar Ramanathan,R,R,185.0,188.0,ESP,IND,25.6,28.1,62.0,435.0,776.0,98.0,2.0,11.0,5.0,6.0,103.0,92.0,70.0,42.0,49.0,33.0,16.0,23.0,15.0,15.0,8.0,3.0,11.0,7.0,A,1
2023-0891,Pune,Hard,32,A,20230102,279,6-4 6-4,3,R32,86.0,126646,105430,,,,,Tim Van Rijthoven,Radu Albot,R,R,188.0,175.0,NED,MDA,25.6,33.1,111.0,103.0,516.0,559.0,14.0,2.0,0.0,4.0,58.0,60.0,38.0,37.0,29.0,28.0,14.0,10.0,10.0,10.0,2.0,1.0,2.0,3.0,A,1
2023-0891,Pune,Hard,32,A,20230102,278,6-1 6-3,3,R32,63.0,104665,106234,,8.0,,,Pablo Andujar,Aslan Karatsev,R,R,180.0,185.0,ESP,RUS,36.9,29.3,121.0,59.0,467.0,795.0,1.0,5.0,2.0,1.0,47.0,40.0,34.0,26.0,17.0,23.0,4.0,9.0,8.0,8.0,3.0,0.0,7.0,0.0,B,0
2023-0891,Pune,Hard,32,A,20230102,277,6-4 4-6 6-4,3,R32,144.0,111576,105936,,6.0,WC,,Sumit Nagal,Filip Krajinovic,R,R,178.0,185.0,IND,SRB,25.3,30.8,503.0,54.0,70.0,845.0,3.0,8.0,2.0,1.0,96.0,89.0,70.0,58.0,48.0,47.0,15.0,17.0,15.0,15.0,5.0,2.0,7.0,3.0,B,0
2023-0891,Pune,Hard,32,A,20230102,276,6-2 6-4,3,R32,88.0,111581,211768,,,,WC,Michael Mmoh,Manas Dhamne,R,R,188.0,188.0,USA,IND,24.9,15.0,113.0,,507.0,,3.0,0.0,1.0,0.0,49.0,59.0,29.0,37.0,22.0,21.0,12.0,10.0,9.0,9.0,2.0,6.0,3.0,10.0,A,1
2023-0891,Pune,Hard,32,A,20230102,275,6-0 6-3,3,R32,61.0,126127,202358,,,,,Benjamin Bonzi,Chun Hsin Tseng,R,R,183.0,175.0,FRA,TPE,26.5,21.4,60.0,115.0,781.0,490.0,2.0,2.0,0.0,1.0,39.0,45.0,21.0,31.0,18.0,16.0,14.0,4.0,8.0,7.0,0.0,1.0,0.0,5.0,A,1
2023-0891,Pune,Hard,32,A,20230102,273,6-2 6-4,3,R32,64.0,111513,144684,,5.0,,,Laslo Djere,Alex Molcan,R,L,188.0,178.0,SRB,SVK,27.5,25.0,70.0,50.0,738.0,895.0,12.0,2.0,0.0,2.0,41.0,55.0,26.0,33.0,23.0,21.0,13.0,11.0,9.0,9.0,0.0,2.0,0.0,5.0,A,1
2023-0891,Pune,Hard,32,A,20230102,272,6-2 3-6 6-3,3,R32,112.0,109739,111200,,,Q,Q,Maximilian Marterer,Elias Ymer,L,R,188.0,185.0,GER,SWE,27.5,26.7,159.0,127.0,354.0,444.0,12.0,5.0,1.0,2.0,65.0,84.0,41.0,47.0,33.0,30.0,13.0,19.0,13.0,13.0,0.0,2.0,2.0,6.0,A,1
2023-0891,Pune,Hard,32,A,20230102,271,6-4 7-5,3,R32,98.0,207925,124154,,,Q,WC,Flavio Cobolli,Sasi Kumar Mukund,R,R,183.0,185.0,ITA,IND,20.6,25.9,171.0,340.0,335.0,146.0,6.0,1.0,2.0,1.0,65.0,67.0,36.0,44.0,29.0,27.0,12.0,7.0,11.0,11.0,6.0,5.0,9.0,10.0,A,1
2023-0301,Auckland,Hard,32,A,20230109,300,4-6 6-4 6-4,3,F,147.0,104755,111815,,2.0,,,Richard Gasquet,Cameron Norrie,R,L,183.0,188.0,FRA,GBR,36.5,27.3,67.0,12.0,740.0,2575.0,3.0,8.0,2.0,2.0,88.0,86.0,44.0,52.0,36.0,36.0,21.0,17.0,15.0,15.0,6.0,4.0,9.0,8.0,A,1
2023-0301,Auckland,Hard,32,A,20230109,299,W/O,3,SF,0.0,104755,106005,,,,,Richard Gasquet,Constant Lestienne,R,R,183.0,180.0,FRA,FRA,36.5,30.6,67.0,65.0,740.0,760.0,,,,,,,,,,,,,,,,,,,A,1
2023-0301,Auckland,Hard,32,A,20230109,298,6-3 6-4,3,SF,98.0,111815,202385,2.0,,,,Cameron Norrie,Jenson Brooksby,L,R,188.0,188.0,GBR,USA,27.3,22.2,12.0,48.0,2575.0,920.0,3.0,4.0,0.0,0.0,48.0,73.0,31.0,43.0,27.0,26.0,11.0,14.0,10.0,9.0,3.0,6.0,4.0,9.0,A,1
2023-0301,Auckland,Hard,32,A,20230109,297,2-6 7-6(2) 7-5,3,QF,166.0,111513,106005,,,,,Laslo Djere,Constant Lestienne,R,R,188.0,180.0,SRB,FRA,27.6,30.6,70.0,65.0,713.0,760.0,8.0,5.0,3.0,1.0,109.0,118.0,61.0,77.0,47.0,54.0,21.0,19.0,16.0,16.0,2.0,14.0,5.0,18.0,B,0
2023-0301,Auckland,Hard,32,A,20230109,296,1-6 6-1 6-1,3,QF,94.0,104755,105676,,,,,Richard Gasquet,David Goffin,R,R,183.0,180.0,FRA,BEL,36.5,32.0,67.0,53.0,740.0,870.0,6.0,8.0,3.0,2.0,61.0,64.0,37.0,37.0,26.0,20.0,10.0,9.0,11.0,10.0,0.0,7.0,4.0,13.0,A,1
2023-0301,Auckland,Hard,32,A,20230109,295,7-6(3) 7-6(2),3,QF,114.0,111460,202385,,,,,Quentin Halys,Jenson Brooksby,R,R,191.0,188.0,FRA,USA,26.2,22.2,64.0,48.0,771.0,920.0,13.0,2.0,3.0,2.0,75.0,82.0,43.0,49.0,33.0,37.0,16.0,18.0,12.0,12.0,1.0,3.0,3.0,5.0,B,0
2023-0301,Auckland,Hard,32,A,20230109,294,6-1 6-7(5) 6-2,3,QF,123.0,111815,106218,2.0,,,,Cameron Norrie,Marcos Giron,L,R,188.0,180.0,GBR,USA,27.3,29.4,12.0,60.0,2575.0,796.0,5.0,6.0,4.0,0.0,88.0,80.0,64.0,53.0,45.0,29.0,12.0,14.0,13.0,14.0,5.0,1.0,6.0,7.0,A,1
2023-0301,Auckland,Hard,32,A,20230109,293,3-6 6-3 7-6(3),3,R16,127.0,111513,134770,,1.0,,,Laslo Djere,Casper Ruud,R,R,188.0,183.0,SRB,NOR,27.6,24.0,70.0,3.0,713.0,5720.0,18.0,10.0,1.0,4.0,98.0,91.0,67.0,62.0,49.0,49.0,21.0,16.0,15.0,15.0,6.0,3.0,7.0,4.0,A,1
2023-0301,Auckland,Hard,32,A,20230109,292,1-6 7-6(4) 7-5,3,R16,123.0,106296,106005,,,Q,,Gregoire Barrere,Constant Lestienne,R,R,183.0,180.0,FRA,FRA,28.8,30.6,88.0,65.0,603.0,760.0,7.0,4.0,0.0,6.0,92.0,91.0,64.0,59.0,42.0,43.0,17.0,10.0,16.0,15.0,4.0,2.0,8.0,7.0,B,0
2023-0301,Auckland,Hard,32,A,20230109,291,7-6(2) 6-2,3,R16,97.0,104755,105311,,,,LL,Richard Gasquet,Joao Sousa,R,R,183.0,185.0,FRA,POR,36.5,33.7,67.0,82.0,740.0,638.0,7.0,1.0,1.0,4.0,60.0,65.0,35.0,42.0,29.0,29.0,16.0,10.0,10.0,10.0,2.0,3.0,2.0,5.0,A,1
2023-0301,Auckland,Hard,32,A,20230109,290,6-2 6-4,3,R16,80.0,111153,105676,,,Q,,Christopher Eubanks,David Goffin,R,R,201.0,180.0,USA,BEL,26.6,32.0,123.0,53.0,462.0,870.0,12.0,7.0,3.0,1.0,63.0,59.0,45.0,43.0,31.0,35.0,5.0,6.0,9.0,9.0,6.0,6.0,9.0,6.0,B,0
2023-0301,Auckland,Hard,32,A,20230109,289,6-3 6-2,3,R16,67.0,111460,210097,,,,WC,Quentin Halys,Ben Shelton,R,L,191.0,193.0,FRA,USA,26.2,20.2,64.0,92.0,771.0,584.0,10.0,8.0,2.0,7.0,42.0,54.0,32.0,35.0,30.0,23.0,6.0,8.0,9.0,8.0,0.0,4.0,0.0,7.0,A,1
2023-0301,Auckland,Hard,32,A,20230109,288,6-1 0-0 RET,3,R16,48.0,202385,106043,,3.0,,,Jenson Brooksby,Diego Schwartzman,R,R,188.0,170.0,USA,ARG,22.2,30.3,48.0,25.0,920.0,1550.0,0.0,0.0,0.0,1.0,26.0,22.0,15.0,17.0,11.0,8.0,7.0,2.0,4.0,3.0,0.0,2.0,0.0,4.0,A,1
2023-0301,Auckland,Hard,32,A,20230109,287,6-4 6-4,3,R16,94.0,200670,106218,,,,,J J Wolf,Marcos Giron,R,R,183.0,180.0,USA,USA,24.0,29.4,66.0,60.0,746.0,796.0,7.0,3.0,1.0,1.0,76.0,52.0,47.0,37.0,30.0,31.0,16.0,11.0,10.0,10.0,7.0,2.0,9.0,2.0,B,0
2023-0301,Auckland,Hard,32,A,20230109,286,6-4 6-7(4) 6-3,3,R16,165.0,111815,208103,2.0,,,Q,Cameron Norrie,Jiri Lehecka,L,R,188.0,185.0,GBR,CZE,27.3,21.1,12.0,78.0,2575.0,685.0,4.0,6.0,1.0,0.0,98.0,102.0,64.0,68.0,42.0,47.0,27.0,16.0,16.0,15.0,3.0,8.0,4.0,11.0,A,1
2023-0301,Auckland,Hard,32,A,20230109,284,3-6 6-1 7-6(4),3,R32,145.0,144719,111513,,,,,Jaume Munar,Laslo Djere,R,R,183.0,188.0,ESP,SRB,25.6,27.6,62.0,70.0,777.0,713.0,4.0,7.0,5.0,4.0,89.0,104.0,53.0,66.0,35.0,42.0,15.0,18.0,14.0,14.0,3.0,6.0,9.0,11.0,B,0
2023-0301,Auckland,Hard,32,A,20230109,283,6-3 6-1,3,R32,70.0,106005,106398,,,,,Constant Lestienne,Pedro Cachin,R,R,180.0,185.0,FRA,ARG,30.6,27.7,65.0,59.0,760.0,809.0,7.0,1.0,1.0,0.0,41.0,53.0,30.0,34.0,24.0,18.0,5.0,7.0,8.0,8.0,1.0,7.0,2.0,12.0,A,1
2023-0301,Auckland,Hard,32,A,20230109,282,6-7(3) 7-6(5) 6-3,3,R32,138.0,104545,106296,6.0,,,Q,John Isner,Gregoire Barrere,R,R,208.0,183.0,USA,FRA,37.7,28.8,42.0,88.0,980.0,603.0,28.0,10.0,2.0,2.0,109.0,101.0,73.0,62.0,53.0,52.0,21.0,27.0,16.0,17.0,2.0,0.0,3.0,0.0,B,0
2023-0301,Auckland,Hard,32,A,20230109,280,6-3 6-1,3,R32,80.0,208485,104755,,,WC,,Kiranpal Pannu,Richard Gasquet,R,R,185.0,183.0,NZL,FRA,26.0,36.5,575.0,67.0,54.0,740.0,8.0,5.0,4.0,0.0,67.0,35.0,42.0,24.0,25.0,22.0,9.0,10.0,8.0,8.0,4.0,0.0,8.0,0.0,B,0
2023-0301,Auckland,Hard,32,A,20230109,279,7-6(4) 7-6(3),3,R32,119.0,111153,200005,,,Q,WC,Christopher Eubanks,Ugo Humbert,R,L,201.0,188.0,USA,FRA,26.6,24.5,123.0,108.0,462.0,523.0,6.0,9.0,0.0,4.0,91.0,83.0,64.0,51.0,50.0,43.0,16.0,18.0,12.0,12.0,6.0,4.0,6.0,4.0,A,1
2023-0301,Auckland,Hard,32,A,20230109,278,6-3 6-4,3,R32,73.0,105676,122330,,5.0,,,David Goffin,Alexander Bublik,R,R,180.0,196.0,BEL,KAZ,32.0,25.5,53.0,36.0,870.0,1130.0,1.0,6.0,0.0,6.0,53.0,62.0,32.0,35.0,23.0,21.0,10.0,8.0,9.0,10.0,4.0,0.0,7.0,6.0,A,1
2023-0301,Auckland,Hard,32,A,20230109,277,7-6(1) 6-1,3,R32,82.0,202104,210097,7.0,,,WC,Sebastian Baez,Ben Shelton,R,L,170.0,193.0,ARG,USA,22.0,20.2,41.0,92.0,987.0,584.0,2.0,9.0,3.0,1.0,67.0,51.0,49.0,34.0,26.0,28.0,11.0,12.0,10.0,9.0,7.0,2.0,10.0,2.0,B,0
2023-0301,Auckland,Hard,32,A,20230109,276,6-3 6-4,3,R32,53.0,111460,144684,,,,,Quentin Halys,Alex Molcan,R,L,191.0,178.0,FRA,SVK,26.2,25.1,64.0,54.0,771.0,850.0,20.0,5.0,0.0,5.0,53.0,44.0,34.0,28.0,32.0,21.0,9.0,10.0,10.0,9.0,1.0,1.0,1.0,3.0,A,1
2023-0301,Auckland,Hard,32,A,20230109,275,6-7(2) 6-1 6-3,3,R32,133.0,202385,104926,,,,,Jenson Brooksby,Fabio Fognini,R,R,188.0,178.0,USA,ITA,22.2,35.6,48.0,57.0,920.0,843.0,6.0,4.0,3.0,12.0,95.0,93.0,54.0,49.0,38.0,34.0,23.0,19.0,14.0,14.0,6.0,8.0,8.0,14.0,A,1
2023-0301,Auckland,Hard,32,A,20230109,273,6-4 7-6(4),3,R32,109.0,200670,105173,,8.0,,,J J Wolf,Adrian Mannarino,R,L,183.0,180.0,USA,FRA,24.0,34.5,66.0,43.0,746.0,971.0,7.0,7.0,1.0,2.0,72.0,71.0,51.0,41.0,35.0,27.0,12.0,16.0,11.0,11.0,2.0,5.0,4.0,8.0,A,1
2023-0301,Auckland,Hard,32,A,20230109,272,6-7(5) 6-4 7-5,3,R32,157.0,105948,106218,,,LL,,Federico Coria,Marcos Giron,R,R,180.0,180.0,ARG,USA,30.8,29.4,76.0,60.0,695.0,796.0,3.0,3.0,4.0,1.0,115.0,121.0,69.0,86.0,43.0,49.0,17.0,20.0,17.0,17.0,7.0,5.0,14.0,10.0,B,0
2023-0301,Auckland,Hard,32,A,20230109,271,6-3 7-5,3,R32,88.0,106329,208103,,,Q,Q,Thiago Monteiro,Jiri Lehecka,L,R,183.0,185.0,BRA,CZE,28.6,21.1,69.0,78.0,729.0,685.0,7.0,5.0,0.0,1.0,65.0,58.0,39.0,35.0,30.0,29.0,9.0,16.0,10.0,11.0,6.0,1.0,8.0,1.0,B,0
2023-8998,Adelaide 2,Hard,32,A,20230109,300,6-4 3-6 7-6(4),3,F,162.0,105138,126952,4.0,,,LL,Roberto Bautista Agut,Soon Woo Kwon,R,R,183.0,180.0,ESP,KOR,34.7,25.1,26.0,84.0,1545.0,626.0,5.0,11.0,2.0,2.0,101.0,98.0,60.0,53.0,45.0,42.0,18.0,23.0,16.0,15.0,4.0,4.0,7.0,7.0,B,0
2023-8998,Adelaide 2,Hard,32,A,20230109,299,7-6(4) 3-6 6-3,3,SF,154.0,106423,105138,,4.0,WC,,Thanasi Kokkinakis,Roberto Bautista Agut,R,R,193.0,183.0,AUS,ESP,26.7,34.7,110.0,26.0,522.0,1545.0,20.0,7.0,1.0,1.0,77.0,107.0,46.0,70.0,39.0,52.0,22.0,20.0,15.0,15.0,0.0,11.0,1.0,12.0,B,0
2023-8998,Adelaide 2,Hard,32,A,20230109,298,7-6(6) 6-7(2) 6-3,3,SF,165.0,207733,126952,,,,LL,Jack Draper,Soon Woo Kwon,L,R,193.0,180.0,GBR,KOR,21.0,25.1,40.0,84.0,1010.0,626.0,18.0,13.0,6.0,5.0,109.0,109.0,62.0,62.0,50.0,50.0,22.0,26.0,17.0,16.0,2.0,9.0,5.0,10.0,B,0
2023-8998,Adelaide 2,Hard,32,A,20230109,297,6-3 6-7(4) 6-1,3,QF,130.0,200175,106423,6.0,,,WC,Miomir Kecmanovic,Thanasi Kokkinakis,R,R,183.0,193.0,SRB,AUS,23.3,26.7,28.0,110.0,1420.0,522.0,3.0,22.0,3.0,3.0,93.0,84.0,56.0,56.0,42.0,48.0,17.0,18.0,13.0,15.0,7.0,2.0,10.0,2.0,B,0
2023-8998,Adelaide 2,Hard,32,A,20230109,296,6-3 6-2,3,QF,82.0,200221,105138,7.0,4.0,,,Alejandro Davidovich Fokina,Roberto Bautista Agut,R,R,183.0,183.0,ESP,ESP,23.5,34.7,32.0,26.0,1280.0,1545.0,2.0,6.0,3.0,0.0,66.0,42.0,35.0,32.0,21.0,25.0,13.0,8.0,9.0,8.0,7.0,0.0,11.0,0.0,B,0
2023-8998,Adelaide 2,Hard,32,A,20230109,295,6-4 7-6(3),3,QF,105.0,111575,207733,3.0,,,,Karen Khachanov,Jack Draper,R,L,198.0,193.0,RUS,GBR,26.6,21.0,20.0,40.0,1885.0,1010.0,8.0,10.0,3.0,3.0,75.0,68.0,48.0,44.0,36.0,35.0,11.0,13.0,11.0,11.0,4.0,1.0,6.0,2.0,B,0
2023-8998,Adelaide 2,Hard,32,A,20230109,294,6-1 6-2,3,QF,60.0,144707,126952,,,Q,LL,Mikael Ymer,Soon Woo Kwon,R,R,183.0,180.0,SWE,KOR,24.3,25.1,77.0,84.0,694.0,626.0,1.0,5.0,3.0,2.0,40.0,46.0,32.0,27.0,10.0,20.0,2.0,11.0,8.0,7.0,1.0,4.0,7.0,5.0,B,0
2023-8998,Adelaide 2,Hard,32,A,20230109,293,6-4 3-6 6-3,3,R16,117.0,106423,126094,,1.0,WC,,Thanasi Kokkinakis,Andrey Rublev,R,R,193.0,188.0,AUS,RUS,26.7,25.2,110.0,6.0,522.0,3930.0,17.0,10.0,1.0,4.0,70.0,90.0,44.0,55.0,38.0,42.0,16.0,15.0,14.0,14.0,0.0,3.0,1.0,5.0,A,1
2023-8998,Adelaide 2,Hard,32,A,20230109,292,5-7 7-6(1) 6-4,3,R16,154.0,106186,200175,,6.0,WC,,Jason Kubler,Miomir Kecmanovic,R,R,178.0,183.0,AUS,SRB,29.6,23.3,86.0,28.0,613.0,1420.0,19.0,14.0,3.0,1.0,113.0,92.0,72.0,54.0,50.0,43.0,22.0,23.0,17.0,17.0,5.0,1.0,8.0,4.0,B,0
2023-8998,Adelaide 2,Hard,32,A,20230109,291,6-3 3-6 6-3,3,R16,118.0,105138,104898,4.0,,,LL,Roberto Bautista Agut,Robin Haase,R,R,183.0,191.0,ESP,NED,34.7,35.7,26.0,257.0,1545.0,207.0,11.0,6.0,2.0,1.0,83.0,98.0,55.0,51.0,40.0,35.0,16.0,24.0,14.0,13.0,3.0,10.0,5.0,13.0,A,1
2023-8998,Adelaide 2,Hard,32,A,20230109,290,6-3 6-3,3,R16,74.0,200221,105357,7.0,,,Q,Alejandro Davidovich Fokina,John Millman,R,R,183.0,183.0,ESP,AUS,23.5,33.5,32.0,148.0,1280.0,378.0,4.0,1.0,1.0,4.0,53.0,52.0,35.0,29.0,26.0,18.0,13.0,10.0,9.0,9.0,2.0,6.0,3.0,10.0,A,1
2023-8998,Adelaide 2,Hard,32,A,20230109,289,6-4 6-4,3,R16,91.0,207733,126205,,8.0,,,Jack Draper,Tommy Paul,L,R,193.0,185.0,GBR,USA,21.0,25.6,40.0,35.0,1010.0,1185.0,10.0,5.0,1.0,1.0,57.0,58.0,33.0,34.0,29.0,23.0,13.0,12.0,10.0,10.0,3.0,2.0,4.0,5.0,A,1
2023-8998,Adelaide 2,Hard,32,A,20230109,288,6-4 6-4,3,R16,79.0,144817,111575,,3.0,,,Marc Andrea Huesler,Karen Khachanov,L,R,196.0,198.0,SUI,RUS,26.5,26.6,55.0,20.0,846.0,1885.0,2.0,5.0,2.0,1.0,56.0,54.0,34.0,35.0,25.0,29.0,10.0,11.0,10.0,10.0,3.0,1.0,6.0,2.0,B,0
2023-8998,Adelaide 2,Hard,32,A,20230109,287,3-6 7-6(2) 6-3,3,R16,180.0,111456,144707,,,,Q,Mackenzie Mcdonald,Mikael Ymer,R,R,178.0,183.0,USA,SWE,27.7,24.3,63.0,77.0,775.0,694.0,5.0,4.0,7.0,8.0,100.0,136.0,62.0,99.0,36.0,64.0,18.0,12.0,14.0,16.0,11.0,14.0,16.0,20.0,B,0
2023-8998,Adelaide 2,Hard,32,A,20230109,286,3-6 6-4 6-4,3,R16,140.0,105807,126952,2.0,,,LL,Pablo Carreno Busta,Soon Woo Kwon,R,R,188.0,180.0,ESP,KOR,31.4,25.1,15.0,84.0,2420.0,626.0,10.0,11.0,6.0,3.0,107.0,88.0,65.0,57.0,44.0,44.0,22.0,16.0,15.0,14.0,4.0,5.0,7.0,7.0,B,0
2023-8998,Adelaide 2,Hard,32,A,20230109,284,6-0 6-7(5) 7-5,3,R32,164.0,200615,106423,,,WC,WC,Alexei Popyrin,Thanasi Kokkinakis,R,R,196.0,193.0,AUS,AUS,23.4,26.7,113.0,110.0,506.0,522.0,11.0,11.0,8.0,2.0,99.0,101.0,51.0,67.0,41.0,50.0,17.0,18.0,15.0,15.0,4.0,5.0,9.0,6.0,B,0
2023-8998,Adelaide 2,Hard,32,A,20230109,283,7-6(2) 7-5,3,R32,130.0,106186,144869,,,WC,Q,Jason Kubler,Tomas Martin Etcheverry,R,R,178.0,196.0,AUS,ARG,29.6,23.4,86.0,80.0,613.0,649.0,10.0,10.0,1.0,1.0,78.0,70.0,57.0,43.0,47.0,34.0,12.0,17.0,12.0,12.0,5.0,1.0,5.0,2.0,A,1
2023-8998,Adelaide 2,Hard,32,A,20230109,282,6-4 7-5,3,R32,84.0,106378,200175,,6.0,PR,,Kyle Edmund,Miomir Kecmanovic,R,R,188.0,183.0,GBR,SRB,28.0,23.3,583.0,28.0,52.0,1420.0,11.0,7.0,6.0,2.0,64.0,60.0,35.0,39.0,27.0,35.0,15.0,11.0,11.0,11.0,0.0,2.0,2.0,2.0,B,0
2023-8998,Adelaide 2,Hard,32,A,20230109,280,3-6 7-6(8) 7-6(3),3,R32,130.0,126127,104898,,,,LL,Benjamin Bonzi,Robin Haase,R,R,183.0,191.0,FRA,NED,26.5,35.7,50.0,257.0,911.0,207.0,16.0,13.0,3.0,2.0,115.0,100.0,63.0,57.0,44.0,42.0,28.0,23.0,17.0,16.0,3.0,1.0,6.0,5.0,B,0
2023-8998,Adelaide 2,Hard,32,A,20230109,279,4-6 6-3 7-6(6),3,R32,166.0,105077,105357,,,,Q,Albert Ramos,John Millman,L,R,188.0,183.0,ESP,AUS,34.9,33.5,38.0,148.0,1075.0,378.0,7.0,7.0,0.0,1.0,93.0,109.0,68.0,77.0,43.0,53.0,18.0,15.0,15.0,16.0,6.0,3.0,9.0,6.0,B,0
2023-8998,Adelaide 2,Hard,32,A,20230109,278,6-2 7-6(3),3,R32,95.0,206909,200221,,7.0,,,Brandon Nakashima,Alejandro Davidovich Fokina,R,R,188.0,183.0,USA,ESP,21.4,23.5,47.0,32.0,927.0,1280.0,6.0,4.0,3.0,1.0,65.0,70.0,40.0,45.0,32.0,37.0,10.0,15.0,10.0,10.0,1.0,5.0,3.0,5.0,B,0
2023-8998,Adelaide 2,Hard,32,A,20230109,277,6-4 7-5,3,R32,88.0,106331,126205,,8.0,LL,,Christopher Oconnell,Tommy Paul,R,R,183.0,185.0,AUS,USA,28.6,25.6,79.0,35.0,652.0,1185.0,7.0,6.0,1.0,0.0,66.0,57.0,41.0,39.0,32.0,32.0,10.0,14.0,11.0,11.0,3.0,1.0,5.0,1.0,B,0
2023-8998,Adelaide 2,Hard,32,A,20230109,276,6-4 6-2,3,R32,82.0,207733,132283,,,,,Jack Draper,Lorenzo Sonego,L,R,193.0,191.0,GBR,ITA,21.0,27.6,40.0,44.0,1010.0,950.0,2.0,2.0,1.0,1.0,44.0,50.0,27.0,26.0,21.0,14.0,12.0,11.0,9.0,9.0,3.0,4.0,4.0,8.0,A,1
2023-8998,Adelaide 2,Hard,32,A,20230109,275,4-6 7-6(5) 6-4,3,R32,149.0,126239,144817,,,,,Arthur Rinderknech,Marc Andrea Huesler,R,L,196.0,196.0,FRA,SUI,27.4,26.5,45.0,55.0,947.0,846.0,11.0,11.0,7.0,3.0,111.0,96.0,66.0,64.0,52.0,54.0,22.0,16.0,16.0,16.0,6.0,1.0,7.0,2.0,B,0
2023-8998,Adelaide 2,Hard,32,A,20230109,273,7-5 7-5,3,R32,108.0,111456,105554,,5.0,,,Mackenzie Mcdonald,Daniel Evans,R,R,178.0,175.0,USA,GBR,27.7,32.6,63.0,27.0,775.0,1450.0,8.0,2.0,2.0,3.0,73.0,78.0,40.0,52.0,29.0,31.0,17.0,10.0,12.0,12.0,1.0,3.0,4.0,8.0,A,1
2023-8998,Adelaide 2,Hard,32,A,20230109,272,6-4 4-6 6-3,3,R32,143.0,200325,144707,,,,Q,Emil Ruusuvuori,Mikael Ymer,R,R,188.0,183.0,FIN,SWE,23.7,24.3,46.0,77.0,941.0,694.0,4.0,1.0,2.0,3.0,101.0,83.0,72.0,56.0,49.0,41.0,13.0,17.0,14.0,15.0,5.0,1.0,8.0,3.0,B,0
2023-8998,Adelaide 2,Hard,32,A,20230109,271,6-4 6-4,3,R32,101.0,126952,207830,,,LL,Q,Soon Woo Kwon,Tomas Machac,R,R,180.0,183.0,KOR,CZE,25.1,22.2,84.0,115.0,626.0,500.0,6.0,5.0,3.0,2.0,82.0,68.0,44.0,42.0,35.0,27.0,14.0,10.0,10.0,10.0,9.0,6.0,11.0,10.0,A,1
2023-580,Australian Open,Hard,128,G,20230116,100,7-5 2-6 6-4 6-1,5,R128,221.0,207733,104745,,1.0,,,Jack Draper,Rafael Nadal,L,L,193.0,185.0,GBR,ESP,21.0,36.6,38.0,2.0,1020.0,5770.0,13.0,6.0,3.0,3.0,115.0,119.0,67.0,78.0,42.0,57.0,27.0,21.0,18.0,19.0,6.0,7.0,12.0,11.0,B,0
2023-580,Australian Open,Hard,128,G,20230116,101,7-6(5) 7-6(1) 1-6 6-7(10) 6-4,5,R128,242.0,206909,111456,,,,,Brandon Nakashima,Mackenzie Mcdonald,R,R,188.0,178.0,USA,USA,21.4,27.7,49.0,65.0,902.0,775.0,19.0,14.0,9.0,4.0,177.0,156.0,120.0,104.0,98.0,81.0,24.0,31.0,26.0,27.0,4.0,1.0,7.0,5.0,B,0
2023-580,Australian Open,Hard,128,G,20230116,102,6-3 6-2 6-2,5,R128,136.0,207494,144719,,,Q,,Dalibor Svrcina,Jaume Munar,R,R,178.0,183.0,CZE,ESP,20.2,25.7,216.0,64.0,249.0,777.0,0.0,7.0,4.0,6.0,69.0,102.0,48.0,65.0,37.0,40.0,12.0,10.0,13.0,12.0,4.0,11.0,5.0,18.0,A,1
2023-580,Australian Open,Hard,128,G,20230116,103,6-4 6-2 7-5,5,R128,138.0,106415,144707,31.0,,,,Yoshihito Nishioka,Mikael Ymer,L,R,170.0,183.0,JPN,SWE,27.3,24.3,33.0,69.0,1212.0,751.0,1.0,6.0,1.0,3.0,86.0,90.0,55.0,66.0,40.0,41.0,19.0,12.0,15.0,15.0,3.0,6.0,5.0,12.0,A,1
2023-580,Australian Open,Hard,128,G,20230116,104,7-6(3) 6-2 6-0,5,R128,122.0,111575,126523,18.0,,,,Karen Khachanov,Bernabe Zapata Miralles,R,R,198.0,183.0,RUS,ESP,26.6,26.0,20.0,72.0,1885.0,712.0,11.0,1.0,1.0,1.0,90.0,91.0,68.0,56.0,50.0,33.0,14.0,12.0,13.0,13.0,6.0,6.0,7.0,12.0,A,1
2023-580,Australian Open,Hard,128,G,20230116,105,6-4 6-4 6-4,5,R128,136.0,202104,106186,,,,WC,Sebastian Baez,Jason Kubler,R,R,170.0,178.0,ARG,AUS,22.0,29.6,44.0,84.0,975.0,633.0,0.0,6.0,3.0,2.0,80.0,86.0,61.0,53.0,40.0,45.0,11.0,19.0,15.0,15.0,0.0,3.0,3.0,3.0,B,0
2023-580,Australian Open,Hard,128,G,20230116,106,6-2 6-4 6-7(2) 7-5,5,R128,176.0,209992,106214,,,Q,,Juncheng Shang,Oscar Otte,L,R,180.0,193.0,CHN,GER,17.9,29.5,194.0,74.0,289.0,701.0,3.0,19.0,0.0,7.0,128.0,129.0,92.0,84.0,72.0,67.0,21.0,19.0,21.0,21.0,2.0,9.0,2.0,13.0,A,1
2023-580,Australian Open,Hard,128,G,20230116,107,6-3 6-3 6-7(5) 7-6(6),5,R128,199.0,127157,126207,,16.0,,,Daniel Altmaier,Frances Tiafoe,R,R,188.0,188.0,GER,USA,24.3,24.9,92.0,17.0,584.0,2260.0,17.0,24.0,2.0,3.0,154.0,129.0,93.0,81.0,65.0,68.0,33.0,31.0,21.0,21.0,12.0,7.0,16.0,8.0,B,0
2023-580,Australian Open,Hard,128,G,20230116,108,7-6(1) 6-2 6-2,5,R128,109.0,124079,128034,,10.0,,,Pedro Martinez,Hubert Hurkacz,R,R,185.0,196.0,ESP,POL,25.7,25.9,60.0,11.0,801.0,2860.0,0.0,24.0,4.0,1.0,84.0,70.0,61.0,51.0,38.0,46.0,10.0,14.0,14.0,14.0,0.0,0.0,4.0,0.0,B,0
2023-580,Australian Open,Hard,128,G,20230116,109,7-6(4) 6-3 6-7(6) 6-1,5,R128,197.0,132283,132686,,,,,Lorenzo Sonego,Nuno Borges,R,R,191.0,185.0,ITA,POR,27.6,25.9,47.0,111.0,925.0,512.0,16.0,0.0,4.0,2.0,129.0,128.0,94.0,89.0,79.0,56.0,19.0,30.0,20.0,20.0,4.0,4.0,4.0,7.0,A,1
2023-580,Australian Open,Hard,128,G,20230116,110,7-5 6-2 3-6 6-3,5,R128,194.0,106121,124014,,,,Q,Taro Daniel,Ernesto Escobedo,R,R,191.0,185.0,JPN,MEX,29.9,26.5,94.0,313.0,572.0,163.0,15.0,11.0,3.0,3.0,122.0,124.0,77.0,78.0,56.0,54.0,26.0,23.0,19.0,19.0,5.0,6.0,7.0,11.0,A,1
2023-580,Australian Open,Hard,128,G,20230116,111,6-4 4-6 6-4 6-1,5,R128,143.0,105583,133430,,20.0,,,Dusan Lajovic,Denis Shapovalov,R,L,183.0,185.0,SRB,CAN,32.5,23.7,86.0,22.0,626.0,1830.0,5.0,16.0,2.0,7.0,102.0,111.0,76.0,62.0,52.0,51.0,13.0,25.0,18.0,19.0,7.0,3.0,12.0,5.0,B,0
2023-580,Australian Open,Hard,128,G,20230116,112,6-4 1-6 6-3 6-2,5,R128,154.0,106426,200624,,29.0,,,Cristian Garin,Sebastian Korda,R,R,185.0,196.0,CHI,USA,26.6,22.5,87.0,31.0,606.0,1325.0,5.0,16.0,2.0,5.0,103.0,105.0,53.0,61.0,35.0,46.0,27.0,25.0,17.0,17.0,4.0,10.0,9.0,13.0,B,0
2023-580,Australian Open,Hard,128,G,20230116,113,6-3 6-3 6-2,5,R128,103.0,133297,126239,,,Q,,Yosuke Watanuki,Arthur Rinderknech,R,R,180.0,196.0,JPN,FRA,24.7,27.4,138.0,59.0,413.0,807.0,10.0,8.0,4.0,4.0,72.0,76.0,47.0,47.0,40.0,31.0,13.0,13.0,13.0,13.0,0.0,8.0,0.0,13.0,A,1
2023-580,Australian Open,Hard,128,G,20230116,114,6-7(8) 7-5 6-7(2) 6-2 6-3,5,R128,245.0,105357,144817,,,WC,,John Millman,Marc Andrea Huesler,R,L,183.0,196.0,AUS,SUI,33.5,26.5,140.0,51.0,410.0,866.0,9.0,20.0,3.0,1.0,171.0,170.0,116.0,105.0,90.0,75.0,30.0,38.0,27.0,26.0,4.0,6.0,5.0,11.0,A,1
2023-580,Australian Open,Hard,128,G,20230116,115,6-0 6-1 6-2,5,R128,96.0,106421,106218,7.0,,,,Daniil Medvedev,Marcos Giron,R,R,198.0,180.0,RUS,USA,26.9,29.4,8.0,56.0,3860.0,841.0,9.0,1.0,4.0,0.0,73.0,69.0,51.0,46.0,40.0,21.0,13.0,10.0,11.0,10.0,6.0,6.0,6.0,13.0,A,1
2023-580,Australian Open,Hard,128,G,20230116,116,6-3 6-4 7-6(6),5,R128,120.0,111460,126774,,3.0,,,Quentin Halys,Stefanos Tsitsipas,R,R,191.0,193.0,FRA,GRE,26.2,24.4,61.0,4.0,800.0,5715.0,9.0,17.0,6.0,6.0,90.0,95.0,57.0,61.0,46.0,51.0,10.0,17.0,15.0,16.0,3.0,7.0,7.0,9.0,B,0
2023-580,Australian Open,Hard,128,G,20230116,117,4-6 4-6 6-3 7-6(5) 6-3,5,R128,265.0,105870,208014,,,Q,WC,Yannick Hanfmann,Rinky Hijikata,R,R,193.0,178.0,GER,AUS,31.1,21.8,128.0,169.0,435.0,344.0,21.0,15.0,2.0,6.0,152.0,191.0,98.0,121.0,73.0,90.0,27.0,33.0,25.0,25.0,8.0,12.0,11.0,15.0,B,0
2023-580,Australian Open,Hard,128,G,20230116,118,6-3 7-6(3) 6-3,5,R128,129.0,200303,134868,,,LL,,Pavel Kotov,Tallon Griekspoor,R,R,191.0,188.0,RUS,NED,24.1,26.5,117.0,63.0,483.0,789.0,6.0,13.0,3.0,3.0,90.0,97.0,62.0,61.0,44.0,52.0,16.0,21.0,15.0,15.0,6.0,1.0,8.0,1.0,B,0
2023-580,Australian Open,Hard,128,G,20230116,119,6-3 3-6 7-5 6-3,5,R128,212.0,125802,122298,,32.0,,,Ilya Ivashka,Botic Van De Zandschulp,R,R,193.0,191.0,BLR,NED,28.8,27.2,73.0,34.0,705.0,1205.0,6.0,11.0,3.0,6.0,125.0,168.0,78.0,111.0,53.0,71.0,22.0,28.0,19.0,20.0,8.0,17.0,14.0,21.0,B,0
2023-580,Australian Open,Hard,128,G,20230116,120,6-4 6-1 6-7(0) 2-6 7-6(4),5,R128,228.0,207518,144750,17.0,,,,Lorenzo Musetti,Lloyd Harris,R,R,185.0,193.0,ITA,RSA,20.8,25.8,19.0,186.0,1925.0,310.0,7.0,17.0,2.0,5.0,144.0,173.0,92.0,106.0,62.0,80.0,31.0,30.0,24.0,25.0,3.0,7.0,9.0,11.0,B,0
2023-580,Australian Open,Hard,128,G,20230116,121,4-6 7-5 2-6 7-6(6) 6-2,5,R128,257.0,105948,105916,,,,,Federico Coria,Marton Fucsovics,R,R,180.0,188.0,ARG,HUN,30.8,30.9,76.0,78.0,695.0,687.0,1.0,9.0,4.0,4.0,168.0,162.0,121.0,95.0,77.0,66.0,21.0,32.0,25.0,25.0,11.0,13.0,18.0,20.0,B,0
2023-580,Australian Open,Hard,128,G,20230116,122,3-6 6-3 6-4 6-4,5,R128,176.0,144869,106296,,,,,Tomas Martin Etcheverry,Gregoire Barrere,R,R,196.0,183.0,ARG,FRA,23.4,28.9,79.0,83.0,649.0,635.0,10.0,7.0,1.0,3.0,104.0,126.0,71.0,70.0,56.0,49.0,19.0,31.0,19.0,19.0,2.0,12.0,4.0,16.0,A,1
2023-580,Australian Open,Hard,128,G,20230116,123,6-4 6-0 6-2,5,R128,116.0,106378,206173,,15.0,,,Kyle Edmund,Jannik Sinner,R,R,188.0,191.0,GBR,ITA,28.0,21.4,581.0,16.0,52.0,2375.0,2.0,6.0,2.0,2.0,81.0,82.0,45.0,54.0,24.0,44.0,13.0,12.0,12.0,12.0,3.0,5.0,10.0,6.0,B,0
2023-580,Australian Open,Hard,128,G,20230116,124,7-6(3) 6-0 6-3,5,R128,142.0,209414,111815,,11.0,WC,,Luca Van Assche,Cameron Norrie,R,L,178.0,188.0,FRA,GBR,18.6,27.4,143.0,12.0,403.0,2680.0,1.0,6.0,4.0,2.0,80.0,96.0,41.0,67.0,25.0,47.0,15.0,13.0,13.0,14.0,8.0,5.0,15.0,8.0,B,0
2023-580,Australian Open,Hard,128,G,20230116,125,6-3 7-6(2) 6-3,5,R128,148.0,106329,106005,,,,,Thiago Monteiro,Constant Lestienne,L,R,183.0,180.0,BRA,FRA,28.6,30.6,77.0,55.0,690.0,842.0,10.0,5.0,4.0,3.0,95.0,113.0,58.0,85.0,43.0,68.0,15.0,10.0,15.0,15.0,6.0,6.0,8.0,6.0,B,0
2023-580,Australian Open,Hard,128,G,20230116,126,6-3 6-7(1) 6-3 4-6 6-4,5,R128,188.0,111153,126952,,,WC,,Christopher Eubanks,Soon Woo Kwon,R,R,201.0,180.0,USA,KOR,26.6,25.1,116.0,52.0,487.0,862.0,42.0,10.0,5.0,6.0,155.0,138.0,109.0,84.0,83.0,66.0,25.0,31.0,25.0,25.0,3.0,3.0,4.0,6.0,A,1
2023-580,Australian Open,Hard,128,G,20230116,127,6-3 6-3 6-3,5,R128,133.0,106432,208103,21.0,,,,Borna Coric,Jiri Lehecka,R,R,188.0,185.0,CRO,CZE,26.1,21.1,23.0,71.0,1760.0,717.0,3.0,7.0,0.0,3.0,84.0,83.0,58.0,54.0,36.0,43.0,10.0,17.0,13.0,14.0,4.0,6.0,9.0,7.0,B,0
2023-580,Australian Open,Hard,128,G,20230116,128,6-4 6-4 6-3,5,R128,126.0,105550,202103,,28.0,,,Guido Pella,Francisco Cerundolo,L,R,183.0,185.0,ARG,ARG,32.6,24.4,,29.0,,1383.0,0.0,6.0,0.0,3.0,85.0,95.0,58.0,64.0,36.0,48.0,14.0,16.0,14.0,15.0,2.0,4.0,7.0,5.0,B,0
2023-580,Australian Open,Hard,128,G,20230116,129,6-4 5-7 6-2 4-6 7-5,5,R128,254.0,144895,200059,,,,WC,Corentin Moutet,Yibing Wu,L,R,180.0,183.0,FRA,CHN,23.7,23.2,62.0,114.0,790.0,494.0,2.0,3.0,3.0,2.0,168.0,164.0,128.0,107.0,82.0,69.0,22.0,27.0,26.0,26.0,5.0,12.0,10.0,19.0,A,1
2023-580,Australian Open,Hard,128,G,20230116,130,6-7(3) 6-3 1-6 7-6(2) 6-4,5,R128,262.0,104527,144684,,,,,Stan Wawrinka,Alex Molcan,R,L,183.0,178.0,SUI,SVK,37.8,25.1,139.0,53.0,412.0,850.0,16.0,7.0,4.0,4.0,172.0,154.0,99.0,90.0,72.0,52.0,23.0,37.0,25.0,25.0,14.0,7.0,23.0,16.0,B,0
2023-580,Australian Open,Hard,128,G,20230116,131,1-6 7-6(4) 7-6(3) 6-3,5,R128,238.0,105577,200000,,6.0,,,Vasek Pospisil,Felix Auger Aliassime,R,R,193.0,193.0,CAN,CAN,32.5,22.4,99.0,7.0,560.0,3895.0,14.0,13.0,7.0,7.0,147.0,130.0,95.0,78.0,66.0,59.0,26.0,26.0,20.0,20.0,9.0,1.0,12.0,5.0,B,0
2023-580,Australian Open,Hard,128,G,20230116,132,6-3 6-4 6-2,5,R128,130.0,106233,126094,,5.0,WC,,Dominic Thiem,Andrey Rublev,R,R,185.0,188.0,AUT,RUS,29.3,25.2,98.0,6.0,561.0,3930.0,4.0,7.0,0.0,3.0,88.0,88.0,52.0,59.0,30.0,48.0,21.0,13.0,13.0,14.0,12.0,2.0,16.0,2.0,B,0
2023-580,Australian Open,Hard,128,G,20230116,133,4-6 6-3 6-4 7-6(11),5,R128,221.0,126845,200325,,,Q,,Max Purcell,Emil Ruusuvuori,R,R,185.0,188.0,AUS,FIN,24.7,23.7,205.0,46.0,268.0,941.0,21.0,10.0,5.0,4.0,141.0,140.0,89.0,95.0,71.0,70.0,16.0,26.0,20.0,21.0,8.0,6.0,11.0,8.0,B,0
2023-580,Australian Open,Hard,128,G,20230116,134,1-6 7-5 6-1 6-4,5,R128,199.0,123755,104871,,,,,Daniel Elahi Galan,Jeremy Chardy,R,R,191.0,188.0,COL,FRA,26.5,35.9,70.0,,735.0,,2.0,7.0,4.0,14.0,122.0,157.0,73.0,96.0,45.0,65.0,22.0,26.0,18.0,18.0,10.0,21.0,17.0,26.0,B,0
2023-580,Australian Open,Hard,128,G,20230116,135,6-4 4-6 6-4 6-4,5,R128,209.0,105554,105487,25.0,,,,Daniel Evans,Facundo Bagnis,R,L,175.0,183.0,GBR,ARG,32.6,32.8,30.0,91.0,1380.0,595.0,5.0,11.0,6.0,3.0,109.0,137.0,70.0,93.0,52.0,58.0,24.0,22.0,20.0,20.0,3.0,5.0,6.0,10.0,A,1
2023-580,Australian Open,Hard,128,G,20230116,136,3-6 7-5 7-6(6) 6-3,5,R128,182.0,106045,126128,,,LL,,Denis Kudla,Roman Safiullin,R,R,180.0,185.0,USA,RUS,30.4,25.4,108.0,97.0,522.0,563.0,12.0,16.0,2.0,5.0,116.0,128.0,72.0,76.0,58.0,56.0,22.0,26.0,21.0,21.0,4.0,2.0,7.0,7.0,A,1
2023-580,Australian Open,Hard,128,G,20230116,137,6-3 6-4 6-3,5,R128,118.0,200005,104755,,,,,Ugo Humbert,Richard Gasquet,L,R,188.0,183.0,FRA,FRA,24.5,36.5,106.0,42.0,523.0,990.0,12.0,2.0,3.0,1.0,84.0,80.0,53.0,48.0,42.0,29.0,17.0,15.0,14.0,14.0,3.0,8.0,4.0,13.0,A,1
2023-580,Australian Open,Hard,128,G,20230116,138,7-6(2) 7-5 3-6 6-3,5,R128,203.0,105077,202195,,,,,Albert Ramos,Maxime Cressy,L,R,188.0,201.0,ESP,USA,34.9,25.6,37.0,41.0,1075.0,992.0,5.0,34.0,3.0,11.0,124.0,120.0,77.0,77.0,58.0,65.0,29.0,27.0,21.0,21.0,5.0,3.0,7.0,4.0,B,0
2023-580,Australian Open,Hard,128,G,20230116,139,6-2 6-3 6-4,5,R128,123.0,105936,208029,,9.0,,,Filip Krajinovic,Holger Rune,R,R,185.0,188.0,SRB,DEN,30.8,19.7,54.0,10.0,845.0,2876.0,4.0,11.0,3.0,4.0,94.0,83.0,62.0,56.0,40.0,40.0,10.0,14.0,13.0,14.0,6.0,6.0,13.0,8.0,B,0
2023-580,Australian Open,Hard,128,G,20230116,140,7-6(4) 6-1 7-6(3),5,R128,128.0,106398,105807,,14.0,,,Pedro Cachin,Pablo Carreno Busta,R,R,185.0,188.0,ARG,ESP,27.7,31.5,58.0,15.0,809.0,2420.0,12.0,15.0,1.0,3.0,97.0,93.0,59.0,59.0,48.0,53.0,18.0,22.0,15.0,16.0,4.0,2.0,6.0,2.0,B,0
2023-580,Australian Open,Hard,128,G,20230116,141,4-6 6-3 7-6(5) 6-4,5,R128,196.0,126127,208233,,,,Q,Benjamin Bonzi,Mattia Bellucci,R,L,183.0,175.0,FRA,ITA,26.6,21.6,48.0,152.0,911.0,374.0,15.0,9.0,3.0,7.0,149.0,122.0,88.0,72.0,65.0,58.0,34.0,24.0,21.0,20.0,12.0,3.0,15.0,7.0,A,1
2023-580,Australian Open,Hard,128,G,20230116,142,6-7(5) 7-6(8) 6-2 6-2,5,R128,183.0,104545,105173,,,,,John Isner,Adrian Mannarino,R,L,208.0,180.0,USA,FRA,37.7,34.5,43.0,45.0,980.0,971.0,21.0,14.0,2.0,4.0,128.0,119.0,90.0,76.0,67.0,70.0,19.0,24.0,20.0,20.0,5.0,3.0,9.0,3.0,B,0
2023-580,Australian Open,Hard,128,G,20230116,143,6-2 6-2 6-3,5,R128,121.0,200318,200282,,22.0,Q,,Yu Hsiou Hsu,Alex De Minaur,R,R,178.0,183.0,TPE,AUS,23.7,23.9,209.0,24.0,265.0,1710.0,3.0,8.0,2.0,1.0,102.0,63.0,74.0,35.0,43.0,30.0,10.0,20.0,12.0,13.0,8.0,1.0,14.0,1.0,B,0
2023-580,Australian Open,Hard,128,G,20230116,144,7-6(3) 7-5 6-2,5,R128,139.0,105777,106234,27.0,,,,Grigor Dimitrov,Aslan Karatsev,R,R,191.0,185.0,BUL,RUS,31.6,29.3,28.0,82.0,1395.0,635.0,15.0,9.0,4.0,11.0,86.0,114.0,57.0,66.0,49.0,50.0,20.0,18.0,16.0,16.0,1.0,8.0,1.0,11.0,A,1
2023-580,Australian Open,Hard,128,G,20230116,145,6-4 1-6 6-4 6-1,5,R128,158.0,200267,111513,,,Q,,Zizou Bergs,Laslo Djere,R,R,185.0,188.0,BEL,SRB,23.6,27.6,130.0,68.0,428.0,758.0,7.0,7.0,5.0,1.0,107.0,102.0,65.0,58.0,47.0,39.0,14.0,24.0,17.0,17.0,7.0,5.0,13.0,9.0,B,0
2023-580,Australian Open,Hard,128,G,20230116,146,6-4 7-5 6-0,5,R128,111.0,111505,106198,,,Q,,Enzo Couacaud,Hugo Dellien,R,R,183.0,180.0,FRA,BOL,27.8,29.5,191.0,131.0,302.0,425.0,4.0,1.0,1.0,4.0,80.0,88.0,47.0,62.0,37.0,34.0,18.0,11.0,14.0,14.0,2.0,6.0,4.0,13.0,A,1
2023-580,Australian Open,Hard,128,G,20230116,147,6-3 6-4 6-0,5,R128,122.0,104925,106148,4.0,,,,Novak Djokovic,Roberto Carballes Baena,R,R,188.0,183.0,SRB,ESP,35.6,29.8,5.0,75.0,5070.0,695.0,9.0,4.0,1.0,1.0,70.0,78.0,45.0,39.0,39.0,26.0,16.0,14.0,13.0,12.0,3.0,4.0,3.0,9.0,A,1
2023-580,Australian Open,Hard,128,G,20230116,148,6-4 6-2 4-6 7-5,5,R128,144.0,126203,105932,8.0,,,,Taylor Fritz,Nikoloz Basilashvili,R,R,196.0,185.0,USA,GEO,25.2,30.8,9.0,90.0,3545.0,595.0,32.0,9.0,2.0,11.0,101.0,125.0,67.0,68.0,56.0,50.0,20.0,26.0,20.0,20.0,2.0,3.0,4.0,8.0,A,1
2023-580,Australian Open,Hard,128,G,20230116,149,4-6 7-6(5) 6-7(5) 7-6(4) 6-1,5,R128,266.0,202358,200615,,,,WC,Chun Hsin Tseng,Alexei Popyrin,R,R,175.0,196.0,TPE,AUS,21.4,23.4,115.0,113.0,490.0,506.0,2.0,31.0,7.0,4.0,197.0,174.0,121.0,114.0,91.0,95.0,37.0,31.0,26.0,27.0,12.0,9.0,14.0,10.0,B,0
2023-580,Australian Open,Hard,128,G,20230116,150,4-6 6-3 6-2 2-6 7-6(4),5,R128,211.0,111190,210097,,,,,Zhizhen Zhang,Ben Shelton,R,L,193.0,193.0,CHN,USA,26.2,20.2,96.0,89.0,567.0,604.0,12.0,18.0,2.0,8.0,149.0,143.0,94.0,81.0,72.0,66.0,26.0,36.0,23.0,24.0,3.0,5.0,6.0,8.0,B,0
2023-580,Australian Open,Hard,128,G,20230116,151,6-3 6-4 7-6(3),5,R128,121.0,200175,111797,26.0,,,Q,Miomir Kecmanovic,Nicolas Jarry,R,R,183.0,201.0,SRB,CHI,23.3,27.2,27.0,154.0,1445.0,370.0,5.0,21.0,2.0,0.0,94.0,81.0,52.0,58.0,38.0,49.0,23.0,19.0,15.0,16.0,1.0,0.0,3.0,0.0,B,0
2023-580,Australian Open,Hard,128,G,20230116,152,6-4 6-7(6) 6-3 7-6(5),5,R128,235.0,208071,106043,,23.0,Q,,Oleksii Krutykh,Diego Schwartzman,R,R,185.0,170.0,UKR,ARG,22.8,30.4,188.0,26.0,308.0,1550.0,9.0,8.0,3.0,4.0,139.0,152.0,69.0,103.0,51.0,70.0,36.0,29.0,21.0,22.0,8.0,14.0,12.0,16.0,B,0
2023-580,Australian Open,Hard,128,G,20230116,153,6-3 3-6 6-4 7-5,5,R128,204.0,111442,200670,,,,,Jordan Thompson,J J Wolf,R,R,183.0,183.0,AUS,USA,28.7,24.0,88.0,67.0,604.0,758.0,19.0,17.0,3.0,5.0,137.0,130.0,84.0,89.0,61.0,65.0,21.0,22.0,20.0,20.0,8.0,9.0,12.0,11.0,B,0
2023-580,Australian Open,Hard,128,G,20230116,154,4-6 2-6 7-6(7) 6-4 6-2,5,R128,263.0,106362,111581,,,Q,LL,Laurent Lokoli,Michael Mmoh,R,R,188.0,188.0,FRA,USA,28.2,25.0,175.0,107.0,326.0,523.0,11.0,9.0,8.0,6.0,145.0,142.0,91.0,82.0,64.0,57.0,25.0,31.0,24.0,24.0,5.0,3.0,11.0,9.0,B,0
2023-580,Australian Open,Hard,128,G,20230116,155,4-6 6-1 5-7 7-6(3) 6-4,5,R128,246.0,122669,100644,,12.0,LL,,Juan Pablo Varillas,Alexander Zverev,R,R,185.0,198.0,PER,GER,27.2,25.7,103.0,13.0,546.0,2560.0,15.0,21.0,0.0,5.0,178.0,145.0,109.0,107.0,76.0,89.0,34.0,16.0,25.0,26.0,13.0,3.0,18.0,7.0,B,0
2023-580,Australian Open,Hard,128,G,20230116,156,6-3 6-3 4-6 6-7(7) 7-6(6),5,R128,289.0,104918,126610,,13.0,,,Andy Murray,Matteo Berrettini,R,R,191.0,196.0,GBR,ITA,35.6,26.7,66.0,14.0,770.0,2490.0,10.0,31.0,2.0,1.0,172.0,155.0,120.0,108.0,86.0,90.0,35.0,20.0,26.0,26.0,4.0,2.0,5.0,5.0,A,1
2023-580,Australian Open,Hard,128,G,20230116,157,6-1 6-2 6-2,5,R128,105.0,104926,106423,,,,,Fabio Fognini,Thanasi Kokkinakis,R,R,178.0,193.0,ITA,AUS,35.6,26.7,57.0,159.0,823.0,362.0,4.0,14.0,2.0,1.0,66.0,64.0,46.0,49.0,26.0,42.0,7.0,7.0,11.0,12.0,5.0,2.0,11.0,2.0,B,0
2023-580,Australian Open,Hard,128,G,20230116,158,6-4 1-6 6-3 3-6 6-3,5,R128,196.0,200587,126846,,,Q,Q,Brandon Holt,Aleksandar Vukic,R,R,185.0,188.0,USA,AUS,24.7,26.7,215.0,146.0,255.0,384.0,4.0,19.0,2.0,3.0,143.0,141.0,96.0,90.0,65.0,63.0,25.0,28.0,22.0,22.0,4.0,8.0,8.0,12.0,A,1
2023-580,Australian Open,Hard,128,G,20230116,159,6-3 6-2 6-2,5,R128,111.0,105311,105138,,24.0,,,Joao Sousa,Roberto Bautista Agut,R,R,185.0,183.0,POR,ESP,33.7,34.7,81.0,25.0,644.0,1675.0,4.0,6.0,0.0,4.0,66.0,77.0,48.0,50.0,29.0,39.0,6.0,17.0,12.0,13.0,1.0,4.0,6.0,4.0,B,0
2023-580,Australian Open,Hard,128,G,20230116,160,6-0 6-7(3) 3-6 6-4 6-3,5,R128,192.0,122330,200221,,30.0,,,Alexander Bublik,Alejandro Davidovich Fokina,R,R,196.0,183.0,KAZ,ESP,25.5,23.6,36.0,32.0,1130.0,1325.0,20.0,7.0,16.0,3.0,136.0,138.0,74.0,96.0,58.0,69.0,27.0,26.0,23.0,23.0,7.0,4.0,13.0,6.0,B,0
2023-580,Australian Open,Hard,128,G,20230116,161,6-1 7-6(6) 6-2,5,R128,103.0,105526,126205,,,Q,,Jan Lennard Struff,Tommy Paul,R,R,193.0,185.0,GER,USA,32.7,25.6,167.0,35.0,351.0,1160.0,8.0,20.0,6.0,1.0,79.0,79.0,43.0,54.0,30.0,45.0,13.0,15.0,13.0,14.0,5.0,2.0,10.0,3.0,B,0
2023-580,Australian Open,Hard,128,G,20230116,162,3-6 6-2 6-3 6-2,5,R128,143.0,202385,106331,,,,,Jenson Brooksby,Christopher Oconnell,R,R,188.0,183.0,USA,AUS,22.2,28.6,39.0,80.0,1010.0,648.0,9.0,8.0,2.0,4.0,103.0,104.0,68.0,57.0,52.0,36.0,20.0,25.0,17.0,17.0,4.0,6.0,5.0,11.0,A,1
2023-580,Australian Open,Hard,128,G,20230116,163,6-3 7-6(6) 6-7(5) 6-3,5,R128,195.0,134770,207830,2.0,,,,Casper Ruud,Tomas Machac,R,R,183.0,183.0,NOR,CZE,24.0,22.2,3.0,110.0,5720.0,512.0,11.0,10.0,3.0,1.0,133.0,152.0,87.0,97.0,60.0,72.0,33.0,21.0,21.0,21.0,3.0,9.0,4.0,13.0,A,1
2023-580,Australian Open,Hard,128,G,20230116,164,6-4 6-4 7-5,5,R64,152.0,111456,104745,,1.0,,,Mackenzie Mcdonald,Rafael Nadal,R,L,178.0,185.0,USA,ESP,27.7,36.6,65.0,2.0,775.0,5770.0,14.0,6.0,2.0,2.0,95.0,102.0,63.0,65.0,43.0,40.0,20.0,18.0,16.0,16.0,2.0,3.0,4.0,8.0,A,1
2023-580,Australian Open,Hard,128,G,20230116,165,6-3 6-4 6-2,5,R64,107.0,106415,207494,31.0,,,Q,Yoshihito Nishioka,Dalibor Svrcina,L,R,170.0,178.0,JPN,CZE,27.3,20.2,33.0,216.0,1212.0,249.0,2.0,1.0,1.0,6.0,77.0,91.0,51.0,73.0,33.0,40.0,20.0,6.0,14.0,13.0,1.0,7.0,3.0,13.0,A,1
2023-580,Australian Open,Hard,128,G,20230116,166,6-4 5-7 6-4 6-2,5,R64,173.0,106186,111575,,18.0,WC,,Jason Kubler,Karen Khachanov,R,R,178.0,198.0,AUS,RUS,29.6,26.6,84.0,20.0,633.0,1885.0,14.0,15.0,2.0,2.0,123.0,117.0,86.0,81.0,57.0,64.0,20.0,18.0,20.0,20.0,4.0,3.0,9.0,5.0,B,0
2023-580,Australian Open,Hard,128,G,20230116,167,6-4 6-4 6-1,5,R64,118.0,126207,209992,16.0,,,Q,Frances Tiafoe,Juncheng Shang,R,L,188.0,180.0,USA,CHN,24.9,17.9,17.0,194.0,2260.0,289.0,20.0,1.0,1.0,3.0,78.0,97.0,50.0,62.0,39.0,35.0,18.0,18.0,14.0,13.0,4.0,11.0,4.0,16.0,A,1
2023-580,Australian Open,Hard,128,G,20230116,168,3-6 7-6(3) 2-6 6-3 6-3,5,R64,233.0,132283,128034,,10.0,,,Lorenzo Sonego,Hubert Hurkacz,R,R,191.0,196.0,ITA,POL,27.6,25.9,47.0,11.0,925.0,2860.0,5.0,9.0,7.0,6.0,156.0,151.0,98.0,99.0,67.0,78.0,29.0,16.0,23.0,24.0,12.0,5.0,17.0,10.0,B,0
2023-580,Australian Open,Hard,128,G,20230116,169,6-3 7-6(3) 7-5,5,R64,165.0,106121,133430,,20.0,,,Taro Daniel,Denis Shapovalov,R,L,191.0,185.0,JPN,CAN,29.9,23.7,94.0,22.0,572.0,1830.0,2.0,9.0,5.0,9.0,116.0,99.0,71.0,55.0,41.0,43.0,23.0,23.0,16.0,17.0,3.0,5.0,9.0,8.0,B,0
2023-580,Australian Open,Hard,128,G,20230116,170,6-2 7-5 6-4,5,R64,147.0,200624,133297,29.0,,,Q,Sebastian Korda,Yosuke Watanuki,R,R,196.0,180.0,USA,JPN,22.5,24.7,31.0,138.0,1325.0,413.0,10.0,6.0,2.0,5.0,119.0,95.0,71.0,46.0,49.0,32.0,27.0,20.0,15.0,15.0,15.0,2.0,17.0,8.0,A,1
2023-580,Australian Open,Hard,128,G,20230116,171,7-5 6-2 6-2,5,R64,139.0,106421,105357,7.0,,,WC,Daniil Medvedev,John Millman,R,R,198.0,183.0,RUS,AUS,26.9,33.5,8.0,140.0,3860.0,410.0,10.0,0.0,3.0,1.0,98.0,81.0,67.0,53.0,50.0,28.0,10.0,10.0,14.0,14.0,4.0,5.0,7.0,13.0,A,1
2023-580,Australian Open,Hard,128,G,20230116,172,6-3 6-0 6-2,5,R64,92.0,126774,208014,3.0,,,WC,Stefanos Tsitsipas,Rinky Hijikata,R,R,193.0,178.0,GRE,AUS,24.4,21.8,4.0,169.0,5715.0,344.0,6.0,3.0,1.0,0.0,71.0,56.0,47.0,34.0,37.0,17.0,16.0,10.0,12.0,11.0,5.0,3.0,5.0,9.0,A,1
2023-580,Australian Open,Hard,128,G,20230116,173,6-4 6-4 6-4,5,R64,124.0,134868,122298,,32.0,,,Tallon Griekspoor,Botic Van De Zandschulp,R,R,188.0,191.0,NED,NED,26.5,27.2,63.0,34.0,789.0,1205.0,9.0,8.0,2.0,2.0,96.0,86.0,69.0,55.0,51.0,35.0,15.0,17.0,15.0,15.0,3.0,1.0,4.0,5.0,A,1
2023-580,Australian Open,Hard,128,G,20230116,174,6-2 6-3 5-7 6-4,5,R64,185.0,105916,144750,,,,,Marton Fucsovics,Lloyd Harris,R,R,188.0,193.0,HUN,RSA,30.9,25.8,78.0,186.0,687.0,310.0,3.0,5.0,2.0,2.0,122.0,122.0,79.0,71.0,62.0,44.0,24.0,28.0,20.0,19.0,8.0,7.0,9.0,11.0,A,1
2023-580,Australian Open,Hard,128,G,20230116,175,6-3 6-2 6-2,5,R64,104.0,206173,144869,15.0,,,,Jannik Sinner,Tomas Martin Etcheverry,R,R,191.0,196.0,ITA,ARG,21.4,23.4,16.0,79.0,2375.0,649.0,6.0,6.0,3.0,1.0,68.0,65.0,42.0,40.0,37.0,24.0,16.0,11.0,13.0,12.0,0.0,0.0,0.0,5.0,A,1
2023-580,Australian Open,Hard,128,G,20230116,176,6-3 3-6 7-6(2) 6-3,5,R64,193.0,111815,106005,11.0,,,,Cameron Norrie,Constant Lestienne,L,R,188.0,180.0,GBR,FRA,27.4,30.6,12.0,55.0,2680.0,842.0,17.0,0.0,3.0,2.0,136.0,139.0,89.0,106.0,59.0,67.0,27.0,12.0,20.0,19.0,9.0,7.0,14.0,13.0,A,1
2023-580,Australian Open,Hard,128,G,20230116,177,6-4 6-4 3-6 6-3,5,R64,139.0,208103,111153,,,,WC,Jiri Lehecka,Christopher Eubanks,R,R,185.0,201.0,CZE,USA,21.1,26.6,71.0,116.0,717.0,487.0,4.0,8.0,2.0,0.0,111.0,99.0,77.0,72.0,55.0,51.0,16.0,16.0,19.0,19.0,3.0,5.0,6.0,10.0,A,1
2023-580,Australian Open,Hard,128,G,20230116,178,3-6 6-4 6-2 7-5,5,R64,191.0,144895,202103,,28.0,,,Corentin Moutet,Francisco Cerundolo,L,R,180.0,185.0,FRA,ARG,23.7,24.4,62.0,29.0,790.0,1383.0,1.0,2.0,3.0,5.0,147.0,111.0,100.0,71.0,56.0,53.0,23.0,17.0,19.0,20.0,8.0,3.0,15.0,7.0,B,0
2023-580,Australian Open,Hard,128,G,20230116,179,3-6 3-6 6-3 6-2 6-2,5,R64,182.0,200000,144684,6.0,,,,Felix Auger Aliassime,Alex Molcan,R,L,193.0,178.0,CAN,SVK,22.4,25.1,7.0,53.0,3895.0,850.0,23.0,4.0,5.0,5.0,110.0,121.0,70.0,74.0,61.0,56.0,21.0,21.0,22.0,21.0,2.0,6.0,5.0,11.0,A,1
2023-580,Australian Open,Hard,128,G,20230116,180,6-2 6-4 6-7(2) 6-3,5,R64,162.0,126094,200325,5.0,,,,Andrey Rublev,Emil Ruusuvuori,R,R,188.0,188.0,RUS,FIN,25.2,23.7,6.0,46.0,3930.0,941.0,16.0,9.0,3.0,2.0,138.0,122.0,94.0,79.0,72.0,55.0,21.0,21.0,20.0,19.0,8.0,9.0,9.0,14.0,A,1
2023-580,Australian Open,Hard,128,G,20230116,181,6-4 6-4 6-1,5,R64,118.0,104871,105554,,25.0,,,Jeremy Chardy,Daniel Evans,R,R,188.0,175.0,FRA,GBR,35.9,32.6,,30.0,,1380.0,6.0,8.0,5.0,0.0,82.0,71.0,62.0,44.0,36.0,36.0,10.0,17.0,13.0,14.0,5.0,1.0,11.0,2.0,B,0
2023-580,Australian Open,Hard,128,G,20230116,182,6-2 6-7(5) 6-2 6-4,5,R64,174.0,200005,106045,,,,LL,Ugo Humbert,Denis Kudla,L,R,188.0,180.0,FRA,USA,24.5,30.4,106.0,108.0,523.0,522.0,18.0,5.0,2.0,5.0,123.0,121.0,82.0,73.0,62.0,47.0,21.0,22.0,19.0,19.0,6.0,7.0,7.0,13.0,A,1
2023-580,Australian Open,Hard,128,G,20230116,183,7-5 6-4 6-4,5,R64,127.0,202195,208029,,9.0,,,Maxime Cressy,Holger Rune,R,R,201.0,188.0,USA,DEN,25.6,19.7,41.0,10.0,992.0,2876.0,10.0,10.0,14.0,5.0,84.0,92.0,47.0,61.0,37.0,52.0,17.0,15.0,16.0,16.0,3.0,1.0,7.0,2.0,B,0
2023-580,Australian Open,Hard,128,G,20230116,184,4-6 4-6 7-6(5) 6-1 7-6(4),5,R64,251.0,105807,126127,14.0,,,,Pablo Carreno Busta,Benjamin Bonzi,R,R,188.0,183.0,ESP,FRA,31.5,26.6,15.0,48.0,2420.0,911.0,12.0,15.0,2.0,2.0,187.0,176.0,122.0,117.0,87.0,89.0,34.0,33.0,25.0,26.0,17.0,15.0,21.0,18.0,B,0
2023-580,Australian Open,Hard,128,G,20230116,185,7-6(3) 4-6 6-4 6-1,5,R64,208.0,200282,105173,22.0,,,,Alex De Minaur,Adrian Mannarino,R,L,183.0,180.0,AUS,FRA,23.9,34.5,24.0,45.0,1710.0,971.0,3.0,2.0,5.0,3.0,122.0,123.0,68.0,83.0,49.0,51.0,30.0,19.0,20.0,19.0,2.0,3.0,6.0,9.0,A,1
2023-580,Australian Open,Hard,128,G,20230116,186,6-3 6-2 6-0,5,R64,94.0,111513,105777,,27.0,,,Laslo Djere,Grigor Dimitrov,R,R,188.0,191.0,SRB,BUL,27.6,31.6,68.0,28.0,758.0,1395.0,4.0,9.0,7.0,2.0,73.0,62.0,35.0,37.0,22.0,32.0,13.0,16.0,11.0,12.0,6.0,0.0,12.0,0.0,B,0
2023-580,Australian Open,Hard,128,G,20230116,187,6-1 6-7(5) 6-2 6-0,5,R64,184.0,111505,104925,,4.0,Q,,Enzo Couacaud,Novak Djokovic,R,R,183.0,188.0,FRA,SRB,27.8,35.6,191.0,5.0,302.0,5070.0,7.0,9.0,2.0,6.0,140.0,106.0,92.0,64.0,53.0,54.0,20.0,24.0,16.0,17.0,14.0,1.0,21.0,1.0,B,0
2023-580,Australian Open,Hard,128,G,20230116,188,6-7(4) 7-6(2) 6-4 6-7(6) 6-2,5,R64,242.0,126203,200615,8.0,,,WC,Taylor Fritz,Alexei Popyrin,R,R,196.0,196.0,USA,AUS,25.2,23.4,9.0,113.0,3545.0,506.0,21.0,19.0,3.0,8.0,176.0,163.0,117.0,106.0,88.0,92.0,31.0,31.0,27.0,27.0,7.0,1.0,11.0,2.0,B,0
2023-580,Australian Open,Hard,128,G,20230116,189,7-6(3) 7-6(3) 7-5,5,R64,158.0,111797,210097,,,Q,,Nicolas Jarry,Ben Shelton,R,L,201.0,193.0,CHI,USA,27.2,20.2,154.0,89.0,370.0,604.0,10.0,8.0,3.0,6.0,107.0,104.0,72.0,60.0,57.0,49.0,20.0,31.0,18.0,18.0,5.0,0.0,7.0,1.0,B,0
2023-580,Australian Open,Hard,128,G,20230116,190,6-1 6-4 6-4,5,R64,103.0,200670,106043,,23.0,,,J J Wolf,Diego Schwartzman,R,R,183.0,170.0,USA,ARG,24.0,30.4,67.0,26.0,758.0,1550.0,16.0,2.0,1.0,1.0,72.0,70.0,52.0,52.0,44.0,31.0,12.0,12.0,14.0,13.0,0.0,1.0,0.0,5.0,A,1
2023-580,Australian Open,Hard,128,G,20230116,191,6-7(1) 6-4 6-3 6-2,5,R64,206.0,100644,111581,12.0,,,LL,Alexander Zverev,Michael Mmoh,R,R,198.0,188.0,GER,USA,25.7,25.0,13.0,107.0,2560.0,523.0,13.0,13.0,12.0,7.0,125.0,135.0,83.0,84.0,59.0,55.0,11.0,27.0,19.0,20.0,6.0,7.0,14.0,10.0,B,0
2023-580,Australian Open,Hard,128,G,20230116,192,4-6 6-7(4) 7-6(5) 6-3 7-5,5,R64,345.0,104918,106423,,,,,Andy Murray,Thanasi Kokkinakis,R,R,191.0,193.0,GBR,AUS,35.6,26.7,66.0,159.0,770.0,362.0,10.0,37.0,3.0,5.0,183.0,205.0,120.0,143.0,86.0,101.0,33.0,27.0,28.0,27.0,10.0,17.0,14.0,22.0,A,1
2023-580,Australian Open,Hard,128,G,20230116,193,4-6 2-6 6-3 6-2 6-2,5,R64,176.0,200587,105138,,24.0,Q,,Brandon Holt,Roberto Bautista Agut,R,R,185.0,183.0,USA,ESP,24.7,34.7,215.0,25.0,255.0,1675.0,16.0,10.0,1.0,2.0,150.0,133.0,107.0,95.0,73.0,64.0,15.0,23.0,21.0,22.0,13.0,4.0,19.0,8.0,B,0
2023-580,Australian Open,Hard,128,G,20230116,194,6-2 2-6 6-7(4) 6-3 6-4,5,R64,230.0,200221,126205,30.0,,,,Alejandro Davidovich Fokina,Tommy Paul,R,R,183.0,185.0,ESP,USA,23.6,25.6,32.0,35.0,1325.0,1160.0,6.0,18.0,3.0,2.0,170.0,158.0,116.0,109.0,74.0,79.0,25.0,21.0,23.0,24.0,7.0,5.0,14.0,10.0,B,0
2023-580,Australian Open,Hard,128,G,20230116,195,6-3 7-5 6-7(4) 6-2,5,R64,235.0,134770,202385,2.0,,,,Casper Ruud,Jenson Brooksby,R,R,183.0,188.0,NOR,USA,24.0,22.2,3.0,39.0,5720.0,1010.0,5.0,2.0,4.0,2.0,133.0,143.0,83.0,81.0,52.0,51.0,19.0,36.0,20.0,21.0,4.0,8.0,13.0,12.0,B,0
2023-580,Australian Open,Hard,128,G,20230116,196,7-6(6) 6-3 6-2,5,R32,145.0,111456,106415,,31.0,,,Mackenzie Mcdonald,Yoshihito Nishioka,R,L,178.0,170.0,USA,JPN,27.7,27.3,65.0,33.0,775.0,1212.0,7.0,3.0,6.0,4.0,115.0,95.0,70.0,60.0,46.0,43.0,16.0,18.0,14.0,15.0,10.0,4.0,16.0,6.0,B,0
2023-580,Australian Open,Hard,128,G,20230116,197,6-3 6-4 3-6 7-6(9),5,R32,212.0,111575,126207,18.0,16.0,,,Karen Khachanov,Frances Tiafoe,R,R,198.0,188.0,RUS,USA,26.6,24.9,20.0,17.0,1885.0,2260.0,20.0,15.0,4.0,5.0,157.0,138.0,100.0,77.0,70.0,56.0,31.0,31.0,20.0,20.0,11.0,6.0,14.0,10.0,A,1
2023-580,Australian Open,Hard,128,G,20230116,198,7-6(3) 6-4 1-6 4-6 6-3,5,R32,217.0,128034,133430,10.0,20.0,,,Hubert Hurkacz,Denis Shapovalov,R,L,196.0,185.0,POL,CAN,25.9,23.7,11.0,22.0,2860.0,1830.0,16.0,20.0,6.0,16.0,158.0,168.0,104.0,92.0,80.0,65.0,17.0,34.0,24.0,24.0,12.0,10.0,19.0,16.0,A,1
2023-580,Australian Open,Hard,128,G,20230116,199,7-6(7) 6-3 7-6(4),5,R32,179.0,106421,200624,7.0,29.0,,,Daniil Medvedev,Sebastian Korda,R,R,198.0,196.0,RUS,USA,26.9,22.5,8.0,31.0,3860.0,1325.0,9.0,3.0,3.0,5.0,122.0,118.0,78.0,74.0,52.0,53.0,19.0,19.0,16.0,17.0,5.0,2.0,10.0,6.0,B,0
2023-580,Australian Open,Hard,128,G,20230116,200,6-2 7-6(5) 6-3,5,R32,126.0,134868,126774,,3.0,,,Tallon Griekspoor,Stefanos Tsitsipas,R,R,188.0,193.0,NED,GRE,26.5,24.4,63.0,4.0,789.0,5715.0,6.0,7.0,2.0,5.0,97.0,84.0,62.0,54.0,41.0,44.0,18.0,20.0,14.0,15.0,4.0,1.0,7.0,1.0,B,0
2023-580,Australian Open,Hard,128,G,20230116,201,4-6 4-6 6-1 6-2 6-0,5,R32,213.0,206173,105916,15.0,,,,Jannik Sinner,Marton Fucsovics,R,R,191.0,188.0,ITA,HUN,21.4,30.9,16.0,78.0,2375.0,687.0,6.0,3.0,5.0,4.0,135.0,118.0,80.0,85.0,57.0,45.0,25.0,14.0,21.0,20.0,7.0,4.0,12.0,14.0,A,1
2023-580,Australian Open,Hard,128,G,20230116,202,6-7(8) 6-3 3-6 6-1 6-4,5,R32,192.0,111815,208103,11.0,,,,Cameron Norrie,Jiri Lehecka,L,R,188.0,185.0,GBR,CZE,27.4,21.1,12.0,71.0,2680.0,717.0,5.0,8.0,7.0,2.0,143.0,137.0,86.0,84.0,58.0,63.0,30.0,33.0,23.0,24.0,5.0,7.0,11.0,10.0,B,0
2023-580,Australian Open,Hard,128,G,20230116,203,6-1 3-6 6-1 6-4,5,R32,155.0,202103,200000,28.0,6.0,,,Francisco Cerundolo,Felix Auger Aliassime,R,R,185.0,193.0,ARG,CAN,24.4,22.4,29.0,7.0,1383.0,3895.0,3.0,9.0,3.0,5.0,107.0,93.0,72.0,60.0,43.0,51.0,15.0,15.0,16.0,17.0,14.0,4.0,20.0,6.0,B,0
2023-580,Australian Open,Hard,128,G,20230116,204,6-4 6-2 6-3,5,R32,129.0,105554,126094,25.0,5.0,,,Daniel Evans,Andrey Rublev,R,R,175.0,188.0,GBR,RUS,32.6,25.2,30.0,6.0,1380.0,3930.0,3.0,10.0,3.0,1.0,97.0,81.0,67.0,51.0,43.0,41.0,13.0,20.0,13.0,14.0,11.0,4.0,15.0,4.0,B,0
2023-580,Australian Open,Hard,128,G,20230116,205,6-4 6-2 7-6(5),5,R32,129.0,208029,200005,9.0,,,,Holger Rune,Ugo Humbert,R,L,188.0,188.0,DEN,FRA,19.7,24.5,10.0,106.0,2876.0,523.0,5.0,9.0,2.0,2.0,91.0,91.0,61.0,60.0,50.0,40.0,15.0,16.0,15.0,15.0,2.0,3.0,3.0,7.0,A,1
2023-580,Australian Open,Hard,128,G,20230116,206,7-6(0) 6-2 6-1,5,R32,128.0,200282,126127,22.0,,,,Alex De Minaur,Benjamin Bonzi,R,R,183.0,183.0,AUS,FRA,23.9,26.6,24.0,48.0,1710.0,911.0,8.0,6.0,4.0,2.0,74.0,111.0,39.0,70.0,31.0,37.0,20.0,17.0,14.0,13.0,3.0,15.0,6.0,22.0,A,1
2023-580,Australian Open,Hard,128,G,20230116,207,7-6(7) 6-3 6-4,5,R32,187.0,104925,105777,4.0,27.0,,,Novak Djokovic,Grigor Dimitrov,R,R,188.0,191.0,SRB,BUL,35.6,31.6,5.0,28.0,5070.0,1395.0,11.0,15.0,2.0,4.0,112.0,116.0,81.0,69.0,60.0,47.0,13.0,19.0,16.0,15.0,5.0,7.0,8.0,12.0,A,1
2023-580,Australian Open,Hard,128,G,20230116,208,6-3 7-6(4) 6-4,5,R32,120.0,200615,210097,,,WC,,Alexei Popyrin,Ben Shelton,R,L,196.0,193.0,AUS,USA,23.4,20.2,113.0,89.0,506.0,604.0,14.0,12.0,1.0,3.0,92.0,92.0,70.0,60.0,51.0,52.0,11.0,21.0,15.0,16.0,6.0,4.0,8.0,4.0,B,0
2023-580,Australian Open,Hard,128,G,20230116,209,6-4 6-1 6-2,5,R32,123.0,111581,200670,,,LL,,Michael Mmoh,J J Wolf,R,R,188.0,183.0,USA,USA,25.0,24.0,107.0,67.0,523.0,758.0,6.0,10.0,3.0,3.0,67.0,82.0,40.0,48.0,22.0,36.0,13.0,21.0,12.0,13.0,2.0,4.0,8.0,5.0,B,0
2023-580,Australian Open,Hard,128,G,20230116,210,6-1 6-7(7) 6-3 6-4,5,R32,209.0,105138,104918,24.0,,,,Roberto Bautista Agut,Andy Murray,R,R,183.0,191.0,ESP,GBR,34.7,35.6,25.0,66.0,1675.0,770.0,5.0,7.0,1.0,5.0,108.0,137.0,80.0,82.0,63.0,50.0,19.0,27.0,19.0,19.0,0.0,8.0,2.0,14.0,A,1
2023-580,Australian Open,Hard,128,G,20230116,211,6-1 6-4 6-3,5,R32,128.0,126205,202385,,,,,Tommy Paul,Jenson Brooksby,R,R,185.0,188.0,USA,USA,25.6,22.2,35.0,39.0,1160.0,1010.0,7.0,2.0,2.0,4.0,78.0,98.0,46.0,61.0,37.0,37.0,19.0,16.0,13.0,13.0,4.0,9.0,4.0,14.0,A,1
2023-580,Australian Open,Hard,128,G,20230116,212,6-0 6-0 7-6(4),5,R16,118.0,111575,106415,18.0,31.0,,,Karen Khachanov,Yoshihito Nishioka,R,L,198.0,170.0,RUS,JPN,26.6,27.3,20.0,33.0,1885.0,1212.0,15.0,1.0,2.0,3.0,78.0,70.0,46.0,42.0,43.0,18.0,14.0,14.0,12.0,12.0,3.0,3.0,4.0,10.0,A,1
2023-580,Australian Open,Hard,128,G,20230116,213,3-6 6-3 6-2 1-6 7-6(7),5,R16,208.0,200624,128034,29.0,10.0,,,Sebastian Korda,Hubert Hurkacz,R,R,196.0,196.0,USA,POL,22.5,25.9,31.0,11.0,1325.0,2860.0,8.0,19.0,5.0,3.0,149.0,141.0,87.0,88.0,65.0,66.0,33.0,27.0,23.0,22.0,7.0,6.0,10.0,9.0,A,1
2023-580,Australian Open,Hard,128,G,20230116,214,6-4 6-4 3-6 4-6 6-3,5,R16,240.0,206173,126774,15.0,3.0,,,Jannik Sinner,Stefanos Tsitsipas,R,R,191.0,193.0,ITA,GRE,21.4,24.4,16.0,4.0,2375.0,5715.0,11.0,12.0,3.0,3.0,136.0,169.0,92.0,121.0,66.0,81.0,23.0,26.0,24.0,24.0,6.0,22.0,11.0,26.0,B,0
2023-580,Australian Open,Hard,128,G,20230116,215,4-6 6-3 7-6(2) 7-6(3),5,R16,193.0,208103,200000,,6.0,,,Jiri Lehecka,Felix Auger Aliassime,R,R,185.0,193.0,CZE,CAN,21.1,22.4,71.0,7.0,717.0,3895.0,9.0,20.0,3.0,7.0,125.0,130.0,86.0,84.0,71.0,69.0,25.0,22.0,22.0,21.0,2.0,3.0,3.0,4.0,A,1
2023-580,Australian Open,Hard,128,G,20230116,216,6-3 3-6 6-3 4-6 7-6(9),5,R16,217.0,208029,126094,9.0,5.0,,,Holger Rune,Andrey Rublev,R,R,188.0,188.0,DEN,RUS,19.7,25.2,10.0,6.0,2876.0,3930.0,8.0,22.0,12.0,4.0,164.0,162.0,92.0,105.0,63.0,77.0,37.0,27.0,24.0,25.0,8.0,12.0,13.0,17.0,B,0
2023-580,Australian Open,Hard,128,G,20230116,217,6-2 6-1 6-2,5,R16,126.0,104925,200282,4.0,22.0,,,Novak Djokovic,Alex De Minaur,R,R,188.0,183.0,SRB,AUS,35.6,23.9,5.0,24.0,5070.0,1710.0,4.0,3.0,3.0,2.0,68.0,82.0,44.0,50.0,33.0,26.0,16.0,14.0,12.0,11.0,0.0,6.0,0.0,12.0,A,1
2023-580,Australian Open,Hard,128,G,20230116,218,6-7(5) 6-2 6-7(4) 7-6(4) 6-2,5,R16,227.0,200670,210097,,,,,J J Wolf,Ben Shelton,R,L,183.0,193.0,USA,USA,24.0,20.2,67.0,89.0,758.0,604.0,19.0,23.0,2.0,1.0,162.0,158.0,105.0,107.0,84.0,88.0,30.0,35.0,26.0,26.0,5.0,2.0,9.0,2.0,B,0
2023-580,Australian Open,Hard,128,G,20230116,219,6-2 4-6 6-2 7-5,5,R16,199.0,126205,105138,,24.0,,,Tommy Paul,Roberto Bautista Agut,R,R,185.0,183.0,USA,ESP,25.6,34.7,35.0,25.0,1160.0,1675.0,11.0,2.0,1.0,3.0,126.0,127.0,76.0,83.0,54.0,51.0,28.0,23.0,19.0,19.0,8.0,9.0,10.0,15.0,A,1
2023-580,Australian Open,Hard,128,G,20230116,220,7-6(5) 6-3 3-0 RET,5,QF,110.0,111575,200624,18.0,29.0,,,Karen Khachanov,Sebastian Korda,R,R,198.0,196.0,RUS,USA,26.6,22.5,20.0,31.0,1885.0,1325.0,12.0,4.0,0.0,2.0,75.0,76.0,50.0,49.0,40.0,30.0,13.0,13.0,12.0,12.0,2.0,6.0,3.0,10.0,A,1
2023-580,Australian Open,Hard,128,G,20230116,221,6-3 7-6(2) 6-4,5,QF,137.0,126774,208103,3.0,,,,Stefanos Tsitsipas,Jiri Lehecka,R,R,193.0,185.0,GRE,CZE,24.4,21.1,4.0,71.0,5715.0,717.0,9.0,7.0,2.0,4.0,100.0,97.0,66.0,62.0,53.0,49.0,22.0,15.0,16.0,15.0,8.0,4.0,8.0,6.0,A,1
2023-580,Australian Open,Hard,128,G,20230116,222,6-1 6-2 6-4,5,QF,123.0,104925,126094,4.0,5.0,,,Novak Djokovic,Andrey Rublev,R,R,188.0,188.0,SRB,RUS,35.6,25.2,5.0,6.0,5070.0,3930.0,14.0,6.0,5.0,3.0,88.0,92.0,56.0,64.0,45.0,39.0,16.0,9.0,13.0,12.0,5.0,9.0,5.0,14.0,A,1
2023-580,Australian Open,Hard,128,G,20230116,223,7-6(6) 6-3 5-7 6-4,5,QF,186.0,210097,126205,,,,,Ben Shelton,Tommy Paul,L,R,193.0,185.0,USA,USA,20.2,25.6,89.0,35.0,604.0,1160.0,24.0,7.0,6.0,3.0,162.0,117.0,94.0,77.0,71.0,66.0,32.0,27.0,21.0,22.0,12.0,2.0,15.0,4.0,B,0
2023-580,Australian Open,Hard,128,G,20230116,224,7-6(2) 6-4 6-7(6) 6-3,5,SF,201.0,126774,111575,3.0,18.0,,,Stefanos Tsitsipas,Karen Khachanov,R,R,193.0,198.0,GRE,RUS,24.4,26.6,4.0,20.0,5715.0,1885.0,18.0,10.0,5.0,1.0,129.0,139.0,82.0,94.0,69.0,62.0,25.0,26.0,22.0,21.0,1.0,7.0,4.0,12.0,A,1
2023-580,Australian Open,Hard,128,G,20230116,225,7-5 6-1 6-2,5,SF,140.0,126205,104925,,4.0,,,Tommy Paul,Novak Djokovic,R,R,185.0,188.0,USA,SRB,25.6,35.6,35.0,5.0,1160.0,5070.0,4.0,12.0,0.0,5.0,77.0,91.0,45.0,53.0,24.0,40.0,14.0,21.0,13.0,14.0,4.0,7.0,11.0,9.0,B,0
2023-580,Australian Open,Hard,128,G,20230116,226,6-3 7-6(4) 7-6(5),5,F,176.0,126774,104925,3.0,4.0,,,Stefanos Tsitsipas,Novak Djokovic,R,R,193.0,188.0,GRE,SRB,24.4,35.6,4.0,5.0,5715.0,5070.0,15.0,7.0,3.0,3.0,106.0,100.0,69.0,66.0,50.0,54.0,19.0,21.0,16.0,17.0,3.0,2.0,5.0,3.0,B,0
2023-9158,Cordoba,Clay,32,A,20230206,300,6-1 3-6 6-3,3,F,110.0,105948,202104,6.0,4.0,,,Federico Coria,Sebastian Baez,R,R,180.0,170.0,ARG,ARG,30.9,22.1,67.0,47.0,775.0,895.0,0.0,1.0,5.0,1.0,67.0,86.0,41.0,52.0,24.0,38.0,18.0,19.0,12.0,13.0,2.0,2.0,6.0,4.0,B,0
2023-9158,Cordoba,Clay,32,A,20230206,299,6-4 6-4,3,SF,90.0,106198,202104,,4.0,Q,,Hugo Dellien,Sebastian Baez,R,R,180.0,170.0,BOL,ARG,29.6,22.1,138.0,47.0,411.0,895.0,0.0,5.0,0.0,4.0,62.0,60.0,45.0,39.0,28.0,25.0,7.0,12.0,10.0,10.0,5.0,4.0,9.0,6.0,B,0
2023-9158,Cordoba,Clay,32,A,20230206,298,6-4 7-6(2),3,SF,152.0,105948,105077,6.0,3.0,,,Federico Coria,Albert Ramos,R,L,180.0,188.0,ARG,ESP,30.9,35.0,67.0,54.0,775.0,845.0,8.0,1.0,1.0,1.0,66.0,102.0,40.0,59.0,29.0,32.0,15.0,21.0,11.0,11.0,5.0,16.0,8.0,20.0,A,1
2023-9158,Cordoba,Clay,32,A,20230206,297,6-7(5) 6-4 6-0,3,QF,141.0,207678,106198,,,WC,Q,Juan Manuel Cerundolo,Hugo Dellien,L,R,183.0,180.0,ARG,BOL,21.2,29.6,114.0,138.0,460.0,411.0,1.0,1.0,3.0,0.0,86.0,97.0,53.0,78.0,34.0,50.0,12.0,11.0,14.0,14.0,3.0,0.0,9.0,2.0,B,0
2023-9158,Cordoba,Clay,32,A,20230206,296,6-1 3-6 6-1,3,QF,127.0,144642,202104,,4.0,WC,,Tomas Barrios Vera,Sebastian Baez,R,R,191.0,170.0,CHI,ARG,25.1,22.1,212.0,47.0,256.0,895.0,2.0,6.0,3.0,2.0,95.0,61.0,60.0,40.0,34.0,32.0,17.0,14.0,11.0,12.0,8.0,1.0,12.0,2.0,B,0
2023-9158,Cordoba,Clay,32,A,20230206,295,6-4 2-6 6-1,3,QF,132.0,105311,105077,,3.0,,,Joao Sousa,Albert Ramos,R,L,185.0,188.0,POR,ESP,33.8,35.0,162.0,54.0,362.0,845.0,2.0,4.0,3.0,1.0,76.0,74.0,42.0,44.0,26.0,25.0,13.0,19.0,13.0,12.0,4.0,5.0,10.0,9.0,B,0
2023-9158,Cordoba,Clay,32,A,20230206,294,6-3 3-0 RET,3,QF,62.0,105948,202103,6.0,2.0,,,Federico Coria,Francisco Cerundolo,R,R,180.0,185.0,ARG,ARG,30.9,24.4,67.0,31.0,775.0,1377.0,4.0,1.0,1.0,0.0,38.0,50.0,31.0,27.0,22.0,14.0,5.0,11.0,6.0,6.0,4.0,3.0,4.0,6.0,A,1
2023-9158,Cordoba,Clay,32,A,20230206,293,7-6(6) 6-1,3,R16,100.0,207678,106043,,1.0,WC,,Juan Manuel Cerundolo,Diego Schwartzman,L,R,183.0,170.0,ARG,ARG,21.2,30.4,114.0,28.0,460.0,1460.0,6.0,1.0,1.0,3.0,64.0,67.0,43.0,42.0,29.0,25.0,15.0,12.0,9.0,10.0,3.0,3.0,4.0,7.0,A,1
2023-9158,Cordoba,Clay,32,A,20230206,292,6-3 6-4,3,R16,89.0,106198,105550,,,Q,WC,Hugo Dellien,Guido Pella,R,L,180.0,183.0,BOL,ARG,29.6,32.7,138.0,1018.0,411.0,10.0,3.0,2.0,4.0,4.0,64.0,55.0,44.0,37.0,34.0,28.0,10.0,8.0,10.0,9.0,1.0,2.0,1.0,4.0,A,1
2023-9158,Cordoba,Clay,32,A,20230206,291,6-3 6-4,3,R16,85.0,202104,209260,4.0,,,Q,Sebastian Baez,Luciano Darderi,R,R,170.0,183.0,ARG,ITA,22.1,20.9,47.0,200.0,895.0,291.0,4.0,1.0,4.0,2.0,59.0,59.0,34.0,30.0,26.0,20.0,15.0,13.0,9.0,10.0,3.0,4.0,3.0,7.0,A,1
2023-9158,Cordoba,Clay,32,A,20230206,290,5-7 6-4 6-3,3,R16,161.0,126523,144642,8.0,,,WC,Bernabe Zapata Miralles,Tomas Barrios Vera,R,R,183.0,191.0,ESP,CHI,26.0,25.1,76.0,212.0,702.0,256.0,1.0,0.0,3.0,2.0,100.0,101.0,65.0,59.0,44.0,39.0,17.0,26.0,16.0,15.0,5.0,6.0,9.0,8.0,B,0
2023-9158,Cordoba,Clay,32,A,20230206,289,7-5 7-6(6),3,R16,122.0,106426,105311,,,,,Cristian Garin,Joao Sousa,R,R,185.0,185.0,CHI,POR,26.6,33.8,103.0,162.0,526.0,362.0,2.0,1.0,3.0,2.0,76.0,77.0,45.0,46.0,30.0,33.0,17.0,18.0,12.0,12.0,4.0,2.0,7.0,4.0,B,0
2023-9158,Cordoba,Clay,32,A,20230206,288,6-4 2-6 6-2,3,R16,130.0,105077,105583,3.0,,,,Albert Ramos,Dusan Lajovic,L,R,188.0,183.0,ESP,SRB,35.0,32.6,54.0,89.0,845.0,591.0,4.0,4.0,1.0,3.0,81.0,73.0,60.0,45.0,43.0,27.0,9.0,15.0,13.0,13.0,5.0,7.0,8.0,11.0,A,1
2023-9158,Cordoba,Clay,32,A,20230206,287,6-3 3-1 RET,3,R16,50.0,106065,105948,,6.0,,,Marco Cecchinato,Federico Coria,R,R,185.0,180.0,ITA,ARG,30.3,30.9,93.0,67.0,572.0,775.0,0.0,2.0,2.0,0.0,42.0,31.0,20.0,25.0,13.0,20.0,11.0,4.0,7.0,6.0,1.0,0.0,4.0,0.0,B,0
2023-9158,Cordoba,Clay,32,A,20230206,286,6-3 3-6 7-5,3,R16,151.0,105643,202103,,2.0,Q,,Federico Delbonis,Francisco Cerundolo,L,R,193.0,185.0,ARG,ARG,32.3,24.4,131.0,31.0,426.0,1377.0,0.0,9.0,6.0,5.0,107.0,96.0,60.0,58.0,32.0,36.0,27.0,19.0,15.0,15.0,12.0,3.0,18.0,8.0,B,0
2023-9158,Cordoba,Clay,32,A,20230206,284,6-4 1-0 RET,3,R32,53.0,104665,207678,,,,WC,Pablo Andujar,Juan Manuel Cerundolo,R,L,180.0,183.0,ESP,ARG,37.0,21.2,153.0,114.0,377.0,460.0,0.0,1.0,7.0,3.0,29.0,45.0,14.0,31.0,6.0,17.0,6.0,7.0,5.0,6.0,1.0,4.0,4.0,6.0,B,0
2023-9158,Cordoba,Clay,32,A,20230206,283,6-2 6-2,3,R32,80.0,105550,131934,,,WC,Q,Guido Pella,Andrea Vavassori,L,R,183.0,193.0,ARG,ITA,32.7,27.7,1018.0,221.0,10.0,248.0,1.0,2.0,1.0,4.0,51.0,53.0,34.0,27.0,24.0,15.0,8.0,8.0,8.0,8.0,2.0,4.0,3.0,9.0,A,1
2023-9158,Cordoba,Clay,32,A,20230206,282,6-3 6-4,3,R32,83.0,106198,106398,,5.0,Q,,Hugo Dellien,Pedro Cachin,R,R,180.0,185.0,BOL,ARG,29.6,27.8,138.0,66.0,411.0,777.0,3.0,3.0,0.0,0.0,57.0,55.0,34.0,34.0,27.0,24.0,15.0,10.0,10.0,9.0,2.0,1.0,2.0,3.0,A,1
2023-9158,Cordoba,Clay,32,A,20230206,280,6-4 6-3,3,R32,76.0,200384,209260,,,,Q,Hugo Gaston,Luciano Darderi,L,R,173.0,183.0,FRA,ITA,22.3,20.9,101.0,200.0,533.0,291.0,4.0,4.0,1.0,1.0,49.0,58.0,26.0,26.0,15.0,23.0,13.0,18.0,9.0,10.0,3.0,2.0,6.0,3.0,B,0
2023-9158,Cordoba,Clay,32,A,20230206,279,7-6(6) 6-2,3,R32,129.0,144642,123755,,,WC,,Tomas Barrios Vera,Daniel Elahi Galan,R,R,191.0,191.0,CHI,COL,25.1,26.6,212.0,83.0,256.0,614.0,2.0,6.0,3.0,6.0,76.0,81.0,40.0,62.0,28.0,38.0,18.0,6.0,10.0,10.0,4.0,7.0,6.0,11.0,A,1
2023-9158,Cordoba,Clay,32,A,20230206,278,6-7(6) 6-3 7-5,3,R32,206.0,126523,106148,8.0,,,,Bernabe Zapata Miralles,Roberto Carballes Baena,R,R,183.0,183.0,ESP,ESP,26.0,29.8,76.0,77.0,702.0,695.0,6.0,3.0,5.0,5.0,106.0,111.0,61.0,58.0,46.0,42.0,22.0,23.0,16.0,17.0,4.0,6.0,6.0,11.0,A,1
2023-9158,Cordoba,Clay,32,A,20230206,277,7-6(3) 2-6 6-0,3,R32,150.0,106426,124079,,7.0,,,Cristian Garin,Pedro Martinez,R,R,185.0,185.0,CHI,ESP,26.6,25.7,103.0,72.0,526.0,746.0,5.0,2.0,5.0,4.0,84.0,91.0,45.0,56.0,31.0,40.0,21.0,12.0,13.0,13.0,3.0,9.0,7.0,14.0,A,1
2023-9158,Cordoba,Clay,32,A,20230206,276,3-6 7-6(5) 6-4,3,R32,186.0,105311,144869,,,,,Joao Sousa,Tomas Martin Etcheverry,R,R,185.0,196.0,POR,ARG,33.8,23.5,162.0,81.0,362.0,651.0,6.0,10.0,2.0,1.0,102.0,94.0,59.0,53.0,46.0,40.0,16.0,24.0,15.0,16.0,6.0,4.0,9.0,7.0,A,1
2023-9158,Cordoba,Clay,32,A,20230206,275,7-6(3) 6-3,3,R32,122.0,105583,122669,,,,,Dusan Lajovic,Juan Pablo Varillas,R,R,183.0,185.0,SRB,PER,32.6,27.3,89.0,98.0,591.0,541.0,3.0,4.0,2.0,2.0,81.0,64.0,52.0,32.0,36.0,23.0,13.0,13.0,11.0,10.0,8.0,3.0,10.0,6.0,A,1
2023-9158,Cordoba,Clay,32,A,20230206,273,6-7(5) 6-1 6-2,3,R32,163.0,106329,105948,,6.0,,,Thiago Monteiro,Federico Coria,L,R,183.0,180.0,BRA,ARG,28.6,30.9,78.0,67.0,690.0,775.0,4.0,12.0,6.0,1.0,94.0,98.0,59.0,67.0,40.0,45.0,13.0,18.0,13.0,14.0,4.0,6.0,10.0,8.0,B,0
2023-9158,Cordoba,Clay,32,A,20230206,272,6-2 7-6(4),3,R32,92.0,106065,105487,,,,,Marco Cecchinato,Facundo Bagnis,R,L,185.0,183.0,ITA,ARG,30.3,32.9,93.0,88.0,572.0,595.0,6.0,5.0,2.0,4.0,64.0,70.0,41.0,49.0,32.0,33.0,12.0,5.0,10.0,10.0,2.0,3.0,3.0,6.0,A,1
2023-9158,Cordoba,Clay,32,A,20230206,271,6-7(8) 6-2 7-6(6),3,R32,183.0,126214,105643,,,,Q,Alejandro Tabilo,Federico Delbonis,L,L,188.0,193.0,CHI,ARG,25.6,32.3,146.0,131.0,394.0,426.0,13.0,4.0,6.0,4.0,128.0,107.0,72.0,70.0,53.0,51.0,26.0,21.0,16.0,16.0,7.0,4.0,11.0,6.0,B,0
2023-0424,Dallas,Hard,32,A,20230206,300,6-7(4) 7-6(3) 7-6(12),3,F,178.0,104545,200059,5.0,,,,John Isner,Yibing Wu,R,R,208.0,183.0,USA,CHN,37.7,23.3,39.0,97.0,980.0,544.0,44.0,7.0,1.0,2.0,118.0,128.0,89.0,87.0,72.0,69.0,21.0,28.0,18.0,18.0,2.0,3.0,2.0,3.0,B,0
2023-0424,Dallas,Hard,32,A,20230206,299,6-7(3) 7-5 6-4,3,SF,152.0,200059,126203,,1.0,,,Yibing Wu,Taylor Fritz,R,R,183.0,196.0,CHN,USA,23.3,25.2,97.0,8.0,544.0,3410.0,6.0,20.0,0.0,2.0,122.0,96.0,72.0,58.0,51.0,47.0,32.0,25.0,17.0,17.0,9.0,2.0,9.0,4.0,A,1
2023-0424,Dallas,Hard,32,A,20230206,298,3-6 7-5 7-6(4),3,SF,151.0,200670,104545,6.0,5.0,,,J J Wolf,John Isner,R,R,183.0,208.0,USA,USA,24.1,37.7,43.0,39.0,922.0,980.0,14.0,31.0,4.0,2.0,101.0,102.0,65.0,71.0,52.0,57.0,22.0,17.0,17.0,16.0,3.0,7.0,4.0,8.0,B,0
2023-0424,Dallas,Hard,32,A,20230206,297,7-6(7) 3-6 6-3,3,QF,111.0,106218,126203,7.0,1.0,,,Marcos Giron,Taylor Fritz,R,R,180.0,196.0,USA,USA,29.5,25.2,55.0,8.0,841.0,3410.0,6.0,9.0,1.0,2.0,88.0,83.0,57.0,55.0,43.0,45.0,19.0,15.0,15.0,15.0,1.0,0.0,2.0,1.0,B,0
2023-0424,Dallas,Hard,32,A,20230206,296,6-3 6-4,3,QF,73.0,105173,200059,8.0,,,,Adrian Mannarino,Yibing Wu,L,R,180.0,183.0,FRA,CHN,34.6,23.3,63.0,97.0,791.0,544.0,4.0,6.0,0.0,0.0,47.0,53.0,35.0,37.0,23.0,30.0,4.0,9.0,9.0,10.0,0.0,3.0,3.0,4.0,B,0
2023-0424,Dallas,Hard,32,A,20230206,295,7-6(8) 7-5,3,QF,107.0,104545,105877,5.0,,,,John Isner,Emilio Gomez,R,R,208.0,185.0,USA,ECU,37.7,31.1,39.0,102.0,980.0,533.0,23.0,12.0,1.0,3.0,71.0,79.0,49.0,52.0,44.0,46.0,15.0,12.0,12.0,12.0,4.0,4.0,4.0,5.0,A,1
2023-0424,Dallas,Hard,32,A,20230206,294,4-6 6-3 6-4,3,QF,125.0,200670,126207,6.0,2.0,,,J J Wolf,Frances Tiafoe,R,R,183.0,188.0,USA,USA,24.1,25.0,43.0,14.0,922.0,2305.0,11.0,14.0,2.0,0.0,95.0,87.0,57.0,60.0,47.0,45.0,18.0,11.0,15.0,14.0,9.0,5.0,11.0,8.0,A,1
2023-0424,Dallas,Hard,32,A,20230206,293,7-6(5) 6-4,3,R16,96.0,106058,126203,,1.0,WC,,Jack Sock,Taylor Fritz,R,R,191.0,196.0,USA,USA,30.3,25.2,141.0,8.0,405.0,3410.0,8.0,10.0,2.0,1.0,79.0,64.0,46.0,43.0,35.0,39.0,17.0,11.0,11.0,11.0,6.0,0.0,7.0,0.0,B,0
2023-0424,Dallas,Hard,32,A,20230206,292,6-4 6-3,3,R16,67.0,106218,106214,7.0,,,,Marcos Giron,Oscar Otte,R,R,180.0,193.0,USA,GER,29.5,29.5,55.0,80.0,841.0,666.0,5.0,7.0,1.0,2.0,48.0,63.0,32.0,38.0,26.0,26.0,11.0,10.0,9.0,10.0,3.0,3.0,3.0,6.0,A,1
2023-0424,Dallas,Hard,32,A,20230206,291,7-6(1) 6-4,3,R16,93.0,200059,133430,,3.0,,,Yibing Wu,Denis Shapovalov,R,L,183.0,185.0,CHN,CAN,23.3,23.8,97.0,27.0,544.0,1560.0,2.0,8.0,0.0,8.0,76.0,66.0,48.0,41.0,32.0,29.0,18.0,11.0,11.0,11.0,3.0,3.0,5.0,6.0,A,1
2023-0424,Dallas,Hard,32,A,20230206,290,6-2 7-6(3),3,R16,105.0,105173,111442,8.0,,,,Adrian Mannarino,Jordan Thompson,L,R,180.0,183.0,FRA,AUS,34.6,28.7,63.0,84.0,791.0,604.0,10.0,8.0,1.0,0.0,72.0,63.0,46.0,37.0,38.0,26.0,13.0,11.0,10.0,10.0,3.0,2.0,4.0,5.0,A,1
2023-0424,Dallas,Hard,32,A,20230206,289,6-3 7-6(1),3,R16,77.0,104545,127157,5.0,,,,John Isner,Daniel Altmaier,R,R,208.0,188.0,USA,GER,37.7,24.4,39.0,99.0,980.0,539.0,18.0,9.0,0.0,3.0,55.0,56.0,44.0,35.0,40.0,28.0,8.0,13.0,11.0,10.0,0.0,2.0,0.0,3.0,A,1
2023-0424,Dallas,Hard,32,A,20230206,288,2-6 7-6(4) 6-4,3,R16,129.0,200175,105877,4.0,,,,Miomir Kecmanovic,Emilio Gomez,R,R,183.0,185.0,SRB,ECU,23.4,31.1,33.0,102.0,1275.0,533.0,13.0,5.0,2.0,2.0,86.0,92.0,51.0,65.0,38.0,51.0,21.0,8.0,15.0,15.0,5.0,5.0,7.0,8.0,B,0
2023-0424,Dallas,Hard,32,A,20230206,287,6-3 7-6(5),3,R16,107.0,105430,200670,,6.0,,,Radu Albot,J J Wolf,R,R,175.0,183.0,MDA,USA,33.2,24.1,123.0,43.0,443.0,922.0,6.0,10.0,1.0,3.0,64.0,83.0,46.0,43.0,31.0,35.0,11.0,18.0,10.0,11.0,2.0,9.0,4.0,10.0,B,0
2023-0424,Dallas,Hard,32,A,20230206,286,6-1 6-3,3,R16,58.0,126207,111456,2.0,,,,Frances Tiafoe,Mackenzie Mcdonald,R,R,188.0,178.0,USA,USA,25.0,27.8,14.0,59.0,2305.0,820.0,5.0,4.0,1.0,0.0,46.0,46.0,33.0,28.0,28.0,17.0,8.0,7.0,8.0,8.0,1.0,2.0,1.0,6.0,A,1
2023-0424,Dallas,Hard,32,A,20230206,284,7-6(2) 4-6 6-4,3,R32,183.0,106058,125802,,,WC,,Jack Sock,Ilya Ivashka,R,R,191.0,193.0,USA,BLR,30.3,28.9,141.0,74.0,405.0,715.0,9.0,7.0,10.0,3.0,133.0,101.0,75.0,73.0,56.0,51.0,22.0,12.0,16.0,16.0,15.0,6.0,18.0,9.0,A,1
2023-0424,Dallas,Hard,32,A,20230206,283,6-4 4-6 6-2,3,R32,108.0,111153,106214,,,,,Christopher Eubanks,Oscar Otte,R,R,201.0,193.0,USA,GER,26.7,29.5,104.0,80.0,524.0,666.0,6.0,15.0,2.0,4.0,90.0,77.0,58.0,45.0,35.0,36.0,17.0,19.0,14.0,14.0,6.0,3.0,10.0,5.0,B,0
2023-0424,Dallas,Hard,32,A,20230206,282,6-4 6-7(1) 6-1,3,R32,134.0,126206,106218,,7.0,Q,,Alex Rybakov,Marcos Giron,L,R,185.0,180.0,USA,USA,26.0,29.5,378.0,55.0,123.0,841.0,7.0,10.0,2.0,0.0,103.0,90.0,78.0,64.0,45.0,49.0,16.0,14.0,14.0,15.0,5.0,5.0,9.0,6.0,B,0
2023-0424,Dallas,Hard,32,A,20230206,280,6-3 3-6 6-3,3,R32,130.0,200059,111581,,,,,Yibing Wu,Michael Mmoh,R,R,183.0,188.0,CHN,USA,23.3,25.0,97.0,86.0,544.0,599.0,9.0,12.0,1.0,3.0,88.0,86.0,58.0,54.0,41.0,35.0,16.0,18.0,14.0,13.0,5.0,6.0,7.0,9.0,A,1
2023-0424,Dallas,Hard,32,A,20230206,279,6-1 7-5,3,R32,86.0,106045,111442,,,,,Denis Kudla,Jordan Thompson,R,R,180.0,183.0,USA,AUS,30.4,28.7,92.0,84.0,573.0,604.0,2.0,10.0,1.0,0.0,60.0,52.0,38.0,35.0,22.0,28.0,13.0,13.0,9.0,10.0,4.0,3.0,7.0,3.0,B,0
2023-0424,Dallas,Hard,32,A,20230206,278,7-6(6) 6-2,3,R32,92.0,105173,105449,8.0,,,,Adrian Mannarino,Steve Johnson,L,R,180.0,188.0,FRA,USA,34.6,33.1,63.0,120.0,791.0,448.0,13.0,10.0,0.0,3.0,57.0,80.0,39.0,44.0,36.0,33.0,10.0,14.0,10.0,10.0,0.0,4.0,0.0,6.0,A,1
2023-0424,Dallas,Hard,32,A,20230206,277,7-6(5) 7-6(1),3,R32,107.0,104545,202358,5.0,,,,John Isner,Chun Hsin Tseng,R,R,208.0,175.0,USA,TPE,37.7,21.4,39.0,108.0,980.0,500.0,22.0,5.0,0.0,2.0,71.0,81.0,56.0,59.0,47.0,43.0,10.0,13.0,12.0,12.0,1.0,5.0,1.0,5.0,A,1
2023-0424,Dallas,Hard,32,A,20230206,276,6-2 6-4,3,R32,85.0,208260,127157,,,Q,,Zachary Svajda,Daniel Altmaier,R,R,175.0,188.0,USA,GER,20.1,24.4,265.0,99.0,203.0,539.0,6.0,6.0,0.0,1.0,51.0,65.0,32.0,35.0,23.0,28.0,7.0,17.0,9.0,9.0,0.0,3.0,3.0,3.0,B,0
2023-0424,Dallas,Hard,32,A,20230206,275,6-4 6-7(5) 7-6(5),3,R32,162.0,209113,105877,,,,,Gabriel Diallo,Emilio Gomez,R,R,203.0,185.0,CAN,ECU,21.3,31.1,211.0,102.0,260.0,533.0,18.0,8.0,2.0,3.0,113.0,106.0,86.0,71.0,64.0,61.0,15.0,19.0,17.0,17.0,1.0,3.0,3.0,4.0,B,0
2023-0424,Dallas,Hard,32,A,20230206,273,6-3 6-3,3,R32,69.0,200670,200587,6.0,,,Q,J J Wolf,Brandon Holt,R,R,183.0,185.0,USA,USA,24.1,24.8,43.0,195.0,922.0,302.0,9.0,7.0,3.0,2.0,45.0,62.0,27.0,46.0,26.0,28.0,10.0,6.0,9.0,9.0,0.0,3.0,0.0,6.0,A,1
2023-0424,Dallas,Hard,32,A,20230206,272,2-6 6-4 6-2,3,R32,107.0,105430,210740,,,,WC,Radu Albot,Liam Krall,R,R,175.0,191.0,MDA,USA,33.2,20.7,123.0,,443.0,,6.0,6.0,0.0,4.0,71.0,80.0,50.0,49.0,38.0,37.0,11.0,14.0,13.0,13.0,1.0,2.0,3.0,5.0,A,1
2023-0424,Dallas,Hard,32,A,20230206,271,6-3 6-0,3,R32,63.0,104269,111456,,,Q,,Fernando Verdasco,Mackenzie Mcdonald,L,R,188.0,178.0,ESP,USA,39.2,27.8,118.0,59.0,452.0,820.0,0.0,3.0,0.0,0.0,46.0,47.0,33.0,27.0,15.0,18.0,3.0,14.0,7.0,8.0,5.0,3.0,10.0,4.0,B,0
2023-0375,Montpellier,Hard,32,A,20230206,300,7-6(3) 6-3,3,F,96.0,206173,202195,2.0,,,,Jannik Sinner,Maxime Cressy,R,R,191.0,201.0,ITA,USA,21.4,25.7,17.0,51.0,2195.0,857.0,4.0,10.0,1.0,6.0,61.0,62.0,38.0,39.0,33.0,30.0,16.0,12.0,11.0,10.0,3.0,3.0,3.0,4.0,A,1
2023-0375,Montpellier,Hard,32,A,20230206,299,7-5 6-7(3) 7-6(4),3,SF,159.0,208029,202195,1.0,,,,Holger Rune,Maxime Cressy,R,R,188.0,201.0,DEN,USA,19.7,25.7,9.0,51.0,3046.0,857.0,8.0,15.0,3.0,10.0,104.0,100.0,72.0,57.0,59.0,53.0,20.0,26.0,18.0,18.0,1.0,0.0,2.0,0.0,B,0
2023-0375,Montpellier,Hard,32,A,20230206,298,7-5 6-2,3,SF,94.0,206173,209950,2.0,,,WC,Jannik Sinner,Arthur Fils,R,R,191.0,185.0,ITA,FRA,21.4,18.6,17.0,163.0,2195.0,361.0,5.0,6.0,1.0,2.0,55.0,70.0,34.0,48.0,28.0,30.0,14.0,11.0,10.0,10.0,2.0,4.0,2.0,7.0,A,1
2023-0375,Montpellier,Hard,32,A,20230206,297,7-6(2) 7-6(5),3,QF,112.0,106296,208029,,1.0,,,Gregoire Barrere,Holger Rune,R,R,183.0,188.0,FRA,DEN,28.9,19.7,75.0,9.0,713.0,3046.0,2.0,7.0,1.0,1.0,93.0,77.0,60.0,51.0,38.0,33.0,21.0,19.0,12.0,12.0,6.0,2.0,7.0,3.0,B,0
2023-0375,Montpellier,Hard,32,A,20230206,296,7-6(2) 6-4,3,QF,104.0,106432,202195,3.0,,,,Borna Coric,Maxime Cressy,R,R,188.0,201.0,CRO,USA,26.2,25.7,23.0,51.0,1770.0,857.0,6.0,18.0,1.0,8.0,61.0,72.0,39.0,44.0,34.0,40.0,12.0,14.0,11.0,11.0,0.0,6.0,1.0,6.0,B,0
2023-0375,Montpellier,Hard,32,A,20230206,295,7-6(3) 6-3,3,QF,81.0,111460,209950,,,,WC,Quentin Halys,Arthur Fils,R,R,191.0,185.0,FRA,FRA,26.2,18.6,70.0,163.0,756.0,361.0,11.0,5.0,3.0,4.0,60.0,68.0,39.0,45.0,29.0,37.0,11.0,16.0,10.0,11.0,5.0,1.0,6.0,1.0,B,0
2023-0375,Montpellier,Hard,32,A,20230206,294,6-4 6-2,3,QF,95.0,206173,132283,2.0,,,,Jannik Sinner,Lorenzo Sonego,R,R,191.0,191.0,ITA,ITA,21.4,27.7,17.0,56.0,2195.0,835.0,1.0,3.0,2.0,0.0,51.0,61.0,28.0,43.0,18.0,26.0,17.0,6.0,9.0,9.0,2.0,4.0,3.0,8.0,A,1
2023-0375,Montpellier,Hard,32,A,20230206,293,7-6(5) 6-2,3,R16,92.0,208029,144817,1.0,,,,Holger Rune,Marc Andrea Huesler,R,L,188.0,196.0,DEN,SUI,19.7,26.6,9.0,49.0,3046.0,876.0,7.0,2.0,0.0,0.0,57.0,79.0,40.0,45.0,32.0,30.0,13.0,17.0,10.0,10.0,2.0,5.0,2.0,7.0,A,1
2023-0375,Montpellier,Hard,32,A,20230206,292,6-3 6-4,3,R16,71.0,105932,106296,,,,,Nikoloz Basilashvili,Gregoire Barrere,R,R,185.0,183.0,GEO,FRA,30.9,28.9,87.0,75.0,595.0,713.0,4.0,2.0,6.0,0.0,60.0,61.0,29.0,41.0,22.0,30.0,16.0,12.0,9.0,10.0,3.0,1.0,5.0,1.0,B,0
2023-0375,Montpellier,Hard,32,A,20230206,291,6-3 7-5,3,R16,91.0,106432,126239,3.0,,,,Borna Coric,Arthur Rinderknech,R,R,188.0,196.0,CRO,FRA,26.2,27.5,23.0,68.0,1770.0,772.0,10.0,6.0,1.0,0.0,57.0,64.0,43.0,40.0,34.0,28.0,10.0,14.0,11.0,10.0,0.0,3.0,0.0,5.0,A,1
2023-0375,Montpellier,Hard,32,A,20230206,290,6-4 6-4,3,R16,77.0,200325,202195,7.0,,,,Emil Ruusuvuori,Maxime Cressy,R,R,188.0,201.0,FIN,USA,23.8,25.7,53.0,51.0,846.0,857.0,4.0,15.0,0.0,7.0,50.0,60.0,32.0,41.0,28.0,36.0,9.0,7.0,10.0,10.0,1.0,1.0,3.0,1.0,B,0
2023-0375,Montpellier,Hard,32,A,20230206,289,6-3 6-3,3,R16,80.0,200221,111460,5.0,,,,Alejandro Davidovich Fokina,Quentin Halys,R,R,183.0,191.0,ESP,FRA,23.6,26.2,32.0,70.0,1325.0,756.0,3.0,11.0,1.0,2.0,61.0,53.0,36.0,31.0,25.0,28.0,11.0,10.0,9.0,9.0,4.0,3.0,7.0,3.0,B,0
2023-0375,Montpellier,Hard,32,A,20230206,288,6-3 6-4,3,R16,85.0,209950,105138,,4.0,WC,,Arthur Fils,Roberto Bautista Agut,R,R,185.0,183.0,FRA,ESP,18.6,34.8,163.0,24.0,361.0,1740.0,8.0,3.0,2.0,2.0,62.0,57.0,41.0,40.0,28.0,25.0,12.0,7.0,10.0,9.0,2.0,4.0,4.0,8.0,A,1
2023-0375,Montpellier,Hard,32,A,20230206,287,7-5 6-1,3,R16,80.0,132283,105936,,,,,Lorenzo Sonego,Filip Krajinovic,R,R,191.0,185.0,ITA,SRB,27.7,30.9,56.0,71.0,835.0,755.0,6.0,1.0,1.0,4.0,49.0,65.0,37.0,37.0,33.0,24.0,8.0,14.0,10.0,9.0,0.0,1.0,0.0,4.0,A,1
2023-0375,Montpellier,Hard,32,A,20230206,286,W/O,3,R16,0.0,105916,206173,,2.0,,,Marton Fucsovics,Jannik Sinner,R,R,188.0,191.0,HUN,ITA,30.9,21.4,69.0,17.0,767.0,2195.0,,,,,,,,,,,,,,,,,,,B,0
2023-0375,Montpellier,Hard,32,A,20230206,284,6-3 3-6 6-3,3,R32,110.0,144817,209414,,,,WC,Marc Andrea Huesler,Luca Van Assche,L,R,196.0,178.0,SUI,FRA,26.6,18.7,49.0,145.0,876.0,397.0,13.0,2.0,2.0,4.0,77.0,79.0,44.0,47.0,38.0,34.0,20.0,19.0,14.0,13.0,5.0,2.0,6.0,4.0,A,1
2023-0375,Montpellier,Hard,32,A,20230206,283,6-7(3) 7-5 6-2,3,R32,156.0,105932,106005,,,,,Nikoloz Basilashvili,Constant Lestienne,R,R,185.0,180.0,GEO,FRA,30.9,30.7,87.0,48.0,595.0,879.0,5.0,6.0,3.0,2.0,91.0,126.0,56.0,76.0,37.0,47.0,23.0,22.0,16.0,16.0,5.0,9.0,9.0,16.0,A,1
2023-0375,Montpellier,Hard,32,A,20230206,282,6-4 6-7(12) 7-6(3),3,R32,147.0,122330,106296,6.0,,,,Alexander Bublik,Gregoire Barrere,R,R,196.0,183.0,KAZ,FRA,25.6,28.9,50.0,75.0,865.0,713.0,19.0,5.0,14.0,4.0,123.0,113.0,69.0,67.0,56.0,54.0,24.0,25.0,17.0,17.0,3.0,2.0,5.0,3.0,B,0
2023-0375,Montpellier,Hard,32,A,20230206,280,6-4 6-4,3,R32,82.0,208134,126239,,,Q,,Luca Nardi,Arthur Rinderknech,R,R,185.0,196.0,ITA,FRA,19.5,27.5,164.0,68.0,360.0,772.0,2.0,10.0,2.0,0.0,65.0,49.0,43.0,33.0,26.0,31.0,12.0,7.0,10.0,10.0,3.0,1.0,6.0,2.0,B,0
2023-0375,Montpellier,Hard,32,A,20230206,279,6-3 6-2,3,R32,71.0,202195,134472,,,,Q,Maxime Cressy,Antoine Bellier,R,L,201.0,196.0,USA,SUI,25.7,26.3,51.0,190.0,857.0,313.0,11.0,6.0,8.0,2.0,57.0,52.0,39.0,41.0,31.0,25.0,9.0,5.0,9.0,8.0,3.0,4.0,3.0,7.0,A,1
2023-0375,Montpellier,Hard,32,A,20230206,278,6-4 6-0,3,R32,75.0,144707,200325,,7.0,,,Mikael Ymer,Emil Ruusuvuori,R,R,183.0,188.0,SWE,FIN,24.4,23.8,73.0,53.0,741.0,846.0,0.0,4.0,1.0,1.0,45.0,42.0,31.0,26.0,13.0,18.0,6.0,13.0,8.0,8.0,2.0,1.0,7.0,2.0,B,0
2023-0375,Montpellier,Hard,32,A,20230206,277,1-6 7-6(2) 0-0 RET,3,R32,123.0,200005,200221,,5.0,WC,,Ugo Humbert,Alejandro Davidovich Fokina,L,R,188.0,183.0,FRA,ESP,24.6,23.6,85.0,32.0,603.0,1325.0,6.0,0.0,2.0,3.0,69.0,64.0,48.0,31.0,35.0,17.0,9.0,21.0,10.0,9.0,7.0,3.0,8.0,6.0,B,0
2023-0375,Montpellier,Hard,32,A,20230206,276,7-5 2-6 7-5,3,R32,144.0,111460,206889,,,,Q,Quentin Halys,Clement Chidekh,R,R,191.0,180.0,FRA,FRA,26.2,21.6,70.0,434.0,756.0,101.0,25.0,1.0,5.0,3.0,104.0,103.0,62.0,68.0,52.0,47.0,15.0,22.0,16.0,16.0,2.0,11.0,4.0,13.0,A,1
2023-0375,Montpellier,Hard,32,A,20230206,275,7-5 7-5,3,R32,112.0,104755,209950,,,,WC,Richard Gasquet,Arthur Fils,R,R,183.0,185.0,FRA,FRA,36.6,18.6,45.0,163.0,910.0,361.0,2.0,8.0,5.0,3.0,73.0,81.0,51.0,51.0,37.0,38.0,6.0,12.0,12.0,12.0,4.0,7.0,8.0,9.0,B,0
2023-0375,Montpellier,Hard,32,A,20230206,273,6-3 6-4,3,R32,82.0,126127,132283,8.0,,,,Benjamin Bonzi,Lorenzo Sonego,R,R,183.0,191.0,FRA,ITA,26.6,27.7,42.0,56.0,956.0,835.0,0.0,5.0,1.0,0.0,60.0,53.0,42.0,38.0,27.0,28.0,9.0,11.0,10.0,9.0,4.0,4.0,7.0,4.0,B,0
2023-0375,Montpellier,Hard,32,A,20230206,272,3-6 7-6(7) 6-2,3,R32,125.0,105936,106234,,,,,Filip Krajinovic,Aslan Karatsev,R,R,185.0,185.0,SRB,RUS,30.9,29.4,71.0,95.0,755.0,555.0,9.0,9.0,1.0,7.0,86.0,100.0,65.0,55.0,48.0,42.0,13.0,23.0,14.0,15.0,0.0,8.0,1.0,10.0,A,1
2023-0375,Montpellier,Hard,32,A,20230206,271,7-5 5-7 6-0,3,R32,156.0,105916,144972,,,,Q,Marton Fucsovics,Geoffrey Blancaneaux,R,R,188.0,180.0,HUN,FRA,30.9,24.4,69.0,151.0,767.0,379.0,1.0,1.0,5.0,3.0,108.0,91.0,70.0,60.0,44.0,38.0,22.0,13.0,15.0,15.0,8.0,3.0,11.0,9.0,A,1
2023-0499,Delray Beach,Hard,32,A,20230213,300,6-0 5-7 6-2,3,F,117.0,200175,126203,4.0,1.0,,,Miomir Kecmanovic,Taylor Fritz,R,R,183.0,196.0,SRB,USA,23.4,25.2,33.0,7.0,1275.0,3455.0,6.0,10.0,3.0,0.0,91.0,68.0,49.0,37.0,33.0,35.0,17.0,16.0,13.0,13.0,4.0,0.0,9.0,1.0,B,0
2023-0499,Delray Beach,Hard,32,A,20230213,299,6-3 7-6(6),3,SF,94.0,111456,126203,,1.0,,,Mackenzie Mcdonald,Taylor Fritz,R,R,178.0,196.0,USA,USA,27.8,25.2,56.0,7.0,795.0,3455.0,6.0,9.0,2.0,1.0,61.0,71.0,38.0,41.0,27.0,34.0,9.0,13.0,10.0,11.0,3.0,4.0,6.0,6.0,B,0
2023-0499,Delray Beach,Hard,32,A,20230213,298,7-6(8) 3-6 6-2,3,SF,147.0,200175,105430,4.0,,,,Miomir Kecmanovic,Radu Albot,R,R,183.0,175.0,SRB,MDA,23.4,33.2,33.0,113.0,1275.0,463.0,5.0,3.0,1.0,8.0,90.0,112.0,56.0,67.0,39.0,48.0,22.0,21.0,14.0,15.0,4.0,3.0,6.0,6.0,A,1
2023-0499,Delray Beach,Hard,32,A,20230213,297,7-6(8) 6-4,3,QF,110.0,126203,105173,1.0,,,,Taylor Fritz,Adrian Mannarino,R,L,196.0,180.0,USA,FRA,25.2,34.6,7.0,59.0,3455.0,791.0,8.0,3.0,1.0,4.0,72.0,76.0,50.0,47.0,37.0,35.0,9.0,10.0,11.0,11.0,4.0,2.0,6.0,5.0,A,1
2023-0499,Delray Beach,Hard,32,A,20230213,296,3-6 6-3 6-4,3,QF,130.0,111456,111581,,,,,Mackenzie Mcdonald,Michael Mmoh,R,R,178.0,188.0,USA,USA,27.8,25.0,56.0,87.0,795.0,599.0,4.0,2.0,2.0,6.0,86.0,76.0,57.0,51.0,31.0,35.0,15.0,7.0,14.0,14.0,6.0,1.0,11.0,7.0,A,1
2023-0499,Delray Beach,Hard,32,A,20230213,295,7-6(5) 6-3,3,QF,94.0,200175,106218,4.0,,,,Miomir Kecmanovic,Marcos Giron,R,R,183.0,180.0,SRB,USA,23.4,29.5,33.0,55.0,1275.0,796.0,8.0,1.0,1.0,2.0,68.0,61.0,42.0,40.0,31.0,29.0,18.0,13.0,11.0,10.0,5.0,4.0,6.0,6.0,A,1
2023-0499,Delray Beach,Hard,32,A,20230213,294,6-2 6-2,3,QF,75.0,126205,105430,2.0,,,,Tommy Paul,Radu Albot,R,R,185.0,175.0,USA,MDA,25.7,33.2,18.0,113.0,1835.0,463.0,5.0,3.0,0.0,2.0,47.0,57.0,28.0,40.0,18.0,32.0,7.0,6.0,8.0,8.0,2.0,2.0,6.0,2.0,B,0
2023-0499,Delray Beach,Hard,32,A,20230213,293,6-4 6-3,3,R16,87.0,126203,105877,1.0,,,,Taylor Fritz,Emilio Gomez,R,R,196.0,185.0,USA,ECU,25.2,31.2,7.0,94.0,3455.0,578.0,11.0,1.0,2.0,1.0,64.0,60.0,42.0,34.0,33.0,24.0,10.0,11.0,10.0,9.0,2.0,5.0,3.0,8.0,A,1
2023-0499,Delray Beach,Hard,32,A,20230213,292,7-5 6-2,3,R16,107.0,105173,200670,,9.0,,,Adrian Mannarino,J J Wolf,L,R,180.0,183.0,FRA,USA,34.6,24.1,59.0,39.0,791.0,996.0,9.0,5.0,1.0,4.0,76.0,64.0,45.0,35.0,37.0,24.0,14.0,15.0,10.0,10.0,2.0,4.0,2.0,7.0,A,1
2023-0499,Delray Beach,Hard,32,A,20230213,291,7-5 3-6 6-3,3,R16,140.0,133430,111581,3.0,,,,Denis Shapovalov,Michael Mmoh,L,R,185.0,188.0,CAN,USA,23.8,25.0,27.0,87.0,1560.0,599.0,4.0,2.0,4.0,5.0,88.0,96.0,51.0,64.0,38.0,49.0,19.0,15.0,15.0,15.0,2.0,8.0,5.0,10.0,B,0
2023-0499,Delray Beach,Hard,32,A,20230213,290,6-3 3-6 6-2,3,R16,126.0,111456,106415,,5.0,,,Mackenzie Mcdonald,Yoshihito Nishioka,R,L,178.0,170.0,USA,JPN,27.8,27.3,56.0,34.0,795.0,1232.0,9.0,5.0,5.0,1.0,82.0,112.0,50.0,71.0,37.0,46.0,19.0,18.0,13.0,13.0,2.0,10.0,3.0,13.0,A,1
2023-0499,Delray Beach,Hard,32,A,20230213,289,6-3 6-3,3,R16,77.0,123896,106218,,,Q,,Matija Pecotic,Marcos Giron,L,R,185.0,180.0,CRO,USA,33.6,29.5,784.0,55.0,24.0,796.0,2.0,1.0,4.0,1.0,61.0,54.0,36.0,30.0,25.0,26.0,11.0,15.0,9.0,9.0,4.0,3.0,7.0,3.0,B,0
2023-0499,Delray Beach,Hard,32,A,20230213,288,6-3 7-5,3,R16,87.0,200175,132686,4.0,,,Q,Miomir Kecmanovic,Nuno Borges,R,R,183.0,185.0,SRB,POR,23.4,25.9,33.0,104.0,1275.0,514.0,6.0,1.0,2.0,3.0,61.0,69.0,37.0,42.0,29.0,26.0,14.0,12.0,11.0,10.0,0.0,5.0,1.0,8.0,A,1
2023-0499,Delray Beach,Hard,32,A,20230213,287,6-4 6-4,3,R16,104.0,105430,126846,,,,LL,Radu Albot,Aleksandar Vukic,R,R,175.0,188.0,MDA,AUS,33.2,26.8,113.0,171.0,463.0,347.0,1.0,4.0,2.0,8.0,75.0,71.0,43.0,44.0,30.0,29.0,17.0,12.0,10.0,10.0,6.0,6.0,7.0,9.0,A,1
2023-0499,Delray Beach,Hard,32,A,20230213,286,6-3 6-4,3,R16,84.0,126205,106045,2.0,,,,Tommy Paul,Denis Kudla,R,R,185.0,180.0,USA,USA,25.7,30.4,18.0,95.0,1835.0,573.0,7.0,3.0,2.0,3.0,65.0,52.0,43.0,32.0,30.0,20.0,13.0,11.0,10.0,9.0,1.0,1.0,2.0,4.0,A,1
2023-0499,Delray Beach,Hard,32,A,20230213,284,7-6(3) 6-4,3,R32,136.0,126555,105877,,,Q,,Tung Lin Wu,Emilio Gomez,R,R,188.0,185.0,TPE,ECU,24.7,31.2,172.0,94.0,346.0,578.0,2.0,4.0,0.0,3.0,86.0,84.0,54.0,42.0,32.0,28.0,15.0,22.0,11.0,11.0,8.0,9.0,12.0,12.0,B,0
2023-0499,Delray Beach,Hard,32,A,20230213,283,4-6 6-3 6-4,3,R32,145.0,127157,105173,,,,,Daniel Altmaier,Adrian Mannarino,R,L,188.0,180.0,GER,FRA,24.4,34.6,97.0,59.0,559.0,791.0,15.0,8.0,1.0,3.0,79.0,102.0,55.0,60.0,39.0,43.0,14.0,23.0,14.0,15.0,3.0,10.0,6.0,12.0,B,0
2023-0499,Delray Beach,Hard,32,A,20230213,282,7-5 6-3,3,R32,96.0,200670,125802,9.0,,,,J J Wolf,Ilya Ivashka,R,R,183.0,193.0,USA,BLR,24.1,28.9,39.0,77.0,996.0,686.0,4.0,2.0,4.0,5.0,66.0,60.0,35.0,37.0,28.0,25.0,14.0,9.0,11.0,10.0,3.0,3.0,5.0,7.0,A,1
2023-0499,Delray Beach,Hard,32,A,20230213,280,6-4 3-6 6-3,3,R32,174.0,206499,111581,,,WC,,Aleksandar Kovacevic,Michael Mmoh,R,R,183.0,188.0,USA,USA,24.4,25.0,122.0,87.0,435.0,599.0,12.0,3.0,3.0,2.0,97.0,110.0,53.0,75.0,39.0,43.0,19.0,22.0,14.0,14.0,10.0,13.0,14.0,16.0,B,0
2023-0499,Delray Beach,Hard,32,A,20230213,279,6-2 6-2,3,R32,67.0,106121,111456,,,,,Taro Daniel,Mackenzie Mcdonald,R,R,191.0,178.0,JPN,USA,30.0,27.8,106.0,56.0,502.0,795.0,2.0,0.0,1.0,2.0,46.0,45.0,26.0,25.0,13.0,21.0,10.0,12.0,8.0,8.0,1.0,1.0,5.0,1.0,B,0
2023-0499,Delray Beach,Hard,32,A,20230213,278,6-3 0-6 6-4,3,R32,115.0,106214,106415,,5.0,,,Oscar Otte,Yoshihito Nishioka,R,L,193.0,170.0,GER,JPN,29.5,27.3,80.0,34.0,666.0,1232.0,13.0,3.0,5.0,5.0,72.0,85.0,32.0,48.0,25.0,29.0,18.0,15.0,13.0,12.0,2.0,6.0,7.0,11.0,B,0
2023-0499,Delray Beach,Hard,32,A,20230213,277,6-4 6-4,3,R32,67.0,210097,106218,8.0,,,,Ben Shelton,Marcos Giron,L,R,193.0,180.0,USA,USA,20.3,29.5,42.0,55.0,964.0,796.0,4.0,5.0,2.0,1.0,52.0,51.0,39.0,35.0,29.0,30.0,7.0,10.0,10.0,10.0,0.0,0.0,2.0,0.0,B,0
2023-0499,Delray Beach,Hard,32,A,20230213,276,4-6 6-2 6-2,3,R32,130.0,106058,123896,,,WC,Q,Jack Sock,Matija Pecotic,R,L,191.0,185.0,USA,CRO,30.3,33.6,143.0,784.0,405.0,24.0,3.0,10.0,6.0,7.0,92.0,85.0,45.0,54.0,30.0,41.0,19.0,16.0,13.0,13.0,6.0,6.0,11.0,8.0,B,0
2023-0499,Delray Beach,Hard,32,A,20230213,275,6-4 3-6 6-4,3,R32,123.0,105449,132686,,,LL,Q,Steve Johnson,Nuno Borges,R,R,188.0,185.0,USA,POR,33.1,25.9,118.0,104.0,448.0,514.0,14.0,7.0,2.0,6.0,94.0,93.0,62.0,62.0,44.0,44.0,16.0,17.0,15.0,14.0,3.0,8.0,6.0,10.0,B,0
2023-0499,Delray Beach,Hard,32,A,20230213,273,6-7(5) 6-3 6-4,3,R32,119.0,126846,111153,,,LL,Q,Aleksandar Vukic,Christopher Eubanks,R,R,188.0,201.0,AUS,USA,26.8,26.7,171.0,102.0,347.0,524.0,6.0,9.0,2.0,2.0,86.0,101.0,53.0,71.0,46.0,44.0,17.0,21.0,16.0,15.0,0.0,8.0,1.0,11.0,A,1
2023-0499,Delray Beach,Hard,32,A,20230213,272,7-6(3) 7-6(1),3,R32,124.0,105430,104269,,,,WC,Radu Albot,Fernando Verdasco,R,L,175.0,188.0,MDA,ESP,33.2,39.2,113.0,133.0,463.0,419.0,2.0,3.0,1.0,8.0,73.0,98.0,43.0,59.0,32.0,36.0,17.0,17.0,12.0,12.0,2.0,2.0,5.0,5.0,A,1
2023-0499,Delray Beach,Hard,32,A,20230213,271,3-6 6-4 7-6(2),3,R32,156.0,111442,106045,,,,,Jordan Thompson,Denis Kudla,R,R,183.0,180.0,AUS,USA,28.8,30.4,93.0,95.0,579.0,573.0,19.0,2.0,5.0,4.0,107.0,89.0,59.0,56.0,42.0,40.0,27.0,21.0,16.0,15.0,5.0,4.0,7.0,6.0,B,0
2023-0506,Buenos Aires,Clay,32,A,20230213,300,6-3 7-5,3,F,93.0,207989,111815,1.0,2.0,,,Carlos Alcaraz,Cameron Norrie,R,L,183.0,188.0,ESP,GBR,19.7,27.4,2.0,12.0,6730.0,2715.0,3.0,2.0,2.0,2.0,59.0,63.0,38.0,35.0,29.0,22.0,11.0,15.0,10.0,11.0,1.0,2.0,2.0,6.0,A,1
2023-0506,Buenos Aires,Clay,32,A,20230213,299,6-2 6-2,3,SF,76.0,207989,126523,1.0,,,,Carlos Alcaraz,Bernabe Zapata Miralles,R,R,183.0,183.0,ESP,ESP,19.7,26.0,2.0,74.0,6730.0,702.0,3.0,1.0,0.0,0.0,48.0,49.0,33.0,32.0,24.0,16.0,9.0,6.0,8.0,8.0,1.0,2.0,2.0,7.0,A,1
2023-0506,Buenos Aires,Clay,32,A,20230213,298,7-6(5) 6-4,3,SF,113.0,111815,122669,2.0,,,Q,Cameron Norrie,Juan Pablo Varillas,L,R,188.0,185.0,GBR,PER,27.4,27.3,12.0,101.0,2715.0,541.0,3.0,5.0,1.0,1.0,65.0,78.0,41.0,55.0,30.0,39.0,17.0,10.0,11.0,11.0,2.0,6.0,3.0,8.0,A,1
2023-0506,Buenos Aires,Clay,32,A,20230213,297,6-4 6-2,3,QF,93.0,207989,105583,1.0,,,Q,Carlos Alcaraz,Dusan Lajovic,R,R,183.0,183.0,ESP,SRB,19.7,32.6,2.0,90.0,6730.0,591.0,1.0,1.0,4.0,2.0,51.0,70.0,33.0,44.0,23.0,21.0,9.0,12.0,9.0,9.0,3.0,5.0,5.0,10.0,A,1
2023-0506,Buenos Aires,Clay,32,A,20230213,296,6-3 6-7(4) 6-3,3,QF,153.0,202103,126523,5.0,,,,Francisco Cerundolo,Bernabe Zapata Miralles,R,R,185.0,183.0,ARG,ESP,24.5,26.0,30.0,74.0,1365.0,702.0,3.0,0.0,3.0,1.0,100.0,118.0,70.0,85.0,46.0,57.0,13.0,17.0,14.0,16.0,8.0,10.0,12.0,12.0,B,0
2023-0506,Buenos Aires,Clay,32,A,20230213,295,6-4 6-4,3,QF,106.0,122669,207518,,3.0,Q,,Juan Pablo Varillas,Lorenzo Musetti,R,R,185.0,185.0,PER,ITA,27.3,20.9,101.0,20.0,541.0,1821.0,2.0,2.0,0.0,1.0,66.0,64.0,42.0,37.0,31.0,24.0,11.0,11.0,10.0,10.0,3.0,4.0,5.0,8.0,A,1
2023-0506,Buenos Aires,Clay,32,A,20230213,294,5-7 6-0 6-3,3,QF,153.0,111815,144869,2.0,,,,Cameron Norrie,Tomas Martin Etcheverry,L,R,188.0,196.0,GBR,ARG,27.4,23.5,12.0,82.0,2715.0,651.0,4.0,6.0,2.0,2.0,95.0,96.0,56.0,59.0,36.0,37.0,25.0,15.0,14.0,13.0,5.0,5.0,7.0,10.0,A,1
2023-0506,Buenos Aires,Clay,32,A,20230213,293,6-2 4-6 6-2,3,R16,120.0,111513,207989,,1.0,,,Laslo Djere,Carlos Alcaraz,R,R,188.0,183.0,SRB,ESP,27.7,19.7,57.0,2.0,793.0,6730.0,6.0,4.0,4.0,0.0,77.0,73.0,48.0,51.0,31.0,37.0,16.0,15.0,13.0,13.0,8.0,6.0,12.0,7.0,B,0
2023-0506,Buenos Aires,Clay,32,A,20230213,292,6-3 6-1,3,R16,100.0,200116,105583,,,Q,Q,Camilo Ugo Carabelli,Dusan Lajovic,R,R,185.0,183.0,ARG,SRB,23.6,32.6,127.0,90.0,428.0,591.0,0.0,0.0,0.0,2.0,62.0,60.0,40.0,42.0,19.0,29.0,12.0,11.0,8.0,8.0,5.0,2.0,9.0,2.0,B,0
2023-0506,Buenos Aires,Clay,32,A,20230213,291,6-1 6-3,3,R16,77.0,126523,106043,,4.0,,,Bernabe Zapata Miralles,Diego Schwartzman,R,R,183.0,170.0,ESP,ARG,26.0,30.4,74.0,32.0,702.0,1310.0,0.0,0.0,2.0,0.0,45.0,51.0,29.0,40.0,19.0,16.0,6.0,3.0,8.0,8.0,0.0,7.0,3.0,14.0,A,1
2023-0506,Buenos Aires,Clay,32,A,20230213,290,6-2 6-1,3,R16,76.0,202103,144719,5.0,,,,Francisco Cerundolo,Jaume Munar,R,R,185.0,183.0,ARG,ESP,24.5,25.7,30.0,67.0,1365.0,777.0,1.0,0.0,1.0,2.0,49.0,52.0,37.0,38.0,24.0,21.0,9.0,3.0,7.0,8.0,2.0,7.0,2.0,12.0,A,1
2023-0506,Buenos Aires,Clay,32,A,20230213,289,6-4 6-4,3,R16,107.0,122669,106233,,,Q,WC,Juan Pablo Varillas,Dominic Thiem,R,R,185.0,185.0,PER,AUT,27.3,29.4,101.0,99.0,541.0,550.0,1.0,0.0,1.0,2.0,59.0,60.0,30.0,35.0,27.0,22.0,13.0,11.0,10.0,10.0,1.0,3.0,2.0,6.0,A,1
2023-0506,Buenos Aires,Clay,32,A,20230213,288,6-2 6-3,3,R16,85.0,207518,106398,3.0,,,,Lorenzo Musetti,Pedro Cachin,R,R,185.0,185.0,ITA,ARG,20.9,27.8,20.0,68.0,1821.0,777.0,1.0,1.0,1.0,2.0,55.0,48.0,33.0,31.0,22.0,14.0,12.0,7.0,9.0,8.0,2.0,5.0,4.0,10.0,A,1
2023-0506,Buenos Aires,Clay,32,A,20230213,287,4-6 6-1 6-2,3,R16,153.0,144869,106148,,,,,Tomas Martin Etcheverry,Roberto Carballes Baena,R,R,196.0,183.0,ARG,ESP,23.5,29.8,82.0,76.0,651.0,695.0,5.0,2.0,3.0,2.0,78.0,78.0,46.0,45.0,36.0,30.0,19.0,15.0,13.0,12.0,3.0,2.0,4.0,6.0,A,1
2023-0506,Buenos Aires,Clay,32,A,20230213,286,4-6 7-5 7-6(6),3,R16,179.0,111815,207680,2.0,,,WC,Cameron Norrie,Facundo Diaz Acosta,L,L,188.0,183.0,GBR,ARG,27.4,22.1,12.0,191.0,2715.0,316.0,5.0,5.0,5.0,6.0,119.0,105.0,77.0,67.0,54.0,47.0,20.0,21.0,17.0,17.0,10.0,7.0,14.0,11.0,A,1
2023-0506,Buenos Aires,Clay,32,A,20230213,284,6-4 6-4,3,R32,97.0,104926,111513,,,,,Fabio Fognini,Laslo Djere,R,R,178.0,188.0,ITA,SRB,35.7,27.7,66.0,57.0,778.0,793.0,1.0,3.0,5.0,1.0,57.0,65.0,34.0,34.0,23.0,26.0,13.0,19.0,10.0,10.0,1.0,6.0,4.0,7.0,B,0
2023-0506,Buenos Aires,Clay,32,A,20230213,283,7-6(7) 6-3,3,R32,121.0,200116,123755,,,Q,,Camilo Ugo Carabelli,Daniel Elahi Galan,R,R,185.0,191.0,ARG,COL,23.6,26.6,127.0,85.0,428.0,614.0,0.0,1.0,0.0,1.0,72.0,65.0,55.0,35.0,32.0,20.0,9.0,12.0,11.0,10.0,1.0,1.0,5.0,6.0,A,1
2023-0506,Buenos Aires,Clay,32,A,20230213,282,3-6 7-6(5) 6-3,3,R32,150.0,105583,202104,,6.0,Q,,Dusan Lajovic,Sebastian Baez,R,R,183.0,170.0,SRB,ARG,32.6,22.1,90.0,36.0,591.0,1125.0,1.0,3.0,1.0,1.0,90.0,120.0,52.0,85.0,32.0,45.0,16.0,18.0,14.0,16.0,2.0,5.0,8.0,12.0,A,1
2023-0506,Buenos Aires,Clay,32,A,20230213,280,6-1 3-6 6-4,3,R32,160.0,124079,126523,,,,,Pedro Martinez,Bernabe Zapata Miralles,R,R,185.0,183.0,ESP,ESP,25.8,26.0,73.0,74.0,726.0,702.0,1.0,3.0,11.0,2.0,102.0,85.0,69.0,61.0,36.0,31.0,9.0,10.0,13.0,13.0,11.0,8.0,21.0,16.0,B,0
2023-0506,Buenos Aires,Clay,32,A,20230213,279,6-4 7-5,3,R32,122.0,105550,144719,,,WC,,Guido Pella,Jaume Munar,L,R,183.0,183.0,ARG,ESP,32.7,25.7,723.0,67.0,30.0,777.0,1.0,1.0,4.0,4.0,71.0,63.0,47.0,40.0,25.0,26.0,8.0,9.0,11.0,11.0,6.0,3.0,12.0,7.0,B,0
2023-0506,Buenos Aires,Clay,32,A,20230213,278,6-2 4-6 7-5,3,R32,153.0,105870,202103,,5.0,Q,,Yannick Hanfmann,Francisco Cerundolo,R,R,193.0,185.0,GER,ARG,31.2,24.5,134.0,30.0,419.0,1365.0,1.0,4.0,2.0,2.0,110.0,102.0,70.0,73.0,43.0,43.0,17.0,18.0,15.0,15.0,12.0,3.0,17.0,6.0,B,0
2023-0506,Buenos Aires,Clay,32,A,20230213,277,7-6(4) 6-3,3,R32,104.0,144684,106233,7.0,,,WC,Alex Molcan,Dominic Thiem,L,R,178.0,185.0,SVK,AUT,25.2,29.4,51.0,99.0,850.0,550.0,4.0,5.0,2.0,1.0,54.0,70.0,36.0,47.0,25.0,34.0,11.0,14.0,10.0,11.0,1.0,2.0,3.0,3.0,B,0
2023-0506,Buenos Aires,Clay,32,A,20230213,276,6-2 7-5,3,R32,102.0,122669,105311,,,Q,,Juan Pablo Varillas,Joao Sousa,R,R,185.0,185.0,PER,POR,27.3,33.8,101.0,142.0,541.0,407.0,4.0,0.0,3.0,0.0,60.0,73.0,31.0,43.0,24.0,24.0,13.0,13.0,10.0,10.0,2.0,6.0,4.0,11.0,A,1
2023-0506,Buenos Aires,Clay,32,A,20230213,275,7-6(2) 6-4,3,R32,117.0,106398,106329,,,,,Pedro Cachin,Thiago Monteiro,R,L,185.0,183.0,ARG,BRA,27.8,28.7,68.0,78.0,777.0,676.0,5.0,3.0,2.0,0.0,64.0,66.0,41.0,40.0,35.0,26.0,13.0,16.0,11.0,11.0,2.0,2.0,3.0,4.0,A,1
2023-0506,Buenos Aires,Clay,32,A,20230213,273,7-5 6-4,3,R32,136.0,106148,105077,,8.0,,,Roberto Carballes Baena,Albert Ramos,R,L,183.0,188.0,ESP,ESP,29.8,35.0,76.0,44.0,695.0,915.0,11.0,2.0,5.0,1.0,94.0,69.0,48.0,46.0,34.0,30.0,24.0,12.0,11.0,11.0,8.0,6.0,9.0,9.0,A,1
2023-0506,Buenos Aires,Clay,32,A,20230213,272,3-6 6-2 6-2,3,R32,141.0,144869,106198,,,,PR,Tomas Martin Etcheverry,Hugo Dellien,R,R,196.0,180.0,ARG,BOL,23.5,29.6,82.0,107.0,651.0,501.0,9.0,1.0,3.0,0.0,73.0,98.0,43.0,74.0,33.0,42.0,15.0,11.0,12.0,13.0,3.0,10.0,5.0,15.0,A,1
2023-0506,Buenos Aires,Clay,32,A,20230213,271,7-6(5) 7-5,3,R32,121.0,207680,105948,,,WC,,Facundo Diaz Acosta,Federico Coria,L,R,183.0,180.0,ARG,ARG,22.1,30.9,191.0,49.0,316.0,880.0,3.0,0.0,2.0,1.0,73.0,80.0,40.0,55.0,25.0,30.0,18.0,12.0,12.0,12.0,2.0,7.0,6.0,12.0,A,1
2023-0407,Rotterdam,Hard,32,A,20230213,300,5-7 6-2 6-2,3,F,149.0,106421,206173,6.0,,,,Daniil Medvedev,Jannik Sinner,R,R,198.0,191.0,RUS,ITA,27.0,21.4,11.0,14.0,2750.0,2445.0,4.0,2.0,1.0,1.0,86.0,96.0,59.0,55.0,44.0,34.0,12.0,19.0,14.0,14.0,4.0,7.0,6.0,12.0,A,1
2023-0407,Rotterdam,Hard,32,A,20230213,299,7-5 7-6(5),3,SF,116.0,134868,206173,,,WC,,Tallon Griekspoor,Jannik Sinner,R,R,188.0,191.0,NED,ITA,26.6,21.4,61.0,14.0,789.0,2445.0,4.0,7.0,2.0,1.0,75.0,75.0,42.0,39.0,34.0,32.0,18.0,23.0,12.0,12.0,0.0,0.0,1.0,0.0,B,0
2023-0407,Rotterdam,Hard,32,A,20230213,298,6-1 6-2,3,SF,81.0,106421,105777,6.0,,,,Daniil Medvedev,Grigor Dimitrov,R,R,198.0,191.0,RUS,BUL,27.0,31.7,11.0,28.0,2750.0,1440.0,8.0,0.0,0.0,2.0,55.0,51.0,36.0,34.0,25.0,15.0,9.0,5.0,7.0,8.0,4.0,7.0,5.0,13.0,A,1
2023-0407,Rotterdam,Hard,32,A,20230213,297,6-1 6-3,3,QF,72.0,104527,206173,,,PR,,Stan Wawrinka,Jannik Sinner,R,R,183.0,191.0,SUI,ITA,37.8,21.4,130.0,14.0,422.0,2445.0,2.0,4.0,1.0,0.0,40.0,52.0,22.0,30.0,13.0,22.0,4.0,13.0,8.0,8.0,3.0,4.0,8.0,5.0,B,0
2023-0407,Rotterdam,Hard,32,A,20230213,296,6-4 6-4,3,QF,77.0,133835,134868,,,WC,WC,Gijs Brouwer,Tallon Griekspoor,L,R,191.0,188.0,NED,NED,26.9,26.6,160.0,61.0,367.0,789.0,5.0,8.0,1.0,1.0,51.0,63.0,34.0,43.0,21.0,31.0,14.0,14.0,10.0,10.0,0.0,4.0,2.0,4.0,B,0
2023-0407,Rotterdam,Hard,32,A,20230213,295,6-2 6-4,3,QF,83.0,106421,200000,6.0,3.0,,,Daniil Medvedev,Felix Auger Aliassime,R,R,198.0,193.0,RUS,CAN,27.0,22.5,11.0,8.0,2750.0,3260.0,4.0,1.0,2.0,3.0,49.0,54.0,30.0,27.0,22.0,21.0,13.0,9.0,9.0,9.0,2.0,3.0,3.0,7.0,A,1
2023-0407,Rotterdam,Hard,32,A,20230213,294,6-3 3-6 7-6(6),3,QF,153.0,200282,105777,,,,,Alex De Minaur,Grigor Dimitrov,R,R,183.0,191.0,AUS,BUL,23.9,31.7,25.0,28.0,1620.0,1440.0,4.0,6.0,6.0,3.0,107.0,90.0,59.0,50.0,41.0,41.0,25.0,21.0,15.0,15.0,4.0,5.0,7.0,8.0,B,0
2023-0407,Rotterdam,Hard,32,A,20230213,293,6-4 6-3,3,R16,81.0,206173,126774,,1.0,,,Jannik Sinner,Stefanos Tsitsipas,R,R,191.0,193.0,ITA,GRE,21.4,24.5,14.0,3.0,2445.0,5940.0,3.0,1.0,1.0,3.0,44.0,62.0,27.0,32.0,24.0,22.0,13.0,14.0,9.0,10.0,0.0,1.0,0.0,4.0,A,1
2023-0407,Rotterdam,Hard,32,A,20230213,292,6-3 6-3,3,R16,76.0,104755,104527,,,,PR,Richard Gasquet,Stan Wawrinka,R,R,183.0,183.0,FRA,SUI,36.6,37.8,45.0,130.0,910.0,422.0,1.0,11.0,5.0,1.0,70.0,47.0,40.0,27.0,25.0,26.0,14.0,12.0,9.0,9.0,5.0,0.0,8.0,0.0,B,0
2023-0407,Rotterdam,Hard,32,A,20230213,291,6-4 4-0 RET,3,R16,73.0,133835,208029,,4.0,WC,,Gijs Brouwer,Holger Rune,L,R,191.0,188.0,NED,DEN,26.9,19.7,160.0,9.0,367.0,3136.0,5.0,4.0,1.0,5.0,54.0,57.0,34.0,37.0,24.0,22.0,8.0,7.0,7.0,7.0,2.0,3.0,3.0,7.0,A,1
2023-0407,Rotterdam,Hard,32,A,20230213,290,4-6 6-3 6-4,3,R16,124.0,100644,134868,8.0,,,WC,Alexander Zverev,Tallon Griekspoor,R,R,198.0,188.0,GER,NED,25.8,26.6,17.0,61.0,2275.0,789.0,5.0,12.0,4.0,3.0,77.0,86.0,55.0,55.0,39.0,50.0,12.0,13.0,14.0,15.0,0.0,6.0,2.0,7.0,B,0
2023-0407,Rotterdam,Hard,32,A,20230213,289,6-2 6-2,3,R16,86.0,106421,122298,6.0,,,,Daniil Medvedev,Botic Van De Zandschulp,R,R,198.0,191.0,RUS,NED,27.0,27.3,11.0,35.0,2750.0,1135.0,6.0,0.0,2.0,5.0,58.0,63.0,42.0,38.0,28.0,21.0,11.0,10.0,8.0,8.0,6.0,12.0,6.0,16.0,A,1
2023-0407,Rotterdam,Hard,32,A,20230213,288,6-4 6-3,3,R16,83.0,200000,106296,3.0,,,Q,Felix Auger Aliassime,Gregoire Barrere,R,R,193.0,183.0,CAN,FRA,22.5,28.9,8.0,71.0,3260.0,750.0,9.0,3.0,3.0,1.0,54.0,53.0,27.0,29.0,21.0,16.0,17.0,13.0,10.0,9.0,1.0,2.0,2.0,5.0,A,1
2023-0407,Rotterdam,Hard,32,A,20230213,287,7-6(4) 7-6(5),3,R16,109.0,105777,128034,,5.0,,,Grigor Dimitrov,Hubert Hurkacz,R,R,191.0,196.0,BUL,POL,31.7,26.0,28.0,10.0,1440.0,2950.0,8.0,19.0,3.0,0.0,86.0,71.0,53.0,49.0,41.0,40.0,19.0,12.0,12.0,12.0,1.0,0.0,2.0,1.0,A,1
2023-0407,Rotterdam,Hard,32,A,20230213,286,7-5 3-6 6-3,3,R16,122.0,200282,202195,,,,,Alex De Minaur,Maxime Cressy,R,R,183.0,201.0,AUS,USA,23.9,25.7,25.0,40.0,1620.0,991.0,7.0,12.0,4.0,11.0,79.0,88.0,48.0,52.0,34.0,39.0,23.0,16.0,15.0,15.0,1.0,3.0,3.0,6.0,A,1
2023-0407,Rotterdam,Hard,32,A,20230213,285,7-5 6-1,3,R32,92.0,126774,200325,1.0,,,,Stefanos Tsitsipas,Emil Ruusuvuori,R,R,193.0,188.0,GRE,FIN,24.5,23.8,3.0,52.0,5940.0,846.0,9.0,2.0,1.0,4.0,70.0,64.0,39.0,35.0,27.0,23.0,18.0,11.0,10.0,9.0,1.0,4.0,2.0,8.0,A,1
2023-0407,Rotterdam,Hard,32,A,20230213,284,6-2 3-6 6-1,3,R32,124.0,126127,206173,,,,,Benjamin Bonzi,Jannik Sinner,R,R,183.0,191.0,FRA,ITA,26.6,21.4,48.0,14.0,884.0,2445.0,8.0,7.0,3.0,0.0,102.0,78.0,65.0,45.0,37.0,35.0,18.0,18.0,12.0,12.0,9.0,2.0,13.0,3.0,B,0
2023-0407,Rotterdam,Hard,32,A,20230213,283,7-6(5) 6-4,3,R32,98.0,122330,104527,,,,PR,Alexander Bublik,Stan Wawrinka,R,R,196.0,183.0,KAZ,SUI,25.6,37.8,50.0,130.0,865.0,422.0,6.0,4.0,4.0,0.0,73.0,69.0,38.0,44.0,30.0,37.0,20.0,15.0,11.0,11.0,2.0,1.0,3.0,1.0,B,0
2023-0407,Rotterdam,Hard,32,A,20230213,282,2-6 7-6(2) 6-2,3,R32,129.0,105807,104755,7.0,,,,Pablo Carreno Busta,Richard Gasquet,R,R,188.0,183.0,ESP,FRA,31.5,36.6,16.0,45.0,2285.0,910.0,10.0,13.0,5.0,2.0,100.0,84.0,62.0,49.0,43.0,36.0,18.0,17.0,14.0,14.0,3.0,5.0,6.0,8.0,B,0
2023-0407,Rotterdam,Hard,32,A,20230213,281,6-4 6-4,3,R32,77.0,208029,106005,4.0,,,Q,Holger Rune,Constant Lestienne,R,R,188.0,180.0,DEN,FRA,19.7,30.7,9.0,54.0,3136.0,837.0,4.0,1.0,2.0,4.0,52.0,66.0,38.0,40.0,25.0,26.0,7.0,9.0,10.0,10.0,0.0,8.0,2.0,12.0,A,1
2023-0407,Rotterdam,Hard,32,A,20230213,280,6-3 7-5,3,R32,80.0,144817,133835,,,,WC,Marc Andrea Huesler,Gijs Brouwer,L,L,196.0,191.0,SUI,NED,26.6,26.9,47.0,160.0,896.0,367.0,8.0,5.0,1.0,3.0,63.0,66.0,39.0,43.0,26.0,36.0,13.0,12.0,10.0,11.0,3.0,1.0,5.0,1.0,B,0
2023-0407,Rotterdam,Hard,32,A,20230213,279,7-6(7) 7-5,3,R32,115.0,134868,144707,,,WC,Q,Tallon Griekspoor,Mikael Ymer,R,R,188.0,183.0,NED,SWE,26.6,24.4,61.0,72.0,789.0,741.0,9.0,2.0,2.0,0.0,74.0,82.0,53.0,70.0,37.0,45.0,11.0,6.0,12.0,12.0,0.0,6.0,2.0,9.0,A,1
2023-0407,Rotterdam,Hard,32,A,20230213,278,6-4 7-6(4),3,R32,100.0,100644,126952,8.0,,,,Alexander Zverev,Soon Woo Kwon,R,R,198.0,180.0,GER,KOR,25.8,25.1,17.0,63.0,2275.0,784.0,10.0,4.0,0.0,1.0,81.0,64.0,61.0,40.0,51.0,33.0,6.0,14.0,11.0,11.0,3.0,1.0,3.0,2.0,A,1
2023-0407,Rotterdam,Hard,32,A,20230213,277,4-6 6-2 6-2,3,R32,115.0,200221,106421,,6.0,,,Alejandro Davidovich Fokina,Daniil Medvedev,R,R,183.0,198.0,ESP,RUS,23.6,27.0,31.0,11.0,1345.0,2750.0,1.0,9.0,3.0,3.0,92.0,81.0,59.0,50.0,26.0,34.0,17.0,13.0,13.0,13.0,8.0,6.0,16.0,11.0,B,0
2023-0407,Rotterdam,Hard,32,A,20230213,276,5-7 6-4 7-6(4),3,R32,144.0,111460,122298,,,LL,,Quentin Halys,Botic Van De Zandschulp,R,R,191.0,191.0,FRA,NED,26.2,27.3,62.0,35.0,785.0,1135.0,14.0,6.0,3.0,10.0,108.0,100.0,64.0,57.0,46.0,41.0,16.0,19.0,17.0,17.0,10.0,1.0,16.0,7.0,B,0
2023-0407,Rotterdam,Hard,32,A,20230213,275,6-0 7-6(3),3,R32,84.0,106296,105676,,,Q,,Gregoire Barrere,David Goffin,R,R,183.0,180.0,FRA,BEL,28.9,32.1,71.0,41.0,750.0,965.0,0.0,4.0,1.0,0.0,62.0,68.0,39.0,43.0,29.0,27.0,12.0,6.0,9.0,9.0,3.0,7.0,5.0,12.0,A,1
2023-0407,Rotterdam,Hard,32,A,20230213,274,6-2 6-3,3,R32,82.0,132283,200000,,3.0,,,Lorenzo Sonego,Felix Auger Aliassime,R,R,191.0,193.0,ITA,CAN,27.7,22.5,60.0,8.0,790.0,3260.0,1.0,13.0,1.0,3.0,42.0,55.0,28.0,35.0,18.0,30.0,5.0,9.0,8.0,9.0,0.0,2.0,3.0,2.0,B,0
2023-0407,Rotterdam,Hard,32,A,20230213,273,7-5 6-7(7) 7-6(4),3,R32,180.0,128034,105138,5.0,,,,Hubert Hurkacz,Roberto Bautista Agut,R,R,196.0,183.0,POL,ESP,26.0,34.8,10.0,24.0,2950.0,1740.0,26.0,2.0,5.0,3.0,114.0,127.0,73.0,92.0,55.0,60.0,23.0,21.0,18.0,18.0,1.0,6.0,3.0,9.0,A,1
2023-0407,Rotterdam,Hard,32,A,20230213,272,6-1 6-3,3,R32,58.0,105777,106234,,,,Q,Grigor Dimitrov,Aslan Karatsev,R,R,191.0,185.0,BUL,RUS,31.7,29.4,28.0,98.0,1440.0,555.0,7.0,1.0,1.0,2.0,40.0,38.0,22.0,18.0,21.0,11.0,11.0,8.0,8.0,8.0,0.0,1.0,0.0,5.0,A,1
2023-0407,Rotterdam,Hard,32,A,20230213,271,6-3 6-7(2) 6-3,3,R32,126.0,202195,126646,,,,WC,Maxime Cressy,Tim Van Rijthoven,R,R,201.0,188.0,USA,NED,25.7,25.8,40.0,110.0,991.0,494.0,21.0,13.0,7.0,3.0,91.0,74.0,52.0,47.0,43.0,42.0,27.0,16.0,16.0,14.0,1.0,1.0,1.0,3.0,A,1
2023-0407,Rotterdam,Hard,32,A,20230213,270,6-4 6-4,3,R32,81.0,200282,126094,,2.0,,,Alex De Minaur,Andrey Rublev,R,R,183.0,188.0,AUS,RUS,23.9,25.3,25.0,5.0,1620.0,4065.0,3.0,7.0,4.0,3.0,54.0,69.0,32.0,37.0,28.0,30.0,12.0,12.0,10.0,10.0,0.0,4.0,0.0,6.0,A,1
2023-0451,Doha,Hard,32,A,20230220,300,6-4 6-4,3,F,106.0,106421,104918,3.0,,,WC,Daniil Medvedev,Andy Murray,R,R,198.0,191.0,RUS,GBR,27.0,35.7,8.0,70.0,3250.0,750.0,6.0,1.0,6.0,1.0,77.0,57.0,48.0,33.0,34.0,23.0,13.0,11.0,10.0,10.0,5.0,4.0,7.0,8.0,A,1
2023-0451,Doha,Hard,32,A,20230220,299,6-0 3-6 7-6(6),3,SF,149.0,208103,104918,,,,WC,Jiri Lehecka,Andy Murray,R,R,185.0,191.0,CZE,GBR,21.2,35.7,52.0,70.0,842.0,750.0,8.0,7.0,2.0,3.0,99.0,86.0,59.0,49.0,37.0,34.0,21.0,19.0,14.0,13.0,4.0,5.0,9.0,8.0,B,0
2023-0451,Doha,Hard,32,A,20230220,298,6-4 7-6(7),3,SF,117.0,200000,106421,2.0,3.0,,,Felix Auger Aliassime,Daniil Medvedev,R,R,193.0,198.0,CAN,RUS,22.5,27.0,9.0,8.0,3200.0,3250.0,5.0,6.0,5.0,1.0,73.0,66.0,41.0,48.0,31.0,37.0,14.0,10.0,11.0,11.0,4.0,3.0,7.0,5.0,B,0
2023-0451,Doha,Hard,32,A,20230220,297,4-6 6-4 6-3,3,QF,101.0,208103,126094,,1.0,,,Jiri Lehecka,Andrey Rublev,R,R,185.0,188.0,CZE,RUS,21.2,25.3,52.0,5.0,842.0,3860.0,2.0,10.0,2.0,2.0,82.0,75.0,52.0,47.0,39.0,36.0,22.0,17.0,15.0,14.0,0.0,1.0,1.0,3.0,A,1
2023-0451,Doha,Hard,32,A,20230220,296,4-6 6-1 6-2,3,QF,124.0,104918,124186,,,WC,Q,Andy Murray,Alexandre Muller,R,R,191.0,183.0,GBR,FRA,35.7,26.0,70.0,170.0,750.0,345.0,9.0,3.0,0.0,0.0,66.0,87.0,44.0,64.0,33.0,33.0,16.0,12.0,13.0,12.0,1.0,6.0,3.0,11.0,A,1
2023-0451,Doha,Hard,32,A,20230220,295,6-2 4-6 7-5,3,QF,119.0,106331,106421,,3.0,,,Christopher Oconnell,Daniil Medvedev,R,R,183.0,198.0,AUS,RUS,28.7,27.0,94.0,8.0,567.0,3250.0,3.0,5.0,0.0,2.0,77.0,83.0,53.0,51.0,38.0,40.0,12.0,20.0,15.0,15.0,4.0,2.0,8.0,4.0,B,0
2023-0451,Doha,Hard,32,A,20230220,294,6-4 7-6(5),3,QF,108.0,200221,200000,7.0,2.0,,,Alejandro Davidovich Fokina,Felix Auger Aliassime,R,R,183.0,193.0,ESP,CAN,23.7,22.5,31.0,9.0,1300.0,3200.0,2.0,8.0,0.0,1.0,70.0,65.0,45.0,43.0,34.0,37.0,15.0,12.0,11.0,11.0,3.0,2.0,4.0,2.0,B,0
2023-0451,Doha,Hard,32,A,20230220,293,1-6 6-1 7-6(6),3,R16,114.0,126094,134868,1.0,,,,Andrey Rublev,Tallon Griekspoor,R,R,188.0,188.0,RUS,NED,25.3,26.6,5.0,40.0,3860.0,969.0,10.0,6.0,3.0,4.0,77.0,90.0,46.0,46.0,36.0,34.0,16.0,22.0,13.0,13.0,2.0,3.0,5.0,6.0,A,1
2023-0451,Doha,Hard,32,A,20230220,292,6-2 7-6(2),3,R16,88.0,200325,208103,,,,,Emil Ruusuvuori,Jiri Lehecka,R,R,188.0,185.0,FIN,CZE,23.8,21.2,51.0,52.0,846.0,842.0,6.0,5.0,0.0,1.0,67.0,56.0,41.0,38.0,29.0,34.0,12.0,10.0,10.0,10.0,4.0,1.0,6.0,1.0,B,0
2023-0451,Doha,Hard,32,A,20230220,291,7-6(5) 2-6 7-5,3,R16,182.0,104918,100644,,4.0,WC,,Andy Murray,Alexander Zverev,R,R,191.0,198.0,GBR,GER,35.7,25.8,70.0,16.0,750.0,2320.0,2.0,11.0,3.0,2.0,118.0,99.0,77.0,72.0,55.0,53.0,18.0,12.0,16.0,16.0,7.0,2.0,11.0,5.0,A,1
2023-0451,Doha,Hard,32,A,20230220,290,6-2 6-4,3,R16,76.0,122298,124186,8.0,,,Q,Botic Van De Zandschulp,Alexandre Muller,R,R,191.0,183.0,NED,FRA,27.3,26.0,34.0,170.0,1160.0,345.0,2.0,1.0,4.0,0.0,53.0,54.0,27.0,43.0,20.0,30.0,11.0,9.0,9.0,9.0,4.0,3.0,7.0,3.0,B,0
2023-0451,Doha,Hard,32,A,20230220,289,3-6 7-6(5) 6-4,3,R16,159.0,106331,105138,,5.0,,,Christopher Oconnell,Roberto Bautista Agut,R,R,183.0,183.0,AUS,ESP,28.7,34.8,94.0,28.0,567.0,1490.0,11.0,5.0,2.0,4.0,104.0,102.0,71.0,73.0,49.0,47.0,16.0,17.0,15.0,16.0,9.0,9.0,13.0,13.0,A,1
2023-0451,Doha,Hard,32,A,20230220,288,6-4 6-3,3,R16,92.0,106281,106421,,3.0,Q,,Liam Broady,Daniil Medvedev,L,R,183.0,198.0,GBR,RUS,29.1,27.0,147.0,8.0,396.0,3250.0,0.0,6.0,2.0,1.0,66.0,56.0,45.0,42.0,26.0,29.0,8.0,8.0,9.0,10.0,2.0,3.0,6.0,5.0,B,0
2023-0451,Doha,Hard,32,A,20230220,287,6-3 6-2,3,R16,79.0,200221,126952,7.0,,,,Alejandro Davidovich Fokina,Soon Woo Kwon,R,R,183.0,180.0,ESP,KOR,23.7,25.2,31.0,68.0,1300.0,764.0,3.0,1.0,1.0,0.0,70.0,44.0,47.0,23.0,36.0,14.0,9.0,11.0,9.0,8.0,6.0,2.0,6.0,5.0,A,1
2023-0451,Doha,Hard,32,A,20230220,286,4-6 6-1 6-4,3,R16,136.0,106186,200000,,2.0,,,Jason Kubler,Felix Auger Aliassime,R,R,178.0,193.0,AUS,CAN,29.7,22.5,74.0,9.0,693.0,3200.0,4.0,15.0,1.0,2.0,79.0,81.0,42.0,46.0,28.0,37.0,22.0,22.0,13.0,14.0,3.0,4.0,6.0,5.0,B,0
2023-0451,Doha,Hard,32,A,20230220,284,7-6(4) 4-6 7-6(5),3,R32,137.0,111460,134868,,,,,Quentin Halys,Tallon Griekspoor,R,R,191.0,188.0,FRA,NED,26.3,26.6,64.0,40.0,785.0,969.0,22.0,13.0,1.0,4.0,103.0,105.0,58.0,62.0,50.0,53.0,27.0,26.0,17.0,17.0,2.0,1.0,2.0,2.0,B,0
2023-0451,Doha,Hard,32,A,20230220,283,6-3 7-6(3),3,R32,89.0,208103,106000,,,,Q,Jiri Lehecka,Damir Dzumhur,R,R,185.0,175.0,CZE,BIH,21.2,30.7,52.0,213.0,842.0,266.0,7.0,1.0,0.0,3.0,71.0,60.0,44.0,41.0,31.0,26.0,16.0,8.0,11.0,10.0,2.0,0.0,4.0,3.0,A,1
2023-0451,Doha,Hard,32,A,20230220,282,7-5 6-4,3,R32,112.0,105554,200325,6.0,,,,Daniel Evans,Emil Ruusuvuori,R,R,175.0,188.0,GBR,FIN,32.7,23.8,29.0,51.0,1380.0,846.0,2.0,7.0,4.0,5.0,69.0,62.0,39.0,38.0,27.0,29.0,11.0,10.0,11.0,11.0,6.0,0.0,10.0,2.0,B,0
2023-0451,Doha,Hard,32,A,20230220,280,4-6 6-1 7-6(4),3,R32,150.0,104918,132283,,,WC,,Andy Murray,Lorenzo Sonego,R,R,191.0,191.0,GBR,ITA,35.7,27.7,70.0,71.0,750.0,745.0,1.0,8.0,2.0,5.0,90.0,86.0,61.0,56.0,47.0,46.0,16.0,12.0,15.0,14.0,3.0,6.0,4.0,8.0,A,1
2023-0451,Doha,Hard,32,A,20230220,279,7-6(3) 6-7(8) 6-4,3,R32,158.0,105932,124186,,,LL,Q,Nikoloz Basilashvili,Alexandre Muller,R,R,185.0,183.0,GEO,FRA,30.9,26.0,113.0,170.0,475.0,345.0,9.0,4.0,6.0,2.0,127.0,113.0,86.0,80.0,51.0,56.0,18.0,14.0,17.0,17.0,8.0,2.0,14.0,7.0,B,0
2023-0451,Doha,Hard,32,A,20230220,278,6-2 7-5,3,R32,91.0,122298,125802,8.0,,,,Botic Van De Zandschulp,Ilya Ivashka,R,R,191.0,193.0,NED,BLR,27.3,28.9,34.0,79.0,1160.0,651.0,5.0,3.0,3.0,1.0,72.0,57.0,49.0,40.0,35.0,21.0,8.0,8.0,10.0,10.0,4.0,4.0,6.0,9.0,A,1
2023-0451,Doha,Hard,32,A,20230220,277,7-6(7) 5-7 6-4,3,R32,187.0,105916,105138,,5.0,,,Marton Fucsovics,Roberto Bautista Agut,R,R,188.0,183.0,HUN,ESP,31.0,34.8,78.0,28.0,652.0,1490.0,6.0,3.0,3.0,2.0,130.0,108.0,81.0,73.0,57.0,48.0,22.0,22.0,17.0,17.0,13.0,5.0,16.0,8.0,B,0
2023-0451,Doha,Hard,32,A,20230220,276,6-1 3-6 6-0,3,R32,102.0,106331,104269,,,,WC,Christopher Oconnell,Fernando Verdasco,R,L,183.0,188.0,AUS,ESP,28.7,39.2,94.0,154.0,567.0,381.0,5.0,1.0,1.0,3.0,72.0,74.0,49.0,45.0,30.0,29.0,16.0,8.0,11.0,11.0,3.0,5.0,4.0,10.0,A,1
2023-0451,Doha,Hard,32,A,20230220,275,6-0 4-6 7-6(2),3,R32,148.0,208071,106281,,,Q,Q,Oleksii Krutykh,Liam Broady,R,L,185.0,183.0,UKR,GBR,22.9,29.1,167.0,147.0,355.0,396.0,5.0,4.0,5.0,1.0,114.0,79.0,62.0,40.0,38.0,28.0,21.0,21.0,14.0,14.0,11.0,4.0,17.0,8.0,B,0
2023-0451,Doha,Hard,32,A,20230220,273,6-4 6-3,3,R32,84.0,200221,106005,7.0,,,,Alejandro Davidovich Fokina,Constant Lestienne,R,R,183.0,180.0,ESP,FRA,23.7,30.7,31.0,53.0,1300.0,841.0,4.0,2.0,1.0,2.0,65.0,58.0,37.0,37.0,27.0,19.0,13.0,12.0,9.0,10.0,7.0,3.0,9.0,8.0,A,1
2023-0451,Doha,Hard,32,A,20230220,272,6-3 3-6 6-4,3,R32,110.0,209406,126952,,,WC,,Abedallah Shelbayh,Soon Woo Kwon,L,R,180.0,180.0,JOR,KOR,19.2,25.2,276.0,68.0,190.0,764.0,9.0,11.0,2.0,3.0,87.0,87.0,50.0,53.0,37.0,40.0,18.0,17.0,14.0,14.0,7.0,4.0,10.0,6.0,B,0
2023-0451,Doha,Hard,32,A,20230220,271,7-6(4) 1-0 RET,3,R32,61.0,106186,106234,,,,,Jason Kubler,Aslan Karatsev,R,R,178.0,185.0,AUS,RUS,29.7,29.4,74.0,101.0,693.0,530.0,5.0,4.0,0.0,5.0,33.0,45.0,21.0,30.0,17.0,23.0,8.0,5.0,6.0,7.0,0.0,1.0,1.0,3.0,A,1
2023-6932,Rio De Janeiro,Clay,32,A,20230220,300,5-7 6-4 7-5,3,F,161.0,111815,207989,2.0,1.0,,,Cameron Norrie,Carlos Alcaraz,L,R,188.0,183.0,GBR,ESP,27.4,19.7,13.0,2.0,2615.0,6480.0,3.0,4.0,5.0,4.0,105.0,115.0,65.0,78.0,42.0,52.0,20.0,15.0,17.0,17.0,4.0,10.0,9.0,16.0,A,1
2023-6932,Rio De Janeiro,Clay,32,A,20230220,299,6-7(2) 7-5 6-0,3,SF,162.0,207989,111797,1.0,,,Q,Carlos Alcaraz,Nicolas Jarry,R,R,183.0,201.0,ESP,CHI,19.7,27.3,2.0,139.0,6480.0,416.0,5.0,4.0,3.0,2.0,94.0,95.0,61.0,59.0,43.0,40.0,21.0,15.0,15.0,15.0,4.0,1.0,5.0,6.0,A,1
2023-6932,Rio De Janeiro,Clay,32,A,20230220,298,6-2 3-6 7-6(3),3,SF,149.0,126523,111815,,2.0,,,Bernabe Zapata Miralles,Cameron Norrie,R,L,183.0,188.0,ESP,GBR,26.1,27.4,63.0,13.0,786.0,2615.0,5.0,8.0,3.0,2.0,104.0,84.0,58.0,53.0,45.0,42.0,22.0,18.0,15.0,14.0,6.0,4.0,9.0,6.0,B,0
2023-6932,Rio De Janeiro,Clay,32,A,20230220,297,6-4 7-6(0),3,QF,114.0,207989,105583,1.0,,,,Carlos Alcaraz,Dusan Lajovic,R,R,183.0,183.0,ESP,SRB,19.7,32.6,2.0,80.0,6480.0,648.0,1.0,1.0,1.0,0.0,77.0,68.0,48.0,37.0,34.0,22.0,15.0,15.0,11.0,11.0,5.0,2.0,8.0,6.0,A,1
2023-6932,Rio De Janeiro,Clay,32,A,20230220,296,6-3 7-6(3),3,QF,103.0,202104,111797,6.0,,,Q,Sebastian Baez,Nicolas Jarry,R,R,170.0,201.0,ARG,CHI,22.1,27.3,35.0,139.0,1105.0,416.0,2.0,6.0,1.0,3.0,70.0,63.0,55.0,34.0,33.0,29.0,7.0,16.0,10.0,11.0,7.0,1.0,10.0,3.0,B,0
2023-6932,Rio De Janeiro,Clay,32,A,20230220,295,6-4 2-6 6-4,3,QF,151.0,126523,105077,,7.0,,,Bernabe Zapata Miralles,Albert Ramos,R,L,183.0,188.0,ESP,ESP,26.1,35.0,63.0,47.0,786.0,890.0,2.0,3.0,1.0,2.0,80.0,98.0,51.0,66.0,35.0,47.0,15.0,12.0,14.0,14.0,3.0,9.0,7.0,13.0,A,1
2023-6932,Rio De Janeiro,Clay,32,A,20230220,294,4-6 6-1 6-4,3,QF,115.0,106198,111815,,2.0,PR,,Hugo Dellien,Cameron Norrie,R,L,180.0,188.0,BOL,GBR,29.6,27.4,111.0,13.0,491.0,2615.0,2.0,3.0,1.0,7.0,70.0,83.0,45.0,50.0,28.0,41.0,14.0,16.0,13.0,14.0,4.0,1.0,8.0,3.0,B,0
2023-6932,Rio De Janeiro,Clay,32,A,20230220,293,6-7(5) 6-2 6-4,3,R16,167.0,207989,104926,1.0,,,,Carlos Alcaraz,Fabio Fognini,R,R,183.0,178.0,ESP,ITA,19.7,35.7,2.0,86.0,6480.0,598.0,2.0,1.0,0.0,6.0,93.0,111.0,65.0,66.0,40.0,37.0,13.0,18.0,15.0,15.0,0.0,9.0,5.0,17.0,A,1
2023-6932,Rio De Janeiro,Clay,32,A,20230220,292,6-2 6-4,3,R16,79.0,111513,105583,,,,,Laslo Djere,Dusan Lajovic,R,R,188.0,183.0,SRB,SRB,27.7,32.6,57.0,80.0,806.0,648.0,1.0,1.0,4.0,1.0,51.0,58.0,32.0,37.0,19.0,28.0,7.0,10.0,9.0,9.0,2.0,2.0,6.0,3.0,B,0
2023-6932,Rio De Janeiro,Clay,32,A,20230220,291,6-2 6-2,3,R16,91.0,124079,111797,,,,Q,Pedro Martinez,Nicolas Jarry,R,R,185.0,201.0,ESP,CHI,25.8,27.3,76.0,139.0,681.0,416.0,2.0,7.0,6.0,2.0,60.0,49.0,36.0,24.0,23.0,20.0,8.0,16.0,8.0,8.0,4.0,2.0,8.0,2.0,B,0
2023-6932,Rio De Janeiro,Clay,32,A,20230220,290,7-5 7-6(6),3,R16,131.0,202104,122669,6.0,,,SE,Sebastian Baez,Juan Pablo Varillas,R,R,170.0,185.0,ARG,PER,22.1,27.3,35.0,81.0,1105.0,643.0,3.0,1.0,2.0,0.0,80.0,77.0,59.0,45.0,33.0,21.0,12.0,16.0,12.0,12.0,2.0,2.0,7.0,8.0,A,1
2023-6932,Rio De Janeiro,Clay,32,A,20230220,289,6-2 6-4,3,R16,81.0,123755,105077,,7.0,,,Daniel Elahi Galan,Albert Ramos,R,L,191.0,188.0,COL,ESP,26.6,35.0,88.0,47.0,594.0,890.0,6.0,1.0,0.0,0.0,59.0,48.0,40.0,33.0,27.0,28.0,8.0,9.0,9.0,9.0,2.0,1.0,5.0,1.0,B,0
2023-6932,Rio De Janeiro,Clay,32,A,20230220,288,6-1 4-6 6-1,3,R16,103.0,202103,126523,4.0,,,,Francisco Cerundolo,Bernabe Zapata Miralles,R,R,185.0,183.0,ARG,ESP,24.5,26.1,33.0,63.0,1230.0,786.0,1.0,1.0,5.0,1.0,70.0,69.0,49.0,42.0,24.0,27.0,5.0,13.0,12.0,12.0,6.0,2.0,14.0,6.0,B,0
2023-6932,Rio De Janeiro,Clay,32,A,20230220,287,1-6 6-2 6-2,3,R16,119.0,106198,144684,,9.0,PR,,Hugo Dellien,Alex Molcan,R,L,180.0,178.0,BOL,SVK,29.6,25.2,111.0,54.0,491.0,830.0,5.0,1.0,0.0,5.0,75.0,65.0,49.0,41.0,32.0,27.0,12.0,10.0,11.0,12.0,6.0,3.0,9.0,8.0,A,1
2023-6932,Rio De Janeiro,Clay,32,A,20230220,286,7-5 7-5,3,R16,150.0,106329,111815,,2.0,,,Thiago Monteiro,Cameron Norrie,L,L,183.0,188.0,BRA,GBR,28.7,27.4,83.0,13.0,631.0,2615.0,9.0,4.0,1.0,3.0,99.0,73.0,62.0,39.0,39.0,27.0,14.0,19.0,12.0,12.0,16.0,2.0,21.0,5.0,B,0
2023-6932,Rio De Janeiro,Clay,32,A,20230220,285,6-4 6-4,3,R32,116.0,127123,207989,,1.0,WC,,Mateus Alves,Carlos Alcaraz,R,R,193.0,183.0,BRA,ESP,22.0,19.7,556.0,2.0,60.0,6480.0,5.0,4.0,2.0,4.0,75.0,57.0,49.0,38.0,31.0,28.0,9.0,9.0,10.0,10.0,5.0,2.0,9.0,4.0,B,0
2023-6932,Rio De Janeiro,Clay,32,A,20230220,284,6-2 6-3,3,R32,90.0,144642,104926,,,Q,,Tomas Barrios Vera,Fabio Fognini,R,R,191.0,178.0,CHI,ITA,25.1,35.7,196.0,86.0,301.0,598.0,2.0,3.0,1.0,2.0,53.0,53.0,32.0,41.0,17.0,29.0,9.0,5.0,9.0,8.0,2.0,4.0,7.0,5.0,B,0
2023-6932,Rio De Janeiro,Clay,32,A,20230220,283,6-2 3-2 RET,3,R32,65.0,111513,105487,,,,Q,Laslo Djere,Facundo Bagnis,R,L,188.0,183.0,SRB,ARG,27.7,32.9,57.0,87.0,806.0,595.0,6.0,2.0,0.0,2.0,31.0,49.0,21.0,32.0,17.0,20.0,7.0,7.0,6.0,7.0,0.0,3.0,0.0,6.0,A,1
2023-6932,Rio De Janeiro,Clay,32,A,20230220,282,6-1 6-4,3,R32,87.0,106043,105583,5.0,,,,Diego Schwartzman,Dusan Lajovic,R,R,170.0,183.0,ARG,SRB,30.5,32.6,38.0,80.0,1010.0,648.0,0.0,4.0,2.0,2.0,52.0,54.0,36.0,41.0,19.0,31.0,6.0,6.0,8.0,9.0,6.0,6.0,10.0,7.0,B,0
2023-6932,Rio De Janeiro,Clay,32,A,20230220,281,6-4 6-1,3,R32,73.0,111797,207518,,3.0,Q,,Nicolas Jarry,Lorenzo Musetti,R,R,201.0,185.0,CHI,ITA,27.3,20.9,139.0,18.0,416.0,1855.0,4.0,4.0,1.0,4.0,39.0,54.0,22.0,31.0,19.0,21.0,13.0,8.0,8.0,9.0,0.0,1.0,0.0,5.0,A,1
2023-6932,Rio De Janeiro,Clay,32,A,20230220,280,7-6(0) 6-4,3,R32,145.0,106426,124079,,,,,Cristian Garin,Pedro Martinez,R,R,185.0,185.0,CHI,ESP,26.7,25.8,98.0,76.0,546.0,681.0,8.0,2.0,3.0,4.0,76.0,93.0,47.0,63.0,27.0,41.0,10.0,13.0,11.0,11.0,4.0,10.0,9.0,14.0,B,0
2023-6932,Rio De Janeiro,Clay,32,A,20230220,279,7-5 6-4,3,R32,121.0,200384,122669,,,Q,SE,Hugo Gaston,Juan Pablo Varillas,L,R,173.0,185.0,FRA,PER,22.4,27.3,106.0,81.0,509.0,643.0,5.0,5.0,4.0,1.0,77.0,71.0,35.0,42.0,22.0,27.0,21.0,18.0,11.0,11.0,7.0,7.0,11.0,9.0,B,0
2023-6932,Rio De Janeiro,Clay,32,A,20230220,278,6-3 6-2,3,R32,95.0,105064,202104,,6.0,WC,,Thomaz Bellucci,Sebastian Baez,L,R,188.0,170.0,BRA,ARG,35.1,22.1,915.0,35.0,14.0,1105.0,0.0,1.0,3.0,1.0,71.0,52.0,38.0,35.0,21.0,28.0,17.0,11.0,8.0,9.0,5.0,2.0,8.0,2.0,B,0
2023-6932,Rio De Janeiro,Clay,32,A,20230220,277,5-7 6-4 6-4,3,R32,204.0,105077,144869,7.0,,,,Albert Ramos,Tomas Martin Etcheverry,L,R,188.0,196.0,ESP,ARG,35.0,23.5,47.0,75.0,890.0,684.0,2.0,11.0,2.0,2.0,125.0,101.0,86.0,69.0,57.0,52.0,22.0,15.0,16.0,16.0,18.0,5.0,20.0,8.0,A,1
2023-6932,Rio De Janeiro,Clay,32,A,20230220,276,7-6(4) 6-4,3,R32,126.0,106398,123755,,,,,Pedro Cachin,Daniel Elahi Galan,R,R,185.0,191.0,ARG,COL,27.8,26.6,59.0,88.0,797.0,594.0,5.0,4.0,4.0,1.0,78.0,77.0,38.0,50.0,27.0,30.0,19.0,19.0,11.0,11.0,3.0,4.0,6.0,6.0,B,0
2023-6932,Rio De Janeiro,Clay,32,A,20230220,275,6-3 7-5,3,R32,114.0,144719,126523,,,,,Jaume Munar,Bernabe Zapata Miralles,R,R,183.0,183.0,ESP,ESP,25.7,26.1,66.0,63.0,777.0,786.0,0.0,1.0,1.0,0.0,64.0,66.0,46.0,41.0,25.0,21.0,3.0,15.0,10.0,11.0,3.0,1.0,10.0,6.0,B,0
2023-6932,Rio De Janeiro,Clay,32,A,20230220,274,4-6 6-3 6-3,3,R32,157.0,202103,106148,4.0,,,,Francisco Cerundolo,Roberto Carballes Baena,R,R,185.0,183.0,ARG,ESP,24.5,29.9,33.0,73.0,1230.0,695.0,1.0,1.0,0.0,2.0,92.0,101.0,63.0,59.0,40.0,34.0,18.0,21.0,14.0,14.0,8.0,8.0,11.0,13.0,A,1
2023-6932,Rio De Janeiro,Clay,32,A,20230220,273,6-0 6-3,3,R32,72.0,211663,144684,,9.0,WC,,Joao Fonseca,Alex Molcan,R,L,185.0,178.0,BRA,SVK,16.5,25.2,827.0,54.0,20.0,830.0,2.0,0.0,2.0,1.0,49.0,46.0,30.0,29.0,15.0,19.0,7.0,12.0,7.0,8.0,6.0,2.0,11.0,3.0,B,0
2023-6932,Rio De Janeiro,Clay,32,A,20230220,272,6-0 6-2,3,R32,65.0,106198,105311,,,PR,,Hugo Dellien,Joao Sousa,R,R,180.0,185.0,BOL,POR,29.6,33.8,111.0,143.0,491.0,401.0,2.0,0.0,0.0,4.0,41.0,46.0,29.0,25.0,26.0,12.0,4.0,6.0,7.0,7.0,1.0,2.0,1.0,7.0,A,1
2023-6932,Rio De Janeiro,Clay,32,A,20230220,271,6-1 3-6 7-6(2),3,R32,164.0,106329,106233,,,,PR,Thiago Monteiro,Dominic Thiem,L,R,183.0,185.0,BRA,AUT,28.7,29.4,83.0,96.0,631.0,550.0,5.0,9.0,3.0,2.0,95.0,86.0,65.0,53.0,48.0,38.0,19.0,18.0,14.0,14.0,4.0,2.0,5.0,4.0,A,1
2023-6932,Rio De Janeiro,Clay,32,A,20230220,270,7-5 6-1,3,R32,88.0,207678,111815,,2.0,LL,,Juan Manuel Cerundolo,Cameron Norrie,L,L,183.0,188.0,ARG,GBR,21.2,27.4,107.0,13.0,505.0,2615.0,4.0,3.0,3.0,0.0,67.0,56.0,44.0,39.0,27.0,31.0,8.0,9.0,9.0,10.0,8.0,4.0,12.0,5.0,B,0
2023-0496,Marseille,Hard,32,A,20230220,300,6-3 7-6(4),3,F,90.0,128034,126127,1.0,,,,Hubert Hurkacz,Benjamin Bonzi,R,R,196.0,183.0,POL,FRA,26.0,26.6,11.0,60.0,2995.0,794.0,19.0,4.0,1.0,2.0,69.0,68.0,44.0,45.0,41.0,33.0,11.0,11.0,11.0,10.0,3.0,3.0,4.0,5.0,A,1
2023-0496,Marseille,Hard,32,A,20230220,299,6-4 7-6(4),3,SF,93.0,122330,128034,,1.0,,,Alexander Bublik,Hubert Hurkacz,R,R,196.0,196.0,KAZ,POL,25.6,26.0,50.0,11.0,865.0,2995.0,12.0,22.0,3.0,0.0,85.0,67.0,53.0,50.0,44.0,41.0,13.0,11.0,11.0,11.0,8.0,3.0,9.0,3.0,B,0
2023-0496,Marseille,Hard,32,A,20230220,298,6-4 6-4,3,SF,84.0,126127,209950,,,,WC,Benjamin Bonzi,Arthur Fils,R,R,183.0,185.0,FRA,FRA,26.6,18.6,60.0,118.0,794.0,449.0,4.0,7.0,0.0,4.0,52.0,65.0,32.0,36.0,28.0,25.0,14.0,17.0,10.0,10.0,1.0,7.0,1.0,9.0,A,1
2023-0496,Marseille,Hard,32,A,20230220,297,6-3 3-6 7-6(6),3,QF,169.0,128034,144707,1.0,,,,Hubert Hurkacz,Mikael Ymer,R,R,196.0,183.0,POL,SWE,26.0,24.4,11.0,69.0,2995.0,761.0,19.0,5.0,1.0,4.0,105.0,117.0,62.0,76.0,46.0,47.0,20.0,24.0,15.0,15.0,6.0,8.0,9.0,11.0,A,1
2023-0496,Marseille,Hard,32,A,20230220,296,7-5 3-6 7-6(6),3,QF,139.0,105777,122330,4.0,,,,Grigor Dimitrov,Alexander Bublik,R,R,191.0,196.0,BUL,KAZ,31.7,25.6,25.0,50.0,1575.0,865.0,14.0,16.0,4.0,7.0,97.0,99.0,66.0,60.0,54.0,46.0,15.0,22.0,17.0,16.0,1.0,1.0,3.0,3.0,B,0
2023-0496,Marseille,Hard,32,A,20230220,295,6-2 6-4,3,QF,100.0,126127,200282,,3.0,,,Benjamin Bonzi,Alex De Minaur,R,R,183.0,183.0,FRA,AUS,26.6,24.0,60.0,23.0,794.0,1710.0,5.0,0.0,2.0,1.0,59.0,71.0,37.0,42.0,28.0,26.0,11.0,10.0,9.0,9.0,1.0,4.0,2.0,8.0,A,1
2023-0496,Marseille,Hard,32,A,20230220,294,6-2 6-3,3,QF,66.0,209950,104527,,,WC,,Arthur Fils,Stan Wawrinka,R,R,185.0,183.0,FRA,SUI,18.6,37.9,118.0,105.0,449.0,512.0,5.0,4.0,2.0,2.0,40.0,64.0,23.0,33.0,22.0,25.0,11.0,10.0,8.0,9.0,3.0,8.0,3.0,12.0,A,1
2023-0496,Marseille,Hard,32,A,20230220,293,4-6 6-3 6-2,3,R16,108.0,128034,209857,1.0,,,,Hubert Hurkacz,Leandro Riedi,R,R,196.0,191.0,POL,SUI,26.0,21.0,11.0,133.0,2995.0,426.0,12.0,2.0,1.0,1.0,74.0,94.0,42.0,68.0,38.0,40.0,19.0,17.0,14.0,13.0,5.0,8.0,6.0,11.0,A,1
2023-0496,Marseille,Hard,32,A,20230220,292,W/O,3,R16,0.0,144707,105676,,6.0,,,Mikael Ymer,David Goffin,R,R,183.0,180.0,SWE,BEL,24.4,32.2,69.0,41.0,761.0,965.0,,,,,,,,,,,,,,,,,,,A,1
2023-0496,Marseille,Hard,32,A,20230220,291,6-3 6-2,3,R16,65.0,105777,133835,4.0,,,Q,Grigor Dimitrov,Gijs Brouwer,R,L,191.0,191.0,BUL,NED,31.7,26.9,25.0,116.0,1575.0,453.0,9.0,3.0,2.0,2.0,53.0,45.0,36.0,27.0,33.0,18.0,6.0,10.0,9.0,8.0,3.0,4.0,3.0,7.0,A,1
2023-0496,Marseille,Hard,32,A,20230220,290,6-4 6-2,3,R16,63.0,106296,122330,,,,,Gregoire Barrere,Alexander Bublik,R,R,183.0,196.0,FRA,KAZ,29.0,25.6,58.0,50.0,799.0,865.0,0.0,7.0,2.0,1.0,52.0,45.0,34.0,27.0,22.0,25.0,8.0,12.0,9.0,9.0,1.0,0.0,4.0,0.0,B,0
2023-0496,Marseille,Hard,32,A,20230220,289,6-7(5) 6-4 6-3,3,R16,133.0,126127,202195,,5.0,,,Benjamin Bonzi,Maxime Cressy,R,R,183.0,201.0,FRA,USA,26.6,25.7,60.0,37.0,794.0,1016.0,10.0,22.0,4.0,13.0,86.0,94.0,52.0,59.0,47.0,49.0,20.0,15.0,16.0,15.0,0.0,1.0,0.0,3.0,A,1
2023-0496,Marseille,Hard,32,A,20230220,288,6-3 6-3,3,R16,78.0,106310,200282,,3.0,Q,,Alexander Ritschard,Alex De Minaur,R,R,193.0,183.0,SUI,AUS,28.9,24.0,187.0,23.0,317.0,1710.0,7.0,4.0,1.0,1.0,60.0,51.0,42.0,30.0,27.0,25.0,7.0,13.0,9.0,9.0,3.0,1.0,6.0,1.0,B,0
2023-0496,Marseille,Hard,32,A,20230220,287,4-6 7-5 6-2,3,R16,144.0,104527,104755,,7.0,,,Stan Wawrinka,Richard Gasquet,R,R,183.0,183.0,SUI,FRA,37.9,36.6,105.0,43.0,512.0,935.0,13.0,6.0,2.0,2.0,89.0,110.0,48.0,66.0,38.0,47.0,21.0,17.0,15.0,15.0,4.0,10.0,6.0,14.0,A,1
2023-0496,Marseille,Hard,32,A,20230220,286,W/O,3,R16,0.0,206173,209950,2.0,,,WC,Jannik Sinner,Arthur Fils,R,R,191.0,185.0,ITA,FRA,21.5,18.6,12.0,118.0,2745.0,449.0,,,,,,,,,,,,,,,,,,,B,0
2023-0496,Marseille,Hard,32,A,20230220,284,6-3 6-4,3,R32,81.0,126239,209857,,,,,Arthur Rinderknech,Leandro Riedi,R,R,196.0,191.0,FRA,SUI,27.5,21.0,72.0,133.0,702.0,426.0,8.0,8.0,5.0,4.0,57.0,67.0,30.0,34.0,23.0,25.0,12.0,20.0,9.0,10.0,6.0,4.0,8.0,4.0,B,0
2023-0496,Marseille,Hard,32,A,20230220,283,6-3 7-6(5),3,R32,106.0,144707,105430,,,,,Mikael Ymer,Radu Albot,R,R,183.0,175.0,SWE,MDA,24.4,33.2,69.0,99.0,761.0,533.0,1.0,4.0,1.0,2.0,69.0,70.0,53.0,45.0,37.0,29.0,8.0,12.0,11.0,10.0,1.0,4.0,3.0,7.0,A,1
2023-0496,Marseille,Hard,32,A,20230220,282,6-2 6-4,3,R32,87.0,105676,127760,6.0,,,Q,David Goffin,Lukas Klein,R,R,180.0,193.0,BEL,SVK,32.2,24.9,41.0,142.0,965.0,405.0,3.0,4.0,2.0,0.0,58.0,64.0,31.0,38.0,22.0,22.0,19.0,15.0,9.0,9.0,6.0,4.0,6.0,7.0,A,1
2023-0496,Marseille,Hard,32,A,20230220,280,3-6 7-5 6-3,3,R32,135.0,133835,111200,,,Q,,Gijs Brouwer,Elias Ymer,L,R,191.0,185.0,NED,SWE,26.9,26.8,116.0,172.0,453.0,340.0,6.0,5.0,1.0,5.0,81.0,107.0,52.0,59.0,34.0,39.0,18.0,22.0,15.0,15.0,2.0,15.0,6.0,20.0,A,1
2023-0496,Marseille,Hard,32,A,20230220,279,5-7 6-3 6-4,3,R32,128.0,105936,122330,,,,,Filip Krajinovic,Alexander Bublik,R,R,185.0,196.0,SRB,KAZ,30.9,25.6,67.0,50.0,775.0,865.0,4.0,18.0,0.0,6.0,90.0,96.0,57.0,59.0,39.0,46.0,17.0,16.0,15.0,16.0,1.0,6.0,5.0,9.0,B,0
2023-0496,Marseille,Hard,32,A,20230220,278,6-3 6-2,3,R32,60.0,106296,144817,,8.0,,,Gregoire Barrere,Marc Andrea Huesler,R,L,183.0,196.0,FRA,SUI,29.0,26.6,58.0,48.0,799.0,890.0,3.0,9.0,0.0,3.0,47.0,54.0,34.0,36.0,29.0,26.0,9.0,4.0,9.0,8.0,0.0,4.0,0.0,7.0,A,1
2023-0496,Marseille,Hard,32,A,20230220,277,6-3 6-7(5) 7-6(4),3,R32,169.0,144972,202195,,5.0,WC,,Geoffrey Blancaneaux,Maxime Cressy,R,R,180.0,201.0,FRA,USA,24.5,25.7,152.0,37.0,385.0,1016.0,9.0,22.0,2.0,13.0,113.0,99.0,68.0,63.0,48.0,52.0,26.0,20.0,16.0,17.0,2.0,0.0,4.0,1.0,B,0
2023-0496,Marseille,Hard,32,A,20230220,276,7-5 7-5,3,R32,101.0,209414,126127,,,WC,,Luca Van Assche,Benjamin Bonzi,R,R,178.0,183.0,FRA,FRA,18.7,26.6,146.0,60.0,397.0,794.0,5.0,11.0,0.0,3.0,67.0,65.0,36.0,44.0,24.0,36.0,14.0,8.0,12.0,12.0,6.0,2.0,10.0,4.0,B,0
2023-0496,Marseille,Hard,32,A,20230220,275,7-5 6-3,3,R32,86.0,104665,106310,,,,Q,Pablo Andujar,Alexander Ritschard,R,R,180.0,193.0,ESP,SUI,37.0,28.9,211.0,187.0,267.0,317.0,1.0,3.0,4.0,2.0,63.0,57.0,42.0,32.0,23.0,27.0,12.0,12.0,10.0,11.0,4.0,1.0,8.0,3.0,B,0
2023-0496,Marseille,Hard,32,A,20230220,273,7-6(5) 2-6 7-6(5),3,R32,195.0,104755,106362,7.0,,,Q,Richard Gasquet,Laurent Lokoli,R,R,183.0,188.0,FRA,FRA,36.6,28.3,43.0,173.0,935.0,339.0,9.0,11.0,2.0,3.0,111.0,128.0,63.0,76.0,47.0,53.0,25.0,27.0,16.0,16.0,6.0,10.0,10.0,12.0,A,1
2023-0496,Marseille,Hard,32,A,20230220,272,6-4 6-7(6) 6-4,3,R32,151.0,104527,200267,,,,,Stan Wawrinka,Zizou Bergs,R,R,183.0,185.0,SUI,BEL,37.9,23.7,105.0,132.0,512.0,427.0,12.0,10.0,2.0,1.0,103.0,99.0,69.0,66.0,53.0,50.0,22.0,22.0,16.0,16.0,7.0,5.0,7.0,7.0,A,1
2023-0496,Marseille,Hard,32,A,20230220,271,6-4 6-3,3,R32,85.0,126128,209950,,,,WC,Roman Safiullin,Arthur Fils,R,R,185.0,185.0,RUS,FRA,25.5,18.6,97.0,118.0,549.0,449.0,3.0,6.0,2.0,3.0,69.0,52.0,42.0,33.0,32.0,27.0,8.0,12.0,10.0,9.0,3.0,1.0,6.0,1.0,B,0
2023-0807,Acapulco,Hard,32,A,20230227,300,3-6 6-4 6-1,3,F,147.0,126205,200282,7.0,8.0,,,Tommy Paul,Alex De Minaur,R,R,185.0,183.0,USA,AUS,25.7,24.0,23.0,22.0,1700.0,1710.0,1.0,2.0,4.0,1.0,91.0,84.0,55.0,42.0,33.0,34.0,19.0,22.0,13.0,13.0,6.0,6.0,10.0,8.0,B,0
2023-0807,Acapulco,Hard,32,A,20230227,299,6-3 6-7(2) 7-6(2),3,SF,205.0,126205,126203,7.0,3.0,,,Tommy Paul,Taylor Fritz,R,R,185.0,196.0,USA,USA,25.7,25.3,23.0,5.0,1700.0,3660.0,7.0,6.0,5.0,3.0,143.0,118.0,94.0,64.0,64.0,52.0,21.0,21.0,17.0,16.0,10.0,10.0,13.0,14.0,A,1
2023-0807,Acapulco,Hard,32,A,20230227,298,3-6 7-5 6-2,3,SF,168.0,208029,200282,4.0,8.0,,,Holger Rune,Alex De Minaur,R,R,188.0,183.0,DEN,AUS,19.8,24.0,10.0,22.0,3161.0,1710.0,4.0,3.0,5.0,10.0,112.0,99.0,67.0,50.0,42.0,38.0,25.0,26.0,15.0,14.0,11.0,7.0,14.0,8.0,B,0
2023-0807,Acapulco,Hard,32,A,20230227,297,6-2 6-2,3,QF,59.0,126205,111456,7.0,,,,Tommy Paul,Mackenzie Mcdonald,R,R,185.0,178.0,USA,USA,25.7,27.8,23.0,62.0,1700.0,795.0,3.0,0.0,1.0,1.0,43.0,45.0,33.0,27.0,26.0,15.0,8.0,7.0,8.0,8.0,1.0,5.0,1.0,9.0,A,1
2023-0807,Acapulco,Hard,32,A,20230227,296,6-3 6-4,3,QF,95.0,126207,126203,6.0,3.0,,,Frances Tiafoe,Taylor Fritz,R,R,188.0,196.0,USA,USA,25.1,25.3,15.0,5.0,2350.0,3660.0,6.0,5.0,4.0,0.0,59.0,64.0,37.0,32.0,28.0,24.0,8.0,21.0,9.0,10.0,1.0,4.0,3.0,4.0,B,0
2023-0807,Acapulco,Hard,32,A,20230227,295,6-0 1-0 RET,3,QF,29.0,208029,126610,4.0,,,,Holger Rune,Matteo Berrettini,R,R,188.0,196.0,DEN,ITA,19.8,26.8,10.0,24.0,3161.0,1690.0,1.0,1.0,0.0,0.0,18.0,17.0,11.0,12.0,10.0,4.0,6.0,1.0,4.0,3.0,0.0,1.0,0.0,4.0,A,1
2023-0807,Acapulco,Hard,32,A,20230227,294,6-2 6-2,3,QF,97.0,106121,200282,,8.0,Q,,Taro Daniel,Alex De Minaur,R,R,191.0,183.0,JPN,AUS,30.0,24.0,125.0,22.0,448.0,1710.0,1.0,1.0,3.0,3.0,54.0,52.0,35.0,22.0,16.0,21.0,9.0,13.0,8.0,8.0,3.0,1.0,8.0,2.0,B,0
2023-0807,Acapulco,Hard,32,A,20230227,293,6-2 6-0,3,R16,68.0,111456,206909,,,,,Mackenzie Mcdonald,Brandon Nakashima,R,R,178.0,188.0,USA,USA,27.8,21.5,62.0,49.0,795.0,902.0,2.0,0.0,0.0,2.0,43.0,47.0,25.0,29.0,20.0,13.0,11.0,7.0,7.0,7.0,1.0,7.0,1.0,12.0,A,1
2023-0807,Acapulco,Hard,32,A,20230227,292,6-4 2-2 RET,3,R16,81.0,111581,126205,,7.0,,,Michael Mmoh,Tommy Paul,R,R,188.0,185.0,USA,USA,25.1,25.7,86.0,23.0,624.0,1700.0,3.0,3.0,5.0,0.0,48.0,49.0,30.0,33.0,23.0,26.0,7.0,8.0,7.0,7.0,2.0,4.0,3.0,4.0,B,0
2023-0807,Acapulco,Hard,32,A,20230227,291,6-4 6-4,3,R16,78.0,126203,133430,3.0,,,,Taylor Fritz,Denis Shapovalov,R,L,196.0,185.0,USA,CAN,25.3,23.8,5.0,30.0,3660.0,1335.0,7.0,5.0,3.0,2.0,52.0,65.0,29.0,40.0,28.0,31.0,11.0,9.0,10.0,10.0,1.0,2.0,2.0,5.0,A,1
2023-0807,Acapulco,Hard,32,A,20230227,290,6-2 7-6(6),3,R16,88.0,126207,103852,6.0,,,WC,Frances Tiafoe,Feliciano Lopez,R,L,188.0,188.0,USA,ESP,25.1,41.4,15.0,1035.0,2350.0,10.0,5.0,11.0,3.0,6.0,62.0,66.0,35.0,33.0,28.0,27.0,20.0,17.0,10.0,10.0,3.0,1.0,3.0,3.0,A,1
2023-0807,Acapulco,Hard,32,A,20230227,289,6-3 6-3,3,R16,94.0,111200,126610,,,LL,,Elias Ymer,Matteo Berrettini,R,R,185.0,196.0,SWE,ITA,26.8,26.8,170.0,24.0,340.0,1690.0,2.0,3.0,3.0,1.0,66.0,51.0,42.0,32.0,27.0,27.0,10.0,10.0,9.0,9.0,6.0,2.0,9.0,2.0,B,0
2023-0807,Acapulco,Hard,32,A,20230227,288,6-0 6-2,3,R16,60.0,132686,208029,,4.0,,,Nuno Borges,Holger Rune,R,R,185.0,188.0,POR,DEN,26.0,19.8,85.0,10.0,625.0,3161.0,1.0,7.0,3.0,1.0,44.0,41.0,27.0,26.0,15.0,21.0,2.0,9.0,7.0,7.0,4.0,1.0,9.0,1.0,B,0
2023-0807,Acapulco,Hard,32,A,20230227,287,6-1 6-0,3,R16,61.0,200282,202235,8.0,,,Q,Alex De Minaur,Jacopo Berrettini,R,R,183.0,193.0,AUS,ITA,24.0,24.2,22.0,842.0,1710.0,19.0,3.0,0.0,2.0,3.0,47.0,37.0,23.0,19.0,18.0,8.0,14.0,5.0,7.0,6.0,1.0,1.0,1.0,6.0,A,1
2023-0807,Acapulco,Hard,32,A,20230227,286,7-5 2-6 7-6(5),3,R16,177.0,134770,106121,2.0,,,Q,Casper Ruud,Taro Daniel,R,R,183.0,191.0,NOR,JPN,24.1,30.0,4.0,125.0,5515.0,448.0,7.0,3.0,4.0,1.0,103.0,93.0,66.0,54.0,49.0,39.0,21.0,26.0,16.0,16.0,1.0,4.0,3.0,7.0,B,0
2023-0807,Acapulco,Hard,32,A,20230227,285,6-4 6-2,3,R32,75.0,111456,209260,,,,LL,Mackenzie Mcdonald,Luciano Darderi,R,R,178.0,183.0,USA,ITA,27.8,21.0,62.0,184.0,795.0,321.0,11.0,7.0,2.0,6.0,47.0,63.0,41.0,31.0,35.0,23.0,3.0,12.0,9.0,9.0,1.0,6.0,1.0,9.0,A,1
2023-0807,Acapulco,Hard,32,A,20230227,284,6-3 3-6 6-1,3,R32,126.0,127157,206909,,,,,Daniel Altmaier,Brandon Nakashima,R,R,188.0,188.0,GER,USA,24.4,21.5,95.0,49.0,564.0,902.0,2.0,5.0,3.0,3.0,76.0,78.0,43.0,51.0,27.0,41.0,19.0,12.0,12.0,13.0,6.0,4.0,9.0,5.0,B,0
2023-0807,Acapulco,Hard,32,A,20230227,283,7-6(3) 6-1,3,R32,119.0,111581,106218,,,,,Michael Mmoh,Marcos Giron,R,R,188.0,180.0,USA,USA,25.1,29.5,86.0,69.0,624.0,731.0,3.0,2.0,3.0,3.0,86.0,65.0,57.0,39.0,35.0,21.0,15.0,12.0,9.0,10.0,12.0,1.0,14.0,6.0,A,1
2023-0807,Acapulco,Hard,32,A,20230227,282,6-1 7-6(4),3,R32,104.0,126205,105877,7.0,,,,Tommy Paul,Emilio Gomez,R,R,185.0,185.0,USA,ECU,25.7,31.2,23.0,90.0,1700.0,603.0,3.0,1.0,1.0,5.0,66.0,79.0,47.0,45.0,36.0,29.0,11.0,16.0,10.0,9.0,2.0,8.0,3.0,11.0,A,1
2023-0807,Acapulco,Hard,32,A,20230227,281,3-6 6-3 6-4,3,R32,113.0,126203,104545,3.0,,,,Taylor Fritz,John Isner,R,R,196.0,208.0,USA,USA,25.3,37.8,5.0,38.0,3660.0,995.0,4.0,9.0,2.0,3.0,83.0,79.0,55.0,50.0,47.0,40.0,11.0,15.0,14.0,14.0,3.0,1.0,4.0,3.0,A,1
2023-0807,Acapulco,Hard,32,A,20230227,280,6-7(4) 6-0 7-5,3,R32,133.0,133430,200175,,,,,Denis Shapovalov,Miomir Kecmanovic,L,R,185.0,183.0,CAN,SRB,23.8,23.4,30.0,31.0,1335.0,1290.0,8.0,1.0,7.0,4.0,89.0,92.0,48.0,59.0,39.0,36.0,18.0,16.0,15.0,15.0,2.0,5.0,5.0,12.0,A,1
2023-0807,Acapulco,Hard,32,A,20230227,279,7-6(3) 6-4,3,R32,94.0,103852,111153,,,WC,,Feliciano Lopez,Christopher Eubanks,L,R,188.0,201.0,ESP,USA,41.4,26.8,1035.0,105.0,10.0,524.0,11.0,9.0,3.0,4.0,72.0,73.0,42.0,40.0,34.0,28.0,16.0,17.0,11.0,11.0,7.0,6.0,8.0,8.0,A,1
2023-0807,Acapulco,Hard,32,A,20230227,278,7-6(6) 6-4,3,R32,104.0,126207,106415,6.0,,,,Frances Tiafoe,Yoshihito Nishioka,R,L,188.0,170.0,USA,JPN,25.1,27.4,15.0,34.0,2350.0,1142.0,9.0,2.0,3.0,1.0,67.0,78.0,46.0,43.0,35.0,27.0,15.0,22.0,11.0,11.0,1.0,2.0,2.0,4.0,A,1
2023-0807,Acapulco,Hard,32,A,20230227,277,5-7 6-3 6-4,3,R32,153.0,105173,111200,,,,LL,Adrian Mannarino,Elias Ymer,L,R,180.0,185.0,FRA,SWE,34.6,26.8,64.0,170.0,791.0,340.0,2.0,4.0,4.0,6.0,90.0,91.0,42.0,45.0,29.0,35.0,24.0,22.0,15.0,16.0,6.0,6.0,11.0,10.0,B,0
2023-0807,Acapulco,Hard,32,A,20230227,276,6-0 1-0 RET,3,R32,45.0,144684,126610,,,,,Alex Molcan,Matteo Berrettini,L,R,178.0,196.0,SVK,ITA,25.2,26.8,57.0,24.0,820.0,1690.0,0.0,5.0,5.0,1.0,44.0,16.0,25.0,10.0,12.0,10.0,6.0,5.0,4.0,3.0,4.0,0.0,8.0,0.0,B,0
2023-0807,Acapulco,Hard,32,A,20230227,275,6-3 7-6(3),3,R32,107.0,111436,132686,,,Q,,Nick Chappell,Nuno Borges,L,R,178.0,185.0,USA,POR,30.4,26.0,432.0,85.0,101.0,625.0,3.0,4.0,0.0,4.0,78.0,75.0,44.0,49.0,28.0,35.0,19.0,17.0,10.0,11.0,6.0,2.0,8.0,3.0,B,0
2023-0807,Acapulco,Hard,32,A,20230227,274,6-7(7) 6-4 6-2,3,R32,140.0,208029,210097,4.0,,,WC,Holger Rune,Ben Shelton,R,L,188.0,193.0,DEN,USA,19.8,20.3,10.0,41.0,3161.0,964.0,5.0,9.0,6.0,5.0,86.0,96.0,52.0,60.0,42.0,48.0,24.0,16.0,15.0,15.0,2.0,5.0,3.0,9.0,A,1
2023-0807,Acapulco,Hard,32,A,20230227,273,6-1 6-2,3,R32,76.0,200282,210202,8.0,,,WC,Alex De Minaur,Rodrigo Pacheco Mendez,R,L,183.0,188.0,AUS,MEX,24.0,17.8,22.0,1244.0,1710.0,5.0,4.0,0.0,1.0,2.0,39.0,67.0,23.0,48.0,17.0,24.0,12.0,8.0,7.0,8.0,1.0,4.0,1.0,9.0,A,1
2023-0807,Acapulco,Hard,32,A,20230227,272,3-6 7-6(3) 2-1 RET,3,R32,116.0,202235,106214,,,Q,,Jacopo Berrettini,Oscar Otte,R,R,193.0,193.0,ITA,GER,24.2,29.6,842.0,78.0,19.0,656.0,3.0,5.0,5.0,6.0,74.0,76.0,48.0,33.0,36.0,26.0,11.0,22.0,11.0,13.0,3.0,3.0,5.0,5.0,A,1
2023-0807,Acapulco,Hard,32,A,20230227,271,6-4 6-4,3,R32,106.0,106121,200670,,,Q,,Taro Daniel,J J Wolf,R,R,191.0,183.0,JPN,USA,30.0,24.1,125.0,44.0,448.0,951.0,2.0,2.0,1.0,7.0,63.0,63.0,45.0,33.0,32.0,21.0,8.0,14.0,10.0,10.0,2.0,8.0,4.0,12.0,A,1
2023-0807,Acapulco,Hard,32,A,20230227,270,6-4 4-6 7-6(2),3,R32,169.0,105819,134770,,2.0,Q,,Guido Andreozzi,Casper Ruud,R,R,183.0,183.0,ARG,NOR,31.5,24.1,342.0,4.0,144.0,5515.0,1.0,16.0,6.0,1.0,100.0,97.0,60.0,56.0,42.0,38.0,17.0,23.0,16.0,16.0,4.0,10.0,9.0,15.0,B,0
2023-0495,Dubai,Hard,32,A,20230227,300,6-2 6-2,3,F,68.0,126094,106421,2.0,3.0,,,Andrey Rublev,Daniil Medvedev,R,R,188.0,198.0,RUS,RUS,25.3,27.0,6.0,7.0,3405.0,3320.0,3.0,9.0,1.0,1.0,54.0,40.0,33.0,29.0,21.0,24.0,6.0,8.0,8.0,8.0,3.0,0.0,7.0,0.0,B,0
2023-0495,Dubai,Hard,32,A,20230227,299,6-4 6-4,3,SF,95.0,106421,104925,3.0,1.0,,,Daniil Medvedev,Novak Djokovic,R,R,198.0,188.0,RUS,SRB,27.0,35.7,7.0,1.0,3320.0,6980.0,8.0,5.0,1.0,1.0,62.0,62.0,36.0,43.0,28.0,29.0,13.0,11.0,10.0,10.0,0.0,1.0,1.0,4.0,A,1
2023-0495,Dubai,Hard,32,A,20230227,298,6-3 7-6(9),3,SF,118.0,100644,126094,7.0,2.0,,,Alexander Zverev,Andrey Rublev,R,R,198.0,188.0,GER,RUS,25.8,25.3,16.0,6.0,2320.0,3405.0,12.0,2.0,3.0,2.0,84.0,70.0,67.0,44.0,46.0,33.0,5.0,17.0,11.0,10.0,3.0,0.0,6.0,1.0,B,0
2023-0495,Dubai,Hard,32,A,20230227,297,6-3 7-5,3,QF,81.0,128034,104925,5.0,1.0,,,Hubert Hurkacz,Novak Djokovic,R,R,196.0,188.0,POL,SRB,26.0,35.7,11.0,1.0,3065.0,6980.0,7.0,4.0,1.0,2.0,57.0,55.0,36.0,36.0,28.0,29.0,12.0,15.0,10.0,11.0,6.0,0.0,8.0,0.0,B,0
2023-0495,Dubai,Hard,32,A,20230227,296,6-3 6-2,3,QF,81.0,106421,106432,3.0,8.0,,,Daniil Medvedev,Borna Coric,R,R,198.0,188.0,RUS,CRO,27.0,26.2,7.0,20.0,3320.0,1815.0,4.0,0.0,3.0,1.0,43.0,51.0,26.0,27.0,20.0,12.0,11.0,10.0,8.0,9.0,1.0,1.0,2.0,6.0,A,1
2023-0495,Dubai,Hard,32,A,20230227,295,7-5 6-4,3,QF,112.0,132283,100644,,7.0,,,Lorenzo Sonego,Alexander Zverev,R,R,191.0,198.0,ITA,GER,27.8,25.8,67.0,16.0,745.0,2320.0,6.0,5.0,1.0,1.0,69.0,61.0,49.0,50.0,33.0,42.0,10.0,4.0,11.0,11.0,3.0,6.0,5.0,6.0,B,0
2023-0495,Dubai,Hard,32,A,20230227,294,6-3 7-6(3),3,QF,112.0,126094,122298,2.0,,,,Andrey Rublev,Botic Van De Zandschulp,R,R,188.0,191.0,RUS,NED,25.3,27.4,6.0,33.0,3405.0,1160.0,9.0,7.0,1.0,5.0,72.0,86.0,47.0,57.0,36.0,42.0,17.0,9.0,11.0,10.0,4.0,10.0,5.0,12.0,A,1
2023-0495,Dubai,Hard,32,A,20230227,293,6-2 6-3,3,R16,81.0,134868,104925,,1.0,,,Tallon Griekspoor,Novak Djokovic,R,R,188.0,188.0,NED,SRB,26.6,35.7,39.0,1.0,989.0,6980.0,12.0,8.0,1.0,3.0,80.0,43.0,57.0,22.0,33.0,20.0,8.0,14.0,8.0,9.0,12.0,0.0,16.0,1.0,B,0
2023-0495,Dubai,Hard,32,A,20230227,292,7-5 6-1,3,R16,68.0,128034,200303,5.0,,,Q,Hubert Hurkacz,Pavel Kotov,R,R,196.0,191.0,POL,RUS,26.0,24.2,11.0,138.0,3065.0,419.0,9.0,3.0,1.0,1.0,50.0,52.0,34.0,34.0,31.0,22.0,9.0,8.0,10.0,9.0,0.0,3.0,0.0,6.0,A,1
2023-0495,Dubai,Hard,32,A,20230227,291,6-4 6-2,3,R16,64.0,106421,122330,3.0,,,,Daniil Medvedev,Alexander Bublik,R,R,198.0,196.0,RUS,KAZ,27.0,25.6,7.0,46.0,3320.0,935.0,5.0,5.0,1.0,5.0,41.0,54.0,30.0,34.0,29.0,24.0,7.0,7.0,9.0,9.0,0.0,2.0,0.0,5.0,A,1
2023-0495,Dubai,Hard,32,A,20230227,290,6-7(4) 6-3 7-5,3,R16,173.0,106432,106423,8.0,,,WC,Borna Coric,Thanasi Kokkinakis,R,R,188.0,193.0,CRO,AUS,26.2,26.8,20.0,101.0,1815.0,532.0,3.0,20.0,3.0,2.0,82.0,120.0,54.0,79.0,47.0,59.0,22.0,20.0,16.0,17.0,0.0,5.0,0.0,8.0,A,1
2023-0495,Dubai,Hard,32,A,20230227,289,7-5 6-4,3,R16,78.0,100644,106331,7.0,,,Q,Alexander Zverev,Christopher Oconnell,R,R,198.0,183.0,GER,AUS,25.8,28.7,16.0,92.0,2320.0,592.0,11.0,4.0,1.0,0.0,51.0,55.0,39.0,39.0,35.0,29.0,9.0,10.0,11.0,11.0,0.0,3.0,0.0,5.0,A,1
2023-0495,Dubai,Hard,32,A,20230227,288,7-6(4) 6-4,3,R16,115.0,200000,132283,4.0,,,,Felix Auger Aliassime,Lorenzo Sonego,R,R,193.0,191.0,CAN,ITA,22.5,27.8,9.0,67.0,3245.0,745.0,6.0,2.0,3.0,1.0,70.0,56.0,34.0,44.0,28.0,39.0,21.0,9.0,11.0,11.0,2.0,0.0,3.0,0.0,B,0
2023-0495,Dubai,Hard,32,A,20230227,287,3-6 6-3 6-3,3,R16,153.0,122298,144707,,,,,Botic Van De Zandschulp,Mikael Ymer,R,R,191.0,183.0,NED,SWE,27.4,24.4,33.0,59.0,1160.0,806.0,7.0,2.0,3.0,3.0,79.0,100.0,51.0,69.0,32.0,38.0,15.0,15.0,13.0,14.0,4.0,3.0,8.0,9.0,A,1
2023-0495,Dubai,Hard,32,A,20230227,286,1-6 7-6(6) 7-6(3),3,R16,145.0,126094,200221,2.0,,,,Andrey Rublev,Alejandro Davidovich Fokina,R,R,188.0,183.0,RUS,ESP,25.3,23.7,6.0,29.0,3405.0,1345.0,12.0,8.0,2.0,3.0,101.0,112.0,63.0,77.0,48.0,54.0,22.0,23.0,15.0,16.0,2.0,2.0,4.0,2.0,A,1
2023-0495,Dubai,Hard,32,A,20230227,285,6-3 3-6 7-6(1),3,R32,147.0,104925,207830,1.0,,,Q,Novak Djokovic,Tomas Machac,R,R,188.0,183.0,SRB,CZE,35.7,22.3,1.0,130.0,6980.0,435.0,12.0,6.0,8.0,4.0,100.0,94.0,60.0,56.0,43.0,36.0,22.0,19.0,15.0,15.0,7.0,3.0,10.0,6.0,A,1
2023-0495,Dubai,Hard,32,A,20230227,284,6-4 3-6 6-2,3,R32,119.0,106005,134868,,,,,Constant Lestienne,Tallon Griekspoor,R,R,180.0,188.0,FRA,NED,30.7,26.6,56.0,39.0,821.0,989.0,11.0,11.0,4.0,5.0,98.0,78.0,63.0,45.0,43.0,35.0,15.0,19.0,14.0,13.0,9.0,6.0,12.0,7.0,B,0
2023-0495,Dubai,Hard,32,A,20230227,283,6-3 5-7 7-6(3),3,R32,167.0,200303,200615,,,Q,WC,Pavel Kotov,Alexei Popyrin,R,R,191.0,196.0,RUS,AUS,24.2,23.5,138.0,98.0,419.0,556.0,2.0,13.0,2.0,7.0,110.0,115.0,76.0,63.0,56.0,45.0,18.0,28.0,17.0,16.0,1.0,8.0,3.0,10.0,A,1
2023-0495,Dubai,Hard,32,A,20230227,282,3-6 6-3 7-6(7),3,R32,121.0,207686,128034,,5.0,LL,,Alexander Shevchenko,Hubert Hurkacz,R,R,185.0,196.0,KAZ,POL,22.2,26.0,119.0,11.0,463.0,3065.0,3.0,18.0,2.0,3.0,103.0,81.0,63.0,62.0,45.0,51.0,23.0,10.0,15.0,15.0,9.0,2.0,11.0,4.0,B,0
2023-0495,Dubai,Hard,32,A,20230227,281,6-4 6-2,3,R32,91.0,106421,208286,3.0,,,LL,Daniil Medvedev,Matteo Arnaldi,R,R,198.0,185.0,RUS,ITA,27.0,22.0,7.0,111.0,3320.0,497.0,6.0,0.0,3.0,3.0,62.0,64.0,37.0,37.0,29.0,23.0,14.0,12.0,9.0,9.0,0.0,2.0,0.0,5.0,A,1
2023-0495,Dubai,Hard,32,A,20230227,280,6-1 1-0 RET,3,R32,25.0,200247,122330,,,Q,,Alexandar Lazarov,Alexander Bublik,R,R,191.0,196.0,BUL,KAZ,25.3,25.6,301.0,46.0,170.0,935.0,0.0,3.0,4.0,1.0,22.0,18.0,12.0,14.0,5.0,13.0,1.0,3.0,4.0,4.0,2.0,0.0,5.0,0.0,B,0
2023-0495,Dubai,Hard,32,A,20230227,279,6-4 7-6(9),3,R32,114.0,111460,106423,,,LL,WC,Quentin Halys,Thanasi Kokkinakis,R,R,191.0,193.0,FRA,AUS,26.3,26.8,73.0,101.0,701.0,532.0,7.0,16.0,2.0,2.0,69.0,82.0,38.0,58.0,30.0,43.0,18.0,14.0,11.0,11.0,3.0,3.0,4.0,3.0,B,0
2023-0495,Dubai,Hard,32,A,20230227,278,2-2 RET,3,R32,22.0,106432,105554,8.0,,,,Borna Coric,Daniel Evans,R,R,188.0,175.0,CRO,GBR,26.2,32.7,20.0,28.0,1815.0,1380.0,3.0,2.0,0.0,0.0,14.0,12.0,8.0,7.0,6.0,7.0,4.0,2.0,2.0,2.0,0.0,0.0,0.0,0.0,A,1
2023-0495,Dubai,Hard,32,A,20230227,277,4-6 6-3 6-4,3,R32,125.0,208103,100644,,7.0,,,Jiri Lehecka,Alexander Zverev,R,R,185.0,198.0,CZE,GER,21.3,25.8,47.0,16.0,932.0,2320.0,5.0,12.0,5.0,2.0,94.0,80.0,55.0,58.0,37.0,43.0,20.0,14.0,14.0,15.0,7.0,2.0,10.0,4.0,B,0
2023-0495,Dubai,Hard,32,A,20230227,276,7-5 6-4,3,R32,112.0,106331,200325,,,Q,,Christopher Oconnell,Emil Ruusuvuori,R,R,183.0,188.0,AUS,FIN,28.7,23.9,92.0,54.0,592.0,846.0,11.0,4.0,1.0,3.0,68.0,83.0,41.0,49.0,35.0,33.0,12.0,16.0,11.0,11.0,1.0,8.0,2.0,11.0,A,1
2023-0495,Dubai,Hard,32,A,20230227,275,7-5 6-3,3,R32,87.0,132283,144817,,,,,Lorenzo Sonego,Marc Andrea Huesler,R,L,191.0,196.0,ITA,SUI,27.8,26.6,67.0,51.0,745.0,890.0,10.0,3.0,1.0,4.0,62.0,57.0,46.0,35.0,33.0,26.0,12.0,9.0,11.0,10.0,1.0,2.0,2.0,5.0,A,1
2023-0495,Dubai,Hard,32,A,20230227,274,7-6(4) 3-6 6-3,3,R32,180.0,200000,202195,4.0,,,,Felix Auger Aliassime,Maxime Cressy,R,R,193.0,201.0,CAN,USA,22.5,25.8,9.0,36.0,3245.0,1016.0,13.0,27.0,1.0,25.0,98.0,122.0,60.0,65.0,45.0,54.0,24.0,23.0,15.0,15.0,2.0,13.0,3.0,14.0,A,1
2023-0495,Dubai,Hard,32,A,20230227,273,7-5 6-2,3,R32,94.0,111575,122298,6.0,,,,Karen Khachanov,Botic Van De Zandschulp,R,R,198.0,191.0,RUS,NED,26.7,27.4,14.0,33.0,2470.0,1160.0,5.0,7.0,3.0,4.0,68.0,63.0,50.0,40.0,29.0,30.0,10.0,12.0,10.0,10.0,9.0,4.0,13.0,5.0,B,0
2023-0495,Dubai,Hard,32,A,20230227,272,6-2 6-3,3,R32,65.0,208859,144707,,,LL,,Francesco Passaro,Mikael Ymer,R,R,180.0,183.0,ITA,SWE,22.1,24.4,110.0,59.0,501.0,806.0,1.0,0.0,1.0,1.0,53.0,43.0,36.0,30.0,23.0,23.0,6.0,9.0,9.0,8.0,3.0,0.0,7.0,0.0,B,0
2023-0495,Dubai,Hard,32,A,20230227,271,6-2 6-0,3,R32,50.0,200221,104291,,,,WC,Alejandro Davidovich Fokina,Malek Jaziri,R,R,183.0,185.0,ESP,TUN,23.7,39.1,29.0,444.0,1345.0,95.0,5.0,2.0,0.0,2.0,39.0,37.0,26.0,16.0,22.0,8.0,8.0,6.0,7.0,7.0,3.0,0.0,3.0,5.0,A,1
2023-0495,Dubai,Hard,32,A,20230227,270,7-5 6-2,3,R32,88.0,126094,105936,2.0,,,,Andrey Rublev,Filip Krajinovic,R,R,188.0,185.0,RUS,SRB,25.3,31.0,6.0,70.0,3405.0,730.0,8.0,2.0,1.0,2.0,56.0,72.0,29.0,44.0,26.0,28.0,15.0,11.0,10.0,10.0,1.0,2.0,2.0,6.0,A,1
2023-8996,Santiago,Clay,32,A,20230227,300,6-7(5) 7-6(5) 6-2,3,F,166.0,144869,111797,,,,SE,Tomas Martin Etcheverry,Nicolas Jarry,R,R,196.0,201.0,ARG,CHI,23.6,27.3,76.0,87.0,684.0,616.0,9.0,6.0,5.0,1.0,109.0,94.0,68.0,61.0,47.0,49.0,24.0,21.0,16.0,16.0,3.0,1.0,6.0,2.0,B,0
2023-8996,Santiago,Clay,32,A,20230227,299,1-6 7-6(4) 6-1,3,SF,157.0,111797,144719,,,SE,,Nicolas Jarry,Jaume Munar,R,R,201.0,183.0,CHI,ESP,27.3,25.8,87.0,66.0,616.0,777.0,9.0,2.0,5.0,8.0,90.0,100.0,55.0,72.0,39.0,46.0,16.0,9.0,14.0,12.0,5.0,4.0,10.0,8.0,A,1
2023-8996,Santiago,Clay,32,A,20230227,298,7-5 6-3,3,SF,98.0,144869,202104,,3.0,,,Tomas Martin Etcheverry,Sebastian Baez,R,R,196.0,170.0,ARG,ARG,23.6,22.1,76.0,35.0,684.0,1045.0,4.0,0.0,1.0,1.0,60.0,55.0,33.0,39.0,29.0,30.0,15.0,7.0,11.0,10.0,0.0,4.0,0.0,6.0,A,1
2023-8996,Santiago,Clay,32,A,20230227,297,6-3 3-6 6-2,3,QF,160.0,144719,106329,,,,,Jaume Munar,Thiago Monteiro,R,L,183.0,183.0,ESP,BRA,25.8,28.7,66.0,84.0,777.0,631.0,4.0,5.0,4.0,5.0,97.0,76.0,69.0,42.0,45.0,29.0,11.0,14.0,13.0,13.0,10.0,4.0,13.0,9.0,A,1
2023-8996,Santiago,Clay,32,A,20230227,296,3-6 6-3 6-4,3,QF,141.0,105870,111797,,,Q,SE,Yannick Hanfmann,Nicolas Jarry,R,R,193.0,201.0,GER,CHI,31.2,27.3,153.0,87.0,386.0,616.0,4.0,8.0,1.0,0.0,92.0,91.0,59.0,69.0,42.0,46.0,17.0,15.0,14.0,14.0,3.0,1.0,5.0,2.0,B,0
2023-8996,Santiago,Clay,32,A,20230227,295,7-6(4) 6-4,3,QF,114.0,111513,202104,6.0,3.0,,,Laslo Djere,Sebastian Baez,R,R,188.0,170.0,SRB,ARG,27.7,22.1,55.0,35.0,835.0,1045.0,4.0,2.0,4.0,0.0,83.0,64.0,51.0,47.0,39.0,36.0,13.0,12.0,11.0,11.0,4.0,0.0,6.0,1.0,B,0
2023-8996,Santiago,Clay,32,A,20230227,294,6-1 6-2,3,QF,84.0,105583,144869,,,,,Dusan Lajovic,Tomas Martin Etcheverry,R,R,183.0,196.0,SRB,ARG,32.6,23.6,75.0,76.0,693.0,684.0,0.0,6.0,2.0,2.0,48.0,55.0,31.0,30.0,16.0,23.0,7.0,15.0,7.0,8.0,3.0,3.0,7.0,3.0,B,0
2023-8996,Santiago,Clay,32,A,20230227,293,6-4 6-4,3,R16,90.0,144719,207518,,1.0,,,Jaume Munar,Lorenzo Musetti,R,R,183.0,185.0,ESP,ITA,25.8,20.9,66.0,18.0,777.0,1855.0,0.0,2.0,2.0,1.0,61.0,52.0,38.0,33.0,33.0,24.0,12.0,11.0,10.0,10.0,6.0,1.0,6.0,3.0,A,1
2023-8996,Santiago,Clay,32,A,20230227,292,3-6 6-3 6-2,3,R16,116.0,106329,106065,,,,,Thiago Monteiro,Marco Cecchinato,L,R,183.0,185.0,BRA,ITA,28.7,30.4,84.0,91.0,631.0,592.0,7.0,3.0,1.0,6.0,68.0,78.0,36.0,45.0,31.0,28.0,19.0,20.0,13.0,13.0,0.0,7.0,1.0,10.0,A,1
2023-8996,Santiago,Clay,32,A,20230227,291,6-4 4-6 7-6(2),3,R16,186.0,111797,106043,,4.0,SE,,Nicolas Jarry,Diego Schwartzman,R,R,201.0,170.0,CHI,ARG,27.3,30.5,87.0,37.0,616.0,1010.0,10.0,0.0,4.0,5.0,107.0,121.0,70.0,91.0,51.0,59.0,18.0,12.0,16.0,16.0,3.0,12.0,6.0,15.0,A,1
2023-8996,Santiago,Clay,32,A,20230227,290,7-6(6) 6-2,3,R16,116.0,106148,105870,,,,Q,Roberto Carballes Baena,Yannick Hanfmann,R,R,183.0,193.0,ESP,GER,29.9,31.2,74.0,153.0,695.0,386.0,3.0,5.0,5.0,0.0,71.0,64.0,39.0,44.0,25.0,29.0,14.0,13.0,10.0,10.0,5.0,2.0,9.0,4.0,B,0
2023-8996,Santiago,Clay,32,A,20230227,289,7-5 7-5,3,R16,108.0,111513,109686,6.0,,,Q,Laslo Djere,Riccardo Bonadio,R,R,188.0,180.0,SRB,ITA,27.7,29.6,55.0,182.0,835.0,323.0,8.0,1.0,4.0,1.0,76.0,74.0,48.0,44.0,38.0,32.0,17.0,16.0,12.0,12.0,5.0,6.0,5.0,8.0,A,1
2023-8996,Santiago,Clay,32,A,20230227,288,6-4 6-3,3,R16,82.0,202104,106426,3.0,,,WC,Sebastian Baez,Cristian Garin,R,R,170.0,185.0,ARG,CHI,22.1,26.7,35.0,100.0,1045.0,546.0,3.0,3.0,0.0,1.0,44.0,64.0,30.0,36.0,25.0,26.0,12.0,13.0,9.0,10.0,1.0,4.0,1.0,7.0,A,1
2023-8996,Santiago,Clay,32,A,20230227,287,6-2 2-6 7-6(2),3,R16,158.0,105583,207678,,,,Q,Dusan Lajovic,Juan Manuel Cerundolo,R,L,183.0,183.0,SRB,ARG,32.6,21.2,75.0,108.0,693.0,515.0,6.0,2.0,4.0,3.0,108.0,119.0,80.0,79.0,51.0,50.0,10.0,14.0,14.0,14.0,6.0,8.0,10.0,12.0,A,1
2023-8996,Santiago,Clay,32,A,20230227,286,6-3 3-6 6-3,3,R16,148.0,144869,202103,,2.0,,,Tomas Martin Etcheverry,Francisco Cerundolo,R,R,196.0,185.0,ARG,ARG,23.6,24.5,76.0,32.0,684.0,1275.0,5.0,3.0,2.0,6.0,88.0,95.0,48.0,53.0,34.0,41.0,23.0,16.0,14.0,13.0,7.0,6.0,9.0,9.0,A,1
2023-8996,Santiago,Clay,32,A,20230227,284,6-0 6-7(4) 7-6(5),3,R32,162.0,126214,144719,,,WC,,Alejandro Tabilo,Jaume Munar,L,R,188.0,183.0,CHI,ESP,25.7,25.8,186.0,66.0,314.0,777.0,3.0,4.0,3.0,2.0,102.0,100.0,64.0,69.0,34.0,43.0,23.0,21.0,15.0,15.0,2.0,4.0,8.0,7.0,B,0
2023-8996,Santiago,Clay,32,A,20230227,283,6-2 3-6 7-6(3),3,R32,139.0,105487,106065,,,,,Facundo Bagnis,Marco Cecchinato,L,R,183.0,185.0,ARG,ITA,32.9,30.4,94.0,91.0,570.0,592.0,2.0,8.0,6.0,5.0,104.0,80.0,58.0,53.0,36.0,32.0,21.0,18.0,15.0,14.0,5.0,4.0,10.0,8.0,B,0
2023-8996,Santiago,Clay,32,A,20230227,282,7-5 4-6 7-5,3,R32,180.0,106329,105077,,5.0,,,Thiago Monteiro,Albert Ramos,L,L,183.0,188.0,BRA,ESP,28.7,35.1,84.0,50.0,631.0,890.0,7.0,7.0,5.0,5.0,113.0,93.0,70.0,60.0,50.0,42.0,19.0,16.0,17.0,17.0,6.0,2.0,10.0,7.0,A,1
2023-8996,Santiago,Clay,32,A,20230227,280,7-6(1) 6-4,3,R32,115.0,122669,111797,,,,SE,Juan Pablo Varillas,Nicolas Jarry,R,R,185.0,201.0,PER,CHI,27.3,27.3,77.0,87.0,681.0,616.0,6.0,12.0,1.0,3.0,65.0,81.0,40.0,52.0,26.0,39.0,15.0,14.0,11.0,11.0,0.0,3.0,2.0,4.0,B,0
2023-8996,Santiago,Clay,32,A,20230227,279,6-2 6-0,3,R32,95.0,124079,105870,,,,Q,Pedro Martinez,Yannick Hanfmann,R,R,185.0,193.0,ESP,GER,25.8,31.2,117.0,153.0,476.0,386.0,1.0,9.0,6.0,1.0,68.0,52.0,41.0,33.0,22.0,24.0,11.0,10.0,7.0,7.0,11.0,2.0,16.0,2.0,B,0
2023-8996,Santiago,Clay,32,A,20230227,278,6-1 0-0 RET,3,R32,30.0,106148,126535,,,,LL,Roberto Carballes Baena,Carlos Taberner,R,R,183.0,183.0,ESP,ESP,29.9,25.5,74.0,181.0,695.0,324.0,2.0,0.0,2.0,1.0,19.0,19.0,10.0,13.0,9.0,8.0,7.0,1.0,4.0,3.0,0.0,0.0,0.0,2.0,A,1
2023-8996,Santiago,Clay,32,A,20230227,277,6-3 6-2,3,R32,77.0,111513,105311,6.0,,,,Laslo Djere,Joao Sousa,R,R,188.0,185.0,SRB,POR,27.7,33.9,55.0,147.0,835.0,401.0,6.0,1.0,1.0,1.0,44.0,57.0,25.0,31.0,21.0,17.0,15.0,14.0,9.0,8.0,0.0,5.0,0.0,8.0,A,1
2023-8996,Santiago,Clay,32,A,20230227,276,6-3 7-6(5),3,R32,107.0,123755,109686,,,,Q,Daniel Elahi Galan,Riccardo Bonadio,R,R,191.0,180.0,COL,ITA,26.6,29.6,83.0,182.0,639.0,323.0,4.0,2.0,4.0,2.0,75.0,70.0,46.0,46.0,33.0,31.0,13.0,16.0,11.0,10.0,3.0,0.0,6.0,1.0,B,0
2023-8996,Santiago,Clay,32,A,20230227,275,6-2 7-6(2),3,R32,103.0,106426,106233,,,WC,WC,Cristian Garin,Dominic Thiem,R,R,185.0,185.0,CHI,AUT,26.7,29.4,100.0,99.0,546.0,550.0,4.0,3.0,0.0,3.0,56.0,72.0,36.0,43.0,30.0,27.0,15.0,17.0,10.0,10.0,0.0,6.0,0.0,8.0,A,1
2023-8996,Santiago,Clay,32,A,20230227,273,6-4 3-6 6-3,3,R32,122.0,106398,207678,7.0,,,Q,Pedro Cachin,Juan Manuel Cerundolo,R,L,185.0,183.0,ARG,ARG,27.8,21.2,61.0,108.0,797.0,515.0,9.0,4.0,0.0,4.0,72.0,81.0,45.0,46.0,35.0,39.0,18.0,18.0,14.0,14.0,2.0,2.0,4.0,3.0,B,0
2023-8996,Santiago,Clay,32,A,20230227,272,6-1 6-3,3,R32,73.0,105583,200116,,,,Q,Dusan Lajovic,Camilo Ugo Carabelli,R,R,183.0,185.0,SRB,ARG,32.6,23.6,75.0,122.0,693.0,456.0,0.0,0.0,2.0,2.0,45.0,47.0,30.0,29.0,25.0,22.0,9.0,3.0,8.0,8.0,2.0,2.0,2.0,6.0,A,1
2023-8996,Santiago,Clay,32,A,20230227,271,6-1 7-6(1),3,R32,107.0,104926,144869,,,,,Fabio Fognini,Tomas Martin Etcheverry,R,R,178.0,196.0,ITA,ARG,35.7,23.6,82.0,76.0,643.0,684.0,3.0,5.0,7.0,3.0,65.0,58.0,36.0,32.0,18.0,26.0,16.0,15.0,9.0,10.0,2.0,4.0,6.0,6.0,B,0
2023-0404,Indian Wells Masters,Hard,128,M,20230306,300,6-3 6-2,3,F,70.0,207989,106421,1.0,5.0,,,Carlos Alcaraz,Daniil Medvedev,R,R,183.0,198.0,ESP,RUS,19.8,27.0,2.0,6.0,6780.0,3775.0,1.0,0.0,0.0,2.0,49.0,48.0,37.0,31.0,30.0,19.0,7.0,7.0,9.0,8.0,0.0,0.0,0.0,3.0,A,1
2023-0404,Indian Wells Masters,Hard,128,M,20230306,299,7-6(4) 6-3,3,SF,112.0,206173,207989,11.0,1.0,,,Jannik Sinner,Carlos Alcaraz,R,R,191.0,183.0,ITA,ESP,21.5,19.8,13.0,2.0,2655.0,6780.0,4.0,5.0,4.0,1.0,72.0,72.0,36.0,52.0,28.0,38.0,17.0,9.0,10.0,11.0,4.0,1.0,6.0,2.0,B,0
2023-0404,Indian Wells Masters,Hard,128,M,20230306,298,7-5 7-6(4),3,SF,106.0,126207,106421,14.0,5.0,,,Frances Tiafoe,Daniil Medvedev,R,R,188.0,198.0,USA,RUS,25.1,27.0,16.0,6.0,2395.0,3775.0,3.0,9.0,1.0,2.0,75.0,75.0,44.0,44.0,31.0,35.0,15.0,20.0,12.0,12.0,8.0,1.0,11.0,3.0,B,0
2023-0404,Indian Wells Masters,Hard,128,M,20230306,297,6-4 6-4,3,QF,120.0,200000,207989,8.0,1.0,,,Felix Auger Aliassime,Carlos Alcaraz,R,R,193.0,183.0,CAN,ESP,22.5,19.8,10.0,2.0,3245.0,6780.0,6.0,2.0,6.0,2.0,82.0,58.0,46.0,36.0,32.0,29.0,15.0,13.0,10.0,10.0,9.0,3.0,12.0,4.0,B,0
2023-0404,Indian Wells Masters,Hard,128,M,20230306,296,6-4 4-6 6-4,3,QF,137.0,206173,126203,11.0,4.0,,,Jannik Sinner,Taylor Fritz,R,R,191.0,196.0,ITA,USA,21.5,25.3,13.0,5.0,2655.0,3795.0,5.0,4.0,1.0,0.0,88.0,92.0,56.0,50.0,45.0,35.0,15.0,23.0,15.0,15.0,1.0,6.0,3.0,9.0,A,1
2023-0404,Indian Wells Masters,Hard,128,M,20230306,295,6-3 7-5,3,QF,106.0,200221,106421,23.0,5.0,,,Alejandro Davidovich Fokina,Daniil Medvedev,R,R,183.0,198.0,ESP,RUS,23.7,27.0,28.0,6.0,1390.0,3775.0,1.0,4.0,0.0,7.0,75.0,70.0,53.0,39.0,34.0,33.0,11.0,17.0,10.0,11.0,5.0,6.0,7.0,6.0,B,0
2023-0404,Indian Wells Masters,Hard,128,M,20230306,294,6-4 6-4,3,QF,99.0,111815,126207,10.0,14.0,,,Cameron Norrie,Frances Tiafoe,L,R,188.0,188.0,GBR,USA,27.5,25.1,12.0,16.0,2815.0,2395.0,7.0,4.0,3.0,2.0,59.0,58.0,32.0,31.0,23.0,24.0,11.0,15.0,10.0,10.0,5.0,5.0,9.0,7.0,B,0
2023-0404,Indian Wells Masters,Hard,128,M,20230306,293,6-2 2-0 RET,3,R16,46.0,207989,207733,1.0,,,,Carlos Alcaraz,Jack Draper,R,L,183.0,193.0,ESP,GBR,19.8,21.2,2.0,56.0,6780.0,854.0,3.0,1.0,0.0,1.0,27.0,34.0,20.0,22.0,16.0,11.0,6.0,4.0,5.0,5.0,3.0,2.0,3.0,5.0,A,1
2023-0404,Indian Wells Masters,Hard,128,M,20230306,292,3-6 6-3 7-6(6),3,R16,166.0,200000,126205,8.0,17.0,,,Felix Auger Aliassime,Tommy Paul,R,R,193.0,185.0,CAN,USA,22.5,25.8,10.0,19.0,3245.0,2000.0,12.0,0.0,7.0,4.0,95.0,105.0,55.0,72.0,43.0,50.0,21.0,17.0,15.0,15.0,7.0,6.0,9.0,8.0,A,1
2023-0404,Indian Wells Masters,Hard,128,M,20230306,291,6-4 6-3,3,R16,101.0,105916,126203,,4.0,,,Marton Fucsovics,Taylor Fritz,R,R,188.0,196.0,HUN,USA,31.0,25.3,84.0,5.0,652.0,3795.0,4.0,2.0,1.0,4.0,54.0,79.0,31.0,48.0,23.0,33.0,8.0,17.0,9.0,10.0,2.0,3.0,5.0,4.0,B,0
2023-0404,Indian Wells Masters,Hard,128,M,20230306,290,6-1 6-4,3,R16,98.0,104527,206173,,11.0,PR,,Stan Wawrinka,Jannik Sinner,R,R,183.0,191.0,SUI,ITA,37.9,21.5,100.0,13.0,557.0,2655.0,1.0,5.0,1.0,0.0,63.0,64.0,34.0,31.0,20.0,21.0,11.0,20.0,8.0,9.0,10.0,8.0,14.0,9.0,B,0
2023-0404,Indian Wells Masters,Hard,128,M,20230306,289,6-7(5) 7-6(5) 7-5,3,R16,197.0,106421,100644,5.0,12.0,,,Daniil Medvedev,Alexander Zverev,R,R,198.0,198.0,RUS,GER,27.0,25.8,6.0,14.0,3775.0,2500.0,12.0,7.0,5.0,3.0,131.0,124.0,87.0,93.0,65.0,66.0,24.0,17.0,18.0,18.0,15.0,5.0,17.0,8.0,A,1
2023-0404,Indian Wells Masters,Hard,128,M,20230306,288,6-3 6-4,3,R16,84.0,200221,106426,23.0,,,Q,Alejandro Davidovich Fokina,Cristian Garin,R,R,183.0,185.0,ESP,CHI,23.7,26.7,28.0,97.0,1390.0,566.0,5.0,1.0,0.0,2.0,57.0,56.0,31.0,36.0,22.0,23.0,15.0,8.0,10.0,9.0,1.0,1.0,3.0,5.0,A,1
2023-0404,Indian Wells Masters,Hard,128,M,20230306,287,6-2 6-4,3,R16,78.0,111815,126094,10.0,6.0,,,Cameron Norrie,Andrey Rublev,L,R,188.0,188.0,GBR,RUS,27.5,25.3,12.0,7.0,2815.0,3660.0,2.0,8.0,2.0,2.0,55.0,52.0,33.0,26.0,26.0,19.0,9.0,8.0,9.0,9.0,3.0,0.0,5.0,5.0,A,1
2023-0404,Indian Wells Masters,Hard,128,M,20230306,286,6-4 6-4,3,R16,81.0,126207,126214,14.0,,,Q,Frances Tiafoe,Alejandro Tabilo,R,L,188.0,188.0,USA,CHI,25.1,25.7,16.0,187.0,2395.0,314.0,6.0,5.0,4.0,1.0,71.0,54.0,43.0,35.0,33.0,25.0,14.0,9.0,10.0,10.0,5.0,0.0,6.0,3.0,A,1
2023-0404,Indian Wells Masters,Hard,128,M,20230306,285,7-6(4) 6-3,3,R32,101.0,207989,134868,1.0,31.0,,,Carlos Alcaraz,Tallon Griekspoor,R,R,183.0,188.0,ESP,NED,19.8,26.6,2.0,36.0,6780.0,1034.0,0.0,1.0,3.0,3.0,72.0,69.0,44.0,46.0,33.0,33.0,19.0,12.0,11.0,10.0,2.0,3.0,2.0,4.0,A,1
2023-0404,Indian Wells Masters,Hard,128,M,20230306,284,7-6(6) 6-2,3,R32,123.0,104918,207733,,,,,Andy Murray,Jack Draper,R,L,191.0,193.0,GBR,GBR,35.8,21.2,55.0,56.0,855.0,854.0,3.0,8.0,5.0,1.0,76.0,65.0,44.0,40.0,30.0,29.0,15.0,17.0,10.0,10.0,7.0,4.0,10.0,5.0,B,0
2023-0404,Indian Wells Masters,Hard,128,M,20230306,283,4-6 6-2 6-4,3,R32,116.0,126205,128034,17.0,9.0,,,Tommy Paul,Hubert Hurkacz,R,R,185.0,196.0,USA,POL,25.8,26.0,19.0,11.0,2000.0,3110.0,6.0,8.0,5.0,3.0,87.0,81.0,58.0,44.0,47.0,33.0,12.0,18.0,14.0,14.0,6.0,6.0,8.0,10.0,A,1
2023-0404,Indian Wells Masters,Hard,128,M,20230306,282,7-5 6-4,3,R32,130.0,202103,200000,27.0,8.0,,,Francisco Cerundolo,Felix Auger Aliassime,R,R,185.0,193.0,ARG,CAN,24.5,22.5,32.0,10.0,1275.0,3245.0,2.0,6.0,3.0,8.0,63.0,83.0,43.0,41.0,30.0,31.0,8.0,21.0,11.0,11.0,4.0,5.0,8.0,7.0,B,0
2023-0404,Indian Wells Masters,Hard,128,M,20230306,281,6-1 6-2,3,R32,70.0,202104,126203,30.0,4.0,,,Sebastian Baez,Taylor Fritz,R,R,170.0,196.0,ARG,USA,22.1,25.3,35.0,5.0,1135.0,3795.0,0.0,4.0,1.0,2.0,49.0,42.0,32.0,24.0,15.0,21.0,4.0,5.0,7.0,8.0,6.0,2.0,12.0,4.0,B,0
2023-0404,Indian Wells Masters,Hard,128,M,20230306,280,6-4 6-2,3,R32,78.0,144684,105916,,,,,Alex Molcan,Marton Fucsovics,L,R,178.0,188.0,SVK,HUN,25.2,31.0,63.0,84.0,820.0,652.0,0.0,1.0,2.0,0.0,51.0,42.0,30.0,24.0,24.0,22.0,8.0,14.0,9.0,9.0,3.0,0.0,6.0,0.0,B,0
2023-0404,Indian Wells Masters,Hard,128,M,20230306,279,7-6(7) 6-4,3,R32,107.0,206173,105173,11.0,,,,Jannik Sinner,Adrian Mannarino,R,L,191.0,180.0,ITA,FRA,21.5,34.6,13.0,68.0,2655.0,791.0,6.0,1.0,4.0,2.0,61.0,72.0,33.0,38.0,27.0,27.0,22.0,21.0,11.0,11.0,0.0,1.0,0.0,2.0,A,1
2023-0404,Indian Wells Masters,Hard,128,M,20230306,278,6-2 6-7(5) 7-5,3,R32,160.0,208029,104527,7.0,,,PR,Holger Rune,Stan Wawrinka,R,R,188.0,183.0,DEN,SUI,19.8,37.9,8.0,100.0,3321.0,557.0,6.0,12.0,6.0,1.0,110.0,102.0,61.0,58.0,39.0,43.0,23.0,27.0,16.0,16.0,3.0,6.0,8.0,8.0,B,0
2023-0404,Indian Wells Masters,Hard,128,M,20230306,277,6-2 3-6 6-1,3,R32,105.0,125802,106421,,5.0,,,Ilya Ivashka,Daniil Medvedev,R,R,193.0,198.0,BLR,RUS,29.0,27.0,85.0,6.0,651.0,3775.0,1.0,8.0,4.0,6.0,68.0,76.0,46.0,47.0,30.0,35.0,8.0,14.0,12.0,12.0,8.0,5.0,13.0,7.0,B,0
2023-0404,Indian Wells Masters,Hard,128,M,20230306,276,7-5 1-6 7-5,3,R32,160.0,100644,200325,12.0,,,,Alexander Zverev,Emil Ruusuvuori,R,R,198.0,188.0,GER,FIN,25.8,23.9,14.0,59.0,2500.0,846.0,8.0,4.0,1.0,1.0,101.0,94.0,62.0,65.0,41.0,49.0,21.0,13.0,15.0,16.0,9.0,9.0,13.0,13.0,A,1
2023-0404,Indian Wells Masters,Hard,128,M,20230306,275,6-3 1-6 6-4,3,R32,137.0,111575,200221,13.0,23.0,,,Karen Khachanov,Alejandro Davidovich Fokina,R,R,198.0,183.0,RUS,ESP,26.7,23.7,15.0,28.0,2470.0,1390.0,4.0,3.0,1.0,5.0,93.0,83.0,58.0,43.0,38.0,27.0,16.0,21.0,13.0,13.0,7.0,6.0,11.0,10.0,B,0
2023-0404,Indian Wells Masters,Hard,128,M,20230306,274,6-4 7-6(2),3,R32,118.0,134770,106426,3.0,,,Q,Casper Ruud,Cristian Garin,R,R,183.0,185.0,NOR,CHI,24.2,26.7,4.0,97.0,5560.0,566.0,3.0,5.0,2.0,3.0,80.0,78.0,48.0,45.0,33.0,36.0,17.0,17.0,11.0,11.0,5.0,3.0,7.0,4.0,B,0
2023-0404,Indian Wells Masters,Hard,128,M,20230306,273,7-5 6-3,3,R32,82.0,126094,200005,6.0,,,,Andrey Rublev,Ugo Humbert,R,L,188.0,188.0,RUS,FRA,25.3,24.6,7.0,77.0,3660.0,678.0,4.0,4.0,0.0,4.0,52.0,68.0,40.0,30.0,31.0,23.0,7.0,17.0,10.0,11.0,0.0,2.0,1.0,6.0,A,1
2023-0404,Indian Wells Masters,Hard,128,M,20230306,272,6-7(5) 7-5 6-2,3,R32,161.0,106121,111815,,10.0,Q,,Taro Daniel,Cameron Norrie,R,L,191.0,188.0,JPN,GBR,30.1,27.5,103.0,12.0,548.0,2815.0,8.0,11.0,4.0,1.0,105.0,98.0,66.0,68.0,39.0,51.0,17.0,12.0,16.0,16.0,3.0,1.0,10.0,5.0,B,0
2023-0404,Indian Wells Masters,Hard,128,M,20230306,271,6-3 6-2,3,R32,71.0,106186,126207,,14.0,,,Jason Kubler,Frances Tiafoe,R,R,178.0,188.0,AUS,USA,29.7,25.1,75.0,16.0,710.0,2395.0,1.0,9.0,1.0,1.0,42.0,59.0,22.0,43.0,19.0,33.0,5.0,8.0,8.0,9.0,1.0,1.0,4.0,1.0,B,0
2023-0404,Indian Wells Masters,Hard,128,M,20230306,270,6-3 7-6(6),3,R32,106.0,111442,126214,,,,Q,Jordan Thompson,Alejandro Tabilo,R,L,183.0,188.0,AUS,CHI,28.8,25.7,87.0,187.0,647.0,314.0,5.0,7.0,2.0,5.0,58.0,92.0,34.0,60.0,22.0,45.0,14.0,13.0,10.0,11.0,0.0,7.0,2.0,8.0,B,0
2023-0404,Indian Wells Masters,Hard,128,M,20230306,269,6-3 6-3,3,R64,76.0,207989,106423,1.0,,,Q,Carlos Alcaraz,Thanasi Kokkinakis,R,R,183.0,193.0,ESP,AUS,19.8,26.9,2.0,94.0,6780.0,577.0,1.0,6.0,1.0,2.0,44.0,59.0,28.0,34.0,23.0,23.0,14.0,12.0,9.0,9.0,0.0,6.0,0.0,9.0,A,1
2023-0404,Indian Wells Masters,Hard,128,M,20230306,268,7-6(3) 7-6(4),3,R64,111.0,134868,105550,31.0,,,PR,Tallon Griekspoor,Guido Pella,R,L,188.0,183.0,NED,ARG,26.6,32.8,36.0,739.0,1034.0,30.0,14.0,2.0,3.0,1.0,82.0,77.0,56.0,43.0,43.0,30.0,11.0,17.0,12.0,12.0,0.0,2.0,2.0,4.0,A,1
2023-0404,Indian Wells Masters,Hard,128,M,20230306,267,6-4 6-2,3,R64,120.0,207733,105554,,24.0,,,Jack Draper,Daniel Evans,L,R,193.0,175.0,GBR,GBR,21.2,32.7,56.0,29.0,854.0,1380.0,8.0,2.0,6.0,5.0,79.0,60.0,45.0,28.0,31.0,17.0,16.0,15.0,9.0,9.0,10.0,6.0,11.0,10.0,A,1
2023-0404,Indian Wells Masters,Hard,128,M,20230306,266,6-4 6-3,3,R64,101.0,105430,104918,,,LL,,Radu Albot,Andy Murray,R,R,175.0,191.0,MDA,GBR,33.3,35.8,109.0,55.0,522.0,855.0,1.0,6.0,0.0,0.0,70.0,51.0,40.0,35.0,24.0,29.0,16.0,11.0,9.0,10.0,9.0,0.0,11.0,0.0,B,0
2023-0404,Indian Wells Masters,Hard,128,M,20230306,265,6-3 6-3,3,R64,73.0,200615,128034,,9.0,LL,,Alexei Popyrin,Hubert Hurkacz,R,R,196.0,196.0,AUS,POL,23.5,26.0,101.0,11.0,556.0,3110.0,2.0,9.0,3.0,1.0,51.0,61.0,30.0,40.0,22.0,30.0,9.0,13.0,9.0,9.0,4.0,2.0,7.0,2.0,B,0
2023-0404,Indian Wells Masters,Hard,128,M,20230306,264,6-3 6-3,3,R64,79.0,126205,105526,17.0,,,Q,Tommy Paul,Jan Lennard Struff,R,R,185.0,193.0,USA,GER,25.8,32.8,19.0,134.0,2000.0,446.0,6.0,3.0,0.0,4.0,52.0,64.0,37.0,36.0,24.0,25.0,13.0,9.0,9.0,9.0,3.0,8.0,4.0,12.0,A,1
2023-0404,Indian Wells Masters,Hard,128,M,20230306,263,4-6 6-3 6-4,3,R64,134.0,106058,202103,,27.0,WC,,Jack Sock,Francisco Cerundolo,R,R,191.0,185.0,USA,ARG,30.4,24.5,154.0,32.0,385.0,1275.0,10.0,4.0,8.0,3.0,93.0,87.0,55.0,52.0,38.0,35.0,20.0,22.0,14.0,15.0,3.0,2.0,6.0,4.0,B,0
2023-0404,Indian Wells Masters,Hard,128,M,20230306,262,7-6(5) 6-4,3,R64,145.0,124079,200000,,8.0,,,Pedro Martinez,Felix Auger Aliassime,R,R,185.0,193.0,ESP,CAN,25.8,22.5,120.0,10.0,476.0,3245.0,0.0,10.0,4.0,4.0,106.0,68.0,72.0,33.0,42.0,27.0,19.0,20.0,11.0,11.0,15.0,0.0,17.0,1.0,B,0
2023-0404,Indian Wells Masters,Hard,128,M,20230306,261,4-6 6-4 6-3,3,R64,112.0,126203,210097,4.0,,,,Taylor Fritz,Ben Shelton,R,L,196.0,193.0,USA,USA,25.3,20.4,5.0,41.0,3795.0,964.0,4.0,4.0,0.0,2.0,74.0,82.0,43.0,48.0,34.0,41.0,26.0,16.0,15.0,14.0,0.0,2.0,1.0,4.0,A,1
2023-0404,Indian Wells Masters,Hard,128,M,20230306,260,6-3 6-1,3,R64,64.0,202104,208014,30.0,,,Q,Sebastian Baez,Rinky Hijikata,R,R,170.0,178.0,ARG,AUS,22.1,22.0,35.0,130.0,1135.0,451.0,1.0,1.0,0.0,3.0,40.0,48.0,35.0,29.0,27.0,17.0,2.0,5.0,8.0,8.0,0.0,3.0,1.0,8.0,A,1
2023-0404,Indian Wells Masters,Hard,128,M,20230306,259,6-3 6-3,3,R64,109.0,106432,144684,18.0,,,,Borna Coric,Alex Molcan,R,L,188.0,178.0,CRO,SVK,26.3,25.2,20.0,63.0,1905.0,820.0,3.0,1.0,3.0,5.0,62.0,81.0,36.0,52.0,21.0,35.0,11.0,13.0,9.0,9.0,5.0,8.0,9.0,9.0,B,0
2023-0404,Indian Wells Masters,Hard,128,M,20230306,258,6-4 6-2,3,R64,87.0,200282,105916,16.0,,,,Alex De Minaur,Marton Fucsovics,R,R,183.0,188.0,AUS,HUN,24.0,31.0,18.0,84.0,2165.0,652.0,1.0,4.0,6.0,0.0,60.0,53.0,27.0,38.0,20.0,23.0,6.0,7.0,9.0,9.0,2.0,1.0,8.0,4.0,B,0
2023-0404,Indian Wells Masters,Hard,128,M,20230306,257,6-3 7-6(2),3,R64,94.0,104755,206173,,11.0,,,Richard Gasquet,Jannik Sinner,R,R,183.0,191.0,FRA,ITA,36.7,21.5,43.0,13.0,955.0,2655.0,5.0,9.0,4.0,1.0,66.0,66.0,38.0,35.0,29.0,31.0,11.0,17.0,10.0,11.0,2.0,1.0,4.0,2.0,B,0
2023-0404,Indian Wells Masters,Hard,128,M,20230306,256,6-4 6-4,3,R64,136.0,105173,207518,,19.0,,,Adrian Mannarino,Lorenzo Musetti,L,R,180.0,185.0,FRA,ITA,34.6,21.0,68.0,21.0,791.0,1855.0,3.0,3.0,1.0,1.0,93.0,68.0,59.0,36.0,38.0,23.0,16.0,12.0,10.0,10.0,9.0,4.0,11.0,8.0,A,1
2023-0404,Indian Wells Masters,Hard,128,M,20230306,255,7-6(8) 6-4,3,R64,105.0,104527,200175,,26.0,PR,,Stan Wawrinka,Miomir Kecmanovic,R,R,183.0,183.0,SUI,SRB,37.9,23.5,100.0,31.0,557.0,1290.0,13.0,4.0,3.0,3.0,65.0,78.0,34.0,44.0,30.0,30.0,19.0,17.0,11.0,11.0,1.0,3.0,2.0,5.0,A,1
2023-0404,Indian Wells Masters,Hard,128,M,20230306,254,7-5 6-3,3,R64,80.0,208029,111456,7.0,,,,Holger Rune,Mackenzie Mcdonald,R,R,188.0,178.0,DEN,USA,19.8,27.8,8.0,53.0,3321.0,865.0,3.0,2.0,3.0,1.0,64.0,51.0,42.0,31.0,33.0,22.0,14.0,13.0,11.0,10.0,0.0,3.0,0.0,5.0,A,1
2023-0404,Indian Wells Masters,Hard,128,M,20230306,253,6-4 6-3,3,R64,86.0,106421,206909,5.0,,,,Daniil Medvedev,Brandon Nakashima,R,R,198.0,188.0,RUS,USA,27.0,21.5,6.0,48.0,3775.0,927.0,6.0,7.0,2.0,1.0,56.0,61.0,33.0,44.0,24.0,29.0,16.0,5.0,9.0,10.0,6.0,4.0,6.0,7.0,A,1
2023-0404,Indian Wells Masters,Hard,128,M,20230306,252,7-5 3-2 RET,3,R64,115.0,122298,125802,28.0,,,,Botic Van De Zandschulp,Ilya Ivashka,R,R,191.0,193.0,NED,BLR,27.4,29.0,33.0,85.0,1205.0,651.0,2.0,2.0,2.0,2.0,68.0,65.0,44.0,41.0,28.0,27.0,11.0,14.0,9.0,8.0,5.0,4.0,8.0,5.0,B,0
2023-0404,Indian Wells Masters,Hard,128,M,20230306,251,7-6(5) 6-2,3,R64,105.0,200325,105138,,22.0,,,Emil Ruusuvuori,Roberto Bautista Agut,R,R,188.0,183.0,FIN,ESP,23.9,34.8,59.0,27.0,846.0,1465.0,6.0,2.0,1.0,2.0,62.0,67.0,39.0,36.0,31.0,25.0,13.0,15.0,10.0,10.0,1.0,1.0,2.0,4.0,A,1
2023-0404,Indian Wells Masters,Hard,128,M,20230306,250,6-3 6-1,3,R64,78.0,100644,106398,12.0,,,,Alexander Zverev,Pedro Cachin,R,R,198.0,185.0,GER,ARG,25.8,27.8,14.0,66.0,2500.0,797.0,7.0,3.0,1.0,1.0,48.0,58.0,28.0,36.0,23.0,21.0,12.0,7.0,8.0,8.0,2.0,2.0,2.0,6.0,A,1
2023-0404,Indian Wells Masters,Hard,128,M,20230306,249,6-3 6-3,3,R64,76.0,111575,106214,13.0,,,,Karen Khachanov,Oscar Otte,R,R,198.0,193.0,RUS,GER,26.7,29.6,15.0,82.0,2470.0,656.0,5.0,4.0,0.0,3.0,55.0,57.0,35.0,25.0,22.0,13.0,13.0,16.0,9.0,9.0,2.0,2.0,3.0,6.0,A,1
2023-0404,Indian Wells Masters,Hard,128,M,20230306,248,6-4 6-1,3,R64,103.0,200221,200059,23.0,,,WC,Alejandro Davidovich Fokina,Yibing Wu,R,R,183.0,183.0,ESP,CHN,23.7,23.3,28.0,67.0,1390.0,793.0,0.0,4.0,1.0,0.0,48.0,69.0,24.0,40.0,21.0,27.0,16.0,10.0,9.0,8.0,0.0,2.0,0.0,5.0,A,1
2023-0404,Indian Wells Masters,Hard,128,M,20230306,247,6-4 6-0,3,R64,64.0,106426,106415,,29.0,Q,,Cristian Garin,Yoshihito Nishioka,R,L,185.0,170.0,CHI,JPN,26.7,27.4,97.0,34.0,566.0,1142.0,8.0,1.0,1.0,3.0,47.0,49.0,32.0,32.0,26.0,17.0,8.0,10.0,8.0,8.0,0.0,4.0,0.0,8.0,A,1
2023-0404,Indian Wells Masters,Hard,128,M,20230306,246,6-2 6-3,3,R64,88.0,106043,134770,,3.0,,,Diego Schwartzman,Casper Ruud,R,R,170.0,183.0,ARG,NOR,30.5,24.2,38.0,4.0,1010.0,5560.0,2.0,1.0,1.0,1.0,57.0,50.0,31.0,33.0,21.0,27.0,11.0,11.0,8.0,9.0,2.0,1.0,5.0,1.0,B,0
2023-0404,Indian Wells Masters,Hard,128,M,20230306,245,6-4 6-2,3,R64,76.0,208103,126094,,6.0,,,Jiri Lehecka,Andrey Rublev,R,R,185.0,188.0,CZE,RUS,21.3,25.3,47.0,7.0,932.0,3660.0,1.0,5.0,4.0,0.0,67.0,50.0,39.0,29.0,26.0,22.0,10.0,13.0,9.0,9.0,5.0,4.0,9.0,5.0,B,0
2023-0404,Indian Wells Masters,Hard,128,M,20230306,244,7-5 6-4,3,R64,114.0,200005,133430,,25.0,,,Ugo Humbert,Denis Shapovalov,L,L,188.0,185.0,FRA,CAN,24.6,23.8,77.0,30.0,678.0,1380.0,5.0,6.0,3.0,14.0,73.0,78.0,44.0,42.0,29.0,23.0,16.0,20.0,11.0,11.0,4.0,7.0,6.0,11.0,A,1
2023-0404,Indian Wells Masters,Hard,128,M,20230306,243,7-6(5) 0-6 6-3,3,R64,159.0,126610,106121,20.0,,,Q,Matteo Berrettini,Taro Daniel,R,R,196.0,191.0,ITA,JPN,26.8,30.1,23.0,103.0,1780.0,548.0,9.0,0.0,1.0,3.0,91.0,87.0,50.0,51.0,39.0,29.0,18.0,21.0,13.0,14.0,5.0,3.0,7.0,7.0,B,0
2023-0404,Indian Wells Masters,Hard,128,M,20230306,242,6-2 6-4,3,R64,73.0,111815,126555,10.0,,,Q,Cameron Norrie,Tung Lin Wu,L,R,188.0,188.0,GBR,TPE,27.5,24.8,12.0,175.0,2815.0,333.0,4.0,1.0,2.0,1.0,51.0,51.0,31.0,31.0,25.0,16.0,12.0,9.0,9.0,9.0,3.0,4.0,4.0,8.0,A,1
2023-0404,Indian Wells Masters,Hard,128,M,20230306,241,6-2 6-2,3,R64,65.0,126207,106218,14.0,,,,Frances Tiafoe,Marcos Giron,R,R,188.0,180.0,USA,USA,25.1,29.6,16.0,73.0,2395.0,731.0,4.0,2.0,0.0,0.0,42.0,52.0,25.0,33.0,22.0,17.0,11.0,11.0,8.0,8.0,0.0,7.0,0.0,11.0,A,1
2023-0404,Indian Wells Masters,Hard,128,M,20230306,240,2-6 7-6(5) 3-0 RET,3,R64,111.0,105777,106186,21.0,,,,Grigor Dimitrov,Jason Kubler,R,R,191.0,178.0,BUL,AUS,31.8,29.7,25.0,75.0,1620.0,710.0,16.0,6.0,3.0,3.0,65.0,83.0,43.0,42.0,38.0,34.0,9.0,23.0,11.0,12.0,4.0,3.0,5.0,5.0,B,0
2023-0404,Indian Wells Masters,Hard,128,M,20230306,239,7-6(3) 7-6(13),3,R64,146.0,202195,126214,32.0,,,Q,Maxime Cressy,Alejandro Tabilo,R,L,201.0,188.0,USA,CHI,25.8,25.7,37.0,187.0,1016.0,314.0,28.0,10.0,18.0,1.0,94.0,86.0,44.0,60.0,35.0,47.0,28.0,19.0,12.0,12.0,2.0,4.0,2.0,4.0,B,0
2023-0404,Indian Wells Masters,Hard,128,M,20230306,238,7-6(0) 4-6 7-6(5),3,R64,156.0,111442,126774,,2.0,,,Jordan Thompson,Stefanos Tsitsipas,R,R,183.0,193.0,AUS,GRE,28.8,24.5,87.0,3.0,647.0,5805.0,11.0,8.0,0.0,3.0,107.0,101.0,71.0,66.0,55.0,55.0,23.0,18.0,17.0,17.0,3.0,4.0,5.0,5.0,A,1
2023-0404,Indian Wells Masters,Hard,128,M,20230306,236,6-4 6-1,3,R128,75.0,106423,200587,,,Q,WC,Thanasi Kokkinakis,Brandon Holt,R,R,193.0,185.0,AUS,USA,26.9,24.9,94.0,193.0,577.0,309.0,9.0,1.0,0.0,0.0,34.0,68.0,18.0,40.0,18.0,21.0,14.0,13.0,8.0,9.0,0.0,6.0,0.0,10.0,A,1
2023-0404,Indian Wells Masters,Hard,128,M,20230306,235,3-6 7-5 6-2,3,R128,154.0,105550,106329,,,PR,,Guido Pella,Thiago Monteiro,L,L,183.0,183.0,ARG,BRA,32.8,28.7,739.0,78.0,30.0,676.0,4.0,14.0,4.0,3.0,93.0,98.0,57.0,59.0,39.0,40.0,18.0,18.0,15.0,14.0,5.0,10.0,8.0,14.0,A,1
2023-0404,Indian Wells Masters,Hard,128,M,20230306,232,6-1 6-1,3,R128,56.0,209857,207733,,,Q,,Leandro Riedi,Jack Draper,R,L,191.0,193.0,SUI,GBR,21.1,21.2,135.0,56.0,445.0,854.0,2.0,8.0,5.0,1.0,46.0,36.0,23.0,23.0,9.0,20.0,8.0,6.0,7.0,7.0,1.0,1.0,7.0,2.0,B,0
2023-0404,Indian Wells Masters,Hard,128,M,20230306,231,6-7(5) 6-1 6-4,3,R128,192.0,104918,144869,,,,,Andy Murray,Tomas Martin Etcheverry,R,R,191.0,196.0,GBR,ARG,35.8,23.6,55.0,61.0,855.0,822.0,6.0,9.0,3.0,4.0,100.0,116.0,64.0,71.0,43.0,49.0,24.0,17.0,15.0,14.0,4.0,16.0,5.0,20.0,A,1
2023-0404,Indian Wells Masters,Hard,128,M,20230306,228,6-4 5-7 6-1,3,R128,125.0,200615,111190,,,LL,Q,Alexei Popyrin,Zhizhen Zhang,R,R,196.0,193.0,AUS,CHN,23.5,26.3,101.0,93.0,556.0,580.0,14.0,5.0,3.0,4.0,103.0,78.0,62.0,52.0,49.0,33.0,18.0,14.0,15.0,14.0,8.0,6.0,10.0,10.0,A,1
2023-0404,Indian Wells Masters,Hard,128,M,20230306,227,1-6 6-3 6-3,3,R128,101.0,105526,111460,,,Q,,Jan Lennard Struff,Quentin Halys,R,R,193.0,191.0,GER,FRA,32.8,26.3,134.0,81.0,446.0,661.0,5.0,10.0,3.0,6.0,79.0,75.0,39.0,44.0,25.0,35.0,24.0,14.0,12.0,13.0,7.0,4.0,9.0,7.0,A,1
2023-0404,Indian Wells Masters,Hard,128,M,20230306,224,6-4 6-2,3,R128,83.0,106296,106058,,,,WC,Gregoire Barrere,Jack Sock,R,R,183.0,191.0,FRA,USA,29.0,30.4,65.0,154.0,799.0,385.0,4.0,2.0,3.0,2.0,64.0,61.0,33.0,38.0,19.0,29.0,16.0,14.0,9.0,9.0,3.0,2.0,6.0,2.0,B,0
2023-0404,Indian Wells Masters,Hard,128,M,20230306,223,7-6(4) 3-6 6-4,3,R128,140.0,124079,144817,,,,,Pedro Martinez,Marc Andrea Huesler,R,L,185.0,196.0,ESP,SUI,25.8,26.6,120.0,51.0,476.0,890.0,1.0,16.0,6.0,5.0,97.0,92.0,54.0,48.0,38.0,39.0,29.0,19.0,16.0,15.0,1.0,1.0,4.0,3.0,A,1
2023-0404,Indian Wells Masters,Hard,128,M,20230306,220,6-4 6-1,3,R128,70.0,210097,104926,,,,,Ben Shelton,Fabio Fognini,L,R,193.0,178.0,USA,ITA,20.4,35.7,41.0,88.0,964.0,643.0,5.0,1.0,5.0,4.0,63.0,38.0,43.0,21.0,28.0,13.0,11.0,6.0,9.0,8.0,4.0,3.0,5.0,7.0,A,1
2023-0404,Indian Wells Masters,Hard,128,M,20230306,219,6-4 7-5,3,R128,126.0,144707,208014,,,,Q,Mikael Ymer,Rinky Hijikata,R,R,183.0,178.0,SWE,AUS,24.4,22.0,57.0,130.0,851.0,451.0,0.0,0.0,3.0,4.0,84.0,80.0,66.0,49.0,34.0,27.0,7.0,19.0,11.0,11.0,10.0,6.0,16.0,10.0,B,0
2023-0404,Indian Wells Masters,Hard,128,M,20230306,216,6-3 6-2,3,R128,82.0,144684,105077,,,,,Alex Molcan,Albert Ramos,L,L,178.0,188.0,SVK,ESP,25.2,35.1,63.0,50.0,820.0,890.0,4.0,1.0,2.0,1.0,47.0,54.0,27.0,32.0,24.0,18.0,13.0,12.0,9.0,8.0,0.0,5.0,0.0,8.0,A,1
2023-0404,Indian Wells Masters,Hard,128,M,20230306,215,1-6 6-0 6-3,3,R128,102.0,105916,200670,,,,,Marton Fucsovics,J J Wolf,R,R,188.0,183.0,HUN,USA,31.0,24.2,84.0,44.0,652.0,951.0,6.0,7.0,6.0,5.0,59.0,74.0,29.0,37.0,21.0,28.0,16.0,13.0,11.0,11.0,1.0,8.0,4.0,13.0,A,1
2023-0404,Indian Wells Masters,Hard,128,M,20230306,212,6-4 6-7(5) 6-2,3,R128,129.0,127339,104755,,,Q,,Borna Gojo,Richard Gasquet,R,R,196.0,183.0,CRO,FRA,25.0,36.7,121.0,43.0,475.0,955.0,20.0,6.0,0.0,3.0,95.0,96.0,57.0,53.0,44.0,41.0,14.0,22.0,15.0,15.0,3.0,3.0,8.0,5.0,B,0
2023-0404,Indian Wells Masters,Hard,128,M,20230306,211,4-6 6-4 7-6(5),3,R128,163.0,105173,106233,,,,WC,Adrian Mannarino,Dominic Thiem,L,R,180.0,185.0,FRA,AUT,34.6,29.5,68.0,102.0,791.0,550.0,3.0,11.0,2.0,7.0,105.0,97.0,64.0,54.0,39.0,39.0,30.0,22.0,16.0,16.0,4.0,2.0,8.0,6.0,A,1
2023-0404,Indian Wells Masters,Hard,128,M,20230306,208,6-4 1-6 6-1,3,R128,83.0,126846,104527,,,Q,PR,Aleksandar Vukic,Stan Wawrinka,R,R,188.0,183.0,AUS,SUI,26.9,37.9,186.0,100.0,316.0,557.0,5.0,10.0,2.0,2.0,58.0,63.0,39.0,34.0,29.0,29.0,10.0,16.0,12.0,12.0,1.0,2.0,4.0,4.0,B,0
2023-0404,Indian Wells Masters,Hard,128,M,20230306,207,6-3 6-0,3,R128,61.0,105936,111456,,,,,Filip Krajinovic,Mackenzie Mcdonald,R,R,185.0,178.0,SRB,USA,31.0,27.8,74.0,53.0,730.0,865.0,2.0,5.0,1.0,2.0,51.0,41.0,32.0,23.0,14.0,19.0,11.0,10.0,8.0,7.0,5.0,2.0,10.0,2.0,B,0
2023-0404,Indian Wells Masters,Hard,128,M,20230306,204,7-6(7) 6-3,3,R128,98.0,206909,104545,,,,,Brandon Nakashima,John Isner,R,R,188.0,208.0,USA,USA,21.5,37.8,48.0,39.0,927.0,995.0,6.0,14.0,1.0,7.0,69.0,77.0,48.0,50.0,41.0,39.0,14.0,12.0,11.0,10.0,2.0,5.0,2.0,6.0,A,1
2023-0404,Indian Wells Masters,Hard,128,M,20230306,203,6-4 6-2,3,R128,92.0,125802,126128,,,,,Ilya Ivashka,Roman Safiullin,R,R,193.0,185.0,BLR,RUS,29.0,25.5,85.0,113.0,651.0,513.0,5.0,2.0,1.0,6.0,57.0,63.0,36.0,36.0,29.0,20.0,8.0,11.0,9.0,9.0,3.0,5.0,5.0,10.0,A,1
2023-0404,Indian Wells Masters,Hard,128,M,20230306,200,6-4 4-1 RET,3,R128,93.0,200325,106005,,,,,Emil Ruusuvuori,Constant Lestienne,R,R,188.0,180.0,FIN,FRA,23.9,30.7,59.0,62.0,846.0,821.0,2.0,3.0,1.0,6.0,42.0,72.0,28.0,41.0,23.0,22.0,7.0,12.0,8.0,7.0,1.0,13.0,2.0,16.0,A,1
2023-0404,Indian Wells Masters,Hard,128,M,20230306,199,7-5 6-3,3,R128,84.0,106398,105932,,,,,Pedro Cachin,Nikoloz Basilashvili,R,R,185.0,185.0,ARG,GEO,27.8,31.0,66.0,118.0,797.0,481.0,7.0,5.0,0.0,8.0,61.0,70.0,29.0,42.0,24.0,30.0,20.0,10.0,11.0,10.0,3.0,7.0,4.0,10.0,A,1
2023-0404,Indian Wells Masters,Hard,128,M,20230306,196,6-3 7-5,3,R128,98.0,111513,106214,,,,,Laslo Djere,Oscar Otte,R,R,188.0,193.0,SRB,GER,27.7,29.6,54.0,82.0,860.0,656.0,1.0,7.0,2.0,2.0,79.0,63.0,47.0,30.0,27.0,30.0,21.0,17.0,10.0,11.0,9.0,1.0,11.0,1.0,B,0
2023-0404,Indian Wells Masters,Hard,128,M,20230306,195,6-7(6) 6-0 7-6(3),3,R128,159.0,200059,144719,,,WC,,Yibing Wu,Jaume Munar,R,R,183.0,183.0,CHN,ESP,23.3,25.8,67.0,58.0,793.0,847.0,4.0,2.0,4.0,7.0,93.0,113.0,44.0,69.0,34.0,51.0,29.0,13.0,15.0,15.0,0.0,7.0,2.0,12.0,A,1
2023-0404,Indian Wells Masters,Hard,128,M,20230306,192,6-4 6-2,3,R128,92.0,123755,106426,,,,Q,Daniel Elahi Galan,Cristian Garin,R,R,191.0,185.0,COL,CHI,26.7,26.7,89.0,97.0,639.0,566.0,4.0,3.0,3.0,7.0,70.0,62.0,45.0,35.0,29.0,29.0,10.0,13.0,9.0,9.0,4.0,2.0,7.0,2.0,B,0
2023-0404,Indian Wells Masters,Hard,128,M,20230306,191,6-1 6-2,3,R128,70.0,106043,105948,,,,,Diego Schwartzman,Federico Coria,R,R,170.0,180.0,ARG,ARG,30.5,30.9,38.0,64.0,1010.0,810.0,1.0,0.0,2.0,3.0,45.0,57.0,29.0,40.0,19.0,19.0,11.0,4.0,7.0,8.0,3.0,5.0,4.0,11.0,A,1
2023-0404,Indian Wells Masters,Hard,128,M,20230306,188,7-6(4) 7-5,3,R128,113.0,208103,126239,,,,,Jiri Lehecka,Arthur Rinderknech,R,R,185.0,196.0,CZE,FRA,21.3,27.6,47.0,72.0,932.0,737.0,5.0,3.0,3.0,8.0,87.0,78.0,53.0,41.0,38.0,27.0,16.0,19.0,12.0,12.0,6.0,3.0,9.0,7.0,A,1
2023-0404,Indian Wells Masters,Hard,128,M,20230306,187,6-2 7-6(6),3,R128,97.0,200005,126523,,,,,Ugo Humbert,Bernabe Zapata Miralles,L,R,188.0,183.0,FRA,ESP,24.6,26.1,77.0,42.0,678.0,959.0,2.0,3.0,4.0,5.0,66.0,67.0,45.0,42.0,30.0,23.0,10.0,11.0,10.0,10.0,2.0,1.0,4.0,5.0,A,1
2023-0404,Indian Wells Masters,Hard,128,M,20230306,184,6-1 7-5,3,R128,103.0,106148,106121,,,,Q,Roberto Carballes Baena,Taro Daniel,R,R,183.0,191.0,ESP,JPN,29.9,30.1,79.0,103.0,665.0,548.0,4.0,3.0,0.0,0.0,63.0,57.0,39.0,38.0,20.0,29.0,13.0,11.0,9.0,10.0,3.0,4.0,7.0,5.0,B,0
2023-0404,Indian Wells Masters,Hard,128,M,20230306,183,6-4 6-4,3,R128,86.0,126555,122330,,,Q,,Tung Lin Wu,Alexander Bublik,R,R,188.0,196.0,TPE,KAZ,24.8,25.7,175.0,46.0,333.0,935.0,0.0,6.0,2.0,7.0,61.0,75.0,40.0,45.0,31.0,35.0,13.0,12.0,10.0,10.0,1.0,6.0,1.0,8.0,A,1
2023-0404,Indian Wells Masters,Hard,128,M,20230306,180,6-3 7-5,3,R128,84.0,106218,206499,,,,WC,Marcos Giron,Aleksandar Kovacevic,R,R,180.0,183.0,USA,USA,29.6,24.5,73.0,107.0,731.0,527.0,6.0,8.0,4.0,2.0,57.0,69.0,30.0,41.0,27.0,28.0,16.0,15.0,10.0,11.0,1.0,3.0,1.0,6.0,A,1
2023-0404,Indian Wells Masters,Hard,128,M,20230306,179,6-4 7-6(4),3,R128,113.0,106186,132283,,,,,Jason Kubler,Lorenzo Sonego,R,R,178.0,191.0,AUS,ITA,29.7,27.8,75.0,60.0,710.0,835.0,3.0,5.0,2.0,3.0,73.0,64.0,47.0,37.0,38.0,32.0,16.0,14.0,11.0,11.0,1.0,0.0,1.0,1.0,A,1
2023-0404,Indian Wells Masters,Hard,128,M,20230306,176,6-4 6-3,3,R128,95.0,126214,109739,,,Q,Q,Alejandro Tabilo,Maximilian Marterer,L,L,188.0,188.0,CHI,GER,25.7,27.7,187.0,156.0,314.0,382.0,6.0,5.0,0.0,4.0,47.0,88.0,30.0,55.0,21.0,32.0,14.0,14.0,9.0,10.0,0.0,9.0,1.0,13.0,A,1
2023-0404,Indian Wells Masters,Hard,128,M,20230306,175,6-3 6-1,3,R128,64.0,104792,111442,,,PR,,Gael Monfils,Jordan Thompson,R,R,193.0,183.0,FRA,AUS,36.5,28.8,210.0,87.0,270.0,647.0,1.0,2.0,5.0,0.0,46.0,44.0,26.0,29.0,15.0,21.0,8.0,12.0,8.0,8.0,2.0,0.0,6.0,0.0,B,0
2023-0403,Miami Masters,Hard,128,M,20230320,300,7-5 6-3,3,F,94.0,106421,206173,4.0,10.0,,,Daniil Medvedev,Jannik Sinner,R,R,198.0,191.0,RUS,ITA,27.1,21.5,5.0,11.0,4330.0,2925.0,9.0,6.0,6.0,0.0,63.0,63.0,37.0,35.0,32.0,24.0,12.0,9.0,11.0,10.0,4.0,2.0,6.0,6.0,A,1
2023-0403,Miami Masters,Hard,128,M,20230320,299,6-7(4) 6-4 6-2,3,SF,181.0,207989,206173,1.0,10.0,,,Carlos Alcaraz,Jannik Sinner,R,R,183.0,191.0,ESP,ITA,19.8,21.5,1.0,11.0,7420.0,2925.0,5.0,8.0,9.0,4.0,113.0,104.0,62.0,66.0,41.0,45.0,21.0,21.0,15.0,15.0,6.0,9.0,12.0,12.0,B,0
2023-0403,Miami Masters,Hard,128,M,20230320,298,7-6(5) 3-6 6-3,3,SF,137.0,111575,106421,14.0,4.0,,,Karen Khachanov,Daniil Medvedev,R,R,198.0,198.0,RUS,RUS,26.8,27.1,16.0,5.0,2505.0,4330.0,7.0,13.0,1.0,6.0,88.0,93.0,58.0,64.0,44.0,48.0,20.0,16.0,15.0,15.0,2.0,4.0,4.0,6.0,B,0
2023-0403,Miami Masters,Hard,128,M,20230320,297,6-4 6-2,3,QF,78.0,126203,207989,9.0,1.0,,,Taylor Fritz,Carlos Alcaraz,R,R,196.0,183.0,USA,ESP,25.3,19.8,10.0,1.0,2975.0,7420.0,4.0,6.0,5.0,0.0,57.0,54.0,33.0,37.0,24.0,28.0,9.0,11.0,9.0,9.0,2.0,2.0,5.0,2.0,B,0
2023-0403,Miami Masters,Hard,128,M,20230320,296,6-3 6-1,3,QF,74.0,200325,206173,,10.0,,,Emil Ruusuvuori,Jannik Sinner,R,R,188.0,191.0,FIN,ITA,23.9,21.5,54.0,11.0,866.0,2925.0,2.0,4.0,0.0,2.0,55.0,42.0,35.0,22.0,23.0,21.0,6.0,12.0,8.0,8.0,2.0,1.0,6.0,1.0,B,0
2023-0403,Miami Masters,Hard,128,M,20230320,295,6-3 7-5,3,QF,89.0,111153,106421,,4.0,Q,,Christopher Eubanks,Daniil Medvedev,R,R,201.0,198.0,USA,RUS,26.8,27.1,119.0,5.0,479.0,4330.0,4.0,9.0,5.0,5.0,66.0,71.0,38.0,44.0,27.0,36.0,11.0,12.0,11.0,10.0,2.0,5.0,6.0,6.0,B,0
2023-0403,Miami Masters,Hard,128,M,20230320,294,6-3 6-2,3,QF,75.0,202103,111575,25.0,14.0,,,Francisco Cerundolo,Karen Khachanov,R,R,185.0,198.0,ARG,RUS,24.5,26.8,31.0,16.0,1320.0,2505.0,2.0,7.0,2.0,2.0,50.0,53.0,32.0,31.0,22.0,25.0,4.0,11.0,8.0,9.0,2.0,2.0,6.0,3.0,B,0
2023-0403,Miami Masters,Hard,128,M,20230320,293,6-4 6-4,3,R16,96.0,207989,126205,1.0,16.0,,,Carlos Alcaraz,Tommy Paul,R,R,183.0,185.0,ESP,USA,19.8,25.8,1.0,19.0,7420.0,2045.0,3.0,5.0,3.0,2.0,56.0,68.0,34.0,42.0,27.0,29.0,15.0,12.0,10.0,10.0,1.0,4.0,1.0,6.0,A,1
2023-0403,Miami Masters,Hard,128,M,20230320,292,6-3 6-4,3,R16,85.0,208029,126203,7.0,9.0,,,Holger Rune,Taylor Fritz,R,R,188.0,196.0,DEN,USA,19.8,25.3,8.0,10.0,3325.0,2975.0,4.0,8.0,5.0,4.0,58.0,67.0,40.0,37.0,24.0,29.0,9.0,16.0,9.0,10.0,1.0,5.0,4.0,6.0,B,0
2023-0403,Miami Masters,Hard,128,M,20230320,291,4-6 6-4 7-5,3,R16,163.0,122298,200325,26.0,,,,Botic Van De Zandschulp,Emil Ruusuvuori,R,R,191.0,188.0,NED,FIN,27.4,23.9,32.0,54.0,1170.0,866.0,6.0,4.0,3.0,4.0,88.0,102.0,63.0,69.0,38.0,48.0,14.0,13.0,16.0,16.0,4.0,8.0,9.0,12.0,B,0
2023-0403,Miami Masters,Hard,128,M,20230320,290,6-2 6-4,3,R16,72.0,126094,206173,6.0,10.0,,,Andrey Rublev,Jannik Sinner,R,R,188.0,191.0,RUS,ITA,25.4,21.5,7.0,11.0,3390.0,2925.0,6.0,8.0,2.0,0.0,56.0,46.0,41.0,28.0,30.0,24.0,4.0,12.0,9.0,9.0,2.0,0.0,5.0,0.0,B,0
2023-0403,Miami Masters,Hard,128,M,20230320,289,7-6(2) 7-6(5),3,R16,131.0,111153,105173,,,Q,,Christopher Eubanks,Adrian Mannarino,R,L,201.0,180.0,USA,FRA,26.8,34.7,119.0,62.0,479.0,826.0,12.0,6.0,3.0,3.0,95.0,73.0,65.0,46.0,45.0,37.0,17.0,13.0,12.0,12.0,8.0,0.0,9.0,1.0,A,1
2023-0403,Miami Masters,Hard,128,M,20230320,288,6-4 6-2,3,R16,70.0,106421,111460,4.0,,,,Daniil Medvedev,Quentin Halys,R,R,198.0,191.0,RUS,FRA,27.1,26.3,5.0,79.0,4330.0,705.0,7.0,5.0,3.0,1.0,53.0,61.0,39.0,43.0,32.0,28.0,7.0,6.0,9.0,9.0,0.0,1.0,0.0,4.0,A,1
2023-0403,Miami Masters,Hard,128,M,20230320,287,3-6 6-3 6-2,3,R16,122.0,132283,202103,,25.0,,,Lorenzo Sonego,Francisco Cerundolo,R,R,191.0,185.0,ITA,ARG,27.8,24.5,59.0,31.0,835.0,1320.0,1.0,4.0,3.0,4.0,86.0,77.0,56.0,59.0,35.0,42.0,13.0,8.0,13.0,13.0,5.0,5.0,10.0,8.0,B,0
2023-0403,Miami Masters,Hard,128,M,20230320,286,7-6(4) 6-4,3,R16,92.0,111575,126774,14.0,2.0,,,Karen Khachanov,Stefanos Tsitsipas,R,R,198.0,193.0,RUS,GRE,26.8,24.6,16.0,3.0,2505.0,5770.0,5.0,11.0,0.0,4.0,60.0,67.0,44.0,39.0,39.0,31.0,10.0,16.0,11.0,11.0,2.0,1.0,2.0,2.0,A,1
2023-0403,Miami Masters,Hard,128,M,20230320,285,6-0 7-6(5),3,R32,91.0,105583,207989,,1.0,,,Dusan Lajovic,Carlos Alcaraz,R,R,183.0,183.0,SRB,ESP,32.7,19.8,76.0,1.0,728.0,7420.0,0.0,3.0,0.0,0.0,61.0,65.0,39.0,49.0,22.0,35.0,9.0,7.0,9.0,9.0,1.0,2.0,5.0,3.0,B,0
2023-0403,Miami Masters,Hard,128,M,20230320,284,6-3 7-5,3,R32,93.0,200221,126205,20.0,16.0,,,Alejandro Davidovich Fokina,Tommy Paul,R,R,183.0,185.0,ESP,USA,23.7,25.8,25.0,19.0,1545.0,2045.0,3.0,8.0,6.0,1.0,71.0,58.0,43.0,40.0,27.0,27.0,11.0,13.0,10.0,11.0,3.0,4.0,7.0,6.0,B,0
2023-0403,Miami Masters,Hard,128,M,20230320,283,6-4 6-4,3,R32,80.0,126203,133430,9.0,24.0,,,Taylor Fritz,Denis Shapovalov,R,L,196.0,185.0,USA,CAN,25.3,23.9,10.0,30.0,2975.0,1345.0,5.0,12.0,2.0,7.0,60.0,62.0,34.0,29.0,28.0,23.0,15.0,16.0,10.0,10.0,0.0,1.0,0.0,3.0,A,1
2023-0403,Miami Masters,Hard,128,M,20230320,282,6-4 6-2,3,R32,91.0,106043,208029,31.0,7.0,,,Diego Schwartzman,Holger Rune,R,R,170.0,188.0,ARG,DEN,30.5,19.8,38.0,8.0,990.0,3325.0,1.0,7.0,4.0,4.0,57.0,60.0,40.0,36.0,25.0,29.0,7.0,11.0,9.0,9.0,0.0,1.0,4.0,2.0,B,0
2023-0403,Miami Masters,Hard,128,M,20230320,281,3-6 6-4 6-4,3,R32,170.0,122298,134770,26.0,3.0,,,Botic Van De Zandschulp,Casper Ruud,R,R,191.0,183.0,NED,NOR,27.4,24.2,32.0,4.0,1170.0,5560.0,12.0,6.0,3.0,3.0,121.0,93.0,83.0,64.0,56.0,48.0,17.0,15.0,14.0,15.0,13.0,3.0,15.0,6.0,A,1
2023-0403,Miami Masters,Hard,128,M,20230320,280,6-3 7-6(3),3,R32,104.0,200325,106121,,,,WC,Emil Ruusuvuori,Taro Daniel,R,R,188.0,191.0,FIN,JPN,23.9,30.1,54.0,97.0,866.0,583.0,6.0,5.0,2.0,2.0,76.0,57.0,53.0,37.0,40.0,29.0,11.0,9.0,11.0,10.0,6.0,3.0,7.0,5.0,A,1
2023-0403,Miami Masters,Hard,128,M,20230320,279,6-3 6-4,3,R32,87.0,105777,206173,21.0,10.0,,,Grigor Dimitrov,Jannik Sinner,R,R,191.0,191.0,BUL,ITA,31.8,21.5,27.0,11.0,1450.0,2925.0,1.0,2.0,6.0,1.0,58.0,53.0,32.0,32.0,23.0,22.0,7.0,10.0,10.0,9.0,6.0,1.0,11.0,3.0,B,0
2023-0403,Miami Masters,Hard,128,M,20230320,278,6-1 6-2,3,R32,58.0,200175,126094,29.0,6.0,,,Miomir Kecmanovic,Andrey Rublev,R,R,183.0,188.0,SRB,RUS,23.5,25.4,35.0,7.0,1120.0,3390.0,4.0,12.0,0.0,0.0,52.0,46.0,30.0,25.0,19.0,21.0,7.0,12.0,7.0,8.0,4.0,0.0,8.0,0.0,B,0
2023-0403,Miami Masters,Hard,128,M,20230320,277,7-6(5) 7-6(0),3,R32,138.0,105173,128034,,8.0,,,Adrian Mannarino,Hubert Hurkacz,L,R,180.0,196.0,FRA,POL,34.7,26.0,62.0,9.0,826.0,3065.0,3.0,20.0,1.0,2.0,89.0,85.0,49.0,59.0,35.0,46.0,25.0,9.0,12.0,12.0,5.0,3.0,6.0,4.0,A,1
2023-0403,Miami Masters,Hard,128,M,20230320,276,6-3 7-6(7),3,R32,81.0,106296,111153,,,,Q,Gregoire Barrere,Christopher Eubanks,R,R,183.0,201.0,FRA,USA,29.0,26.8,65.0,119.0,801.0,479.0,1.0,12.0,0.0,2.0,61.0,66.0,38.0,54.0,27.0,40.0,14.0,8.0,10.0,11.0,2.0,0.0,4.0,1.0,B,0
2023-0403,Miami Masters,Hard,128,M,20230320,275,7-6(2) 6-3,3,R32,100.0,111456,111460,,,,,Mackenzie Mcdonald,Quentin Halys,R,R,178.0,191.0,USA,FRA,27.9,26.3,55.0,79.0,865.0,705.0,9.0,15.0,4.0,2.0,82.0,67.0,49.0,47.0,35.0,38.0,15.0,11.0,11.0,10.0,7.0,6.0,9.0,6.0,B,0
2023-0403,Miami Masters,Hard,128,M,20230320,274,W/O,3,R32,,144684,106421,,4.0,,,Alex Molcan,Daniil Medvedev,L,R,178.0,198.0,SVK,RUS,25.2,27.1,56.0,5.0,865.0,4330.0,,,,,,,,,,,,,,,,,,,B,0
2023-0403,Miami Masters,Hard,128,M,20230320,273,6-2 7-5,3,R32,103.0,202103,200000,25.0,5.0,,,Francisco Cerundolo,Felix Auger Aliassime,R,R,185.0,193.0,ARG,CAN,24.5,22.6,31.0,6.0,1320.0,3415.0,2.0,3.0,7.0,5.0,61.0,61.0,40.0,33.0,29.0,26.0,12.0,8.0,10.0,10.0,1.0,2.0,2.0,6.0,A,1
2023-0403,Miami Masters,Hard,128,M,20230320,272,6-3 6-4,3,R32,73.0,132283,126207,,12.0,,,Lorenzo Sonego,Frances Tiafoe,R,R,191.0,188.0,ITA,USA,27.8,25.1,59.0,14.0,835.0,2710.0,8.0,2.0,0.0,3.0,45.0,48.0,34.0,35.0,31.0,29.0,9.0,4.0,10.0,9.0,0.0,1.0,0.0,3.0,A,1
2023-0403,Miami Masters,Hard,128,M,20230320,271,6-2 6-4,3,R32,86.0,208103,111575,,14.0,,,Jiri Lehecka,Karen Khachanov,R,R,185.0,198.0,CZE,RUS,21.3,26.8,44.0,16.0,941.0,2505.0,6.0,8.0,2.0,1.0,80.0,51.0,54.0,33.0,34.0,26.0,11.0,12.0,9.0,9.0,6.0,1.0,9.0,1.0,B,0
2023-0403,Miami Masters,Hard,128,M,20230320,270,6-3 4-6 6-4,3,R32,124.0,126774,106426,2.0,,,Q,Stefanos Tsitsipas,Cristian Garin,R,R,193.0,185.0,GRE,CHI,24.6,26.8,3.0,82.0,5770.0,672.0,12.0,7.0,2.0,1.0,91.0,87.0,57.0,57.0,44.0,44.0,18.0,14.0,15.0,14.0,3.0,3.0,4.0,5.0,A,1
2023-0403,Miami Masters,Hard,128,M,20230320,269,6-0 6-2,3,R64,64.0,207989,105487,1.0,,,,Carlos Alcaraz,Facundo Bagnis,R,L,183.0,183.0,ESP,ARG,19.8,33.0,1.0,100.0,7420.0,561.0,3.0,1.0,2.0,1.0,40.0,48.0,21.0,28.0,17.0,9.0,10.0,8.0,7.0,7.0,1.0,5.0,2.0,11.0,A,1
2023-0403,Miami Masters,Hard,128,M,20230320,268,6-4 7-6(2),3,R64,88.0,105583,202195,,30.0,,,Dusan Lajovic,Maxime Cressy,R,R,183.0,201.0,SRB,USA,32.7,25.8,76.0,37.0,728.0,1016.0,3.0,5.0,1.0,9.0,61.0,62.0,45.0,31.0,37.0,21.0,9.0,17.0,11.0,11.0,4.0,0.0,5.0,2.0,A,1
2023-0403,Miami Masters,Hard,128,M,20230320,267,6-4 7-6(5),3,R64,114.0,200221,206909,20.0,,,,Alejandro Davidovich Fokina,Brandon Nakashima,R,R,183.0,188.0,ESP,USA,23.7,21.6,25.0,45.0,1545.0,927.0,6.0,5.0,2.0,2.0,82.0,82.0,53.0,59.0,38.0,38.0,16.0,14.0,11.0,11.0,5.0,5.0,6.0,7.0,A,1
2023-0403,Miami Masters,Hard,128,M,20230320,266,5-7 6-3 6-4,3,R64,123.0,126205,144817,16.0,,,,Tommy Paul,Marc Andrea Huesler,R,L,185.0,196.0,USA,SUI,25.8,26.7,19.0,47.0,2045.0,904.0,12.0,7.0,1.0,2.0,79.0,84.0,51.0,52.0,41.0,39.0,17.0,14.0,16.0,15.0,1.0,6.0,3.0,9.0,A,1
2023-0403,Miami Masters,Hard,128,M,20230320,265,6-4 6-1,3,R64,59.0,207182,126203,,9.0,WC,,Emilio Nava,Taylor Fritz,R,R,185.0,196.0,USA,USA,21.2,25.3,182.0,10.0,323.0,2975.0,3.0,8.0,3.0,2.0,44.0,48.0,23.0,26.0,16.0,22.0,6.0,14.0,8.0,9.0,1.0,1.0,5.0,2.0,B,0
2023-0403,Miami Masters,Hard,128,M,20230320,264,6-3 3-6 6-3,3,R64,113.0,105550,133430,,24.0,PR,,Guido Pella,Denis Shapovalov,L,L,183.0,185.0,ARG,CAN,32.8,23.9,581.0,30.0,55.0,1345.0,2.0,13.0,2.0,13.0,89.0,84.0,70.0,41.0,45.0,34.0,11.0,23.0,13.0,14.0,4.0,3.0,7.0,5.0,B,0
2023-0403,Miami Masters,Hard,128,M,20230320,263,7-6(1) 6-1,3,R64,114.0,200059,106043,,31.0,,,Yibing Wu,Diego Schwartzman,R,R,183.0,170.0,CHN,ARG,23.4,30.5,64.0,38.0,818.0,990.0,3.0,2.0,2.0,3.0,58.0,90.0,41.0,57.0,26.0,40.0,7.0,17.0,9.0,10.0,3.0,7.0,6.0,8.0,B,0
2023-0403,Miami Masters,Hard,128,M,20230320,262,6-3 7-5,3,R64,81.0,208029,105916,7.0,,,,Holger Rune,Marton Fucsovics,R,R,188.0,188.0,DEN,HUN,19.8,31.1,8.0,74.0,3325.0,732.0,6.0,3.0,0.0,5.0,54.0,63.0,31.0,38.0,25.0,28.0,17.0,12.0,10.0,11.0,1.0,2.0,1.0,5.0,A,1
2023-0403,Miami Masters,Hard,128,M,20230320,261,6-2 6-3,3,R64,84.0,134770,125802,3.0,,,,Casper Ruud,Ilya Ivashka,R,R,183.0,193.0,NOR,BLR,24.2,29.0,4.0,80.0,5560.0,696.0,4.0,5.0,1.0,0.0,49.0,62.0,32.0,37.0,26.0,23.0,8.0,9.0,9.0,8.0,2.0,4.0,3.0,8.0,A,1
2023-0403,Miami Masters,Hard,128,M,20230320,260,4-6 7-6(4) 6-2,3,R64,163.0,200615,122298,,26.0,,,Alexei Popyrin,Botic Van De Zandschulp,R,R,196.0,191.0,AUS,NED,23.6,27.4,93.0,32.0,611.0,1170.0,13.0,7.0,0.0,5.0,88.0,103.0,47.0,62.0,39.0,49.0,21.0,20.0,15.0,15.0,3.0,6.0,5.0,7.0,B,0
2023-0403,Miami Masters,Hard,128,M,20230320,259,6-4 7-6(5),3,R64,132.0,200325,105138,,22.0,,,Emil Ruusuvuori,Roberto Bautista Agut,R,R,188.0,183.0,FIN,ESP,23.9,34.9,54.0,28.0,866.0,1430.0,7.0,1.0,2.0,4.0,77.0,75.0,51.0,49.0,37.0,32.0,14.0,15.0,11.0,11.0,7.0,4.0,9.0,7.0,A,1
2023-0403,Miami Masters,Hard,128,M,20230320,258,6-0 6-4,3,R64,75.0,100644,106121,13.0,,,WC,Alexander Zverev,Taro Daniel,R,R,198.0,191.0,GER,JPN,25.9,30.1,15.0,97.0,2580.0,583.0,5.0,2.0,1.0,0.0,44.0,48.0,27.0,29.0,16.0,23.0,7.0,13.0,8.0,8.0,3.0,0.0,7.0,0.0,B,0
2023-0403,Miami Masters,Hard,128,M,20230320,257,6-4 6-2,3,R64,83.0,111513,206173,,10.0,,,Laslo Djere,Jannik Sinner,R,R,188.0,191.0,SRB,ITA,27.7,21.5,58.0,11.0,845.0,2925.0,3.0,3.0,2.0,4.0,65.0,50.0,29.0,29.0,19.0,23.0,12.0,9.0,9.0,9.0,5.0,1.0,10.0,3.0,B,0
2023-0403,Miami Masters,Hard,128,M,20230320,256,4-6 7-6(5) 6-4,3,R64,153.0,105526,105777,,21.0,Q,,Jan Lennard Struff,Grigor Dimitrov,R,R,193.0,191.0,GER,BUL,32.9,31.8,103.0,27.0,543.0,1450.0,10.0,23.0,5.0,3.0,120.0,101.0,75.0,60.0,55.0,50.0,24.0,23.0,16.0,16.0,9.0,2.0,10.0,3.0,B,0
2023-0403,Miami Masters,Hard,128,M,20230320,255,6-4 6-7(5) 7-6(3),3,R64,164.0,200175,200005,29.0,,,,Miomir Kecmanovic,Ugo Humbert,R,L,183.0,188.0,SRB,FRA,23.5,24.7,35.0,78.0,1120.0,713.0,10.0,8.0,3.0,5.0,119.0,109.0,77.0,61.0,56.0,47.0,24.0,25.0,17.0,17.0,10.0,5.0,11.0,7.0,A,1
2023-0403,Miami Masters,Hard,128,M,20230320,254,7-6(3) 6-4,3,R64,101.0,126094,200670,6.0,,,,Andrey Rublev,J J Wolf,R,R,188.0,183.0,RUS,USA,25.4,24.2,7.0,50.0,3390.0,891.0,16.0,7.0,1.0,3.0,73.0,71.0,39.0,44.0,33.0,31.0,17.0,15.0,11.0,11.0,5.0,5.0,6.0,7.0,A,1
2023-0403,Miami Masters,Hard,128,M,20230320,253,6-7(10) 7-6(7) 7-6(6),3,R64,210.0,106423,128034,,8.0,LL,,Thanasi Kokkinakis,Hubert Hurkacz,R,R,193.0,196.0,AUS,POL,26.9,26.0,94.0,9.0,607.0,3065.0,23.0,21.0,4.0,2.0,146.0,122.0,100.0,90.0,75.0,71.0,23.0,20.0,18.0,18.0,7.0,2.0,8.0,3.0,B,0
2023-0403,Miami Masters,Hard,128,M,20230320,252,6-4 3-6 6-1,3,R64,112.0,210097,105173,32.0,,,,Ben Shelton,Adrian Mannarino,L,L,193.0,180.0,USA,FRA,20.4,34.7,39.0,62.0,989.0,826.0,12.0,8.0,1.0,0.0,75.0,66.0,48.0,43.0,35.0,33.0,13.0,14.0,13.0,13.0,5.0,1.0,9.0,3.0,B,0
2023-0403,Miami Masters,Hard,128,M,20230320,251,3-6 6-4 6-2,3,R64,125.0,106432,111153,17.0,,,Q,Borna Coric,Christopher Eubanks,R,R,188.0,201.0,CRO,USA,26.3,26.8,20.0,119.0,1905.0,479.0,2.0,11.0,4.0,4.0,83.0,77.0,48.0,50.0,31.0,36.0,18.0,14.0,13.0,14.0,7.0,2.0,11.0,5.0,B,0
2023-0403,Miami Masters,Hard,128,M,20230320,250,6-3 6-2,3,R64,70.0,111815,106296,11.0,,,,Cameron Norrie,Gregoire Barrere,L,R,188.0,183.0,GBR,FRA,27.5,29.0,12.0,65.0,2815.0,801.0,3.0,7.0,1.0,0.0,48.0,44.0,34.0,28.0,22.0,24.0,5.0,12.0,8.0,9.0,5.0,0.0,8.0,0.0,B,0
2023-0403,Miami Masters,Hard,128,M,20230320,249,6-7(5) 7-6(3) 7-6(8),3,R64,198.0,111460,200282,,15.0,,,Quentin Halys,Alex De Minaur,R,R,191.0,183.0,FRA,AUS,26.3,24.0,79.0,18.0,705.0,2085.0,21.0,2.0,10.0,2.0,138.0,122.0,77.0,83.0,61.0,62.0,27.0,20.0,18.0,18.0,8.0,5.0,11.0,8.0,A,1
2023-0403,Miami Masters,Hard,128,M,20230320,248,7-6(8) 7-6(5),3,R64,136.0,111456,126610,,19.0,,,Mackenzie Mcdonald,Matteo Berrettini,R,R,178.0,196.0,USA,ITA,27.9,26.9,55.0,23.0,865.0,1732.0,7.0,11.0,1.0,5.0,86.0,87.0,55.0,54.0,41.0,48.0,22.0,14.0,12.0,12.0,2.0,2.0,2.0,2.0,A,1
2023-0403,Miami Masters,Hard,128,M,20230320,247,7-6(5) 1-6 6-2,3,R64,159.0,106415,144684,28.0,,,,Yoshihito Nishioka,Alex Molcan,L,L,170.0,178.0,JPN,SVK,27.4,25.2,34.0,56.0,1144.0,865.0,3.0,6.0,3.0,4.0,86.0,114.0,50.0,78.0,34.0,49.0,18.0,15.0,14.0,13.0,4.0,13.0,8.0,17.0,B,0
2023-0403,Miami Masters,Hard,128,M,20230320,246,6-1 6-2,3,R64,62.0,106148,106421,,4.0,,,Roberto Carballes Baena,Daniil Medvedev,R,R,183.0,198.0,ESP,RUS,29.9,27.1,84.0,5.0,665.0,4330.0,2.0,3.0,1.0,1.0,37.0,47.0,20.0,31.0,12.0,24.0,6.0,11.0,7.0,8.0,0.0,1.0,4.0,1.0,B,0
2023-0403,Miami Masters,Hard,128,M,20230320,245,7-6(5) 7-6(8),3,R64,161.0,200000,106329,5.0,,,,Felix Auger Aliassime,Thiago Monteiro,R,L,193.0,183.0,CAN,BRA,22.6,28.8,6.0,81.0,3415.0,680.0,12.0,4.0,7.0,0.0,80.0,93.0,43.0,55.0,37.0,41.0,25.0,23.0,12.0,12.0,0.0,5.0,0.0,5.0,A,1
2023-0403,Miami Masters,Hard,128,M,20230320,244,6-4 6-4,3,R64,83.0,202103,206499,25.0,,,LL,Francisco Cerundolo,Aleksandar Kovacevic,R,R,185.0,183.0,ARG,USA,24.5,24.5,31.0,102.0,1320.0,546.0,4.0,5.0,1.0,1.0,57.0,72.0,41.0,49.0,31.0,31.0,8.0,10.0,10.0,10.0,0.0,3.0,1.0,6.0,A,1
2023-0403,Miami Masters,Hard,128,M,20230320,243,4-6 6-3 6-2,3,R64,150.0,105554,132283,23.0,,,,Daniel Evans,Lorenzo Sonego,R,R,175.0,191.0,GBR,ITA,32.8,27.8,29.0,59.0,1345.0,835.0,3.0,6.0,0.0,7.0,68.0,108.0,39.0,70.0,31.0,51.0,16.0,16.0,13.0,14.0,3.0,12.0,6.0,13.0,B,0
2023-0403,Miami Masters,Hard,128,M,20230320,242,6-7(5) 7-6(3) 6-4,3,R64,166.0,133297,126207,,12.0,Q,,Yosuke Watanuki,Frances Tiafoe,R,R,180.0,188.0,JPN,USA,24.9,25.1,123.0,14.0,474.0,2710.0,17.0,12.0,6.0,0.0,120.0,114.0,61.0,71.0,46.0,51.0,27.0,20.0,17.0,17.0,10.0,3.0,14.0,6.0,B,0
2023-0403,Miami Masters,Hard,128,M,20230320,241,6-1 3-6 6-3,3,R64,128.0,144869,111575,,14.0,,,Tomas Martin Etcheverry,Karen Khachanov,R,R,196.0,198.0,ARG,RUS,23.6,26.8,73.0,16.0,734.0,2505.0,6.0,7.0,1.0,3.0,70.0,81.0,42.0,48.0,25.0,39.0,16.0,12.0,12.0,13.0,3.0,0.0,7.0,2.0,B,0
2023-0403,Miami Masters,Hard,128,M,20230320,240,6-4 6-4,3,R64,80.0,208103,207518,,18.0,,,Jiri Lehecka,Lorenzo Musetti,R,R,185.0,185.0,CZE,ITA,21.3,21.0,44.0,21.0,941.0,1840.0,4.0,2.0,2.0,2.0,57.0,56.0,38.0,30.0,29.0,20.0,13.0,17.0,10.0,10.0,1.0,3.0,1.0,5.0,A,1
2023-0403,Miami Masters,Hard,128,M,20230320,239,7-6(2) 6-3,3,R64,126.0,106426,202104,,27.0,Q,,Cristian Garin,Sebastian Baez,R,R,185.0,170.0,CHI,ARG,26.8,22.2,82.0,33.0,672.0,1170.0,4.0,1.0,3.0,1.0,73.0,80.0,48.0,63.0,34.0,34.0,10.0,5.0,11.0,10.0,6.0,6.0,9.0,10.0,A,1
2023-0403,Miami Masters,Hard,128,M,20230320,238,W/O,3,R64,0.0,126774,104755,2.0,,,,Stefanos Tsitsipas,Richard Gasquet,R,R,193.0,183.0,GRE,FRA,24.6,36.7,3.0,40.0,5770.0,960.0,,,,,,,,,,,,,,,,,,,A,1
2023-0403,Miami Masters,Hard,128,M,20230320,236,6-3 1-6 6-4,3,R128,100.0,200335,105487,,,Q,,Felipe Meligeni Alves,Facundo Bagnis,R,L,185.0,183.0,BRA,ARG,25.0,33.0,164.0,100.0,365.0,561.0,4.0,12.0,1.0,4.0,66.0,80.0,46.0,57.0,37.0,40.0,11.0,12.0,13.0,13.0,2.0,3.0,4.0,5.0,B,0
2023-0403,Miami Masters,Hard,128,M,20230320,235,6-4 7-5,3,R128,96.0,104918,105583,,,,,Andy Murray,Dusan Lajovic,R,R,191.0,183.0,GBR,SRB,35.8,32.7,52.0,76.0,875.0,728.0,6.0,4.0,1.0,2.0,54.0,66.0,30.0,47.0,22.0,34.0,15.0,12.0,11.0,11.0,0.0,2.0,3.0,3.0,B,0
2023-0403,Miami Masters,Hard,128,M,20230320,232,7-6(3) 6-3,3,R128,87.0,206909,106214,,,,,Brandon Nakashima,Oscar Otte,R,R,188.0,193.0,USA,GER,21.6,29.6,45.0,85.0,927.0,656.0,10.0,11.0,0.0,3.0,70.0,64.0,56.0,39.0,46.0,33.0,7.0,11.0,11.0,10.0,0.0,3.0,0.0,4.0,A,1
2023-0403,Miami Masters,Hard,128,M,20230320,231,6-7(4) 7-6(2) 6-3,3,R128,156.0,144817,105077,,,,,Marc Andrea Huesler,Albert Ramos,L,L,196.0,188.0,SUI,ESP,26.7,35.1,47.0,51.0,904.0,880.0,10.0,3.0,4.0,4.0,107.0,107.0,66.0,74.0,44.0,49.0,27.0,17.0,16.0,17.0,5.0,3.0,7.0,7.0,A,1
2023-0403,Miami Masters,Hard,128,M,20230320,228,7-6(5) 7-6(4),3,R128,107.0,104545,207182,,,,WC,John Isner,Emilio Nava,R,R,208.0,185.0,USA,USA,37.8,21.2,46.0,182.0,915.0,323.0,15.0,6.0,1.0,5.0,71.0,83.0,47.0,50.0,44.0,39.0,14.0,23.0,12.0,12.0,3.0,0.0,3.0,0.0,B,0
2023-0403,Miami Masters,Hard,128,M,20230320,227,1-6 6-3 6-2,3,R128,125.0,105550,122669,,,PR,,Guido Pella,Juan Pablo Varillas,L,R,183.0,185.0,ARG,PER,32.8,27.4,581.0,88.0,55.0,642.0,3.0,6.0,1.0,3.0,70.0,85.0,49.0,46.0,33.0,31.0,14.0,19.0,12.0,12.0,2.0,7.0,4.0,10.0,A,1
2023-0403,Miami Masters,Hard,128,M,20230320,224,7-5 7-5,3,R128,94.0,200059,106378,,,,PR,Yibing Wu,Kyle Edmund,R,R,183.0,188.0,CHN,GBR,23.4,28.1,64.0,544.0,818.0,62.0,6.0,2.0,2.0,6.0,66.0,70.0,43.0,39.0,30.0,25.0,13.0,17.0,12.0,12.0,1.0,3.0,3.0,7.0,A,1
2023-0403,Miami Masters,Hard,128,M,20230320,223,6-4 7-6(2),3,R128,105.0,106398,105916,,,,,Pedro Cachin,Marton Fucsovics,R,R,185.0,188.0,ARG,HUN,27.9,31.1,63.0,74.0,822.0,732.0,5.0,9.0,2.0,2.0,77.0,62.0,53.0,38.0,37.0,30.0,10.0,18.0,11.0,11.0,3.0,2.0,4.0,2.0,B,0
2023-0403,Miami Masters,Hard,128,M,20230320,220,6-2 6-1,3,R128,73.0,125802,127157,,,,Q,Ilya Ivashka,Daniel Altmaier,R,R,193.0,188.0,BLR,GER,29.0,24.5,80.0,114.0,696.0,499.0,6.0,4.0,0.0,3.0,36.0,57.0,21.0,32.0,19.0,18.0,10.0,9.0,7.0,8.0,0.0,1.0,0.0,6.0,A,1
2023-0403,Miami Masters,Hard,128,M,20230320,219,7-6(5) 4-4 RET,3,R128,106.0,144707,200615,,,,,Mikael Ymer,Alexei Popyrin,R,R,183.0,196.0,SWE,AUS,24.5,23.6,53.0,93.0,870.0,611.0,1.0,16.0,1.0,2.0,65.0,69.0,45.0,49.0,35.0,38.0,11.0,12.0,10.0,10.0,1.0,3.0,1.0,3.0,B,0
2023-0403,Miami Masters,Hard,128,M,20230320,216,6-1 6-4,3,R128,79.0,132686,200325,,,Q,,Nuno Borges,Emil Ruusuvuori,R,R,185.0,188.0,POR,FIN,26.0,23.9,68.0,54.0,787.0,866.0,2.0,4.0,0.0,0.0,56.0,48.0,25.0,28.0,14.0,22.0,16.0,15.0,8.0,9.0,3.0,0.0,6.0,0.0,B,0
2023-0403,Miami Masters,Hard,128,M,20230320,215,4-1 RET,3,R128,25.0,126239,106121,,,,WC,Arthur Rinderknech,Taro Daniel,R,R,196.0,191.0,FRA,JPN,27.6,30.1,72.0,97.0,736.0,583.0,0.0,0.0,0.0,0.0,16.0,13.0,7.0,4.0,3.0,1.0,4.0,8.0,3.0,2.0,1.0,1.0,3.0,1.0,B,0
2023-0403,Miami Masters,Hard,128,M,20230320,212,6-2 7-6(3),3,R128,104.0,126846,111513,,,Q,,Aleksandar Vukic,Laslo Djere,R,R,188.0,188.0,AUS,SRB,26.9,27.7,168.0,58.0,355.0,845.0,9.0,13.0,0.0,4.0,74.0,89.0,48.0,56.0,37.0,43.0,7.0,15.0,10.0,10.0,4.0,3.0,6.0,3.0,B,0
2023-0403,Miami Masters,Hard,128,M,20230320,211,6-4 5-7 6-4,3,R128,155.0,104926,105526,,,,Q,Fabio Fognini,Jan Lennard Struff,R,R,178.0,193.0,ITA,GER,35.8,32.9,91.0,103.0,628.0,543.0,9.0,10.0,5.0,2.0,107.0,107.0,65.0,56.0,46.0,40.0,17.0,26.0,16.0,16.0,2.0,4.0,6.0,7.0,B,0
2023-0403,Miami Masters,Hard,128,M,20230320,208,3-3 RET,3,R128,30.0,104792,200005,,,PR,,Gael Monfils,Ugo Humbert,R,L,193.0,188.0,FRA,FRA,36.5,24.7,280.0,78.0,190.0,713.0,1.0,1.0,1.0,1.0,21.0,14.0,11.0,9.0,4.0,6.0,7.0,2.0,3.0,3.0,3.0,0.0,4.0,1.0,B,0
2023-0403,Miami Masters,Hard,128,M,20230320,207,7-5 6-3,3,R128,78.0,122330,200670,,,,,Alexander Bublik,J J Wolf,R,R,196.0,183.0,KAZ,USA,25.7,24.2,48.0,50.0,900.0,891.0,9.0,4.0,2.0,2.0,51.0,61.0,31.0,38.0,22.0,31.0,6.0,10.0,10.0,11.0,2.0,2.0,6.0,4.0,B,0
2023-0403,Miami Masters,Hard,128,M,20230320,204,4-6 6-3 7-6(7),3,R128,149.0,106423,200267,,,LL,WC,Thanasi Kokkinakis,Zizou Bergs,R,R,193.0,185.0,AUS,BEL,26.9,23.7,94.0,135.0,607.0,431.0,11.0,10.0,1.0,2.0,99.0,94.0,66.0,63.0,49.0,46.0,18.0,18.0,16.0,15.0,3.0,2.0,5.0,4.0,A,1
2023-0403,Miami Masters,Hard,128,M,20230320,203,1-6 6-4 6-2,3,R128,115.0,209992,105173,,,WC,,Juncheng Shang,Adrian Mannarino,L,L,180.0,180.0,CHN,FRA,18.1,34.7,181.0,62.0,323.0,826.0,1.0,9.0,2.0,3.0,75.0,70.0,49.0,41.0,31.0,29.0,14.0,16.0,12.0,13.0,9.0,2.0,12.0,5.0,B,0
2023-0403,Miami Masters,Hard,128,M,20230320,200,7-6(2) 6-2,3,R128,78.0,106045,111153,,,,Q,Denis Kudla,Christopher Eubanks,R,R,180.0,201.0,USA,USA,30.5,26.8,122.0,119.0,475.0,479.0,3.0,6.0,3.0,1.0,57.0,57.0,36.0,42.0,25.0,34.0,11.0,10.0,10.0,10.0,1.0,0.0,3.0,0.0,B,0
2023-0403,Miami Masters,Hard,128,M,20230320,199,6-4 3-6 6-3,3,R128,109.0,106296,126128,,,,Q,Gregoire Barrere,Roman Safiullin,R,R,183.0,185.0,FRA,RUS,29.0,25.6,65.0,104.0,801.0,538.0,8.0,6.0,3.0,7.0,80.0,92.0,45.0,56.0,33.0,36.0,20.0,17.0,14.0,14.0,2.0,6.0,5.0,10.0,A,1
2023-0403,Miami Masters,Hard,128,M,20230320,196,6-2 7-6(4),3,R128,101.0,111460,124079,,,,,Quentin Halys,Pedro Martinez,R,R,191.0,185.0,FRA,ESP,26.3,25.8,79.0,121.0,705.0,476.0,12.0,3.0,1.0,2.0,53.0,71.0,25.0,48.0,23.0,32.0,21.0,10.0,10.0,10.0,1.0,1.0,1.0,3.0,A,1
2023-0403,Miami Masters,Hard,128,M,20230320,195,6-4 6-2,3,R128,86.0,111456,123755,,,,,Mackenzie Mcdonald,Daniel Elahi Galan,R,R,178.0,191.0,USA,COL,27.9,26.7,55.0,89.0,865.0,641.0,3.0,2.0,4.0,1.0,64.0,66.0,42.0,42.0,30.0,28.0,11.0,8.0,9.0,9.0,9.0,5.0,10.0,9.0,A,1
2023-0403,Miami Masters,Hard,128,M,20230320,192,6-2 4-6 6-3,3,R128,131.0,111442,144684,,,Q,,Jordan Thompson,Alex Molcan,R,L,183.0,178.0,AUS,SVK,28.9,25.2,83.0,56.0,667.0,865.0,4.0,3.0,2.0,2.0,87.0,88.0,42.0,67.0,28.0,44.0,20.0,13.0,13.0,14.0,5.0,6.0,9.0,8.0,B,0
2023-0403,Miami Masters,Hard,128,M,20230320,191,6-0 3-0 RET,3,R128,49.0,106148,126523,,,,,Roberto Carballes Baena,Bernabe Zapata Miralles,R,R,183.0,183.0,ESP,ESP,29.9,26.1,84.0,41.0,665.0,958.0,1.0,0.0,3.0,3.0,28.0,33.0,14.0,16.0,11.0,7.0,8.0,4.0,4.0,5.0,4.0,3.0,4.0,8.0,A,1
2023-0403,Miami Masters,Hard,128,M,20230320,188,6-4 7-6(6),3,R128,100.0,106186,106329,,,,,Jason Kubler,Thiago Monteiro,R,L,178.0,183.0,AUS,BRA,29.8,28.8,70.0,81.0,748.0,680.0,9.0,9.0,2.0,2.0,66.0,66.0,42.0,50.0,36.0,42.0,10.0,8.0,11.0,11.0,0.0,1.0,1.0,1.0,B,0
2023-0403,Miami Masters,Hard,128,M,20230320,187,7-6(4) 2-6 6-1,3,R128,121.0,144719,206499,,,,LL,Jaume Munar,Aleksandar Kovacevic,R,R,183.0,183.0,ESP,USA,25.8,24.5,66.0,102.0,796.0,546.0,3.0,8.0,1.0,1.0,71.0,94.0,49.0,53.0,35.0,42.0,14.0,24.0,13.0,14.0,0.0,4.0,2.0,6.0,B,0
2023-0403,Miami Masters,Hard,128,M,20230320,184,7-6(7) 6-2,3,R128,116.0,106233,132283,,,WC,,Dominic Thiem,Lorenzo Sonego,R,R,185.0,191.0,AUT,ITA,29.5,27.8,106.0,59.0,530.0,835.0,1.0,6.0,1.0,0.0,71.0,65.0,37.0,38.0,27.0,32.0,17.0,16.0,10.0,10.0,4.0,1.0,7.0,2.0,B,0
2023-0403,Miami Masters,Hard,128,M,20230320,183,6-4 7-5,3,R128,95.0,105332,133297,,,Q,Q,Benoit Paire,Yosuke Watanuki,R,R,196.0,180.0,FRA,JPN,33.8,24.9,170.0,123.0,351.0,474.0,7.0,10.0,11.0,2.0,92.0,56.0,51.0,31.0,36.0,22.0,14.0,17.0,11.0,11.0,11.0,2.0,15.0,4.0,B,0
2023-0403,Miami Masters,Hard,128,M,20230320,180,6-2 6-2,3,R128,80.0,144869,200303,,,,Q,Tomas Martin Etcheverry,Pavel Kotov,R,R,196.0,191.0,ARG,RUS,23.6,24.3,73.0,117.0,734.0,490.0,6.0,2.0,2.0,3.0,45.0,53.0,29.0,35.0,25.0,22.0,8.0,6.0,8.0,8.0,0.0,4.0,0.0,8.0,A,1
2023-0403,Miami Masters,Hard,128,M,20230320,179,6-3 6-4,3,R128,63.0,208103,105948,,,,,Jiri Lehecka,Federico Coria,R,R,185.0,180.0,CZE,ARG,21.3,31.0,44.0,67.0,941.0,795.0,9.0,6.0,2.0,2.0,51.0,50.0,35.0,31.0,32.0,23.0,8.0,10.0,10.0,9.0,0.0,3.0,0.0,5.0,A,1
2023-0403,Miami Masters,Hard,128,M,20230320,176,6-4 2-6 6-4,3,R128,125.0,106218,106426,,,,Q,Marcos Giron,Cristian Garin,R,R,180.0,185.0,USA,CHI,29.6,26.8,71.0,82.0,746.0,672.0,12.0,3.0,0.0,3.0,83.0,89.0,58.0,52.0,42.0,39.0,15.0,20.0,14.0,14.0,6.0,7.0,8.0,9.0,B,0
2023-0403,Miami Masters,Hard,128,M,20230320,175,6-4 3-6 6-1,3,R128,108.0,106331,104755,,,LL,,Christopher Oconnell,Richard Gasquet,R,R,183.0,183.0,AUS,FRA,28.7,36.7,86.0,40.0,649.0,960.0,12.0,9.0,0.0,3.0,71.0,76.0,46.0,51.0,35.0,43.0,11.0,13.0,13.0,13.0,2.0,4.0,5.0,5.0,B,0
2023-7290,Estoril,Clay,32,A,20230403,300,6-2 7-6(3),3,F,108.0,200175,134770,6.0,1.0,,,Miomir Kecmanovic,Casper Ruud,R,R,183.0,183.0,SRB,NOR,23.5,24.2,40.0,5.0,985.0,5005.0,1.0,3.0,1.0,2.0,68.0,66.0,43.0,35.0,32.0,29.0,10.0,20.0,10.0,10.0,6.0,3.0,8.0,3.0,B,0
2023-7290,Estoril,Clay,32,A,20230403,299,6-4 3-6 7-6(2),3,SF,130.0,134770,111460,1.0,,,,Casper Ruud,Quentin Halys,R,R,183.0,191.0,NOR,FRA,24.2,26.4,5.0,80.0,5005.0,691.0,3.0,16.0,2.0,5.0,90.0,87.0,57.0,48.0,45.0,43.0,22.0,21.0,15.0,16.0,1.0,2.0,2.0,3.0,A,1
2023-7290,Estoril,Clay,32,A,20230403,298,6-3 6-1,3,SF,68.0,106065,200175,,6.0,,,Marco Cecchinato,Miomir Kecmanovic,R,R,185.0,183.0,ITA,SRB,30.5,23.5,96.0,40.0,605.0,985.0,2.0,5.0,3.0,0.0,54.0,46.0,28.0,29.0,18.0,26.0,10.0,9.0,8.0,8.0,4.0,2.0,8.0,2.0,B,0
2023-7290,Estoril,Clay,32,A,20230403,297,6-3 6-0,3,QF,78.0,202104,134770,5.0,1.0,,,Sebastian Baez,Casper Ruud,R,R,170.0,183.0,ARG,NOR,22.2,24.2,32.0,5.0,1170.0,5005.0,1.0,2.0,2.0,3.0,49.0,59.0,33.0,40.0,17.0,27.0,6.0,10.0,7.0,8.0,6.0,6.0,11.0,7.0,B,0
2023-7290,Estoril,Clay,32,A,20230403,296,6-1 6-4,3,QF,78.0,111460,106233,,,,,Quentin Halys,Dominic Thiem,R,R,191.0,185.0,FRA,AUT,26.4,29.5,80.0,111.0,691.0,510.0,5.0,3.0,1.0,4.0,52.0,50.0,26.0,33.0,22.0,20.0,17.0,8.0,9.0,8.0,2.0,0.0,2.0,3.0,A,1
2023-7290,Estoril,Clay,32,A,20230403,295,7-5 7-6(5),3,QF,128.0,106065,200221,,3.0,,,Marco Cecchinato,Alejandro Davidovich Fokina,R,R,185.0,183.0,ITA,ESP,30.5,23.8,96.0,24.0,605.0,1580.0,3.0,3.0,1.0,1.0,85.0,84.0,60.0,61.0,43.0,39.0,13.0,13.0,12.0,12.0,1.0,8.0,2.0,10.0,A,1
2023-7290,Estoril,Clay,32,A,20230403,294,7-5 6-2,3,QF,86.0,126523,200175,,6.0,,,Bernabe Zapata Miralles,Miomir Kecmanovic,R,R,183.0,183.0,ESP,SRB,26.2,23.5,43.0,40.0,952.0,985.0,2.0,2.0,1.0,0.0,67.0,51.0,36.0,32.0,24.0,25.0,14.0,16.0,10.0,10.0,1.0,0.0,4.0,0.0,B,0
2023-7290,Estoril,Clay,32,A,20230403,293,4-6 6-2 6-2,3,R16,135.0,134770,105311,1.0,,,WC,Casper Ruud,Joao Sousa,R,R,183.0,185.0,NOR,POR,24.2,34.0,5.0,147.0,5005.0,390.0,4.0,4.0,2.0,1.0,76.0,99.0,54.0,54.0,37.0,30.0,14.0,23.0,13.0,13.0,3.0,13.0,5.0,18.0,A,1
2023-7290,Estoril,Clay,32,A,20230403,292,6-4 7-6(2),3,R16,133.0,202104,106398,5.0,,,,Sebastian Baez,Pedro Cachin,R,R,170.0,185.0,ARG,ARG,22.2,27.9,32.0,67.0,1170.0,773.0,0.0,2.0,1.0,5.0,79.0,81.0,66.0,55.0,38.0,35.0,8.0,7.0,11.0,11.0,5.0,4.0,9.0,9.0,A,1
2023-7290,Estoril,Clay,32,A,20230403,291,7-6(5) 7-5,3,R16,101.0,105138,111460,4.0,,,,Roberto Bautista Agut,Quentin Halys,R,R,183.0,191.0,ESP,FRA,34.9,26.4,28.0,80.0,1395.0,691.0,2.0,14.0,0.0,4.0,68.0,76.0,48.0,44.0,37.0,36.0,11.0,17.0,12.0,12.0,1.0,1.0,3.0,2.0,B,0
2023-7290,Estoril,Clay,32,A,20230403,290,6-2 6-2,3,R16,63.0,106233,210097,,8.0,,,Dominic Thiem,Ben Shelton,R,L,185.0,193.0,AUT,USA,29.5,20.4,111.0,39.0,510.0,999.0,1.0,0.0,1.0,5.0,36.0,53.0,22.0,29.0,19.0,15.0,10.0,8.0,8.0,8.0,0.0,4.0,1.0,9.0,A,1
2023-7290,Estoril,Clay,32,A,20230403,289,4-6 6-3 6-3,3,R16,117.0,104926,106065,,,,,Fabio Fognini,Marco Cecchinato,R,R,178.0,185.0,ITA,ITA,35.8,30.5,97.0,96.0,593.0,605.0,1.0,11.0,3.0,1.0,76.0,86.0,46.0,65.0,32.0,51.0,14.0,7.0,14.0,14.0,2.0,4.0,6.0,6.0,B,0
2023-7290,Estoril,Clay,32,A,20230403,288,6-3 7-5,3,R16,112.0,200221,209414,3.0,,,,Alejandro Davidovich Fokina,Luca Van Assche,R,R,183.0,178.0,ESP,FRA,23.8,18.8,24.0,91.0,1580.0,640.0,2.0,0.0,3.0,5.0,86.0,68.0,51.0,39.0,32.0,28.0,22.0,12.0,11.0,10.0,5.0,5.0,6.0,8.0,A,1
2023-7290,Estoril,Clay,32,A,20230403,287,6-0 6-1,3,R16,63.0,200514,200175,,6.0,,,Jurij Rodionov,Miomir Kecmanovic,L,R,191.0,183.0,AUT,SRB,23.8,23.5,120.0,40.0,490.0,985.0,3.0,5.0,3.0,1.0,46.0,44.0,23.0,25.0,9.0,19.0,8.0,10.0,7.0,6.0,6.0,3.0,12.0,3.0,B,0
2023-7290,Estoril,Clay,32,A,20230403,286,6-7(7) 6-4 6-2,3,R16,147.0,128034,126523,2.0,,,,Hubert Hurkacz,Bernabe Zapata Miralles,R,R,196.0,183.0,POL,ESP,26.1,26.2,12.0,43.0,2750.0,952.0,7.0,2.0,6.0,3.0,100.0,118.0,61.0,87.0,44.0,61.0,16.0,16.0,15.0,15.0,1.0,11.0,5.0,12.0,B,0
2023-7290,Estoril,Clay,32,A,20230403,284,6-4 1-6 6-3,3,R32,107.0,206748,105311,,,,WC,Giulio Zeppieri,Joao Sousa,L,R,183.0,185.0,ITA,POR,21.3,34.0,121.0,147.0,489.0,390.0,3.0,2.0,2.0,3.0,71.0,78.0,50.0,48.0,37.0,35.0,10.0,15.0,13.0,13.0,0.0,2.0,3.0,5.0,B,0
2023-7290,Estoril,Clay,32,A,20230403,283,6-4 6-4,3,R32,96.0,106398,202358,,,,,Pedro Cachin,Chun Hsin Tseng,R,R,185.0,175.0,ARG,TPE,27.9,21.6,67.0,145.0,773.0,401.0,6.0,0.0,0.0,2.0,53.0,70.0,34.0,36.0,27.0,16.0,8.0,21.0,10.0,10.0,1.0,7.0,3.0,11.0,A,1
2023-7290,Estoril,Clay,32,A,20230403,282,7-5 7-6(3),3,R32,133.0,105430,202104,,5.0,,,Radu Albot,Sebastian Baez,R,R,175.0,170.0,MDA,ARG,33.3,22.2,106.0,32.0,523.0,1170.0,0.0,2.0,2.0,1.0,82.0,80.0,51.0,50.0,31.0,30.0,12.0,20.0,12.0,12.0,2.0,8.0,7.0,12.0,B,0
2023-7290,Estoril,Clay,32,A,20230403,280,6-3 6-4,3,R32,78.0,111460,132686,,,,,Quentin Halys,Nuno Borges,R,R,191.0,185.0,FRA,POR,26.4,26.1,80.0,65.0,691.0,783.0,8.0,5.0,5.0,2.0,61.0,64.0,36.0,47.0,30.0,30.0,15.0,9.0,10.0,9.0,2.0,5.0,2.0,7.0,A,1
2023-7290,Estoril,Clay,32,A,20230403,279,3-6 6-3 6-4,3,R32,124.0,124116,106233,,,Q,,Sebastian Ofner,Dominic Thiem,R,R,191.0,185.0,AUT,AUT,26.8,29.5,122.0,111.0,488.0,510.0,2.0,4.0,3.0,6.0,91.0,83.0,52.0,46.0,35.0,33.0,18.0,19.0,14.0,14.0,11.0,4.0,16.0,8.0,B,0
2023-7290,Estoril,Clay,32,A,20230403,278,7-5 7-5,3,R32,94.0,106005,210097,,8.0,,,Constant Lestienne,Ben Shelton,R,L,180.0,193.0,FRA,USA,30.8,20.4,63.0,39.0,798.0,999.0,3.0,8.0,4.0,3.0,64.0,66.0,39.0,42.0,30.0,35.0,11.0,12.0,12.0,12.0,1.0,2.0,4.0,3.0,B,0
2023-7290,Estoril,Clay,32,A,20230403,277,6-3 7-6(8),3,R32,123.0,106065,106043,,7.0,,,Marco Cecchinato,Diego Schwartzman,R,R,185.0,170.0,ITA,ARG,30.5,30.6,96.0,36.0,605.0,1025.0,5.0,2.0,4.0,4.0,98.0,63.0,60.0,37.0,36.0,23.0,19.0,11.0,11.0,10.0,9.0,2.0,12.0,6.0,A,1
2023-7290,Estoril,Clay,32,A,20230403,276,6-2 6-1,3,R32,57.0,105561,104926,,,Q,,Alessandro Giannessi,Fabio Fognini,L,R,185.0,178.0,ITA,ITA,32.8,35.8,224.0,97.0,254.0,593.0,1.0,1.0,1.0,2.0,50.0,35.0,31.0,23.0,14.0,16.0,7.0,9.0,8.0,7.0,2.0,0.0,8.0,1.0,B,0
2023-7290,Estoril,Clay,32,A,20230403,275,6-7(5) 6-3 6-1,3,R32,125.0,105155,209414,,,Q,,Pedro Sousa,Luca Van Assche,R,R,180.0,178.0,POR,FRA,34.8,18.8,475.0,91.0,82.0,640.0,0.0,1.0,6.0,2.0,91.0,84.0,63.0,52.0,35.0,39.0,13.0,19.0,14.0,14.0,2.0,5.0,8.0,7.0,B,0
2023-7290,Estoril,Clay,32,A,20230403,273,6-4 6-1,3,R32,69.0,200175,208134,6.0,,,,Miomir Kecmanovic,Luca Nardi,R,R,183.0,185.0,SRB,ITA,23.5,19.6,40.0,161.0,985.0,372.0,2.0,1.0,4.0,1.0,54.0,55.0,34.0,37.0,25.0,19.0,10.0,7.0,8.0,9.0,4.0,6.0,5.0,11.0,A,1
2023-7290,Estoril,Clay,32,A,20230403,272,3-6 6-1 6-4,3,R32,140.0,105077,200514,,,,,Albert Ramos,Jurij Rodionov,L,L,188.0,191.0,ESP,AUT,35.2,23.8,52.0,120.0,880.0,490.0,1.0,8.0,3.0,2.0,99.0,92.0,64.0,49.0,42.0,34.0,16.0,26.0,13.0,13.0,10.0,4.0,13.0,5.0,B,0
2023-7290,Estoril,Clay,32,A,20230403,271,6-4 6-2,3,R32,96.0,210012,126523,,,Q,,Henrique Rocha,Bernabe Zapata Miralles,R,R,180.0,183.0,POR,ESP,18.9,26.2,596.0,43.0,53.0,952.0,0.0,0.0,2.0,0.0,54.0,76.0,33.0,59.0,16.0,36.0,13.0,9.0,9.0,9.0,3.0,5.0,7.0,6.0,B,0
2023-0717,Houston,Clay,32,A,20230403,300,7-6(1) 7-6(6),3,F,113.0,144869,126207,8.0,1.0,,,Tomas Martin Etcheverry,Frances Tiafoe,R,R,196.0,188.0,ARG,USA,23.7,25.1,73.0,15.0,729.0,2665.0,6.0,12.0,2.0,1.0,78.0,73.0,49.0,48.0,33.0,39.0,18.0,17.0,12.0,12.0,0.0,1.0,1.0,2.0,B,0
2023-0717,Houston,Clay,32,A,20230403,299,6-4 6-1,3,SF,58.0,133835,126207,,1.0,,,Gijs Brouwer,Frances Tiafoe,L,R,191.0,188.0,NED,USA,27.0,25.1,123.0,15.0,477.0,2665.0,4.0,5.0,4.0,1.0,56.0,41.0,33.0,23.0,24.0,20.0,5.0,12.0,9.0,8.0,0.0,0.0,4.0,0.0,B,0
2023-0717,Houston,Clay,32,A,20230403,298,6-3 6-4,3,SF,94.0,144869,105870,8.0,,,Q,Tomas Martin Etcheverry,Yannick Hanfmann,R,R,196.0,193.0,ARG,GER,23.7,31.3,73.0,134.0,729.0,432.0,6.0,1.0,1.0,0.0,58.0,50.0,40.0,36.0,29.0,22.0,9.0,8.0,10.0,9.0,3.0,6.0,4.0,9.0,A,1
2023-0717,Houston,Clay,32,A,20230403,297,6-4 6-4,3,QF,88.0,126207,106186,1.0,6.0,,,Frances Tiafoe,Jason Kubler,R,R,188.0,178.0,USA,AUS,25.1,29.8,15.0,71.0,2665.0,733.0,9.0,11.0,2.0,1.0,55.0,73.0,31.0,49.0,28.0,35.0,14.0,10.0,10.0,10.0,1.0,11.0,1.0,13.0,A,1
2023-0717,Houston,Clay,32,A,20230403,296,6-3 6-4,3,QF,76.0,200670,133835,5.0,,,,J J Wolf,Gijs Brouwer,R,L,183.0,191.0,USA,NED,24.2,27.0,54.0,123.0,875.0,477.0,2.0,8.0,2.0,1.0,48.0,57.0,33.0,43.0,24.0,38.0,7.0,5.0,9.0,10.0,1.0,0.0,3.0,0.0,B,0
2023-0717,Houston,Clay,32,A,20230403,295,6-1 6-7(2) 6-3,3,QF,156.0,144869,106426,8.0,,,,Tomas Martin Etcheverry,Cristian Garin,R,R,196.0,185.0,ARG,CHI,23.7,26.8,73.0,74.0,729.0,723.0,12.0,3.0,0.0,3.0,103.0,84.0,62.0,55.0,48.0,37.0,19.0,15.0,15.0,13.0,5.0,5.0,6.0,9.0,A,1
2023-0717,Houston,Clay,32,A,20230403,294,6-2 6-1,3,QF,64.0,207830,105870,,,Q,Q,Tomas Machac,Yannick Hanfmann,R,R,183.0,193.0,CZE,GER,22.4,31.3,138.0,134.0,420.0,432.0,1.0,7.0,1.0,0.0,46.0,43.0,28.0,33.0,12.0,25.0,10.0,8.0,7.0,8.0,4.0,1.0,8.0,1.0,B,0
2023-0717,Houston,Clay,32,A,20230403,293,6-2 6-4,3,R16,74.0,126207,105449,1.0,,,WC,Frances Tiafoe,Steve Johnson,R,R,188.0,188.0,USA,USA,25.1,33.2,15.0,152.0,2665.0,381.0,9.0,5.0,0.0,3.0,51.0,58.0,31.0,35.0,26.0,27.0,13.0,6.0,9.0,9.0,0.0,2.0,0.0,5.0,A,1
2023-0717,Houston,Clay,32,A,20230403,292,6-4 6-2,3,R16,80.0,123755,106186,,6.0,,,Daniel Elahi Galan,Jason Kubler,R,R,191.0,178.0,COL,AUS,26.7,29.8,94.0,71.0,621.0,733.0,6.0,3.0,1.0,0.0,50.0,61.0,28.0,39.0,20.0,29.0,10.0,13.0,9.0,9.0,2.0,2.0,5.0,2.0,B,0
2023-0717,Houston,Clay,32,A,20230403,291,6-4 7-6(4),3,R16,76.0,104545,133835,4.0,,,,John Isner,Gijs Brouwer,R,L,208.0,191.0,USA,NED,37.9,27.0,46.0,123.0,915.0,477.0,7.0,5.0,3.0,0.0,57.0,63.0,32.0,54.0,28.0,40.0,16.0,8.0,11.0,11.0,0.0,0.0,1.0,0.0,B,0
2023-0717,Houston,Clay,32,A,20230403,290,6-4 6-1,3,R16,76.0,106045,200670,,5.0,,,Denis Kudla,J J Wolf,R,R,180.0,183.0,USA,USA,30.6,24.2,137.0,54.0,424.0,875.0,2.0,6.0,2.0,0.0,45.0,49.0,28.0,34.0,18.0,25.0,7.0,9.0,8.0,9.0,2.0,0.0,6.0,1.0,B,0
2023-0717,Houston,Clay,32,A,20230403,289,7-6(5) 6-1,3,R16,109.0,126845,144869,,8.0,,,Max Purcell,Tomas Martin Etcheverry,R,R,185.0,196.0,AUS,ARG,24.9,23.7,86.0,73.0,658.0,729.0,6.0,4.0,3.0,2.0,80.0,66.0,45.0,50.0,25.0,32.0,15.0,7.0,10.0,9.0,10.0,5.0,15.0,7.0,B,0
2023-0717,Houston,Clay,32,A,20230403,288,7-6(4) 7-6(1),3,R16,127.0,200267,106426,,,LL,,Zizou Bergs,Cristian Garin,R,R,185.0,185.0,BEL,CHI,23.8,26.8,167.0,74.0,359.0,723.0,4.0,5.0,2.0,2.0,74.0,90.0,55.0,58.0,39.0,38.0,8.0,20.0,12.0,12.0,0.0,2.0,2.0,4.0,B,0
2023-0717,Houston,Clay,32,A,20230403,287,6-4 6-4,3,R16,106.0,106218,207830,7.0,,,Q,Marcos Giron,Tomas Machac,R,R,180.0,183.0,USA,CZE,29.6,22.4,69.0,138.0,746.0,420.0,8.0,3.0,0.0,1.0,71.0,83.0,48.0,51.0,33.0,35.0,9.0,18.0,10.0,10.0,6.0,9.0,8.0,9.0,B,0
2023-0717,Houston,Clay,32,A,20230403,286,7-6(6) 6-2,3,R16,120.0,105870,126205,,2.0,Q,,Yannick Hanfmann,Tommy Paul,R,R,193.0,185.0,GER,USA,31.3,25.8,134.0,18.0,432.0,2090.0,1.0,4.0,1.0,4.0,71.0,85.0,45.0,46.0,24.0,24.0,17.0,17.0,10.0,10.0,3.0,8.0,7.0,14.0,A,1
2023-0717,Houston,Clay,32,A,20230403,284,7-6(5) 1-6 6-1,3,R32,113.0,105487,105449,,,,WC,Facundo Bagnis,Steve Johnson,L,R,183.0,188.0,ARG,USA,33.0,33.2,113.0,152.0,505.0,381.0,12.0,4.0,3.0,4.0,79.0,85.0,57.0,50.0,38.0,39.0,13.0,17.0,13.0,13.0,3.0,5.0,5.0,7.0,B,0
2023-0717,Houston,Clay,32,A,20230403,283,6-2 6-3,3,R32,81.0,123755,111190,,,,,Daniel Elahi Galan,Zhizhen Zhang,R,R,191.0,193.0,COL,CHN,26.7,26.4,94.0,93.0,621.0,625.0,12.0,2.0,1.0,2.0,50.0,67.0,33.0,45.0,27.0,27.0,11.0,10.0,9.0,8.0,1.0,3.0,1.0,6.0,A,1
2023-0717,Houston,Clay,32,A,20230403,282,7-6(7) 6-0,3,R32,99.0,104269,106186,,6.0,WC,,Fernando Verdasco,Jason Kubler,L,R,188.0,178.0,ESP,AUS,39.3,29.8,232.0,71.0,242.0,733.0,0.0,3.0,4.0,4.0,65.0,56.0,44.0,39.0,23.0,28.0,9.0,8.0,9.0,9.0,1.0,1.0,6.0,3.0,B,0
2023-0717,Houston,Clay,32,A,20230403,280,6-4 6-4,3,R32,75.0,133835,206499,,,,,Gijs Brouwer,Aleksandar Kovacevic,L,R,191.0,183.0,NED,USA,27.0,24.5,123.0,101.0,477.0,568.0,3.0,9.0,0.0,2.0,61.0,64.0,43.0,36.0,33.0,27.0,12.0,13.0,10.0,10.0,4.0,1.0,4.0,3.0,A,1
2023-0717,Houston,Clay,32,A,20230403,279,6-4 4-6 6-4,3,R32,115.0,106045,126846,,,,Q,Denis Kudla,Aleksandar Vukic,R,R,180.0,188.0,USA,AUS,30.6,26.9,137.0,151.0,424.0,381.0,5.0,12.0,1.0,2.0,83.0,77.0,44.0,50.0,33.0,38.0,21.0,12.0,15.0,15.0,6.0,1.0,9.0,5.0,A,1
2023-0717,Houston,Clay,32,A,20230403,278,6-3 6-2,3,R32,74.0,200670,111442,5.0,,,,J J Wolf,Jordan Thompson,R,R,183.0,183.0,USA,AUS,24.2,28.9,54.0,84.0,875.0,668.0,6.0,5.0,1.0,2.0,48.0,44.0,26.0,24.0,22.0,17.0,15.0,9.0,9.0,8.0,0.0,0.0,0.0,3.0,A,1
2023-0717,Houston,Clay,32,A,20230403,277,6-3 6-4,3,R32,107.0,207678,144869,,8.0,,,Juan Manuel Cerundolo,Tomas Martin Etcheverry,L,R,183.0,196.0,ARG,ARG,21.3,23.7,119.0,73.0,492.0,729.0,3.0,2.0,3.0,0.0,66.0,64.0,44.0,50.0,25.0,32.0,9.0,9.0,9.0,10.0,7.0,7.0,11.0,9.0,B,0
2023-0717,Houston,Clay,32,A,20230403,276,6-4 3-6 6-3,3,R32,132.0,127157,126845,,,,,Daniel Altmaier,Max Purcell,R,R,188.0,185.0,GER,AUS,24.5,24.9,108.0,86.0,515.0,658.0,9.0,5.0,3.0,0.0,92.0,82.0,62.0,52.0,45.0,39.0,15.0,17.0,14.0,14.0,6.0,3.0,8.0,4.0,B,0
2023-0717,Houston,Clay,32,A,20230403,275,6-3 6-0,3,R32,63.0,106426,106198,,,,,Cristian Garin,Hugo Dellien,R,R,185.0,180.0,CHI,BOL,26.8,29.7,74.0,112.0,723.0,506.0,6.0,1.0,0.0,2.0,33.0,59.0,16.0,35.0,15.0,19.0,13.0,9.0,7.0,8.0,0.0,3.0,0.0,8.0,A,1
2023-0717,Houston,Clay,32,A,20230403,273,6-0 6-2,3,R32,63.0,105877,106218,,7.0,,,Emilio Gomez,Marcos Giron,R,R,185.0,180.0,ECU,USA,31.3,29.6,99.0,69.0,577.0,746.0,1.0,4.0,4.0,0.0,46.0,47.0,27.0,27.0,13.0,17.0,4.0,13.0,7.0,7.0,2.0,1.0,8.0,2.0,B,0
2023-0717,Houston,Clay,32,A,20230403,272,6-2 6-4,3,R32,89.0,207830,106058,,,Q,WC,Tomas Machac,Jack Sock,R,R,183.0,191.0,CZE,USA,22.4,30.5,138.0,166.0,420.0,359.0,4.0,4.0,0.0,5.0,59.0,55.0,37.0,31.0,30.0,23.0,11.0,10.0,9.0,9.0,4.0,3.0,4.0,6.0,A,1
2023-0717,Houston,Clay,32,A,20230403,271,6-4 3-6 6-2,3,R32,122.0,133297,105870,,,Q,Q,Yosuke Watanuki,Yannick Hanfmann,R,R,180.0,193.0,JPN,GER,24.9,31.3,107.0,134.0,515.0,432.0,6.0,5.0,6.0,1.0,82.0,74.0,35.0,48.0,26.0,35.0,22.0,15.0,14.0,13.0,5.0,6.0,9.0,8.0,B,0
2023-0360,Marrakech,Clay,32,A,20230403,300,4-6 7-6(3) 6-2,3,F,181.0,106148,124186,,,,,Roberto Carballes Baena,Alexandre Muller,R,R,183.0,183.0,ESP,FRA,30.0,26.1,82.0,126.0,675.0,471.0,2.0,8.0,2.0,5.0,96.0,112.0,72.0,61.0,53.0,49.0,12.0,22.0,15.0,15.0,6.0,6.0,8.0,9.0,A,1
2023-0360,Marrakech,Clay,32,A,20230403,299,7-6(3) 7-5,3,SF,121.0,124186,200303,,,,,Alexandre Muller,Pavel Kotov,R,R,183.0,191.0,FRA,RUS,26.1,24.3,126.0,114.0,471.0,502.0,1.0,4.0,3.0,0.0,82.0,65.0,52.0,43.0,34.0,31.0,16.0,8.0,12.0,12.0,5.0,1.0,8.0,5.0,A,1
2023-0360,Marrakech,Clay,32,A,20230403,298,2-6 6-4 6-2,3,SF,156.0,105554,106148,2.0,,,,Daniel Evans,Roberto Carballes Baena,R,R,175.0,183.0,GBR,ESP,32.8,30.0,30.0,82.0,1345.0,675.0,2.0,1.0,3.0,2.0,94.0,78.0,55.0,56.0,36.0,34.0,18.0,14.0,13.0,13.0,8.0,6.0,12.0,9.0,B,0
2023-0360,Marrakech,Clay,32,A,20230403,297,6-3 1-6 6-4,3,QF,113.0,124186,207518,,1.0,,,Alexandre Muller,Lorenzo Musetti,R,R,183.0,185.0,FRA,ITA,26.1,21.0,126.0,21.0,471.0,1840.0,0.0,1.0,1.0,5.0,72.0,80.0,48.0,52.0,35.0,33.0,11.0,16.0,13.0,13.0,3.0,7.0,6.0,10.0,A,1
2023-0360,Marrakech,Clay,32,A,20230403,296,6-3 6-7(6) 7-6(3),3,QF,173.0,106331,200303,,,,,Christopher Oconnell,Pavel Kotov,R,R,183.0,191.0,AUS,RUS,28.8,24.3,87.0,114.0,657.0,502.0,2.0,4.0,3.0,4.0,102.0,109.0,66.0,71.0,50.0,47.0,17.0,25.0,16.0,17.0,3.0,2.0,6.0,4.0,B,0
2023-0360,Marrakech,Clay,32,A,20230403,295,6-3 2-6 6-2,3,QF,128.0,106148,134868,,4.0,,,Roberto Carballes Baena,Tallon Griekspoor,R,R,183.0,188.0,ESP,NED,30.0,26.7,82.0,35.0,675.0,1059.0,1.0,4.0,3.0,8.0,82.0,75.0,47.0,45.0,29.0,30.0,17.0,9.0,13.0,12.0,6.0,5.0,11.0,11.0,A,1
2023-0360,Marrakech,Clay,32,A,20230403,294,6-3 7-5,3,QF,108.0,105554,131934,2.0,,,Q,Daniel Evans,Andrea Vavassori,R,R,175.0,193.0,GBR,ITA,32.8,27.9,30.0,201.0,1345.0,293.0,0.0,2.0,3.0,4.0,60.0,83.0,41.0,51.0,29.0,32.0,12.0,15.0,10.0,11.0,2.0,4.0,3.0,8.0,A,1
2023-0360,Marrakech,Clay,32,A,20230403,293,6-2 6-3,3,R16,78.0,200384,207518,,1.0,,,Hugo Gaston,Lorenzo Musetti,L,R,173.0,185.0,FRA,ITA,22.5,21.0,104.0,21.0,535.0,1840.0,0.0,0.0,4.0,1.0,52.0,42.0,29.0,18.0,17.0,13.0,9.0,17.0,9.0,8.0,2.0,1.0,7.0,2.0,B,0
2023-0360,Marrakech,Clay,32,A,20230403,292,6-4 6-4,3,R16,78.0,208859,124186,,,,,Francesco Passaro,Alexandre Muller,R,R,180.0,183.0,ITA,FRA,22.2,26.1,115.0,126.0,497.0,471.0,5.0,4.0,1.0,2.0,55.0,61.0,39.0,41.0,25.0,31.0,9.0,10.0,10.0,10.0,0.0,1.0,3.0,2.0,B,0
2023-0360,Marrakech,Clay,32,A,20230403,291,6-7(8) 6-4 6-0,3,R16,161.0,122298,106331,3.0,,,,Botic Van De Zandschulp,Christopher Oconnell,R,R,191.0,183.0,NED,AUS,27.4,28.8,31.0,87.0,1250.0,657.0,7.0,4.0,5.0,6.0,94.0,110.0,59.0,65.0,30.0,43.0,17.0,20.0,14.0,14.0,4.0,9.0,11.0,12.0,B,0
2023-0360,Marrakech,Clay,32,A,20230403,290,6-0 7-6(2),3,R16,88.0,200303,126127,,7.0,,,Pavel Kotov,Benjamin Bonzi,R,R,191.0,183.0,RUS,FRA,24.3,26.8,114.0,50.0,502.0,889.0,2.0,1.0,0.0,2.0,50.0,56.0,30.0,34.0,23.0,19.0,11.0,7.0,9.0,9.0,0.0,5.0,2.0,10.0,A,1
2023-0360,Marrakech,Clay,32,A,20230403,289,2-0 RET,3,R16,5.0,106220,106148,,,Q,,Dimitar Kuzmanov,Roberto Carballes Baena,R,R,183.0,183.0,BUL,ESP,29.6,30.0,207.0,82.0,283.0,675.0,0.0,0.0,0.0,1.0,4.0,5.0,3.0,3.0,0.0,3.0,0.0,1.0,1.0,1.0,0.0,0.0,1.0,0.0,B,0
2023-0360,Marrakech,Clay,32,A,20230403,288,1-6 6-3 6-4,3,R16,115.0,134868,111200,4.0,,,Q,Tallon Griekspoor,Elias Ymer,R,R,188.0,185.0,NED,SWE,26.7,26.9,35.0,157.0,1059.0,376.0,4.0,4.0,5.0,6.0,82.0,78.0,49.0,40.0,37.0,26.0,10.0,16.0,13.0,13.0,7.0,4.0,13.0,10.0,A,1
2023-0360,Marrakech,Clay,32,A,20230403,287,6-7(4) 7-6(6) 6-4,3,R16,192.0,131934,144719,,,Q,,Andrea Vavassori,Jaume Munar,R,R,193.0,183.0,ITA,ESP,27.9,25.9,201.0,83.0,293.0,675.0,5.0,2.0,6.0,3.0,116.0,117.0,67.0,88.0,50.0,64.0,27.0,12.0,17.0,17.0,3.0,6.0,5.0,9.0,A,1
2023-0360,Marrakech,Clay,32,A,20230403,286,6-1 6-3,3,R16,75.0,200615,105554,,2.0,,,Alexei Popyrin,Daniel Evans,R,R,196.0,175.0,AUS,GBR,23.6,32.8,95.0,30.0,611.0,1345.0,5.0,3.0,4.0,1.0,52.0,49.0,29.0,33.0,20.0,26.0,6.0,10.0,8.0,8.0,3.0,2.0,7.0,2.0,B,0
2023-0360,Marrakech,Clay,32,A,20230403,284,3-6 6-4 7-5,3,R32,127.0,105526,200384,,,,,Jan Lennard Struff,Hugo Gaston,R,L,193.0,173.0,GER,FRA,32.9,22.5,100.0,104.0,574.0,535.0,12.0,5.0,5.0,5.0,90.0,94.0,49.0,50.0,36.0,37.0,24.0,26.0,15.0,16.0,2.0,2.0,4.0,4.0,B,0
2023-0360,Marrakech,Clay,32,A,20230403,283,7-5 3-6 6-3,3,R32,143.0,208859,106234,,,,,Francesco Passaro,Aslan Karatsev,R,R,180.0,185.0,ITA,RUS,22.2,29.5,115.0,124.0,497.0,475.0,3.0,4.0,13.0,13.0,91.0,109.0,51.0,64.0,38.0,49.0,20.0,12.0,15.0,15.0,6.0,5.0,10.0,10.0,A,1
2023-0360,Marrakech,Clay,32,A,20230403,282,6-4 6-4,3,R32,100.0,124186,104755,,6.0,,,Alexandre Muller,Richard Gasquet,R,R,183.0,183.0,FRA,FRA,26.1,36.7,126.0,42.0,471.0,975.0,5.0,1.0,2.0,4.0,62.0,73.0,33.0,46.0,22.0,28.0,17.0,10.0,10.0,10.0,1.0,7.0,3.0,11.0,A,1
2023-0360,Marrakech,Clay,32,A,20230403,280,7-5 6-4,3,R32,98.0,109686,106331,,,Q,,Riccardo Bonadio,Christopher Oconnell,R,R,180.0,183.0,ITA,AUS,29.7,28.8,181.0,87.0,325.0,657.0,1.0,6.0,4.0,3.0,71.0,67.0,44.0,30.0,28.0,24.0,14.0,20.0,11.0,11.0,5.0,2.0,8.0,3.0,B,0
2023-0360,Marrakech,Clay,32,A,20230403,279,6-2 1-6 7-6(5),3,R32,161.0,124079,200303,,,,,Pedro Martinez,Pavel Kotov,R,R,185.0,191.0,ESP,RUS,25.9,24.3,125.0,114.0,471.0,502.0,1.0,5.0,9.0,2.0,98.0,93.0,61.0,56.0,37.0,36.0,19.0,15.0,14.0,13.0,7.0,7.0,12.0,12.0,B,0
2023-0360,Marrakech,Clay,32,A,20230403,278,6-3 6-3,3,R32,81.0,106072,126127,,7.0,LL,,Alexey Vatutin,Benjamin Bonzi,R,R,178.0,183.0,RUS,FRA,30.4,26.8,295.0,50.0,176.0,889.0,0.0,5.0,2.0,1.0,71.0,61.0,41.0,42.0,19.0,31.0,15.0,6.0,9.0,9.0,6.0,3.0,11.0,5.0,B,0
2023-0360,Marrakech,Clay,32,A,20230403,277,6-7(4) 6-3 6-1,3,R32,138.0,202195,106148,5.0,,,,Maxime Cressy,Roberto Carballes Baena,R,R,201.0,183.0,USA,ESP,25.9,30.0,38.0,82.0,1016.0,675.0,9.0,3.0,20.0,1.0,97.0,83.0,56.0,62.0,41.0,47.0,14.0,12.0,14.0,14.0,8.0,0.0,13.0,1.0,B,0
2023-0360,Marrakech,Clay,32,A,20230403,276,6-3 6-4,3,R32,100.0,126409,106220,,,LL,Q,Hugo Grenier,Dimitar Kuzmanov,R,R,196.0,183.0,FRA,BUL,27.0,29.6,129.0,207.0,464.0,283.0,3.0,1.0,1.0,1.0,51.0,61.0,28.0,42.0,19.0,31.0,12.0,13.0,9.0,10.0,2.0,1.0,4.0,1.0,B,0
2023-0360,Marrakech,Clay,32,A,20230403,275,6-4 7-6(6),3,R32,96.0,111200,125842,,,Q,WC,Elias Ymer,Adam Moundir,R,R,185.0,191.0,SWE,MAR,26.9,27.9,157.0,720.0,376.0,33.0,8.0,1.0,3.0,4.0,80.0,74.0,51.0,38.0,38.0,28.0,15.0,18.0,11.0,11.0,5.0,3.0,6.0,5.0,A,1
2023-0360,Marrakech,Clay,32,A,20230403,273,6-2 3-6 6-3,3,R32,122.0,131934,111797,,8.0,Q,,Andrea Vavassori,Nicolas Jarry,R,R,193.0,201.0,ITA,CHI,27.9,27.4,201.0,59.0,293.0,859.0,4.0,4.0,4.0,1.0,87.0,66.0,62.0,41.0,44.0,30.0,14.0,14.0,13.0,13.0,8.0,2.0,9.0,5.0,A,1
2023-0360,Marrakech,Clay,32,A,20230403,272,6-4 6-4,3,R32,90.0,144719,200611,,,,WC,Jaume Munar,Elliot Benchetrit,R,R,183.0,193.0,ESP,MAR,25.9,24.5,83.0,445.0,675.0,98.0,4.0,0.0,5.0,4.0,54.0,63.0,32.0,27.0,23.0,17.0,12.0,16.0,10.0,10.0,1.0,4.0,3.0,8.0,A,1
2023-0360,Marrakech,Clay,32,A,20230403,271,6-3 6-2,3,R32,71.0,200615,207794,,,,WC,Alexei Popyrin,Younes Lalami Laaroussi,R,R,196.0,188.0,AUS,MAR,23.6,21.9,95.0,937.0,611.0,13.0,4.0,1.0,2.0,5.0,44.0,52.0,26.0,28.0,20.0,17.0,10.0,9.0,8.0,9.0,0.0,2.0,1.0,7.0,A,1
2023-0410,Monte Carlo Masters,Clay,64,M,20230410,300,5-7 6-2 7-5,3,F,154.0,208029,126094,6.0,5.0,,,Holger Rune,Andrey Rublev,R,R,188.0,188.0,DEN,RUS,19.9,25.4,9.0,6.0,3335.0,3470.0,6.0,5.0,9.0,4.0,112.0,95.0,56.0,47.0,40.0,35.0,21.0,25.0,16.0,16.0,13.0,4.0,19.0,8.0,B,0
2023-0410,Monte Carlo Masters,Clay,64,M,20230410,299,1-6 7-5 7-5,3,SF,166.0,206173,208029,7.0,6.0,,,Jannik Sinner,Holger Rune,R,R,191.0,188.0,ITA,DEN,21.6,19.9,8.0,9.0,3345.0,3335.0,0.0,4.0,5.0,5.0,116.0,86.0,65.0,56.0,42.0,38.0,29.0,16.0,16.0,15.0,11.0,4.0,14.0,7.0,B,0
2023-0410,Monte Carlo Masters,Clay,64,M,20230410,298,5-7 6-1 6-3,3,SF,127.0,126203,126094,8.0,5.0,,,Taylor Fritz,Andrey Rublev,R,R,196.0,188.0,USA,RUS,25.4,25.4,10.0,6.0,3065.0,3470.0,5.0,2.0,6.0,3.0,96.0,88.0,47.0,48.0,30.0,31.0,17.0,20.0,14.0,14.0,13.0,3.0,21.0,8.0,B,0
2023-0410,Monte Carlo Masters,Clay,64,M,20230410,297,6-2 6-2,3,QF,75.0,206173,207518,7.0,16.0,,,Jannik Sinner,Lorenzo Musetti,R,R,191.0,185.0,ITA,ITA,21.6,21.1,8.0,21.0,3345.0,1840.0,1.0,1.0,0.0,3.0,55.0,42.0,31.0,25.0,24.0,16.0,14.0,4.0,8.0,8.0,5.0,2.0,5.0,6.0,A,1
2023-0410,Monte Carlo Masters,Clay,64,M,20230410,296,6-3 6-4,3,QF,77.0,208029,106421,6.0,3.0,,,Holger Rune,Daniil Medvedev,R,R,188.0,198.0,DEN,RUS,19.9,27.1,9.0,5.0,3335.0,5150.0,1.0,1.0,2.0,2.0,52.0,58.0,27.0,36.0,20.0,21.0,18.0,14.0,10.0,9.0,1.0,2.0,2.0,5.0,A,1
2023-0410,Monte Carlo Masters,Clay,64,M,20230410,295,6-1 7-6(5),3,QF,99.0,105526,126094,,5.0,Q,,Jan Lennard Struff,Andrey Rublev,R,R,193.0,188.0,GER,RUS,32.9,25.4,100.0,6.0,574.0,3470.0,6.0,7.0,6.0,5.0,74.0,70.0,31.0,35.0,19.0,27.0,19.0,16.0,9.0,10.0,10.0,1.0,14.0,3.0,B,0
2023-0410,Monte Carlo Masters,Clay,64,M,20230410,294,6-2 6-4,3,QF,70.0,126774,126203,2.0,8.0,,,Stefanos Tsitsipas,Taylor Fritz,R,R,193.0,196.0,GRE,USA,24.6,25.4,3.0,10.0,5770.0,3065.0,1.0,3.0,1.0,1.0,47.0,45.0,25.0,25.0,16.0,20.0,10.0,14.0,9.0,9.0,1.0,0.0,5.0,1.0,B,0
2023-0410,Monte Carlo Masters,Clay,64,M,20230410,293,4-6 7-5 6-4,3,R16,174.0,207518,104925,16.0,1.0,,,Lorenzo Musetti,Novak Djokovic,R,R,185.0,188.0,ITA,SRB,21.1,35.8,21.0,1.0,1840.0,7160.0,6.0,1.0,0.0,6.0,103.0,94.0,58.0,63.0,33.0,37.0,23.0,12.0,16.0,16.0,6.0,6.0,13.0,14.0,A,1
2023-0410,Monte Carlo Masters,Clay,64,M,20230410,292,3-6 7-6(6) 6-1,3,R16,147.0,206173,128034,7.0,10.0,,,Jannik Sinner,Hubert Hurkacz,R,R,191.0,196.0,ITA,POL,21.6,26.1,8.0,13.0,3345.0,2750.0,3.0,15.0,3.0,8.0,89.0,115.0,52.0,60.0,39.0,50.0,21.0,17.0,13.0,15.0,6.0,8.0,8.0,12.0,A,1
2023-0410,Monte Carlo Masters,Clay,64,M,20230410,291,3-6 7-5 7-6(7),3,R16,185.0,100644,106421,13.0,3.0,,,Alexander Zverev,Daniil Medvedev,R,R,198.0,198.0,GER,RUS,25.9,27.1,16.0,5.0,2410.0,5150.0,4.0,3.0,4.0,8.0,115.0,103.0,71.0,56.0,44.0,40.0,18.0,19.0,17.0,16.0,7.0,5.0,13.0,11.0,B,0
2023-0410,Monte Carlo Masters,Clay,64,M,20230410,290,W/O,3,R16,0.0,126610,208029,,6.0,,,Matteo Berrettini,Holger Rune,R,R,196.0,188.0,ITA,DEN,26.9,19.9,22.0,9.0,1742.0,3335.0,,,,,,,,,,,,,,,,,,,B,0
2023-0410,Monte Carlo Masters,Clay,64,M,20230410,289,7-6(4) 6-2,3,R16,90.0,126094,111575,5.0,9.0,,,Andrey Rublev,Karen Khachanov,R,R,188.0,198.0,RUS,RUS,25.4,26.8,6.0,12.0,3470.0,2855.0,5.0,2.0,0.0,1.0,63.0,64.0,41.0,38.0,27.0,19.0,15.0,17.0,10.0,10.0,0.0,0.0,1.0,3.0,A,1
2023-0410,Monte Carlo Masters,Clay,64,M,20230410,288,6-1 7-6(6),3,R16,103.0,134770,105526,4.0,,,Q,Casper Ruud,Jan Lennard Struff,R,R,183.0,193.0,NOR,GER,24.2,32.9,4.0,100.0,5255.0,574.0,3.0,3.0,4.0,1.0,77.0,67.0,45.0,38.0,28.0,30.0,13.0,15.0,9.0,10.0,10.0,5.0,14.0,7.0,B,0
2023-0410,Monte Carlo Masters,Clay,64,M,20230410,287,4-6 6-4 6-1,3,R16,102.0,208103,126203,,8.0,,,Jiri Lehecka,Taylor Fritz,R,R,185.0,196.0,CZE,USA,21.4,25.4,42.0,10.0,978.0,3065.0,2.0,5.0,2.0,2.0,68.0,81.0,43.0,50.0,30.0,37.0,13.0,19.0,13.0,14.0,3.0,7.0,7.0,9.0,B,0
2023-0410,Monte Carlo Masters,Clay,64,M,20230410,286,6-3 6-4,3,R16,93.0,111797,126774,,2.0,,,Nicolas Jarry,Stefanos Tsitsipas,R,R,201.0,193.0,CHI,GRE,27.4,24.6,58.0,3.0,814.0,5770.0,3.0,8.0,3.0,0.0,72.0,61.0,49.0,40.0,35.0,32.0,7.0,12.0,9.0,10.0,8.0,2.0,10.0,2.0,B,0
2023-0410,Monte Carlo Masters,Clay,64,M,20230410,285,7-6(5) 6-2,3,R32,107.0,104925,123809,1.0,,,Q,Novak Djokovic,Ivan Gakhov,R,L,188.0,191.0,SRB,RUS,35.8,26.4,1.0,198.0,7160.0,292.0,4.0,5.0,2.0,7.0,65.0,77.0,39.0,39.0,30.0,25.0,16.0,19.0,10.0,10.0,3.0,4.0,4.0,7.0,A,1
2023-0410,Monte Carlo Masters,Clay,64,M,20230410,284,6-0 6-0,3,R32,50.0,207518,208134,16.0,,,Q,Lorenzo Musetti,Luca Nardi,R,R,185.0,185.0,ITA,ITA,21.1,19.6,21.0,159.0,1840.0,372.0,1.0,0.0,0.0,1.0,33.0,38.0,21.0,28.0,18.0,10.0,7.0,1.0,6.0,6.0,1.0,1.0,1.0,7.0,A,1
2023-0410,Monte Carlo Masters,Clay,64,M,20230410,283,6-3 6-7(3) 7-5,3,R32,148.0,128034,207733,10.0,,,,Hubert Hurkacz,Jack Draper,R,L,196.0,193.0,POL,GBR,26.1,21.2,13.0,56.0,2750.0,839.0,20.0,5.0,2.0,3.0,109.0,105.0,56.0,65.0,48.0,47.0,21.0,15.0,17.0,16.0,5.0,3.0,8.0,8.0,A,1
2023-0410,Monte Carlo Masters,Clay,64,M,20230410,282,6-0 3-1 RET,3,R32,42.0,206173,106043,7.0,,,,Jannik Sinner,Diego Schwartzman,R,R,191.0,170.0,ITA,ARG,21.6,30.6,8.0,37.0,3345.0,1025.0,2.0,0.0,2.0,7.0,25.0,26.0,12.0,14.0,10.0,4.0,10.0,2.0,5.0,5.0,0.0,0.0,0.0,4.0,A,1
2023-0410,Monte Carlo Masters,Clay,64,M,20230410,281,6-3 6-2,3,R32,88.0,106421,132283,3.0,,,WC,Daniil Medvedev,Lorenzo Sonego,R,R,198.0,191.0,RUS,ITA,27.1,27.9,5.0,45.0,5150.0,915.0,2.0,0.0,4.0,2.0,53.0,58.0,30.0,27.0,27.0,15.0,11.0,15.0,9.0,8.0,1.0,6.0,1.0,9.0,A,1
2023-0410,Monte Carlo Masters,Clay,64,M,20230410,280,6-4 6-4,3,R32,107.0,100644,105138,13.0,,,,Alexander Zverev,Roberto Bautista Agut,R,R,198.0,183.0,GER,ESP,25.9,34.9,16.0,29.0,2410.0,1395.0,11.0,2.0,5.0,2.0,65.0,67.0,47.0,41.0,35.0,26.0,7.0,12.0,10.0,10.0,2.0,3.0,3.0,6.0,A,1
2023-0410,Monte Carlo Masters,Clay,64,M,20230410,279,5-7 7-6(1) 6-4,3,R32,162.0,126610,202103,,,,,Matteo Berrettini,Francisco Cerundolo,R,R,196.0,185.0,ITA,ARG,26.9,24.6,22.0,33.0,1742.0,1140.0,3.0,2.0,3.0,4.0,100.0,120.0,61.0,88.0,48.0,58.0,20.0,16.0,17.0,17.0,1.0,13.0,4.0,16.0,A,1
2023-0410,Monte Carlo Masters,Clay,64,M,20230410,278,6-2 6-4,3,R32,95.0,106233,208029,,6.0,WC,,Dominic Thiem,Holger Rune,R,R,185.0,188.0,AUT,DEN,29.5,19.9,106.0,9.0,555.0,3335.0,2.0,0.0,1.0,3.0,58.0,56.0,32.0,35.0,22.0,28.0,11.0,11.0,9.0,9.0,6.0,2.0,9.0,2.0,B,0
2023-0410,Monte Carlo Masters,Clay,64,M,20230410,277,4-6 6-2 6-2,3,R32,135.0,144719,126094,,5.0,,,Jaume Munar,Andrey Rublev,R,R,183.0,188.0,ESP,RUS,25.9,25.4,83.0,6.0,685.0,3470.0,1.0,1.0,3.0,1.0,73.0,90.0,44.0,40.0,24.0,27.0,14.0,25.0,13.0,13.0,4.0,5.0,10.0,8.0,B,0
2023-0410,Monte Carlo Masters,Clay,64,M,20230410,276,7-6(2) 6-2,3,R32,100.0,125802,111575,,9.0,Q,,Ilya Ivashka,Karen Khachanov,R,R,193.0,198.0,BLR,RUS,29.1,26.8,74.0,12.0,721.0,2855.0,0.0,3.0,1.0,3.0,61.0,70.0,30.0,45.0,19.0,33.0,18.0,16.0,10.0,10.0,1.0,3.0,3.0,3.0,B,0
2023-0410,Monte Carlo Masters,Clay,64,M,20230410,275,6-3 6-2,3,R32,69.0,200282,105526,14.0,,,Q,Alex De Minaur,Jan Lennard Struff,R,R,183.0,193.0,AUS,GER,24.1,32.9,19.0,100.0,2050.0,574.0,1.0,6.0,3.0,3.0,53.0,47.0,29.0,28.0,19.0,24.0,7.0,10.0,9.0,8.0,1.0,2.0,6.0,3.0,B,0
2023-0410,Monte Carlo Masters,Clay,64,M,20230410,274,7-5 7-6(1),3,R32,135.0,122298,134770,,4.0,,,Botic Van De Zandschulp,Casper Ruud,R,R,191.0,183.0,NED,NOR,27.5,24.2,31.0,4.0,1250.0,5255.0,3.0,2.0,3.0,3.0,82.0,83.0,45.0,44.0,27.0,30.0,14.0,19.0,12.0,12.0,8.0,4.0,13.0,8.0,B,0
2023-0410,Monte Carlo Masters,Clay,64,M,20230410,273,7-6(10) 6-2,3,R32,98.0,104527,126203,,8.0,WC,,Stan Wawrinka,Taylor Fritz,R,R,183.0,196.0,SUI,USA,38.0,25.4,90.0,10.0,647.0,3065.0,2.0,8.0,2.0,1.0,72.0,68.0,42.0,39.0,32.0,32.0,13.0,19.0,10.0,10.0,3.0,5.0,5.0,5.0,B,0
2023-0410,Monte Carlo Masters,Clay,64,M,20230410,272,7-6(4) 6-4,3,R32,100.0,105777,208103,,,,,Grigor Dimitrov,Jiri Lehecka,R,R,191.0,185.0,BUL,CZE,31.9,21.4,25.0,42.0,1485.0,978.0,3.0,2.0,5.0,0.0,71.0,73.0,49.0,49.0,34.0,31.0,7.0,16.0,11.0,11.0,3.0,2.0,6.0,4.0,B,0
2023-0410,Monte Carlo Masters,Clay,64,M,20230410,271,3-6 7-5 6-4,3,R32,149.0,111797,200615,,,,Q,Nicolas Jarry,Alexei Popyrin,R,R,201.0,196.0,CHI,AUS,27.4,23.6,58.0,94.0,814.0,631.0,7.0,10.0,2.0,1.0,87.0,96.0,59.0,49.0,46.0,40.0,15.0,25.0,15.0,16.0,2.0,2.0,3.0,4.0,A,1
2023-0410,Monte Carlo Masters,Clay,64,M,20230410,270,4-1 RET,3,R32,22.0,126774,126127,2.0,,,,Stefanos Tsitsipas,Benjamin Bonzi,R,R,193.0,183.0,GRE,FRA,24.6,26.8,3.0,48.0,5770.0,901.0,1.0,1.0,0.0,1.0,15.0,16.0,9.0,9.0,8.0,8.0,4.0,0.0,3.0,2.0,0.0,0.0,0.0,1.0,A,1
2023-0410,Monte Carlo Masters,Clay,64,M,20230410,268,7-6(6) 2-6 6-3,3,R64,120.0,111456,123809,,,,Q,Mackenzie Mcdonald,Ivan Gakhov,R,L,178.0,191.0,USA,RUS,27.9,26.4,52.0,198.0,865.0,292.0,9.0,7.0,2.0,4.0,80.0,98.0,58.0,55.0,44.0,39.0,9.0,21.0,14.0,15.0,3.0,4.0,6.0,8.0,B,0
2023-0410,Monte Carlo Masters,Clay,64,M,20230410,267,7-5 7-5,3,R64,110.0,200473,208134,,,WC,Q,Valentin Vacherot,Luca Nardi,R,R,193.0,185.0,MON,ITA,24.3,19.6,357.0,159.0,134.0,372.0,4.0,1.0,1.0,1.0,85.0,72.0,63.0,44.0,38.0,29.0,10.0,17.0,12.0,12.0,10.0,2.0,14.0,4.0,B,0
2023-0410,Monte Carlo Masters,Clay,64,M,20230410,266,7-6(1) 6-0,3,R64,89.0,207518,200175,16.0,,,,Lorenzo Musetti,Miomir Kecmanovic,R,R,185.0,183.0,ITA,SRB,21.1,23.6,21.0,34.0,1840.0,1125.0,6.0,1.0,2.0,0.0,59.0,54.0,37.0,34.0,30.0,18.0,14.0,10.0,9.0,9.0,2.0,0.0,2.0,3.0,A,1
2023-0410,Monte Carlo Masters,Clay,64,M,20230410,265,6-7(5) 7-6(5) 7-6(5),3,R64,198.0,111513,128034,,10.0,,,Laslo Djere,Hubert Hurkacz,R,R,188.0,196.0,SRB,POL,27.8,26.1,62.0,13.0,790.0,2750.0,2.0,14.0,10.0,5.0,150.0,123.0,76.0,61.0,52.0,49.0,35.0,30.0,18.0,18.0,13.0,2.0,17.0,6.0,B,0
2023-0410,Monte Carlo Masters,Clay,64,M,20230410,264,6-3 7-5,3,R64,111.0,202104,207733,,,,,Sebastian Baez,Jack Draper,R,L,170.0,193.0,ARG,GBR,22.2,21.2,32.0,56.0,1215.0,839.0,1.0,6.0,1.0,4.0,59.0,91.0,40.0,61.0,27.0,41.0,9.0,14.0,10.0,11.0,1.0,11.0,4.0,12.0,B,0
2023-0410,Monte Carlo Masters,Clay,64,M,20230410,263,6-4 6-2,3,R64,102.0,106043,105676,,,,,Diego Schwartzman,David Goffin,R,R,170.0,180.0,ARG,BEL,30.6,32.3,37.0,85.0,1025.0,675.0,3.0,1.0,0.0,3.0,65.0,61.0,43.0,28.0,28.0,19.0,13.0,14.0,9.0,9.0,5.0,2.0,6.0,6.0,A,1
2023-0410,Monte Carlo Masters,Clay,64,M,20230410,260,3-6 7-5 7-5,3,R64,179.0,200005,132283,,,Q,WC,Ugo Humbert,Lorenzo Sonego,L,R,188.0,191.0,FRA,ITA,24.7,27.9,79.0,45.0,713.0,915.0,2.0,4.0,2.0,3.0,102.0,105.0,63.0,71.0,43.0,49.0,17.0,14.0,17.0,16.0,2.0,6.0,7.0,10.0,B,0
2023-0410,Monte Carlo Masters,Clay,64,M,20230410,259,5-7 7-6(10) 6-1,3,R64,172.0,105138,105936,,,,LL,Roberto Bautista Agut,Filip Krajinovic,R,R,183.0,185.0,ESP,SRB,34.9,31.1,29.0,78.0,1395.0,715.0,7.0,4.0,1.0,1.0,100.0,110.0,64.0,67.0,46.0,39.0,20.0,28.0,15.0,16.0,3.0,9.0,5.0,13.0,A,1
2023-0410,Monte Carlo Masters,Clay,64,M,20230410,258,3-6 6-2 6-4,3,R64,120.0,122330,100644,,13.0,,,Alexander Bublik,Alexander Zverev,R,R,196.0,198.0,KAZ,GER,25.8,25.9,53.0,16.0,865.0,2410.0,7.0,3.0,10.0,2.0,88.0,69.0,48.0,39.0,32.0,29.0,16.0,14.0,14.0,13.0,11.0,2.0,17.0,6.0,B,0
2023-0410,Monte Carlo Masters,Clay,64,M,20230410,257,6-3 6-4,3,R64,72.0,202103,111815,,11.0,,,Francisco Cerundolo,Cameron Norrie,R,L,185.0,188.0,ARG,GBR,24.6,27.6,33.0,14.0,1140.0,2735.0,4.0,1.0,4.0,0.0,50.0,48.0,29.0,32.0,26.0,17.0,11.0,12.0,10.0,9.0,1.0,4.0,2.0,7.0,A,1
2023-0410,Monte Carlo Masters,Clay,64,M,20230410,256,6-4 6-2,3,R64,86.0,126610,202195,,,,,Matteo Berrettini,Maxime Cressy,R,R,196.0,201.0,ITA,USA,26.9,25.9,22.0,40.0,1742.0,1016.0,3.0,6.0,2.0,14.0,53.0,65.0,42.0,32.0,31.0,23.0,7.0,12.0,9.0,9.0,2.0,5.0,2.0,8.0,A,1
2023-0410,Monte Carlo Masters,Clay,64,M,20230410,255,6-1 6-4,3,R64,89.0,106233,104755,,,WC,,Dominic Thiem,Richard Gasquet,R,R,185.0,183.0,AUT,FRA,29.5,36.8,106.0,43.0,555.0,930.0,6.0,1.0,1.0,1.0,55.0,60.0,31.0,29.0,27.0,18.0,12.0,17.0,9.0,8.0,0.0,7.0,0.0,10.0,A,1
2023-0410,Monte Carlo Masters,Clay,64,M,20230410,252,7-6(3) 4-6 6-4,3,R64,175.0,144817,144719,,,,,Marc Andrea Huesler,Jaume Munar,L,R,196.0,183.0,SUI,ESP,26.7,25.9,60.0,83.0,799.0,685.0,4.0,4.0,0.0,4.0,110.0,118.0,65.0,75.0,36.0,44.0,21.0,18.0,16.0,16.0,8.0,13.0,16.0,21.0,B,0
2023-0410,Monte Carlo Masters,Clay,64,M,20230410,251,2-6 6-2 6-3,3,R64,113.0,125802,105554,,,Q,,Ilya Ivashka,Daniel Evans,R,R,193.0,175.0,BLR,GBR,29.1,32.8,74.0,28.0,721.0,1425.0,1.0,3.0,3.0,0.0,80.0,61.0,49.0,42.0,39.0,30.0,12.0,12.0,13.0,12.0,4.0,2.0,6.0,5.0,A,1
2023-0410,Monte Carlo Masters,Clay,64,M,20230410,250,6-2 6-2,3,R64,74.0,200221,111575,,9.0,,,Alejandro Davidovich Fokina,Karen Khachanov,R,R,183.0,198.0,ESP,RUS,23.8,26.8,24.0,12.0,1605.0,2855.0,1.0,1.0,1.0,1.0,49.0,57.0,38.0,40.0,19.0,31.0,4.0,7.0,8.0,8.0,0.0,3.0,4.0,3.0,B,0
2023-0410,Monte Carlo Masters,Clay,64,M,20230410,249,6-1 6-3,3,R64,86.0,104918,200282,,14.0,,,Andy Murray,Alex De Minaur,R,R,191.0,183.0,GBR,AUS,35.9,24.1,54.0,19.0,860.0,2050.0,1.0,1.0,1.0,0.0,48.0,43.0,24.0,15.0,15.0,12.0,9.0,20.0,8.0,8.0,2.0,0.0,6.0,0.0,B,0
2023-0410,Monte Carlo Masters,Clay,64,M,20230410,248,6-4 6-3,3,R64,88.0,105077,105526,,,,Q,Albert Ramos,Jan Lennard Struff,L,R,188.0,193.0,ESP,GER,35.2,32.9,50.0,100.0,880.0,574.0,1.0,7.0,3.0,3.0,55.0,62.0,34.0,38.0,23.0,30.0,9.0,13.0,9.0,10.0,2.0,4.0,5.0,5.0,B,0
2023-0410,Monte Carlo Masters,Clay,64,M,20230410,247,3-6 7-6(2) 6-1,3,R64,157.0,105916,122298,,,Q,,Marton Fucsovics,Botic Van De Zandschulp,R,R,188.0,191.0,HUN,NED,31.1,27.5,73.0,31.0,732.0,1250.0,1.0,2.0,7.0,4.0,95.0,90.0,46.0,55.0,30.0,37.0,24.0,18.0,13.0,15.0,9.0,5.0,13.0,9.0,B,0
2023-0410,Monte Carlo Masters,Clay,64,M,20230410,244,5-7 6-3 6-4,3,R64,146.0,104527,134868,,,WC,,Stan Wawrinka,Tallon Griekspoor,R,R,183.0,188.0,SUI,NED,38.0,26.7,90.0,35.0,647.0,1094.0,9.0,7.0,4.0,5.0,123.0,82.0,73.0,44.0,49.0,36.0,26.0,19.0,16.0,15.0,9.0,0.0,11.0,3.0,A,1
2023-0410,Monte Carlo Masters,Clay,64,M,20230410,243,6-1 3-6 6-3,3,R64,131.0,105777,210097,,,,,Grigor Dimitrov,Ben Shelton,R,L,191.0,193.0,BUL,USA,31.9,20.5,25.0,39.0,1485.0,1019.0,10.0,9.0,4.0,4.0,74.0,108.0,46.0,67.0,37.0,48.0,17.0,13.0,13.0,12.0,1.0,15.0,2.0,18.0,A,1
2023-0410,Monte Carlo Masters,Clay,64,M,20230410,242,6-1 7-5,3,R64,91.0,200325,208103,,,LL,,Emil Ruusuvuori,Jiri Lehecka,R,R,188.0,185.0,FIN,CZE,24.0,21.4,38.0,42.0,1021.0,978.0,1.0,3.0,2.0,1.0,59.0,71.0,30.0,50.0,17.0,34.0,14.0,10.0,9.0,10.0,7.0,8.0,12.0,10.0,B,0
2023-0410,Monte Carlo Masters,Clay,64,M,20230410,241,6-2 6-3,3,R64,77.0,106432,111797,15.0,,,,Borna Coric,Nicolas Jarry,R,R,188.0,201.0,CRO,CHI,26.4,27.4,20.0,58.0,1890.0,814.0,3.0,4.0,1.0,0.0,48.0,43.0,25.0,25.0,17.0,20.0,11.0,16.0,8.0,9.0,3.0,0.0,6.0,0.0,B,0
2023-0410,Monte Carlo Masters,Clay,64,M,20230410,240,7-6(1) 6-3,3,R64,110.0,200615,105583,,,Q,LL,Alexei Popyrin,Dusan Lajovic,R,R,196.0,183.0,AUS,SRB,23.6,32.7,94.0,69.0,631.0,763.0,13.0,2.0,2.0,2.0,81.0,68.0,52.0,46.0,40.0,32.0,16.0,12.0,11.0,10.0,5.0,5.0,5.0,6.0,A,1
2023-0410,Monte Carlo Masters,Clay,64,M,20230410,239,6-1 7-5,3,R64,85.0,126523,126127,,,,,Bernabe Zapata Miralles,Benjamin Bonzi,R,R,183.0,183.0,ESP,FRA,26.2,26.8,41.0,48.0,987.0,901.0,1.0,2.0,0.0,1.0,74.0,49.0,45.0,29.0,24.0,22.0,12.0,10.0,9.0,10.0,6.0,0.0,11.0,2.0,B,0
2023-0425,Barcelona,Clay,64,A,20230417,300,6-3 6-4,3,F,78.0,207989,126774,1.0,2.0,,,Carlos Alcaraz,Stefanos Tsitsipas,R,R,183.0,193.0,ESP,GRE,19.9,24.6,2.0,5.0,6770.0,4950.0,3.0,1.0,1.0,1.0,48.0,53.0,37.0,30.0,30.0,21.0,8.0,11.0,10.0,9.0,1.0,3.0,2.0,6.0,A,1
2023-0425,Barcelona,Clay,64,A,20230417,299,6-2 6-2,3,SF,80.0,105554,207989,12.0,1.0,,,Daniel Evans,Carlos Alcaraz,R,R,175.0,183.0,GBR,ESP,32.9,19.9,26.0,2.0,1390.0,6770.0,0.0,4.0,4.0,0.0,49.0,51.0,28.0,33.0,13.0,23.0,8.0,10.0,8.0,8.0,2.0,3.0,7.0,4.0,B,0
2023-0425,Barcelona,Clay,64,A,20230417,298,6-4 5-7 6-3,3,SF,148.0,207518,126774,9.0,2.0,,,Lorenzo Musetti,Stefanos Tsitsipas,R,R,185.0,193.0,ITA,GRE,21.1,24.6,20.0,5.0,1930.0,4950.0,0.0,5.0,3.0,4.0,95.0,92.0,71.0,62.0,41.0,42.0,9.0,14.0,15.0,16.0,5.0,5.0,11.0,10.0,B,0
2023-0425,Barcelona,Clay,64,A,20230417,297,7-6(5) 6-4,3,QF,130.0,207989,200221,1.0,10.0,,,Carlos Alcaraz,Alejandro Davidovich Fokina,R,R,183.0,183.0,ESP,ESP,19.9,23.8,2.0,38.0,6770.0,1025.0,1.0,1.0,3.0,2.0,88.0,78.0,49.0,52.0,33.0,34.0,18.0,10.0,11.0,11.0,8.0,7.0,11.0,11.0,A,1
2023-0425,Barcelona,Clay,64,A,20230417,296,2-6 7-5 6-3,3,QF,130.0,202103,105554,15.0,12.0,,,Francisco Cerundolo,Daniel Evans,R,R,185.0,175.0,ARG,GBR,24.6,32.9,32.0,26.0,1165.0,1390.0,3.0,2.0,5.0,3.0,92.0,87.0,69.0,50.0,44.0,29.0,9.0,20.0,14.0,15.0,5.0,8.0,10.0,13.0,B,0
2023-0425,Barcelona,Clay,64,A,20230417,295,W/O,3,QF,0.0,207518,206173,9.0,4.0,,,Lorenzo Musetti,Jannik Sinner,R,R,185.0,191.0,ITA,ITA,21.1,21.6,20.0,8.0,1930.0,3525.0,,,,,,,,,,,,,,,,,,,A,1
2023-0425,Barcelona,Clay,64,A,20230417,294,6-4 6-2,3,QF,81.0,200282,126774,8.0,2.0,,,Alex De Minaur,Stefanos Tsitsipas,R,R,183.0,193.0,AUS,GRE,24.1,24.6,19.0,5.0,2050.0,4950.0,0.0,1.0,5.0,0.0,57.0,51.0,27.0,29.0,20.0,21.0,14.0,16.0,9.0,9.0,6.0,1.0,9.0,1.0,B,0
2023-0425,Barcelona,Clay,64,A,20230417,293,6-3 7-5,3,R16,113.0,105138,207989,13.0,1.0,,,Roberto Bautista Agut,Carlos Alcaraz,R,R,183.0,183.0,ESP,ESP,35.0,19.9,25.0,2.0,1440.0,6770.0,1.0,3.0,2.0,3.0,69.0,75.0,42.0,42.0,19.0,26.0,15.0,18.0,10.0,11.0,5.0,4.0,10.0,7.0,B,0
2023-0425,Barcelona,Clay,64,A,20230417,292,6-4 7-5,3,R16,85.0,200325,200221,,10.0,,,Emil Ruusuvuori,Alejandro Davidovich Fokina,R,R,188.0,183.0,FIN,ESP,24.0,23.8,40.0,38.0,977.0,1025.0,3.0,1.0,0.0,0.0,56.0,60.0,43.0,43.0,30.0,29.0,7.0,13.0,11.0,11.0,1.0,1.0,4.0,2.0,B,0
2023-0425,Barcelona,Clay,64,A,20230417,291,7-6(5) 6-3,3,R16,113.0,202103,134770,15.0,3.0,,,Francisco Cerundolo,Casper Ruud,R,R,185.0,183.0,ARG,NOR,24.6,24.3,32.0,3.0,1165.0,5255.0,1.0,2.0,5.0,4.0,79.0,82.0,55.0,55.0,42.0,34.0,10.0,14.0,11.0,10.0,3.0,6.0,4.0,8.0,A,1
2023-0425,Barcelona,Clay,64,A,20230417,290,6-3 6-4,3,R16,88.0,111575,105554,6.0,12.0,,,Karen Khachanov,Daniel Evans,R,R,198.0,175.0,RUS,GBR,26.9,32.9,11.0,26.0,2900.0,1390.0,5.0,5.0,2.0,1.0,46.0,68.0,30.0,45.0,22.0,33.0,9.0,14.0,9.0,10.0,1.0,5.0,3.0,5.0,B,0
2023-0425,Barcelona,Clay,64,A,20230417,289,3-6 6-4 6-1,3,R16,124.0,111815,207518,7.0,9.0,,,Cameron Norrie,Lorenzo Musetti,L,R,188.0,185.0,GBR,ITA,27.6,21.1,13.0,20.0,2735.0,1930.0,2.0,1.0,1.0,1.0,70.0,91.0,50.0,64.0,31.0,40.0,10.0,15.0,13.0,13.0,2.0,6.0,6.0,8.0,B,0
2023-0425,Barcelona,Clay,64,A,20230417,288,6-1 4-6 6-3,3,R16,128.0,106415,206173,16.0,4.0,,,Yoshihito Nishioka,Jannik Sinner,L,R,170.0,191.0,JPN,ITA,27.5,21.6,35.0,8.0,1093.0,3525.0,0.0,4.0,1.0,2.0,93.0,73.0,54.0,32.0,27.0,24.0,16.0,19.0,13.0,13.0,8.0,4.0,16.0,9.0,B,0
2023-0425,Barcelona,Clay,64,A,20230417,287,W/O,3,R16,0.0,105777,200282,11.0,8.0,,,Grigor Dimitrov,Alex De Minaur,R,R,191.0,183.0,BUL,AUS,31.9,24.1,31.0,19.0,1170.0,2050.0,,,,,,,,,,,,,,,,,,,B,0
2023-0425,Barcelona,Clay,64,A,20230417,286,6-3 6-2,3,R16,77.0,126774,133430,2.0,14.0,,,Stefanos Tsitsipas,Denis Shapovalov,R,L,193.0,185.0,GRE,CAN,24.6,24.0,5.0,28.0,4950.0,1380.0,1.0,5.0,3.0,12.0,56.0,63.0,37.0,29.0,27.0,21.0,12.0,12.0,8.0,9.0,2.0,5.0,2.0,9.0,A,1
2023-0425,Barcelona,Clay,64,A,20230417,285,6-3 6-1,3,R32,63.0,207989,132686,1.0,,,,Carlos Alcaraz,Nuno Borges,R,R,183.0,185.0,ESP,POR,19.9,26.1,2.0,79.0,6770.0,711.0,0.0,0.0,2.0,1.0,43.0,47.0,21.0,25.0,16.0,17.0,15.0,5.0,8.0,8.0,1.0,2.0,2.0,7.0,A,1
2023-0425,Barcelona,Clay,64,A,20230417,284,6-2 6-2,3,R32,61.0,126523,105138,,13.0,,,Bernabe Zapata Miralles,Roberto Bautista Agut,R,R,183.0,183.0,ESP,ESP,26.2,35.0,41.0,25.0,968.0,1440.0,2.0,1.0,2.0,0.0,45.0,43.0,30.0,25.0,12.0,19.0,8.0,12.0,8.0,8.0,4.0,1.0,9.0,2.0,B,0
2023-0425,Barcelona,Clay,64,A,20230417,283,6-3 6-3,3,R32,91.0,200221,144869,10.0,,,,Alejandro Davidovich Fokina,Tomas Martin Etcheverry,R,R,183.0,196.0,ESP,ARG,23.8,23.7,38.0,59.0,1025.0,806.0,0.0,4.0,2.0,0.0,53.0,62.0,38.0,38.0,29.0,22.0,6.0,11.0,9.0,9.0,2.0,4.0,3.0,8.0,A,1
2023-0425,Barcelona,Clay,64,A,20230417,282,6-4 6-7(3) 6-4,3,R32,165.0,126207,200325,5.0,,,,Frances Tiafoe,Emil Ruusuvuori,R,R,188.0,188.0,USA,FIN,25.2,24.0,12.0,40.0,2870.0,977.0,4.0,11.0,4.0,4.0,109.0,120.0,57.0,85.0,42.0,55.0,21.0,16.0,16.0,16.0,7.0,13.0,13.0,17.0,B,0
2023-0425,Barcelona,Clay,64,A,20230417,281,6-2 7-6(1),3,R32,99.0,210097,134770,,3.0,,,Ben Shelton,Casper Ruud,L,R,193.0,183.0,USA,NOR,20.5,24.3,37.0,3.0,1029.0,5255.0,3.0,0.0,1.0,2.0,69.0,69.0,41.0,51.0,26.0,39.0,13.0,8.0,10.0,10.0,5.0,4.0,8.0,5.0,B,0
2023-0425,Barcelona,Clay,64,A,20230417,280,6-2 6-2,3,R32,71.0,208859,202103,,15.0,,,Francesco Passaro,Francisco Cerundolo,R,R,180.0,185.0,ITA,ARG,22.2,24.6,125.0,32.0,486.0,1165.0,1.0,0.0,1.0,3.0,58.0,52.0,29.0,38.0,18.0,32.0,12.0,5.0,8.0,8.0,5.0,3.0,9.0,3.0,B,0
2023-0425,Barcelona,Clay,64,A,20230417,279,6-4 6-3,3,R32,108.0,105554,208286,12.0,,,Q,Daniel Evans,Matteo Arnaldi,R,R,175.0,185.0,GBR,ITA,32.9,22.1,26.0,105.0,1390.0,560.0,4.0,3.0,1.0,5.0,71.0,70.0,47.0,37.0,33.0,23.0,13.0,17.0,9.0,10.0,10.0,6.0,10.0,9.0,A,1
2023-0425,Barcelona,Clay,64,A,20230417,278,6-4 6-4,3,R32,94.0,111575,111797,6.0,,,,Karen Khachanov,Nicolas Jarry,R,R,198.0,201.0,RUS,CHI,26.9,27.5,11.0,51.0,2900.0,874.0,2.0,4.0,1.0,0.0,60.0,62.0,39.0,34.0,27.0,26.0,13.0,12.0,10.0,10.0,3.0,5.0,4.0,8.0,A,1
2023-0425,Barcelona,Clay,64,A,20230417,277,6-1 6-2,3,R32,73.0,111815,200303,7.0,,,Q,Cameron Norrie,Pavel Kotov,L,R,188.0,191.0,GBR,RUS,27.6,24.4,13.0,108.0,2735.0,553.0,2.0,2.0,2.0,2.0,52.0,55.0,35.0,35.0,25.0,19.0,12.0,8.0,8.0,7.0,4.0,5.0,4.0,9.0,A,1
2023-0425,Barcelona,Clay,64,A,20230417,276,6-3 6-1,3,R32,73.0,207518,106186,9.0,,,,Lorenzo Musetti,Jason Kubler,R,R,185.0,178.0,ITA,AUS,21.1,29.9,20.0,66.0,1930.0,769.0,2.0,1.0,0.0,2.0,47.0,47.0,30.0,27.0,21.0,11.0,10.0,9.0,8.0,8.0,1.0,4.0,2.0,9.0,A,1
2023-0425,Barcelona,Clay,64,A,20230417,275,6-1 7-5,3,R32,75.0,106415,105676,16.0,,,,Yoshihito Nishioka,David Goffin,L,R,170.0,180.0,JPN,BEL,27.5,32.3,35.0,99.0,1093.0,595.0,3.0,2.0,1.0,5.0,50.0,58.0,33.0,35.0,22.0,18.0,13.0,8.0,10.0,9.0,1.0,4.0,3.0,9.0,A,1
2023-0425,Barcelona,Clay,64,A,20230417,274,6-2 6-4,3,R32,100.0,206173,106043,4.0,,,,Jannik Sinner,Diego Schwartzman,R,R,191.0,170.0,ITA,ARG,21.6,30.6,8.0,48.0,3525.0,890.0,1.0,1.0,2.0,3.0,60.0,60.0,36.0,34.0,20.0,16.0,16.0,10.0,9.0,9.0,5.0,3.0,8.0,9.0,A,1
2023-0425,Barcelona,Clay,64,A,20230417,273,6-0 6-1,3,R32,62.0,200282,207686,8.0,,,,Alex De Minaur,Alexander Shevchenko,R,R,183.0,185.0,AUS,KAZ,24.1,22.3,19.0,98.0,2050.0,610.0,0.0,0.0,1.0,3.0,40.0,50.0,18.0,21.0,16.0,9.0,12.0,10.0,6.0,7.0,3.0,3.0,3.0,9.0,A,1
2023-0425,Barcelona,Clay,64,A,20230417,272,6-3 6-1,3,R32,63.0,105777,105877,11.0,,,,Grigor Dimitrov,Emilio Gomez,R,R,191.0,185.0,BUL,ECU,31.9,31.3,31.0,120.0,1170.0,497.0,6.0,1.0,2.0,3.0,42.0,47.0,27.0,23.0,25.0,13.0,6.0,7.0,8.0,8.0,0.0,1.0,1.0,6.0,A,1
2023-0425,Barcelona,Clay,64,A,20230417,271,6-4 6-3,3,R32,80.0,133430,106075,14.0,,,Q,Denis Shapovalov,Jozef Kovalik,L,R,185.0,183.0,CAN,SVK,24.0,30.4,28.0,155.0,1380.0,377.0,13.0,2.0,4.0,0.0,68.0,53.0,45.0,38.0,34.0,26.0,11.0,7.0,10.0,9.0,7.0,1.0,7.0,3.0,A,1
2023-0425,Barcelona,Clay,64,A,20230417,270,6-4 6-2,3,R32,78.0,106398,126774,,2.0,,,Pedro Cachin,Stefanos Tsitsipas,R,R,185.0,193.0,ARG,GRE,28.0,24.6,69.0,5.0,747.0,4950.0,2.0,1.0,1.0,0.0,55.0,54.0,36.0,34.0,24.0,29.0,8.0,10.0,9.0,9.0,0.0,0.0,3.0,0.0,B,0
2023-0425,Barcelona,Clay,64,A,20230417,268,6-2 6-3,3,R64,85.0,132686,125802,,,,,Nuno Borges,Ilya Ivashka,R,R,185.0,193.0,POR,BLR,26.1,29.1,79.0,61.0,711.0,781.0,2.0,4.0,0.0,4.0,47.0,87.0,31.0,48.0,20.0,29.0,12.0,13.0,9.0,8.0,0.0,15.0,2.0,20.0,A,1
2023-0425,Barcelona,Clay,64,A,20230417,267,6-2 6-2,3,R64,74.0,126523,105226,,,,PR,Bernabe Zapata Miralles,Attila Balazs,R,R,183.0,180.0,ESP,HUN,26.2,34.5,41.0,745.0,968.0,30.0,0.0,1.0,1.0,2.0,52.0,51.0,33.0,36.0,22.0,17.0,8.0,4.0,8.0,8.0,1.0,5.0,3.0,11.0,A,1
2023-0425,Barcelona,Clay,64,A,20230417,264,6-2 7-5,3,R64,120.0,144869,104665,,,,WC,Tomas Martin Etcheverry,Pablo Andujar,R,R,196.0,180.0,ARG,ESP,23.7,37.2,59.0,323.0,806.0,155.0,3.0,0.0,4.0,5.0,78.0,64.0,56.0,43.0,34.0,21.0,9.0,8.0,10.0,10.0,9.0,4.0,12.0,10.0,A,1
2023-0425,Barcelona,Clay,64,A,20230417,263,6-0 6-3,3,R64,55.0,200325,122330,,,,,Emil Ruusuvuori,Alexander Bublik,R,R,188.0,196.0,FIN,KAZ,24.0,25.8,40.0,55.0,977.0,865.0,0.0,1.0,1.0,6.0,47.0,38.0,29.0,20.0,22.0,13.0,12.0,5.0,8.0,7.0,1.0,1.0,1.0,5.0,A,1
2023-0425,Barcelona,Clay,64,A,20230417,260,7-5 6-4,3,R64,98.0,210097,111456,,,,,Ben Shelton,Mackenzie Mcdonald,L,R,193.0,178.0,USA,USA,20.5,28.0,37.0,54.0,1029.0,865.0,9.0,1.0,2.0,1.0,68.0,68.0,49.0,44.0,33.0,27.0,8.0,10.0,11.0,11.0,1.0,1.0,4.0,6.0,A,1
2023-0425,Barcelona,Clay,64,A,20230417,259,6-1 6-1,3,R64,62.0,208859,104269,,,,WC,Francesco Passaro,Fernando Verdasco,R,L,180.0,188.0,ITA,ESP,22.2,39.4,125.0,244.0,486.0,229.0,3.0,1.0,2.0,5.0,39.0,42.0,21.0,22.0,18.0,10.0,8.0,5.0,7.0,7.0,1.0,2.0,2.0,8.0,A,1
2023-0425,Barcelona,Clay,64,A,20230417,256,6-3 6-4,3,R64,117.0,208286,144719,,,Q,,Matteo Arnaldi,Jaume Munar,R,R,185.0,183.0,ITA,ESP,22.1,25.9,105.0,83.0,560.0,695.0,1.0,0.0,1.0,3.0,78.0,61.0,39.0,40.0,26.0,22.0,18.0,7.0,10.0,9.0,8.0,5.0,11.0,10.0,A,1
2023-0425,Barcelona,Clay,64,A,20230417,255,7-5 6-3,3,R64,110.0,111797,105477,,,,Q,Nicolas Jarry,Marco Trungelliti,R,R,201.0,178.0,CHI,ARG,27.5,33.2,51.0,240.0,874.0,233.0,5.0,3.0,4.0,3.0,65.0,68.0,32.0,36.0,25.0,24.0,19.0,16.0,11.0,10.0,1.0,5.0,2.0,8.0,A,1
2023-0425,Barcelona,Clay,64,A,20230417,252,6-7(5) 6-4 6-1,3,R64,145.0,200303,208071,,,Q,Q,Pavel Kotov,Oleksii Krutykh,R,R,191.0,185.0,RUS,UKR,24.4,23.1,108.0,180.0,553.0,327.0,6.0,2.0,3.0,3.0,81.0,96.0,61.0,64.0,49.0,46.0,14.0,14.0,14.0,15.0,1.0,4.0,1.0,8.0,A,1
2023-0425,Barcelona,Clay,64,A,20230417,251,6-4 6-3,3,R64,81.0,106186,209405,,,,WC,Jason Kubler,Daniel Rincon,R,L,178.0,185.0,AUS,ESP,29.9,20.2,66.0,300.0,769.0,172.0,2.0,5.0,2.0,5.0,51.0,60.0,38.0,33.0,29.0,23.0,9.0,11.0,10.0,9.0,0.0,3.0,1.0,6.0,A,1
2023-0425,Barcelona,Clay,64,A,20230417,248,7-6(3) 6-7(4) 6-0,3,R64,135.0,105676,103852,,,,WC,David Goffin,Feliciano Lopez,R,L,180.0,188.0,BEL,ESP,32.3,41.5,99.0,593.0,595.0,55.0,8.0,11.0,5.0,5.0,81.0,107.0,51.0,48.0,42.0,35.0,17.0,26.0,15.0,15.0,0.0,8.0,3.0,14.0,A,1
2023-0425,Barcelona,Clay,64,A,20230417,247,6-2 6-2,3,R64,79.0,200059,106043,,,,,Yibing Wu,Diego Schwartzman,R,R,183.0,170.0,CHN,ARG,23.5,30.6,56.0,48.0,843.0,890.0,1.0,0.0,1.0,0.0,65.0,42.0,42.0,28.0,17.0,17.0,13.0,12.0,8.0,8.0,6.0,1.0,11.0,2.0,B,0
2023-0425,Barcelona,Clay,64,A,20230417,244,6-2 6-2,3,R64,63.0,105841,207686,,,Q,,Lorenzo Giustino,Alexander Shevchenko,R,R,180.0,185.0,ITA,KAZ,31.6,22.3,223.0,98.0,259.0,610.0,1.0,6.0,2.0,1.0,46.0,43.0,31.0,24.0,20.0,20.0,4.0,12.0,8.0,8.0,0.0,0.0,4.0,0.0,B,0
2023-0425,Barcelona,Clay,64,A,20230417,243,6-3 1-6 6-4,3,R64,120.0,105877,105077,,,,,Emilio Gomez,Albert Ramos,R,L,185.0,188.0,ECU,ESP,31.3,35.2,120.0,58.0,497.0,810.0,2.0,4.0,4.0,1.0,69.0,84.0,44.0,48.0,28.0,24.0,9.0,20.0,13.0,13.0,3.0,6.0,9.0,12.0,A,1
2023-0425,Barcelona,Clay,64,A,20230417,240,7-5 2-6 7-5,3,R64,171.0,106075,124079,,,Q,,Jozef Kovalik,Pedro Martinez,R,R,183.0,185.0,SVK,ESP,30.4,25.9,155.0,136.0,377.0,426.0,3.0,0.0,2.0,7.0,106.0,91.0,63.0,59.0,34.0,36.0,22.0,13.0,16.0,16.0,9.0,2.0,16.0,9.0,A,1
2023-0425,Barcelona,Clay,64,A,20230417,239,6-3 7-5,3,R64,78.0,133835,106398,,,,,Gijs Brouwer,Pedro Cachin,L,R,191.0,185.0,NED,ARG,27.0,28.0,121.0,69.0,496.0,747.0,3.0,4.0,3.0,1.0,62.0,68.0,47.0,40.0,30.0,32.0,7.0,15.0,10.0,11.0,2.0,4.0,5.0,5.0,B,0
2023-0308,Munich,Clay,32,A,20230417,300,6-4 1-6 7-6(3),3,F,172.0,208029,122298,1.0,4.0,,,Holger Rune,Botic Van De Zandschulp,R,R,188.0,191.0,DEN,NED,19.9,27.5,7.0,29.0,3865.0,1250.0,4.0,3.0,7.0,2.0,96.0,113.0,61.0,78.0,38.0,51.0,16.0,15.0,14.0,15.0,6.0,9.0,12.0,14.0,A,1
2023-0308,Munich,Clay,32,A,20230417,299,6-3 6-2,3,SF,79.0,106331,208029,,1.0,,,Christopher Oconnell,Holger Rune,R,R,183.0,188.0,AUS,DEN,28.8,19.9,82.0,7.0,700.0,3865.0,1.0,3.0,2.0,3.0,44.0,64.0,21.0,43.0,14.0,35.0,11.0,8.0,8.0,9.0,1.0,8.0,4.0,8.0,B,0
2023-0308,Munich,Clay,32,A,20230417,298,6-4 7-6(2),3,SF,108.0,126203,122298,2.0,4.0,,,Taylor Fritz,Botic Van De Zandschulp,R,R,196.0,191.0,USA,NED,25.4,27.5,10.0,29.0,3245.0,1250.0,7.0,2.0,1.0,2.0,67.0,79.0,39.0,50.0,28.0,37.0,14.0,15.0,11.0,11.0,4.0,4.0,6.0,5.0,B,0
2023-0308,Munich,Clay,32,A,20230417,297,6-2 6-4,3,QF,93.0,106426,208029,,1.0,,,Cristian Garin,Holger Rune,R,R,185.0,188.0,CHI,DEN,26.8,19.9,86.0,7.0,678.0,3865.0,1.0,2.0,5.0,4.0,58.0,68.0,36.0,37.0,21.0,28.0,9.0,15.0,9.0,9.0,2.0,1.0,6.0,2.0,B,0
2023-0308,Munich,Clay,32,A,20230417,296,7-6(5) 4-6 6-3,3,QF,147.0,207925,106331,,,Q,,Flavio Cobolli,Christopher Oconnell,R,R,183.0,183.0,ITA,AUS,20.9,28.8,208.0,82.0,277.0,700.0,10.0,5.0,5.0,2.0,101.0,104.0,55.0,66.0,38.0,45.0,23.0,18.0,15.0,16.0,8.0,7.0,12.0,11.0,B,0
2023-0308,Munich,Clay,32,A,20230417,295,7-6(5) 6-3,3,QF,111.0,106218,122298,,4.0,,,Marcos Giron,Botic Van De Zandschulp,R,R,180.0,191.0,USA,NED,29.7,27.5,68.0,29.0,756.0,1250.0,2.0,1.0,4.0,4.0,87.0,62.0,44.0,36.0,32.0,30.0,14.0,14.0,10.0,11.0,7.0,3.0,10.0,5.0,B,0
2023-0308,Munich,Clay,32,A,20230417,294,6-3 6-4,3,QF,92.0,126203,106233,2.0,,,,Taylor Fritz,Dominic Thiem,R,R,196.0,185.0,USA,AUT,25.4,29.6,10.0,101.0,3245.0,580.0,1.0,2.0,1.0,2.0,67.0,58.0,42.0,35.0,32.0,20.0,13.0,13.0,10.0,9.0,4.0,6.0,5.0,9.0,A,1
2023-0308,Munich,Clay,32,A,20230417,293,6-3 6-4,3,R16,84.0,105870,208029,,1.0,WC,,Yannick Hanfmann,Holger Rune,R,R,193.0,188.0,GER,DEN,31.4,19.9,112.0,7.0,534.0,3865.0,0.0,2.0,2.0,4.0,60.0,58.0,33.0,36.0,19.0,29.0,15.0,11.0,9.0,10.0,6.0,1.0,9.0,2.0,B,0
2023-0308,Munich,Clay,32,A,20230417,292,6-3 7-6(3),3,R16,107.0,106426,132283,,6.0,,,Cristian Garin,Lorenzo Sonego,R,R,185.0,191.0,CHI,ITA,26.8,27.9,86.0,45.0,678.0,915.0,0.0,2.0,4.0,4.0,73.0,61.0,45.0,41.0,32.0,29.0,15.0,8.0,11.0,10.0,3.0,2.0,5.0,5.0,A,1
2023-0308,Munich,Clay,32,A,20230417,291,7-6(2) 6-4,3,R16,116.0,106331,100644,,3.0,,,Christopher Oconnell,Alexander Zverev,R,R,183.0,198.0,AUS,GER,28.8,25.9,82.0,16.0,700.0,2140.0,1.0,9.0,1.0,5.0,75.0,68.0,49.0,39.0,37.0,29.0,13.0,12.0,11.0,11.0,5.0,3.0,7.0,6.0,A,1
2023-0308,Munich,Clay,32,A,20230417,290,6-0 3-6 6-3,3,R16,106.0,106214,207925,,,,Q,Oscar Otte,Flavio Cobolli,R,R,193.0,183.0,GER,ITA,29.7,20.9,94.0,208.0,631.0,277.0,2.0,2.0,4.0,1.0,75.0,83.0,45.0,40.0,28.0,28.0,13.0,25.0,12.0,12.0,5.0,8.0,10.0,10.0,B,0
2023-0308,Munich,Clay,32,A,20230417,289,4-6 6-3 6-3,3,R16,131.0,106310,106218,,,Q,,Alexander Ritschard,Marcos Giron,R,R,193.0,180.0,SUI,USA,29.0,29.7,209.0,68.0,274.0,756.0,5.0,6.0,2.0,1.0,97.0,78.0,56.0,41.0,34.0,32.0,18.0,19.0,14.0,14.0,10.0,1.0,15.0,4.0,B,0
2023-0308,Munich,Clay,32,A,20230417,288,6-2 6-0,3,R16,68.0,122298,106234,4.0,,,Q,Botic Van De Zandschulp,Aslan Karatsev,R,R,191.0,185.0,NED,RUS,27.5,29.6,29.0,129.0,1250.0,465.0,3.0,2.0,4.0,0.0,51.0,42.0,26.0,26.0,21.0,10.0,13.0,8.0,7.0,7.0,6.0,5.0,6.0,10.0,A,1
2023-0308,Munich,Clay,32,A,20230417,287,5-7 6-4 6-4,3,R16,155.0,144817,106233,8.0,,,,Marc Andrea Huesler,Dominic Thiem,L,R,196.0,185.0,SUI,AUT,26.8,29.6,63.0,101.0,780.0,580.0,8.0,5.0,1.0,5.0,102.0,95.0,57.0,58.0,47.0,45.0,19.0,19.0,16.0,16.0,6.0,2.0,9.0,4.0,B,0
2023-0308,Munich,Clay,32,A,20230417,286,4-6 6-3 6-3,3,R16,119.0,105916,126203,,2.0,,,Marton Fucsovics,Taylor Fritz,R,R,188.0,196.0,HUN,USA,31.1,25.4,75.0,10.0,722.0,3245.0,2.0,9.0,5.0,3.0,86.0,81.0,55.0,42.0,39.0,35.0,13.0,20.0,14.0,14.0,3.0,2.0,7.0,4.0,B,0
2023-0308,Munich,Clay,32,A,20230417,284,6-7(3) 7-6(5) 6-2,3,R32,179.0,105870,106329,,,WC,,Yannick Hanfmann,Thiago Monteiro,R,L,193.0,183.0,GER,BRA,31.4,28.8,112.0,89.0,534.0,665.0,10.0,5.0,2.0,3.0,91.0,118.0,60.0,76.0,51.0,52.0,18.0,22.0,16.0,16.0,1.0,5.0,2.0,8.0,A,1
2023-0308,Munich,Clay,32,A,20230417,283,6-4 6-2,3,R32,86.0,106426,209916,,,,Q,Cristian Garin,Marko Topo,R,R,185.0,185.0,CHI,GER,26.8,19.5,86.0,478.0,678.0,82.0,2.0,4.0,3.0,2.0,54.0,71.0,30.0,41.0,24.0,25.0,10.0,12.0,9.0,9.0,1.0,4.0,2.0,8.0,A,1
2023-0308,Munich,Clay,32,A,20230417,282,3-6 7-6(5) 7-5,3,R32,149.0,111460,132283,,6.0,,,Quentin Halys,Lorenzo Sonego,R,R,191.0,191.0,FRA,ITA,26.4,27.9,65.0,45.0,771.0,915.0,10.0,5.0,5.0,3.0,99.0,97.0,58.0,65.0,46.0,50.0,24.0,19.0,17.0,16.0,1.0,2.0,2.0,3.0,B,0
2023-0308,Munich,Clay,32,A,20230417,280,6-4 6-4,3,R32,79.0,106331,200005,,,,,Christopher Oconnell,Ugo Humbert,R,L,183.0,188.0,AUS,FRA,28.8,24.8,82.0,72.0,700.0,738.0,6.0,1.0,0.0,4.0,51.0,58.0,33.0,32.0,28.0,25.0,14.0,13.0,10.0,10.0,0.0,2.0,0.0,4.0,A,1
2023-0308,Munich,Clay,32,A,20230417,279,7-5 6-1,3,R32,84.0,111442,207925,,,,Q,Jordan Thompson,Flavio Cobolli,R,R,183.0,183.0,AUS,ITA,28.9,20.9,91.0,208.0,655.0,277.0,5.0,2.0,0.0,4.0,51.0,66.0,33.0,41.0,19.0,31.0,7.0,11.0,10.0,9.0,1.0,2.0,6.0,3.0,B,0
2023-0308,Munich,Clay,32,A,20230417,278,6-3 7-5,3,R32,86.0,202104,106214,5.0,,,,Sebastian Baez,Oscar Otte,R,R,170.0,193.0,ARG,GER,22.2,29.7,30.0,94.0,1190.0,631.0,0.0,5.0,1.0,5.0,58.0,72.0,43.0,44.0,25.0,36.0,11.0,14.0,10.0,11.0,1.0,1.0,3.0,1.0,B,0
2023-0308,Munich,Clay,32,A,20230417,277,6-1 5-7 6-2,3,R32,132.0,106148,106218,7.0,,,,Roberto Carballes Baena,Marcos Giron,R,R,183.0,180.0,ESP,USA,30.0,29.7,53.0,68.0,867.0,756.0,3.0,5.0,3.0,0.0,84.0,80.0,58.0,48.0,33.0,39.0,15.0,15.0,13.0,14.0,9.0,2.0,14.0,4.0,B,0
2023-0308,Munich,Clay,32,A,20230417,276,7-5 7-5,3,R32,120.0,106310,105526,,,Q,,Alexander Ritschard,Jan Lennard Struff,R,R,193.0,193.0,SUI,GER,29.0,32.9,209.0,64.0,274.0,779.0,9.0,10.0,1.0,3.0,88.0,83.0,52.0,52.0,40.0,33.0,17.0,15.0,12.0,12.0,8.0,4.0,9.0,7.0,A,1
2023-0308,Munich,Clay,32,A,20230417,275,4-6 7-6(2) 6-2,3,R32,179.0,106234,127157,,,Q,WC,Aslan Karatsev,Daniel Altmaier,R,R,185.0,188.0,RUS,GER,29.6,24.5,129.0,93.0,465.0,640.0,3.0,4.0,5.0,2.0,119.0,105.0,84.0,67.0,64.0,43.0,15.0,20.0,15.0,15.0,14.0,6.0,16.0,9.0,A,1
2023-0308,Munich,Clay,32,A,20230417,273,7-6(3) 4-6 6-3,3,R32,136.0,144817,106378,8.0,,,PR,Marc Andrea Huesler,Kyle Edmund,L,R,196.0,188.0,SUI,GBR,26.8,28.2,63.0,509.0,780.0,72.0,8.0,8.0,2.0,2.0,86.0,106.0,48.0,70.0,39.0,43.0,22.0,20.0,16.0,15.0,1.0,9.0,4.0,12.0,A,1
2023-0308,Munich,Clay,32,A,20230417,272,6-3 0-0 RET,3,R32,44.0,106233,106005,,,,,Dominic Thiem,Constant Lestienne,R,R,185.0,180.0,AUT,FRA,29.6,30.8,101.0,60.0,580.0,798.0,2.0,0.0,3.0,2.0,29.0,27.0,15.0,18.0,11.0,8.0,5.0,1.0,4.0,5.0,2.0,5.0,4.0,9.0,A,1
2023-0308,Munich,Clay,32,A,20230417,271,4-6 7-6(6) 6-3,3,R32,157.0,105916,208819,,,,WC,Marton Fucsovics,Max Hans Rehberg,R,R,188.0,183.0,HUN,GER,31.1,19.5,75.0,412.0,722.0,112.0,4.0,1.0,5.0,4.0,98.0,109.0,51.0,78.0,38.0,53.0,23.0,10.0,15.0,16.0,6.0,6.0,9.0,10.0,A,1
2023-2841,Banja Luka,Clay,32,A,20230417,300,6-3 4-6 6-4,3,F,152.0,126094,105583,2.0,,,,Andrey Rublev,Dusan Lajovic,R,R,188.0,183.0,RUS,SRB,25.4,32.7,6.0,70.0,4380.0,744.0,5.0,1.0,4.0,0.0,105.0,94.0,58.0,63.0,40.0,47.0,22.0,11.0,14.0,15.0,6.0,5.0,10.0,8.0,B,0
2023-2841,Banja Luka,Clay,32,A,20230417,299,4-6 7-6(5) 6-4,3,SF,179.0,200175,105583,4.0,,,,Miomir Kecmanovic,Dusan Lajovic,R,R,183.0,183.0,SRB,SRB,23.6,32.7,33.0,70.0,1125.0,744.0,3.0,1.0,2.0,1.0,103.0,123.0,62.0,80.0,38.0,51.0,20.0,19.0,16.0,16.0,7.0,6.0,13.0,12.0,B,0
2023-2841,Banja Luka,Clay,32,A,20230417,298,6-2 6-4,3,SF,89.0,144684,126094,,2.0,,,Alex Molcan,Andrey Rublev,L,R,178.0,188.0,SVK,RUS,25.3,25.4,73.0,6.0,735.0,4380.0,3.0,5.0,6.0,2.0,71.0,57.0,41.0,30.0,22.0,23.0,12.0,14.0,9.0,9.0,6.0,9.0,11.0,11.0,B,0
2023-2841,Banja Luka,Clay,32,A,20230417,297,6-4 7-6(6),3,QF,149.0,104925,105583,1.0,,,,Novak Djokovic,Dusan Lajovic,R,R,188.0,183.0,SRB,SRB,35.9,32.7,1.0,70.0,7240.0,744.0,3.0,3.0,2.0,0.0,85.0,102.0,59.0,71.0,37.0,48.0,14.0,16.0,11.0,11.0,5.0,15.0,7.0,16.0,B,0
2023-2841,Banja Luka,Clay,32,A,20230417,296,7-5 6-0,3,QF,93.0,200175,208103,4.0,6.0,,,Miomir Kecmanovic,Jiri Lehecka,R,R,183.0,185.0,SRB,CZE,23.6,21.4,33.0,36.0,1125.0,1033.0,2.0,1.0,2.0,2.0,73.0,57.0,49.0,32.0,26.0,14.0,15.0,8.0,9.0,9.0,9.0,9.0,12.0,16.0,A,1
2023-2841,Banja Luka,Clay,32,A,20230417,295,6-2 4-6 7-5,3,QF,149.0,111513,144684,,,,,Laslo Djere,Alex Molcan,R,L,188.0,178.0,SRB,SVK,27.8,25.3,78.0,73.0,716.0,735.0,4.0,2.0,3.0,1.0,86.0,92.0,51.0,65.0,34.0,42.0,16.0,15.0,15.0,15.0,4.0,3.0,9.0,6.0,B,0
2023-2841,Banja Luka,Clay,32,A,20230417,294,7-5 6-3,3,QF,111.0,126094,106000,2.0,,,WC,Andrey Rublev,Damir Dzumhur,R,R,188.0,175.0,RUS,BIH,25.4,30.9,6.0,202.0,4380.0,282.0,1.0,0.0,1.0,0.0,81.0,71.0,51.0,53.0,33.0,31.0,17.0,8.0,10.0,11.0,5.0,3.0,6.0,7.0,A,1
2023-2841,Banja Luka,Clay,32,A,20230417,293,6-7(4) 6-3 6-2,3,R16,158.0,209414,104925,,1.0,,,Luca Van Assche,Novak Djokovic,R,R,178.0,188.0,FRA,SRB,18.9,35.9,87.0,1.0,672.0,7240.0,0.0,4.0,5.0,0.0,104.0,79.0,65.0,64.0,39.0,46.0,18.0,10.0,15.0,14.0,5.0,2.0,11.0,4.0,B,0
2023-2841,Banja Luka,Clay,32,A,20230417,292,6-3 6-0,3,R16,64.0,105583,106296,,8.0,,,Dusan Lajovic,Gregoire Barrere,R,R,183.0,183.0,SRB,FRA,32.7,29.1,70.0,57.0,744.0,838.0,4.0,0.0,0.0,1.0,49.0,53.0,36.0,31.0,26.0,16.0,8.0,6.0,8.0,7.0,4.0,5.0,5.0,10.0,A,1
2023-2841,Banja Luka,Clay,32,A,20230417,291,6-4 7-6(4),3,R16,124.0,200175,209406,4.0,,,Q,Miomir Kecmanovic,Abedallah Shelbayh,R,L,183.0,180.0,SRB,JOR,23.6,19.4,33.0,267.0,1125.0,201.0,1.0,2.0,0.0,8.0,70.0,95.0,41.0,46.0,27.0,29.0,15.0,19.0,11.0,11.0,0.0,5.0,4.0,10.0,A,1
2023-2841,Banja Luka,Clay,32,A,20230417,290,6-0 6-2,3,R16,60.0,105430,208103,,6.0,Q,,Radu Albot,Jiri Lehecka,R,R,175.0,185.0,MDA,CZE,33.4,21.4,110.0,36.0,536.0,1033.0,0.0,3.0,2.0,1.0,47.0,41.0,29.0,29.0,15.0,25.0,6.0,6.0,7.0,7.0,5.0,2.0,10.0,2.0,B,0
2023-2841,Banja Luka,Clay,32,A,20230417,289,7-6(4) 4-6 7-5,3,R16,177.0,200615,144684,,,,,Alexei Popyrin,Alex Molcan,R,L,196.0,178.0,AUS,SVK,23.6,25.3,81.0,73.0,701.0,735.0,12.0,2.0,1.0,1.0,111.0,117.0,75.0,80.0,51.0,46.0,17.0,27.0,17.0,17.0,5.0,6.0,9.0,10.0,B,0
2023-2841,Banja Luka,Clay,32,A,20230417,288,6-4 6-7(1) 6-4,3,R16,195.0,106432,111513,3.0,,,,Borna Coric,Laslo Djere,R,R,188.0,188.0,CRO,SRB,26.4,27.8,21.0,78.0,1890.0,716.0,0.0,3.0,3.0,3.0,112.0,107.0,69.0,70.0,43.0,52.0,19.0,13.0,16.0,16.0,7.0,2.0,12.0,5.0,B,0
2023-2841,Banja Luka,Clay,32,A,20230417,287,6-4 1-6 7-6(3),3,R16,161.0,104755,106000,7.0,,,WC,Richard Gasquet,Damir Dzumhur,R,R,183.0,175.0,FRA,BIH,36.8,30.9,42.0,202.0,940.0,282.0,4.0,0.0,3.0,1.0,109.0,98.0,61.0,76.0,33.0,43.0,26.0,11.0,15.0,14.0,4.0,5.0,8.0,10.0,B,0
2023-2841,Banja Luka,Clay,32,A,20230417,286,6-2 6-2,3,R16,69.0,126094,122669,2.0,,,,Andrey Rublev,Juan Pablo Varillas,R,R,188.0,185.0,RUS,PER,25.4,27.5,6.0,92.0,4380.0,647.0,3.0,2.0,1.0,3.0,51.0,52.0,37.0,33.0,31.0,18.0,6.0,6.0,8.0,8.0,2.0,3.0,2.0,7.0,A,1
2023-2841,Banja Luka,Clay,32,A,20230417,284,1-6 7-6(4) 6-4,3,R32,162.0,104527,209414,,,,,Stan Wawrinka,Luca Van Assche,R,R,183.0,178.0,SUI,FRA,38.0,18.9,84.0,87.0,692.0,672.0,4.0,0.0,2.0,5.0,99.0,99.0,56.0,72.0,42.0,45.0,21.0,14.0,15.0,14.0,3.0,8.0,5.0,11.0,B,0
2023-2841,Banja Luka,Clay,32,A,20230417,283,6-2 4-6 6-4,3,R32,133.0,105936,105583,,,,,Filip Krajinovic,Dusan Lajovic,R,R,185.0,183.0,SRB,SRB,31.1,32.7,74.0,70.0,731.0,744.0,0.0,4.0,1.0,0.0,82.0,79.0,50.0,57.0,28.0,40.0,19.0,10.0,14.0,14.0,4.0,3.0,9.0,6.0,B,0
2023-2841,Banja Luka,Clay,32,A,20230417,282,7-6(6) 7-5,3,R32,125.0,106296,209098,8.0,,,WC,Gregoire Barrere,Hamad Medjedovic,R,R,183.0,188.0,FRA,SRB,29.1,19.7,57.0,212.0,838.0,272.0,3.0,10.0,2.0,5.0,85.0,81.0,59.0,51.0,40.0,36.0,15.0,13.0,12.0,12.0,2.0,4.0,4.0,7.0,A,1
2023-2841,Banja Luka,Clay,32,A,20230417,280,6-1 7-5,3,R32,91.0,111200,209406,,,Q,Q,Elias Ymer,Abedallah Shelbayh,R,L,185.0,180.0,SWE,JOR,27.0,19.4,139.0,267.0,419.0,201.0,0.0,3.0,0.0,2.0,63.0,55.0,38.0,33.0,18.0,24.0,9.0,8.0,10.0,9.0,4.0,4.0,11.0,7.0,B,0
2023-2841,Banja Luka,Clay,32,A,20230417,279,6-4 0-0 RET,3,R32,59.0,105948,105430,,,,Q,Federico Coria,Radu Albot,R,R,180.0,175.0,ARG,MDA,31.1,33.4,76.0,110.0,721.0,536.0,1.0,0.0,2.0,0.0,40.0,35.0,27.0,20.0,16.0,13.0,5.0,9.0,5.0,5.0,2.0,1.0,4.0,2.0,B,0
2023-2841,Banja Luka,Clay,32,A,20230417,278,6-4 6-3,3,R32,79.0,104792,208103,,6.0,WC,,Gael Monfils,Jiri Lehecka,R,R,193.0,185.0,FRA,CZE,36.6,21.4,322.0,36.0,155.0,1033.0,2.0,1.0,4.0,2.0,61.0,57.0,46.0,34.0,29.0,21.0,5.0,16.0,10.0,9.0,5.0,1.0,9.0,2.0,B,0
2023-2841,Banja Luka,Clay,32,A,20230417,277,7-6(4) 7-6(4),3,R32,132.0,134868,200615,5.0,,,,Tallon Griekspoor,Alexei Popyrin,R,R,188.0,196.0,NED,AUS,26.7,23.6,34.0,81.0,1094.0,701.0,1.0,7.0,2.0,2.0,95.0,77.0,66.0,44.0,46.0,39.0,17.0,23.0,12.0,12.0,7.0,3.0,7.0,3.0,B,0
2023-2841,Banja Luka,Clay,32,A,20230417,276,3-6 7-5 6-1,3,R32,160.0,106121,144684,,,,,Taro Daniel,Alex Molcan,R,L,191.0,178.0,JPN,SVK,30.2,25.3,100.0,73.0,587.0,735.0,5.0,2.0,2.0,2.0,83.0,105.0,54.0,74.0,35.0,44.0,11.0,18.0,14.0,14.0,2.0,7.0,8.0,11.0,B,0
2023-2841,Banja Luka,Clay,32,A,20230417,275,6-4 6-2,3,R32,89.0,111513,126128,,,,,Laslo Djere,Roman Safiullin,R,R,188.0,185.0,SRB,RUS,27.8,25.6,78.0,106.0,716.0,557.0,2.0,1.0,1.0,1.0,54.0,65.0,33.0,39.0,23.0,23.0,13.0,13.0,9.0,9.0,2.0,3.0,3.0,7.0,A,1
2023-2841,Banja Luka,Clay,32,A,20230417,273,6-3 6-1,3,R32,95.0,209976,104755,,7.0,Q,,Dino Prizmic,Richard Gasquet,R,R,188.0,183.0,CRO,FRA,17.6,36.8,342.0,42.0,140.0,940.0,1.0,1.0,0.0,1.0,55.0,56.0,36.0,30.0,18.0,23.0,8.0,12.0,8.0,8.0,2.0,2.0,7.0,3.0,B,0
2023-2841,Banja Luka,Clay,32,A,20230417,272,6-3 6-0,3,R32,67.0,106281,106000,,,LL,WC,Liam Broady,Damir Dzumhur,L,R,183.0,175.0,GBR,BIH,29.2,30.9,132.0,202.0,433.0,282.0,0.0,1.0,1.0,0.0,50.0,50.0,35.0,37.0,17.0,26.0,7.0,9.0,7.0,8.0,6.0,1.0,10.0,1.0,B,0
2023-2841,Banja Luka,Clay,32,A,20230417,271,7-5 6-3,3,R32,104.0,200384,122669,,,,,Hugo Gaston,Juan Pablo Varillas,L,R,173.0,185.0,FRA,PER,22.5,27.5,107.0,92.0,555.0,647.0,2.0,6.0,0.0,0.0,71.0,66.0,36.0,37.0,23.0,26.0,14.0,16.0,10.0,11.0,3.0,5.0,7.0,7.0,B,0
2023-1536,Madrid Masters,Clay,128,M,20230424,300,6-4 3-6 6-3,3,F,145.0,105526,207989,,1.0,LL,,Jan Lennard Struff,Carlos Alcaraz,R,R,193.0,183.0,GER,ESP,32.9,19.9,65.0,2.0,779.0,6770.0,4.0,2.0,5.0,3.0,104.0,91.0,53.0,64.0,40.0,43.0,23.0,15.0,14.0,14.0,8.0,6.0,11.0,8.0,B,0
2023-1536,Madrid Masters,Clay,128,M,20230424,299,6-4 6-3,3,SF,100.0,106432,207989,17.0,1.0,,,Borna Coric,Carlos Alcaraz,R,R,188.0,183.0,CRO,ESP,26.4,19.9,20.0,2.0,1890.0,6770.0,2.0,4.0,2.0,3.0,62.0,58.0,38.0,38.0,23.0,27.0,10.0,13.0,10.0,9.0,2.0,1.0,6.0,2.0,B,0
2023-1536,Madrid Masters,Clay,128,M,20230424,298,4-6 6-3 6-4,3,SF,138.0,105526,106234,,,LL,Q,Jan Lennard Struff,Aslan Karatsev,R,R,193.0,185.0,GER,RUS,32.9,29.6,65.0,121.0,779.0,497.0,15.0,3.0,6.0,4.0,96.0,88.0,57.0,51.0,42.0,36.0,21.0,22.0,15.0,14.0,5.0,6.0,7.0,9.0,A,1
2023-1536,Madrid Masters,Clay,128,M,20230424,297,6-4 7-5,3,QF,110.0,111575,207989,10.0,1.0,,,Karen Khachanov,Carlos Alcaraz,R,R,198.0,183.0,RUS,ESP,26.9,19.9,12.0,2.0,2855.0,6770.0,1.0,5.0,0.0,1.0,72.0,71.0,47.0,48.0,30.0,37.0,14.0,10.0,11.0,11.0,3.0,4.0,6.0,5.0,B,0
2023-1536,Madrid Masters,Clay,128,M,20230424,296,6-3 6-3,3,QF,74.0,106432,127157,17.0,,,LL,Borna Coric,Daniel Altmaier,R,R,188.0,188.0,CRO,GER,26.4,24.6,20.0,92.0,1890.0,633.0,2.0,1.0,0.0,4.0,46.0,47.0,31.0,32.0,28.0,21.0,9.0,7.0,9.0,9.0,0.0,2.0,0.0,5.0,A,1
2023-1536,Madrid Masters,Clay,128,M,20230424,295,7-6(5) 5-7 6-3,3,QF,150.0,105526,126774,,4.0,LL,,Jan Lennard Struff,Stefanos Tsitsipas,R,R,193.0,193.0,GER,GRE,32.9,24.6,65.0,5.0,779.0,5195.0,14.0,11.0,3.0,1.0,122.0,92.0,83.0,63.0,64.0,52.0,19.0,16.0,17.0,16.0,9.0,0.0,10.0,1.0,A,1
2023-1536,Madrid Masters,Clay,128,M,20230424,294,7-6(3) 6-4,3,QF,101.0,111190,106234,,,,Q,Zhizhen Zhang,Aslan Karatsev,R,R,193.0,185.0,CHN,RUS,26.5,29.6,99.0,121.0,606.0,497.0,4.0,6.0,2.0,2.0,68.0,66.0,39.0,44.0,27.0,36.0,19.0,15.0,11.0,11.0,1.0,3.0,2.0,3.0,B,0
2023-1536,Madrid Masters,Clay,128,M,20230424,293,6-1 6-2,3,R16,82.0,100644,207989,13.0,1.0,,,Alexander Zverev,Carlos Alcaraz,R,R,198.0,183.0,GER,ESP,26.0,19.9,16.0,2.0,2140.0,6770.0,3.0,5.0,4.0,1.0,60.0,41.0,40.0,24.0,22.0,21.0,8.0,12.0,7.0,8.0,6.0,0.0,10.0,0.0,B,0
2023-1536,Madrid Masters,Clay,128,M,20230424,292,7-6(8) 6-4,3,R16,102.0,126094,111575,5.0,10.0,,,Andrey Rublev,Karen Khachanov,R,R,188.0,198.0,RUS,RUS,25.5,26.9,6.0,12.0,4280.0,2855.0,7.0,5.0,3.0,2.0,73.0,72.0,42.0,44.0,33.0,35.0,17.0,18.0,11.0,11.0,3.0,1.0,4.0,1.0,B,0
2023-1536,Madrid Masters,Clay,128,M,20230424,291,6-3 6-0,3,R16,85.0,144719,127157,,,,LL,Jaume Munar,Daniel Altmaier,R,R,183.0,188.0,ESP,GER,25.9,24.6,88.0,92.0,666.0,633.0,0.0,1.0,1.0,0.0,51.0,41.0,38.0,26.0,18.0,18.0,6.0,12.0,8.0,7.0,6.0,4.0,11.0,4.0,B,0
2023-1536,Madrid Masters,Clay,128,M,20230424,290,6-7(5) 6-3 7-6(5),3,R16,208.0,106432,200221,17.0,29.0,,,Borna Coric,Alejandro Davidovich Fokina,R,R,188.0,183.0,CRO,ESP,26.4,23.8,20.0,35.0,1890.0,1095.0,6.0,0.0,2.0,2.0,119.0,120.0,70.0,94.0,54.0,57.0,19.0,13.0,16.0,17.0,11.0,6.0,14.0,11.0,A,1
2023-1536,Madrid Masters,Clay,128,M,20230424,289,7-6(7) 6-7(7) 6-3,3,R16,148.0,106398,105526,,,,LL,Pedro Cachin,Jan Lennard Struff,R,R,185.0,193.0,ARG,GER,28.0,32.9,67.0,65.0,767.0,779.0,8.0,8.0,3.0,2.0,107.0,109.0,68.0,73.0,52.0,56.0,23.0,20.0,17.0,16.0,1.0,4.0,5.0,6.0,B,0
2023-1536,Madrid Masters,Clay,128,M,20230424,288,6-3 6-1,3,R16,73.0,126523,126774,,4.0,,,Bernabe Zapata Miralles,Stefanos Tsitsipas,R,R,183.0,193.0,ESP,GRE,26.2,24.6,42.0,5.0,958.0,5195.0,0.0,0.0,2.0,1.0,62.0,41.0,47.0,24.0,18.0,16.0,5.0,9.0,8.0,8.0,9.0,0.0,16.0,3.0,B,0
2023-1536,Madrid Masters,Clay,128,M,20230424,287,3-6 7-6(5) 7-6(8),3,R16,148.0,126203,111190,8.0,,,,Taylor Fritz,Zhizhen Zhang,R,R,196.0,193.0,USA,CHN,25.4,26.5,10.0,99.0,3290.0,606.0,11.0,7.0,2.0,3.0,104.0,107.0,62.0,60.0,48.0,42.0,27.0,28.0,17.0,16.0,2.0,5.0,4.0,8.0,B,0
2023-1536,Madrid Masters,Clay,128,M,20230424,286,7-6(1) 6-4,3,R16,96.0,106421,106234,2.0,,,Q,Daniil Medvedev,Aslan Karatsev,R,R,198.0,185.0,RUS,RUS,27.1,29.6,3.0,121.0,5240.0,497.0,4.0,2.0,0.0,0.0,61.0,64.0,43.0,43.0,29.0,34.0,11.0,14.0,11.0,11.0,0.0,3.0,2.0,4.0,B,0
2023-1536,Madrid Masters,Clay,128,M,20230424,285,6-2 7-5,3,R32,90.0,105777,207989,26.0,1.0,,,Grigor Dimitrov,Carlos Alcaraz,R,R,191.0,183.0,BUL,ESP,31.9,19.9,32.0,2.0,1170.0,6770.0,2.0,3.0,2.0,0.0,54.0,51.0,29.0,35.0,18.0,26.0,12.0,12.0,10.0,10.0,2.0,1.0,6.0,2.0,B,0
2023-1536,Madrid Masters,Clay,128,M,20230424,284,6-1 6-0,3,R32,56.0,126409,100644,,13.0,Q,,Hugo Grenier,Alexander Zverev,R,R,196.0,198.0,FRA,GER,27.0,26.0,128.0,16.0,466.0,2140.0,1.0,4.0,5.0,1.0,48.0,29.0,27.0,25.0,14.0,22.0,3.0,2.0,7.0,6.0,4.0,0.0,10.0,0.0,B,0
2023-1536,Madrid Masters,Clay,128,M,20230424,283,7-5 4-6 6-3,3,R32,175.0,111575,105138,10.0,20.0,,,Karen Khachanov,Roberto Bautista Agut,R,R,198.0,183.0,RUS,ESP,26.9,35.0,12.0,25.0,2855.0,1475.0,11.0,3.0,3.0,2.0,91.0,116.0,60.0,74.0,44.0,51.0,18.0,18.0,16.0,15.0,1.0,13.0,3.0,16.0,A,1
2023-1536,Madrid Masters,Clay,128,M,20230424,282,6-2 7-5,3,R32,86.0,126094,106415,5.0,28.0,,,Andrey Rublev,Yoshihito Nishioka,R,L,188.0,170.0,RUS,JPN,25.5,27.5,6.0,34.0,4280.0,1138.0,10.0,6.0,1.0,1.0,61.0,77.0,38.0,64.0,33.0,39.0,12.0,5.0,10.0,10.0,1.0,5.0,1.0,8.0,A,1
2023-1536,Madrid Masters,Clay,128,M,20230424,281,3-6 6-3 6-1,3,R32,123.0,208286,144719,,,Q,,Matteo Arnaldi,Jaume Munar,R,R,185.0,183.0,ITA,ESP,22.1,25.9,105.0,88.0,556.0,666.0,4.0,1.0,0.0,2.0,82.0,76.0,47.0,53.0,30.0,36.0,16.0,11.0,13.0,12.0,9.0,2.0,14.0,4.0,B,0
2023-1536,Madrid Masters,Clay,128,M,20230424,280,7-6(3) 6-3,3,R32,111.0,105870,127157,,,Q,LL,Yannick Hanfmann,Daniel Altmaier,R,R,193.0,188.0,GER,GER,31.4,24.6,108.0,92.0,548.0,633.0,3.0,6.0,2.0,1.0,66.0,78.0,49.0,60.0,30.0,44.0,9.0,6.0,10.0,11.0,2.0,6.0,4.0,7.0,B,0
2023-1536,Madrid Masters,Clay,128,M,20230424,279,7-6(3) 6-3,3,R32,97.0,128034,106432,12.0,17.0,,,Hubert Hurkacz,Borna Coric,R,R,196.0,188.0,POL,CRO,26.1,26.4,15.0,20.0,2660.0,1890.0,5.0,4.0,1.0,1.0,60.0,72.0,38.0,43.0,29.0,37.0,14.0,17.0,10.0,11.0,1.0,3.0,2.0,3.0,B,0
2023-1536,Madrid Masters,Clay,128,M,20230424,278,7-6(1) 5-7 7-6(5),3,R32,185.0,200221,208029,29.0,6.0,,,Alejandro Davidovich Fokina,Holger Rune,R,R,183.0,188.0,ESP,DEN,23.8,19.9,35.0,7.0,1095.0,4070.0,2.0,6.0,2.0,2.0,123.0,113.0,95.0,72.0,65.0,48.0,16.0,26.0,18.0,18.0,8.0,7.0,12.0,10.0,A,1
2023-1536,Madrid Masters,Clay,128,M,20230424,277,6-7(2) 6-3 6-3,3,R32,132.0,105583,105526,,,,LL,Dusan Lajovic,Jan Lennard Struff,R,R,183.0,193.0,SRB,GER,32.8,32.9,40.0,65.0,994.0,779.0,9.0,8.0,0.0,3.0,108.0,102.0,74.0,56.0,53.0,44.0,15.0,26.0,15.0,15.0,6.0,5.0,9.0,5.0,B,0
2023-1536,Madrid Masters,Clay,128,M,20230424,276,6-1 7-6(2),3,R32,81.0,106398,126207,,9.0,,,Pedro Cachin,Frances Tiafoe,R,R,185.0,188.0,ARG,USA,28.0,25.2,67.0,11.0,767.0,2870.0,8.0,4.0,1.0,0.0,57.0,51.0,36.0,35.0,29.0,22.0,12.0,6.0,10.0,9.0,3.0,1.0,4.0,4.0,A,1
2023-1536,Madrid Masters,Clay,128,M,20230424,275,6-3 3-6 6-3,3,R32,141.0,126128,126523,,,Q,,Roman Safiullin,Bernabe Zapata Miralles,R,R,185.0,183.0,RUS,ESP,25.7,26.2,112.0,42.0,525.0,958.0,4.0,3.0,5.0,0.0,98.0,90.0,65.0,68.0,46.0,47.0,15.0,14.0,13.0,14.0,8.0,5.0,11.0,7.0,B,0
2023-1536,Madrid Masters,Clay,128,M,20230424,274,7-5 3-6 6-3,3,R32,132.0,202104,126774,25.0,4.0,,,Sebastian Baez,Stefanos Tsitsipas,R,R,170.0,193.0,ARG,GRE,22.3,24.6,31.0,5.0,1190.0,5195.0,1.0,4.0,1.0,4.0,88.0,95.0,61.0,65.0,37.0,49.0,20.0,12.0,15.0,15.0,5.0,4.0,8.0,6.0,B,0
2023-1536,Madrid Masters,Clay,128,M,20230424,273,6-1 7-6(4),3,R32,91.0,106426,126203,,8.0,,,Cristian Garin,Taylor Fritz,R,R,185.0,196.0,CHI,USA,26.8,25.4,73.0,10.0,723.0,3290.0,2.0,10.0,3.0,1.0,81.0,51.0,61.0,33.0,36.0,29.0,8.0,14.0,9.0,10.0,9.0,0.0,12.0,1.0,B,0
2023-1536,Madrid Masters,Clay,128,M,20230424,272,2-6 7-6(2) 7-6(2),3,R32,129.0,111815,111190,11.0,,,,Cameron Norrie,Zhizhen Zhang,L,R,188.0,193.0,GBR,CHN,27.6,26.5,13.0,99.0,2725.0,606.0,8.0,13.0,0.0,0.0,100.0,87.0,74.0,63.0,54.0,50.0,17.0,18.0,16.0,16.0,0.0,5.0,0.0,7.0,B,0
2023-1536,Madrid Masters,Clay,128,M,20230424,271,6-3 4-6 6-4,3,R32,136.0,106234,200282,,16.0,Q,,Aslan Karatsev,Alex De Minaur,R,R,185.0,183.0,RUS,AUS,29.6,24.1,121.0,19.0,497.0,1995.0,4.0,3.0,0.0,3.0,95.0,76.0,61.0,47.0,45.0,36.0,17.0,16.0,15.0,14.0,3.0,2.0,5.0,5.0,A,1
2023-1536,Madrid Masters,Clay,128,M,20230424,270,4-6 6-1 7-5,3,R32,162.0,106421,207686,2.0,,,Q,Daniil Medvedev,Alexander Shevchenko,R,R,198.0,185.0,RUS,KAZ,27.1,22.3,3.0,96.0,5240.0,610.0,4.0,2.0,6.0,4.0,119.0,102.0,67.0,51.0,44.0,34.0,25.0,19.0,15.0,14.0,9.0,8.0,13.0,14.0,A,1
2023-1536,Madrid Masters,Clay,128,M,20230424,269,2-6 6-4 6-2,3,R64,136.0,200325,207989,,1.0,,,Emil Ruusuvuori,Carlos Alcaraz,R,R,188.0,183.0,FIN,ESP,24.0,19.9,41.0,2.0,977.0,6770.0,3.0,10.0,3.0,1.0,72.0,100.0,45.0,69.0,33.0,44.0,14.0,18.0,13.0,13.0,2.0,9.0,5.0,11.0,B,0
2023-1536,Madrid Masters,Clay,128,M,20230424,268,7-6(6) 7-6(2),3,R64,116.0,106296,105777,,26.0,,,Gregoire Barrere,Grigor Dimitrov,R,R,183.0,191.0,FRA,BUL,29.1,31.9,56.0,32.0,848.0,1170.0,3.0,10.0,2.0,3.0,80.0,82.0,51.0,56.0,41.0,48.0,14.0,13.0,12.0,12.0,0.0,5.0,0.0,5.0,B,0
2023-1536,Madrid Masters,Clay,128,M,20230424,267,7-6(5) 7-6(7),3,R64,138.0,126409,200624,,22.0,Q,,Hugo Grenier,Sebastian Korda,R,R,196.0,196.0,FRA,USA,27.0,22.8,128.0,28.0,466.0,1390.0,3.0,7.0,4.0,2.0,106.0,86.0,63.0,52.0,43.0,35.0,21.0,17.0,12.0,12.0,6.0,6.0,9.0,9.0,A,1
2023-1536,Madrid Masters,Clay,128,M,20230424,266,6-7(6) 7-5 6-0,3,R64,205.0,100644,106148,13.0,,,,Alexander Zverev,Roberto Carballes Baena,R,R,198.0,183.0,GER,ESP,26.0,30.0,16.0,53.0,2140.0,867.0,12.0,2.0,4.0,1.0,107.0,103.0,65.0,65.0,52.0,42.0,21.0,19.0,15.0,15.0,8.0,4.0,9.0,9.0,A,1
2023-1536,Madrid Masters,Clay,128,M,20230424,265,6-3 3-6 6-3,3,R64,120.0,111575,106329,10.0,,,,Karen Khachanov,Thiago Monteiro,R,L,198.0,183.0,RUS,BRA,26.9,28.8,12.0,97.0,2855.0,608.0,10.0,11.0,2.0,3.0,74.0,84.0,45.0,53.0,35.0,36.0,23.0,18.0,14.0,13.0,3.0,1.0,4.0,3.0,A,1
2023-1536,Madrid Masters,Clay,128,M,20230424,264,4-6 7-6(5) 6-3,3,R64,146.0,105138,111460,20.0,,,,Roberto Bautista Agut,Quentin Halys,R,R,183.0,191.0,ESP,FRA,35.0,26.4,25.0,66.0,1475.0,771.0,7.0,15.0,1.0,2.0,93.0,105.0,53.0,56.0,38.0,46.0,30.0,25.0,15.0,16.0,3.0,4.0,4.0,6.0,A,1
2023-1536,Madrid Masters,Clay,128,M,20230424,263,5-7 6-4 6-4,3,R64,142.0,144684,106415,,28.0,,,Alex Molcan,Yoshihito Nishioka,L,L,178.0,170.0,SVK,JPN,25.3,27.5,58.0,34.0,825.0,1138.0,6.0,4.0,1.0,0.0,105.0,102.0,71.0,74.0,47.0,50.0,16.0,18.0,16.0,16.0,11.0,4.0,15.0,7.0,B,0
2023-1536,Madrid Masters,Clay,128,M,20230424,262,7-5 6-4,3,R64,77.0,126094,104527,5.0,,,,Andrey Rublev,Stan Wawrinka,R,R,188.0,183.0,RUS,SUI,25.5,38.0,6.0,84.0,4280.0,692.0,9.0,7.0,0.0,0.0,59.0,60.0,34.0,43.0,30.0,29.0,12.0,5.0,11.0,11.0,3.0,2.0,5.0,6.0,A,1
2023-1536,Madrid Masters,Clay,128,M,20230424,261,6-3 6-4,3,R64,93.0,134770,208286,3.0,,,Q,Casper Ruud,Matteo Arnaldi,R,R,183.0,185.0,NOR,ITA,24.3,22.1,4.0,105.0,5210.0,556.0,4.0,6.0,2.0,3.0,63.0,64.0,40.0,35.0,26.0,28.0,10.0,16.0,9.0,10.0,6.0,6.0,9.0,7.0,B,0
2023-1536,Madrid Masters,Clay,128,M,20230424,260,7-6(3) 0-0 RET,3,R64,59.0,144719,134868,,30.0,,,Jaume Munar,Tallon Griekspoor,R,R,183.0,188.0,ESP,NED,25.9,26.8,88.0,36.0,666.0,1094.0,2.0,1.0,0.0,3.0,37.0,40.0,28.0,28.0,19.0,21.0,9.0,6.0,6.0,6.0,2.0,1.0,2.0,1.0,A,1
2023-1536,Madrid Masters,Clay,128,M,20230424,259,6-4 7-5,3,R64,102.0,127157,106214,,,LL,,Daniel Altmaier,Oscar Otte,R,R,188.0,193.0,GER,GER,24.6,29.7,92.0,98.0,633.0,606.0,3.0,8.0,2.0,3.0,79.0,64.0,55.0,31.0,40.0,24.0,12.0,18.0,11.0,11.0,1.0,1.0,1.0,3.0,A,1
2023-1536,Madrid Masters,Clay,128,M,20230424,258,6-4 7-6(3),3,R64,108.0,105870,207518,,15.0,Q,,Yannick Hanfmann,Lorenzo Musetti,R,R,193.0,185.0,GER,ITA,31.4,21.1,108.0,18.0,548.0,2065.0,3.0,1.0,1.0,3.0,68.0,75.0,43.0,51.0,29.0,32.0,15.0,11.0,11.0,11.0,1.0,6.0,4.0,10.0,A,1
2023-1536,Madrid Masters,Clay,128,M,20230424,257,6-7(9) 6-4 7-5,3,R64,144.0,128034,104755,12.0,,,,Hubert Hurkacz,Richard Gasquet,R,R,196.0,183.0,POL,FRA,26.1,36.8,15.0,43.0,2660.0,951.0,29.0,9.0,4.0,4.0,98.0,113.0,65.0,57.0,54.0,43.0,21.0,32.0,17.0,17.0,3.0,4.0,4.0,7.0,A,1
2023-1536,Madrid Masters,Clay,128,M,20230424,256,6-3 6-3,3,R64,81.0,106432,200384,17.0,,,WC,Borna Coric,Hugo Gaston,R,L,188.0,173.0,CRO,FRA,26.4,22.5,20.0,106.0,1890.0,555.0,3.0,3.0,0.0,1.0,49.0,54.0,31.0,33.0,24.0,21.0,13.0,11.0,9.0,9.0,0.0,2.0,0.0,5.0,A,1
2023-1536,Madrid Masters,Clay,128,M,20230424,255,6-3 6-4,3,R64,92.0,105077,200221,,29.0,,,Albert Ramos,Alejandro Davidovich Fokina,L,R,188.0,183.0,ESP,ESP,35.2,23.8,60.0,35.0,810.0,1095.0,1.0,3.0,0.0,1.0,55.0,65.0,37.0,47.0,22.0,29.0,7.0,11.0,9.0,10.0,3.0,1.0,7.0,3.0,B,0
2023-1536,Madrid Masters,Clay,128,M,20230424,254,6-1 4-6 7-6(9),3,R64,124.0,122330,208029,,6.0,,,Alexander Bublik,Holger Rune,R,R,196.0,188.0,KAZ,DEN,25.8,19.9,55.0,7.0,865.0,4070.0,13.0,7.0,9.0,4.0,98.0,86.0,68.0,57.0,50.0,49.0,13.0,15.0,15.0,14.0,2.0,3.0,5.0,4.0,B,0
2023-1536,Madrid Masters,Clay,128,M,20230424,253,6-2 3-6 7-6(5),3,R64,153.0,105583,200000,,7.0,,,Dusan Lajovic,Felix Auger Aliassime,R,R,183.0,193.0,SRB,CAN,32.8,22.7,40.0,9.0,994.0,3405.0,4.0,12.0,1.0,11.0,86.0,100.0,54.0,57.0,45.0,48.0,15.0,16.0,14.0,15.0,1.0,4.0,2.0,6.0,A,1
2023-1536,Madrid Masters,Clay,128,M,20230424,252,4-6 7-6(4) 7-5,3,R64,140.0,105526,210097,,32.0,LL,,Jan Lennard Struff,Ben Shelton,R,L,193.0,193.0,GER,USA,32.9,20.5,65.0,38.0,779.0,1042.0,11.0,21.0,3.0,8.0,101.0,103.0,61.0,60.0,50.0,49.0,23.0,22.0,17.0,17.0,4.0,3.0,6.0,5.0,A,1
2023-1536,Madrid Masters,Clay,128,M,20230424,251,6-1 7-6(6),3,R64,80.0,202103,106398,24.0,,,,Francisco Cerundolo,Pedro Cachin,R,R,185.0,185.0,ARG,ARG,24.6,28.0,30.0,67.0,1235.0,767.0,2.0,1.0,2.0,1.0,49.0,61.0,29.0,42.0,20.0,35.0,13.0,13.0,9.0,10.0,0.0,1.0,2.0,1.0,B,0
2023-1536,Madrid Masters,Clay,128,M,20230424,250,6-3 7-6(5),3,R64,98.0,126207,144869,9.0,,,,Frances Tiafoe,Tomas Martin Etcheverry,R,R,188.0,196.0,USA,ARG,25.2,23.7,11.0,59.0,2870.0,814.0,5.0,12.0,1.0,2.0,65.0,68.0,37.0,44.0,27.0,29.0,18.0,12.0,11.0,10.0,0.0,2.0,1.0,4.0,A,1
2023-1536,Madrid Masters,Clay,128,M,20230424,249,6-3 7-6(3),3,R64,99.0,126128,126205,,14.0,Q,,Roman Safiullin,Tommy Paul,R,R,185.0,185.0,RUS,USA,25.7,25.9,112.0,17.0,525.0,2070.0,1.0,4.0,0.0,0.0,67.0,66.0,55.0,43.0,45.0,31.0,7.0,14.0,11.0,10.0,2.0,3.0,2.0,4.0,A,1
2023-1536,Madrid Masters,Clay,128,M,20230424,248,6-3 6-2,3,R64,79.0,105554,126523,19.0,,,,Daniel Evans,Bernabe Zapata Miralles,R,R,175.0,183.0,GBR,ESP,32.9,26.2,24.0,42.0,1560.0,958.0,0.0,6.0,1.0,0.0,61.0,44.0,37.0,35.0,20.0,29.0,13.0,7.0,8.0,9.0,2.0,0.0,5.0,0.0,B,0
2023-1536,Madrid Masters,Clay,128,M,20230424,247,3-6 6-3 6-4,3,R64,130.0,202104,106218,25.0,,,,Sebastian Baez,Marcos Giron,R,R,170.0,180.0,ARG,USA,22.3,29.7,31.0,61.0,1190.0,801.0,2.0,5.0,1.0,3.0,78.0,111.0,55.0,77.0,44.0,54.0,14.0,15.0,14.0,14.0,2.0,8.0,3.0,10.0,A,1
2023-1536,Madrid Masters,Clay,128,M,20230424,246,3-6 6-1 7-6(5),3,R64,139.0,126774,106233,4.0,,,WC,Stefanos Tsitsipas,Dominic Thiem,R,R,193.0,185.0,GRE,AUT,24.6,29.6,5.0,93.0,5195.0,625.0,3.0,8.0,1.0,3.0,72.0,101.0,57.0,64.0,50.0,44.0,8.0,20.0,14.0,14.0,1.0,12.0,2.0,14.0,A,1
2023-1536,Madrid Masters,Clay,128,M,20230424,245,7-6(11) 6-4,3,R64,113.0,106331,126203,,8.0,,,Christopher Oconnell,Taylor Fritz,R,R,183.0,196.0,AUS,USA,28.8,25.4,81.0,10.0,710.0,3290.0,11.0,8.0,1.0,1.0,84.0,73.0,54.0,41.0,44.0,34.0,14.0,23.0,11.0,11.0,2.0,2.0,3.0,2.0,B,0
2023-1536,Madrid Masters,Clay,128,M,20230424,244,7-6(3) 6-7(5) 6-4,3,R64,162.0,200175,106426,27.0,,,,Miomir Kecmanovic,Cristian Garin,R,R,183.0,185.0,SRB,CHI,23.6,26.8,33.0,73.0,1170.0,723.0,4.0,4.0,3.0,3.0,100.0,116.0,53.0,73.0,38.0,53.0,29.0,26.0,17.0,17.0,1.0,4.0,3.0,5.0,B,0
2023-1536,Madrid Masters,Clay,128,M,20230424,243,6-7(4) 6-4 7-6(1),3,R64,134.0,133430,111190,21.0,,,,Denis Shapovalov,Zhizhen Zhang,L,R,185.0,193.0,CAN,CHN,24.0,26.5,27.0,99.0,1425.0,606.0,14.0,1.0,4.0,0.0,98.0,95.0,58.0,74.0,43.0,60.0,28.0,15.0,17.0,17.0,1.0,0.0,3.0,1.0,B,0
2023-1536,Madrid Masters,Clay,128,M,20230424,242,6-4 7-6(5),3,R64,98.0,111815,133297,11.0,,,Q,Cameron Norrie,Yosuke Watanuki,L,R,188.0,180.0,GBR,JPN,27.6,25.0,13.0,117.0,2725.0,502.0,7.0,9.0,2.0,4.0,64.0,83.0,44.0,55.0,36.0,37.0,11.0,12.0,11.0,11.0,3.0,4.0,4.0,6.0,A,1
2023-1536,Madrid Masters,Clay,128,M,20230424,241,6-4 7-6(5),3,R64,105.0,106065,200282,,16.0,Q,,Marco Cecchinato,Alex De Minaur,R,R,185.0,183.0,ITA,AUS,30.5,24.1,85.0,19.0,688.0,1995.0,3.0,0.0,3.0,1.0,74.0,73.0,45.0,49.0,32.0,40.0,19.0,15.0,11.0,11.0,4.0,7.0,5.0,7.0,B,0
2023-1536,Madrid Masters,Clay,128,M,20230424,240,6-2 7-5,3,R64,94.0,122298,106234,23.0,,,Q,Botic Van De Zandschulp,Aslan Karatsev,R,R,191.0,185.0,NED,RUS,27.5,29.6,29.0,121.0,1390.0,497.0,6.0,3.0,1.0,2.0,68.0,56.0,41.0,36.0,27.0,26.0,10.0,13.0,10.0,10.0,3.0,1.0,7.0,2.0,B,0
2023-1536,Madrid Masters,Clay,128,M,20230424,239,6-1 6-1,3,R64,45.0,208103,207686,31.0,,,Q,Jiri Lehecka,Alexander Shevchenko,R,R,185.0,185.0,CZE,KAZ,21.4,22.3,37.0,96.0,1046.0,610.0,3.0,3.0,2.0,1.0,38.0,37.0,24.0,20.0,11.0,17.0,3.0,12.0,7.0,7.0,0.0,1.0,5.0,1.0,B,0
2023-1536,Madrid Masters,Clay,128,M,20230424,238,6-4 6-3,3,R64,82.0,131934,106421,,2.0,Q,,Andrea Vavassori,Daniil Medvedev,R,R,193.0,198.0,ITA,RUS,27.9,27.1,164.0,3.0,369.0,5240.0,3.0,4.0,0.0,4.0,56.0,56.0,42.0,35.0,29.0,27.0,4.0,15.0,9.0,10.0,2.0,3.0,4.0,3.0,B,0
2023-1536,Madrid Masters,Clay,128,M,20230424,236,7-6(6) 7-6(4),3,R128,119.0,200005,200325,,,,,Ugo Humbert,Emil Ruusuvuori,L,R,188.0,188.0,FRA,FIN,24.8,24.0,77.0,41.0,718.0,977.0,5.0,9.0,6.0,1.0,87.0,80.0,63.0,49.0,47.0,39.0,8.0,17.0,12.0,12.0,1.0,1.0,2.0,2.0,B,0
2023-1536,Madrid Masters,Clay,128,M,20230424,235,6-0 5-7 6-3,3,R128,101.0,207182,106296,,,WC,,Emilio Nava,Gregoire Barrere,R,R,185.0,183.0,USA,FRA,21.3,29.1,173.0,56.0,344.0,848.0,11.0,5.0,0.0,0.0,78.0,71.0,55.0,48.0,33.0,39.0,12.0,16.0,13.0,14.0,4.0,0.0,8.0,1.0,B,0
2023-1536,Madrid Masters,Clay,128,M,20230424,232,7-5 6-4,3,R128,120.0,126409,106043,,,Q,,Hugo Grenier,Diego Schwartzman,R,R,196.0,170.0,FRA,ARG,27.0,30.6,128.0,72.0,466.0,730.0,8.0,0.0,2.0,2.0,71.0,68.0,42.0,54.0,27.0,39.0,17.0,3.0,11.0,11.0,6.0,5.0,8.0,9.0,A,1
2023-1536,Madrid Masters,Clay,128,M,20230424,231,6-4 6-4,3,R128,87.0,106148,105676,,,,,Roberto Carballes Baena,David Goffin,R,R,183.0,180.0,ESP,BEL,30.0,32.3,53.0,95.0,867.0,615.0,7.0,5.0,1.0,1.0,51.0,62.0,39.0,39.0,35.0,28.0,7.0,9.0,10.0,10.0,0.0,2.0,0.0,4.0,A,1
2023-1536,Madrid Masters,Clay,128,M,20230424,228,7-6(9) 4-6 6-3,3,R128,134.0,127339,106329,,,Q,,Borna Gojo,Thiago Monteiro,R,L,196.0,183.0,CRO,BRA,25.1,28.8,110.0,97.0,538.0,608.0,19.0,12.0,3.0,3.0,85.0,94.0,50.0,66.0,46.0,53.0,21.0,18.0,15.0,16.0,3.0,0.0,4.0,1.0,B,0
2023-1536,Madrid Masters,Clay,128,M,20230424,227,4-6 6-4 6-4,3,R128,114.0,200615,111460,,,,,Alexei Popyrin,Quentin Halys,R,R,196.0,191.0,AUS,FRA,23.7,26.4,75.0,66.0,721.0,771.0,8.0,13.0,1.0,2.0,88.0,79.0,59.0,53.0,43.0,42.0,16.0,18.0,15.0,15.0,2.0,4.0,4.0,5.0,B,0
2023-1536,Madrid Masters,Clay,128,M,20230424,224,6-2 6-4,3,R128,81.0,200059,144684,,,,,Yibing Wu,Alex Molcan,R,L,183.0,178.0,CHN,SVK,23.5,25.3,57.0,58.0,843.0,825.0,3.0,2.0,2.0,3.0,66.0,65.0,39.0,45.0,22.0,36.0,15.0,9.0,9.0,9.0,6.0,5.0,9.0,5.0,B,0
2023-1536,Madrid Masters,Clay,128,M,20230424,223,6-7(3) 6-3 7-6(4),3,R128,147.0,104527,202195,,,,,Stan Wawrinka,Maxime Cressy,R,R,183.0,201.0,SUI,USA,38.0,25.9,84.0,39.0,692.0,1010.0,19.0,9.0,1.0,11.0,96.0,98.0,54.0,57.0,46.0,48.0,31.0,24.0,17.0,16.0,2.0,0.0,2.0,1.0,A,1
2023-1536,Madrid Masters,Clay,128,M,20230424,220,6-1 3-6 7-6(6),3,R128,120.0,208286,105332,,,Q,Q,Matteo Arnaldi,Benoit Paire,R,R,185.0,196.0,ITA,FRA,22.1,33.9,105.0,161.0,556.0,377.0,7.0,15.0,5.0,12.0,94.0,94.0,60.0,46.0,44.0,37.0,15.0,18.0,14.0,14.0,8.0,6.0,11.0,10.0,A,1
2023-1536,Madrid Masters,Clay,128,M,20230424,219,7-6(7) 7-6(3),3,R128,158.0,144719,106423,,,,,Jaume Munar,Thanasi Kokkinakis,R,R,183.0,193.0,ESP,AUS,25.9,27.0,88.0,111.0,666.0,534.0,1.0,8.0,1.0,2.0,89.0,93.0,65.0,55.0,42.0,36.0,15.0,20.0,12.0,12.0,2.0,2.0,5.0,5.0,A,1
2023-1536,Madrid Masters,Clay,128,M,20230424,216,6-3 4-6 6-4,3,R128,124.0,106214,200303,,,,LL,Oscar Otte,Pavel Kotov,R,R,193.0,191.0,GER,RUS,29.7,24.4,98.0,101.0,606.0,583.0,8.0,2.0,5.0,1.0,78.0,88.0,43.0,60.0,38.0,42.0,22.0,16.0,15.0,14.0,5.0,3.0,6.0,5.0,A,1
2023-1536,Madrid Masters,Clay,128,M,20230424,215,6-4 3-6 6-3,3,R128,137.0,105870,122669,,,Q,,Yannick Hanfmann,Juan Pablo Varillas,R,R,193.0,185.0,GER,PER,31.4,27.5,108.0,87.0,548.0,667.0,6.0,2.0,3.0,2.0,85.0,93.0,57.0,61.0,43.0,39.0,13.0,19.0,14.0,14.0,4.0,5.0,6.0,8.0,A,1
2023-1536,Madrid Masters,Clay,128,M,20230424,212,6-2 6-1,3,R128,61.0,104755,212021,,,,WC,Richard Gasquet,Martin Landaluce,R,R,183.0,191.0,FRA,ESP,36.8,17.2,43.0,894.0,951.0,16.0,4.0,6.0,1.0,5.0,31.0,53.0,19.0,31.0,18.0,19.0,10.0,5.0,7.0,8.0,0.0,0.0,0.0,5.0,A,1
2023-1536,Madrid Masters,Clay,128,M,20230424,211,6-3 6-4,3,R128,72.0,200384,104871,,,WC,PR,Hugo Gaston,Jeremy Chardy,L,R,173.0,188.0,FRA,FRA,22.5,36.1,106.0,635.0,555.0,45.0,3.0,0.0,1.0,5.0,49.0,57.0,25.0,35.0,22.0,20.0,11.0,9.0,9.0,10.0,0.0,3.0,2.0,8.0,A,1
2023-1536,Madrid Masters,Clay,128,M,20230424,208,4-6 7-6(3) 6-2,3,R128,178.0,105077,125802,,,,,Albert Ramos,Ilya Ivashka,L,R,188.0,193.0,ESP,BLR,35.2,29.1,60.0,69.0,810.0,761.0,5.0,9.0,2.0,3.0,101.0,99.0,68.0,61.0,49.0,44.0,22.0,19.0,15.0,15.0,5.0,6.0,6.0,8.0,A,1
2023-1536,Madrid Masters,Clay,128,M,20230424,207,7-6(15) 6-7(4) 6-4,3,R128,170.0,122330,123755,,,,,Alexander Bublik,Daniel Elahi Galan,R,R,196.0,191.0,KAZ,COL,25.8,26.8,55.0,100.0,865.0,586.0,17.0,5.0,13.0,2.0,140.0,114.0,84.0,78.0,64.0,62.0,30.0,17.0,17.0,17.0,4.0,1.0,5.0,3.0,A,1
2023-1536,Madrid Masters,Clay,128,M,20230424,204,6-3 6-3,3,R128,83.0,106186,105583,,,,,Jason Kubler,Dusan Lajovic,R,R,178.0,183.0,AUS,SRB,29.9,32.8,63.0,40.0,782.0,994.0,3.0,2.0,2.0,0.0,60.0,54.0,29.0,39.0,21.0,30.0,13.0,8.0,9.0,9.0,3.0,0.0,6.0,0.0,B,0
2023-1536,Madrid Masters,Clay,128,M,20230424,203,6-3 6-1,3,R128,74.0,132283,105526,,,,LL,Lorenzo Sonego,Jan Lennard Struff,R,R,191.0,193.0,ITA,GER,27.9,32.9,47.0,65.0,890.0,779.0,6.0,1.0,0.0,2.0,50.0,47.0,37.0,22.0,21.0,18.0,6.0,16.0,8.0,8.0,2.0,3.0,6.0,3.0,B,0
2023-1536,Madrid Masters,Clay,128,M,20230424,200,6-1 6-4,3,R128,83.0,209406,106398,,,WC,,Abedallah Shelbayh,Pedro Cachin,L,R,180.0,185.0,JOR,ARG,19.4,28.0,243.0,67.0,233.0,767.0,3.0,3.0,4.0,3.0,62.0,59.0,36.0,34.0,23.0,24.0,10.0,17.0,8.0,9.0,6.0,2.0,9.0,2.0,B,0
2023-1536,Madrid Masters,Clay,128,M,20230424,199,6-4 6-0,3,R128,72.0,105173,144869,,,,,Adrian Mannarino,Tomas Martin Etcheverry,L,R,180.0,196.0,FRA,ARG,34.8,23.7,46.0,59.0,917.0,814.0,1.0,4.0,0.0,0.0,50.0,39.0,27.0,23.0,19.0,19.0,5.0,12.0,8.0,8.0,4.0,1.0,9.0,2.0,B,0
2023-1536,Madrid Masters,Clay,128,M,20230424,196,6-2 3-6 6-3,3,R128,107.0,126128,111797,,,Q,,Roman Safiullin,Nicolas Jarry,R,R,185.0,201.0,RUS,CHI,25.7,27.5,112.0,51.0,525.0,878.0,6.0,8.0,0.0,1.0,63.0,76.0,49.0,57.0,41.0,38.0,10.0,10.0,13.0,13.0,0.0,4.0,1.0,7.0,A,1
2023-1536,Madrid Masters,Clay,128,M,20230424,195,3-6 6-3 7-6(4),3,R128,159.0,126523,111456,,,,,Bernabe Zapata Miralles,Mackenzie Mcdonald,R,R,183.0,178.0,ESP,USA,26.2,28.0,42.0,54.0,958.0,865.0,2.0,1.0,1.0,0.0,107.0,109.0,76.0,78.0,50.0,48.0,16.0,16.0,15.0,15.0,7.0,4.0,11.0,8.0,A,1
2023-1536,Madrid Masters,Clay,128,M,20230424,192,6-2 7-6(7),3,R128,82.0,132686,106218,,,,,Nuno Borges,Marcos Giron,R,R,185.0,180.0,POR,USA,26.1,29.7,74.0,61.0,723.0,801.0,6.0,2.0,3.0,1.0,71.0,54.0,45.0,27.0,31.0,26.0,13.0,19.0,10.0,10.0,3.0,0.0,5.0,0.0,B,0
2023-1536,Madrid Masters,Clay,128,M,20230424,191,6-4 6-1,3,R128,82.0,106233,106378,,,WC,PR,Dominic Thiem,Kyle Edmund,R,R,185.0,188.0,AUT,GBR,29.6,28.2,93.0,498.0,625.0,75.0,4.0,1.0,2.0,4.0,51.0,57.0,28.0,35.0,24.0,21.0,13.0,7.0,8.0,9.0,4.0,3.0,4.0,7.0,A,1
2023-1536,Madrid Masters,Clay,128,M,20230424,188,6-4 6-7(2) 6-2,3,R128,139.0,105936,106331,,,,,Filip Krajinovic,Christopher Oconnell,R,R,185.0,183.0,SRB,AUS,31.1,28.8,79.0,81.0,711.0,710.0,7.0,15.0,0.0,3.0,107.0,84.0,78.0,55.0,45.0,42.0,17.0,12.0,15.0,15.0,13.0,2.0,19.0,5.0,B,0
2023-1536,Madrid Masters,Clay,128,M,20230424,187,7-6(5) 6-2,3,R128,88.0,106426,144817,,,,,Cristian Garin,Marc Andrea Huesler,R,L,185.0,196.0,CHI,SUI,26.8,26.8,73.0,76.0,723.0,720.0,8.0,5.0,1.0,1.0,64.0,65.0,45.0,36.0,38.0,28.0,9.0,15.0,10.0,10.0,1.0,5.0,2.0,8.0,A,1
2023-1536,Madrid Masters,Clay,128,M,20230424,184,7-6(6) 6-4,3,R128,90.0,200514,111190,,,Q,,Jurij Rodionov,Zhizhen Zhang,L,R,191.0,193.0,AUT,CHN,23.9,26.5,119.0,99.0,502.0,606.0,5.0,10.0,2.0,0.0,68.0,62.0,44.0,44.0,32.0,36.0,14.0,13.0,11.0,11.0,0.0,0.0,2.0,1.0,B,0
2023-1536,Madrid Masters,Clay,128,M,20230424,183,6-3 6-3,3,R128,98.0,133297,144895,,,Q,,Yosuke Watanuki,Corentin Moutet,R,L,180.0,180.0,JPN,FRA,25.0,24.0,117.0,64.0,502.0,780.0,8.0,0.0,3.0,0.0,73.0,53.0,44.0,34.0,31.0,17.0,11.0,9.0,9.0,9.0,10.0,5.0,12.0,10.0,A,1
2023-1536,Madrid Masters,Clay,128,M,20230424,180,7-6(4) 6-3,3,R128,101.0,106065,105916,,,Q,,Marco Cecchinato,Marton Fucsovics,R,R,185.0,188.0,ITA,HUN,30.5,31.2,85.0,83.0,688.0,697.0,5.0,2.0,0.0,4.0,68.0,77.0,43.0,46.0,31.0,24.0,16.0,20.0,10.0,11.0,4.0,4.0,5.0,7.0,A,1
2023-1536,Madrid Masters,Clay,128,M,20230424,179,7-6(5) 7-5,3,R128,121.0,111513,106234,,,,Q,Laslo Djere,Aslan Karatsev,R,R,188.0,185.0,SRB,RUS,27.8,29.6,70.0,121.0,741.0,497.0,3.0,3.0,4.0,2.0,75.0,88.0,46.0,53.0,33.0,38.0,16.0,21.0,12.0,12.0,1.0,7.0,3.0,8.0,B,0
2023-1536,Madrid Masters,Clay,128,M,20230424,176,6-4 6-4,3,R128,82.0,207686,200670,,,Q,,Alexander Shevchenko,J J Wolf,R,R,185.0,183.0,KAZ,USA,22.3,24.3,96.0,49.0,610.0,880.0,6.0,5.0,1.0,5.0,56.0,57.0,30.0,22.0,19.0,15.0,19.0,19.0,10.0,10.0,1.0,4.0,2.0,7.0,A,1
2023-1536,Madrid Masters,Clay,128,M,20230424,175,6-2 7-6(7),3,R128,91.0,104918,131934,,,,Q,Andy Murray,Andrea Vavassori,R,R,191.0,193.0,GBR,ITA,35.9,27.9,52.0,164.0,870.0,369.0,1.0,1.0,0.0,3.0,61.0,58.0,44.0,41.0,27.0,32.0,8.0,10.0,10.0,10.0,1.0,0.0,4.0,1.0,B,0
2023-0416,Rome Masters,Clay,128,M,20230508,300,7-5 7-5,3,F,102.0,208029,106421,7.0,3.0,,,Holger Rune,Daniil Medvedev,R,R,188.0,198.0,DEN,RUS,20.0,27.2,7.0,3.0,3865.0,5330.0,2.0,5.0,1.0,4.0,68.0,65.0,33.0,42.0,17.0,32.0,22.0,10.0,12.0,12.0,2.0,3.0,6.0,5.0,B,0
2023-0416,Rome Masters,Clay,128,M,20230508,299,6-7(2) 6-4 6-2,3,SF,163.0,134770,208029,4.0,7.0,,,Casper Ruud,Holger Rune,R,R,183.0,188.0,NOR,DEN,24.3,20.0,4.0,7.0,5165.0,3865.0,9.0,1.0,6.0,1.0,88.0,104.0,47.0,66.0,34.0,40.0,20.0,28.0,15.0,15.0,0.0,5.0,4.0,6.0,B,0
2023-0416,Rome Masters,Clay,128,M,20230508,298,7-5 7-5,3,SF,107.0,126774,106421,5.0,3.0,,,Stefanos Tsitsipas,Daniil Medvedev,R,R,193.0,198.0,GRE,RUS,24.7,27.2,5.0,3.0,5015.0,5330.0,3.0,2.0,3.0,2.0,69.0,62.0,38.0,36.0,27.0,30.0,15.0,12.0,12.0,12.0,0.0,0.0,4.0,2.0,B,0
2023-0416,Rome Masters,Clay,128,M,20230508,297,6-2 4-6 6-2,3,QF,139.0,208029,104925,7.0,1.0,,,Holger Rune,Novak Djokovic,R,R,188.0,188.0,DEN,SRB,20.0,35.9,7.0,1.0,3865.0,6775.0,3.0,4.0,2.0,3.0,78.0,77.0,44.0,47.0,34.0,29.0,17.0,14.0,13.0,13.0,3.0,5.0,5.0,10.0,A,1
2023-0416,Rome Masters,Clay,128,M,20230508,296,7-6(5) 6-4,3,QF,125.0,134770,202103,4.0,24.0,,,Casper Ruud,Francisco Cerundolo,R,R,183.0,185.0,NOR,ARG,24.3,24.7,4.0,31.0,5165.0,1200.0,4.0,2.0,2.0,6.0,71.0,95.0,40.0,61.0,31.0,41.0,16.0,13.0,11.0,11.0,2.0,11.0,4.0,14.0,A,1
2023-0416,Rome Masters,Clay,128,M,20230508,295,6-2 6-2,3,QF,80.0,106421,105870,3.0,,,Q,Daniil Medvedev,Yannick Hanfmann,R,R,198.0,193.0,RUS,GER,27.2,31.4,3.0,101.0,5330.0,602.0,8.0,0.0,7.0,0.0,68.0,48.0,38.0,34.0,28.0,11.0,11.0,8.0,8.0,8.0,4.0,4.0,6.0,10.0,A,1
2023-0416,Rome Masters,Clay,128,M,20230508,294,6-3 6-4,3,QF,96.0,106432,126774,15.0,5.0,,,Borna Coric,Stefanos Tsitsipas,R,R,188.0,193.0,CRO,GRE,26.4,24.7,16.0,5.0,2240.0,5015.0,1.0,3.0,1.0,4.0,57.0,60.0,31.0,29.0,20.0,26.0,12.0,16.0,9.0,10.0,1.0,3.0,4.0,4.0,B,0
2023-0416,Rome Masters,Clay,128,M,20230508,293,6-3 6-4,3,R16,90.0,104925,111815,1.0,13.0,,,Novak Djokovic,Cameron Norrie,R,L,188.0,188.0,SRB,GBR,35.9,27.7,1.0,13.0,6775.0,2680.0,3.0,4.0,3.0,1.0,55.0,56.0,30.0,38.0,25.0,23.0,14.0,7.0,10.0,9.0,1.0,3.0,2.0,6.0,A,1
2023-0416,Rome Masters,Clay,128,M,20230508,292,6-4 5-7 6-4,3,R16,180.0,200615,208029,,7.0,Q,,Alexei Popyrin,Holger Rune,R,R,196.0,188.0,AUS,DEN,23.7,20.0,77.0,7.0,726.0,3865.0,11.0,2.0,5.0,4.0,120.0,96.0,65.0,59.0,52.0,43.0,24.0,24.0,16.0,16.0,13.0,3.0,15.0,4.0,B,0
2023-0416,Rome Masters,Clay,128,M,20230508,291,6-1 6-3,3,R16,70.0,134770,111513,4.0,,,,Casper Ruud,Laslo Djere,R,R,183.0,188.0,NOR,SRB,24.3,27.9,4.0,62.0,5165.0,825.0,5.0,4.0,2.0,2.0,42.0,58.0,29.0,38.0,24.0,20.0,6.0,7.0,8.0,8.0,0.0,7.0,1.0,12.0,A,1
2023-0416,Rome Masters,Clay,128,M,20230508,290,6-7(3) 6-2 6-2,3,R16,145.0,202103,206173,24.0,8.0,,,Francisco Cerundolo,Jannik Sinner,R,R,185.0,191.0,ARG,ITA,24.7,21.7,31.0,8.0,1200.0,3525.0,2.0,2.0,2.0,0.0,92.0,87.0,54.0,60.0,38.0,36.0,21.0,11.0,14.0,14.0,5.0,7.0,8.0,14.0,A,1
2023-0416,Rome Masters,Clay,128,M,20230508,289,7-6(5) 4-6 6-3,3,R16,153.0,105870,126094,,6.0,Q,,Yannick Hanfmann,Andrey Rublev,R,R,193.0,188.0,GER,RUS,31.4,25.5,101.0,6.0,602.0,4190.0,6.0,18.0,2.0,2.0,106.0,110.0,81.0,68.0,57.0,48.0,13.0,20.0,16.0,15.0,9.0,6.0,11.0,8.0,A,1
2023-0416,Rome Masters,Clay,128,M,20230508,288,6-2 7-6(3),3,R16,116.0,100644,106421,19.0,3.0,,,Alexander Zverev,Daniil Medvedev,R,R,198.0,198.0,GER,RUS,26.0,27.2,22.0,3.0,1630.0,5330.0,6.0,2.0,5.0,3.0,75.0,68.0,52.0,44.0,36.0,36.0,7.0,12.0,10.0,10.0,6.0,2.0,9.0,3.0,B,0
2023-0416,Rome Masters,Clay,128,M,20230508,287,7-5 7-5,3,R16,112.0,126774,207518,5.0,18.0,,,Stefanos Tsitsipas,Lorenzo Musetti,R,R,193.0,185.0,GRE,ITA,24.7,21.1,5.0,19.0,5015.0,1960.0,2.0,1.0,2.0,1.0,72.0,76.0,45.0,59.0,36.0,37.0,12.0,7.0,12.0,12.0,2.0,7.0,4.0,11.0,A,1
2023-0416,Rome Masters,Clay,128,M,20230508,286,3-6 6-4 6-3,3,R16,129.0,106432,206681,15.0,,,Q,Borna Coric,Fabian Marozsan,R,R,188.0,193.0,CRO,HUN,26.4,23.5,16.0,135.0,2240.0,441.0,9.0,3.0,3.0,0.0,90.0,81.0,58.0,46.0,47.0,37.0,15.0,19.0,14.0,14.0,5.0,0.0,6.0,2.0,A,1
2023-0416,Rome Masters,Clay,128,M,20230508,285,6-3 4-6 6-1,3,R32,139.0,105777,104925,26.0,1.0,,,Grigor Dimitrov,Novak Djokovic,R,R,191.0,188.0,BUL,SRB,31.9,35.9,33.0,1.0,1125.0,6775.0,7.0,7.0,6.0,2.0,94.0,70.0,54.0,49.0,34.0,34.0,15.0,11.0,13.0,13.0,9.0,4.0,15.0,7.0,B,0
2023-0416,Rome Masters,Clay,128,M,20230508,284,6-2 7-6(4),3,R32,121.0,111815,105916,13.0,,,,Cameron Norrie,Marton Fucsovics,L,R,188.0,188.0,GBR,HUN,27.7,31.2,13.0,92.0,2680.0,691.0,1.0,6.0,1.0,5.0,79.0,85.0,44.0,41.0,30.0,26.0,17.0,18.0,10.0,10.0,0.0,10.0,2.0,14.0,A,1
2023-0416,Rome Masters,Clay,128,M,20230508,283,7-5 7-5,3,R32,114.0,126128,200615,,,Q,Q,Roman Safiullin,Alexei Popyrin,R,R,185.0,196.0,RUS,AUS,25.7,23.7,103.0,77.0,586.0,726.0,0.0,6.0,2.0,0.0,68.0,66.0,49.0,43.0,34.0,29.0,9.0,17.0,12.0,12.0,1.0,0.0,4.0,1.0,B,0
2023-0416,Rome Masters,Clay,128,M,20230508,282,6-4 6-2,3,R32,76.0,208029,104926,7.0,,,WC,Holger Rune,Fabio Fognini,R,R,188.0,178.0,DEN,ITA,20.0,35.9,7.0,130.0,3865.0,468.0,3.0,1.0,3.0,3.0,53.0,51.0,28.0,28.0,22.0,14.0,13.0,13.0,9.0,9.0,3.0,4.0,4.0,8.0,A,1
2023-0416,Rome Masters,Clay,128,M,20230508,281,6-1 4-6 7-6(0),3,R32,125.0,122330,134770,,4.0,,,Alexander Bublik,Casper Ruud,R,R,196.0,183.0,KAZ,NOR,25.8,24.3,49.0,4.0,880.0,5165.0,11.0,6.0,8.0,3.0,92.0,85.0,51.0,57.0,37.0,44.0,19.0,19.0,14.0,15.0,4.0,2.0,6.0,3.0,B,0
2023-0416,Rome Masters,Clay,128,M,20230508,280,6-3 2-1 RET,3,R32,50.0,106426,111513,,,,,Cristian Garin,Laslo Djere,R,R,185.0,188.0,CHI,SRB,26.9,27.9,79.0,62.0,723.0,825.0,0.0,4.0,1.0,0.0,38.0,29.0,21.0,18.0,14.0,17.0,8.0,7.0,6.0,6.0,2.0,0.0,4.0,0.0,B,0
2023-0416,Rome Masters,Clay,128,M,20230508,279,6-7(0) 6-2 6-2,3,R32,127.0,202103,106296,24.0,,,,Francisco Cerundolo,Gregoire Barrere,R,R,185.0,183.0,ARG,FRA,24.7,29.2,31.0,63.0,1200.0,813.0,3.0,2.0,4.0,3.0,94.0,100.0,58.0,71.0,42.0,44.0,21.0,12.0,14.0,14.0,9.0,5.0,10.0,10.0,A,1
2023-0416,Rome Masters,Clay,128,M,20230508,278,6-3 6-7(4) 6-2,3,R32,132.0,207686,206173,,8.0,LL,,Alexander Shevchenko,Jannik Sinner,R,R,185.0,191.0,KAZ,ITA,22.4,21.7,93.0,8.0,657.0,3525.0,4.0,1.0,3.0,1.0,96.0,81.0,60.0,48.0,33.0,34.0,20.0,20.0,15.0,14.0,3.0,6.0,9.0,8.0,B,0
2023-0416,Rome Masters,Clay,128,M,20230508,277,7-6(8) 6-3,3,R32,108.0,200221,126094,27.0,6.0,,,Alejandro Davidovich Fokina,Andrey Rublev,R,R,183.0,188.0,ESP,RUS,23.9,25.5,34.0,6.0,1115.0,4190.0,3.0,3.0,1.0,1.0,80.0,71.0,51.0,45.0,34.0,34.0,13.0,15.0,10.0,11.0,8.0,2.0,10.0,3.0,B,0
2023-0416,Rome Masters,Clay,128,M,20230508,276,6-4 4-6 6-3,3,R32,140.0,106065,105870,,,,Q,Marco Cecchinato,Yannick Hanfmann,R,R,185.0,193.0,ITA,GER,30.6,31.4,83.0,101.0,720.0,602.0,7.0,3.0,4.0,1.0,118.0,82.0,73.0,62.0,47.0,43.0,19.0,11.0,15.0,14.0,13.0,1.0,17.0,3.0,B,0
2023-0416,Rome Masters,Clay,128,M,20230508,275,6-4 7-5,3,R32,109.0,200670,100644,,19.0,,,J J Wolf,Alexander Zverev,R,R,183.0,198.0,USA,GER,24.3,26.0,54.0,22.0,860.0,1630.0,3.0,10.0,2.0,2.0,69.0,58.0,41.0,39.0,28.0,30.0,14.0,13.0,11.0,11.0,5.0,0.0,8.0,1.0,B,0
2023-0416,Rome Masters,Clay,128,M,20230508,274,3-6 6-1 6-3,3,R32,113.0,126523,106421,31.0,3.0,,,Bernabe Zapata Miralles,Daniil Medvedev,R,R,183.0,198.0,ESP,RUS,26.3,27.2,38.0,3.0,1016.0,5330.0,2.0,6.0,3.0,5.0,78.0,71.0,57.0,46.0,38.0,33.0,7.0,14.0,13.0,12.0,8.0,5.0,13.0,7.0,B,0
2023-0416,Rome Masters,Clay,128,M,20230508,273,6-3 7-6(3),3,R32,127.0,132283,126774,,5.0,,,Lorenzo Sonego,Stefanos Tsitsipas,R,R,191.0,193.0,ITA,GRE,27.9,24.7,48.0,5.0,890.0,5015.0,2.0,3.0,2.0,1.0,79.0,64.0,55.0,40.0,37.0,37.0,12.0,14.0,10.0,11.0,6.0,2.0,7.0,2.0,B,0
2023-0416,Rome Masters,Clay,128,M,20230508,272,5-7 6-4 6-3,3,R32,156.0,207518,126207,18.0,12.0,,,Lorenzo Musetti,Frances Tiafoe,R,R,185.0,188.0,ITA,USA,21.1,25.2,19.0,12.0,1960.0,2755.0,9.0,4.0,2.0,7.0,106.0,109.0,78.0,55.0,52.0,38.0,14.0,23.0,15.0,16.0,9.0,6.0,12.0,11.0,A,1
2023-0416,Rome Masters,Clay,128,M,20230508,271,7-6(3) 6-1,3,R32,105.0,106148,106432,,15.0,,,Roberto Carballes Baena,Borna Coric,R,R,183.0,188.0,ESP,CRO,30.1,26.4,51.0,16.0,876.0,2240.0,2.0,4.0,1.0,3.0,58.0,63.0,41.0,34.0,25.0,26.0,9.0,19.0,9.0,10.0,5.0,4.0,8.0,5.0,B,0
2023-0416,Rome Masters,Clay,128,M,20230508,270,6-3 7-6(4),3,R32,100.0,207989,206681,2.0,,,Q,Carlos Alcaraz,Fabian Marozsan,R,R,183.0,193.0,ESP,HUN,20.0,23.5,2.0,135.0,6770.0,441.0,5.0,2.0,1.0,0.0,73.0,64.0,50.0,40.0,34.0,31.0,9.0,18.0,10.0,11.0,5.0,1.0,7.0,2.0,B,0
2023-0416,Rome Masters,Clay,128,M,20230508,269,7-6(5) 6-2,3,R64,111.0,104925,144869,1.0,,,,Novak Djokovic,Tomas Martin Etcheverry,R,R,188.0,196.0,SRB,ARG,35.9,23.8,1.0,61.0,6775.0,826.0,1.0,4.0,0.0,2.0,57.0,72.0,42.0,43.0,33.0,26.0,9.0,16.0,10.0,10.0,1.0,3.0,2.0,6.0,A,1
2023-0416,Rome Masters,Clay,128,M,20230508,268,6-4 7-6(3),3,R64,97.0,105777,104527,26.0,,,,Grigor Dimitrov,Stan Wawrinka,R,R,191.0,183.0,BUL,SUI,31.9,38.1,33.0,84.0,1125.0,717.0,4.0,2.0,4.0,0.0,66.0,76.0,40.0,48.0,35.0,33.0,15.0,15.0,11.0,11.0,1.0,5.0,2.0,7.0,A,1
2023-0416,Rome Masters,Clay,128,M,20230508,267,6-3 6-4,3,R64,113.0,105916,200282,,17.0,,,Marton Fucsovics,Alex De Minaur,R,R,188.0,183.0,HUN,AUS,31.2,24.2,92.0,18.0,691.0,1995.0,1.0,0.0,3.0,2.0,77.0,60.0,43.0,32.0,30.0,19.0,16.0,11.0,9.0,10.0,9.0,2.0,11.0,7.0,A,1
2023-0416,Rome Masters,Clay,128,M,20230508,266,6-2 6-3,3,R64,74.0,111815,124186,13.0,,,Q,Cameron Norrie,Alexandre Muller,L,R,188.0,183.0,GBR,FRA,27.7,26.2,13.0,100.0,2680.0,605.0,4.0,0.0,1.0,1.0,52.0,53.0,35.0,35.0,26.0,19.0,11.0,10.0,9.0,8.0,1.0,4.0,1.0,7.0,A,1
2023-0416,Rome Masters,Clay,128,M,20230508,265,6-4 4-6 7-5,3,R64,197.0,200615,200000,,10.0,Q,,Alexei Popyrin,Felix Auger Aliassime,R,R,196.0,193.0,AUS,CAN,23.7,22.7,77.0,10.0,726.0,3235.0,8.0,7.0,2.0,9.0,95.0,115.0,61.0,64.0,46.0,46.0,21.0,26.0,16.0,16.0,2.0,13.0,4.0,16.0,A,1
2023-0416,Rome Masters,Clay,128,M,20230508,264,6-2 7-6(5),3,R64,104.0,126128,200624,,22.0,Q,,Roman Safiullin,Sebastian Korda,R,R,185.0,196.0,RUS,USA,25.7,22.8,103.0,29.0,586.0,1265.0,6.0,5.0,4.0,3.0,82.0,71.0,42.0,42.0,33.0,29.0,17.0,11.0,10.0,10.0,6.0,5.0,8.0,9.0,A,1
2023-0416,Rome Masters,Clay,128,M,20230508,263,6-3 7-6(6),3,R64,115.0,104926,200175,,30.0,WC,,Fabio Fognini,Miomir Kecmanovic,R,R,178.0,183.0,ITA,SRB,35.9,23.6,130.0,37.0,468.0,1055.0,4.0,4.0,4.0,0.0,71.0,77.0,40.0,47.0,35.0,30.0,15.0,20.0,10.0,11.0,0.0,6.0,0.0,8.0,A,1
2023-0416,Rome Masters,Clay,128,M,20230508,262,6-3 6-3,3,R64,84.0,209950,208029,,7.0,Q,,Arthur Fils,Holger Rune,R,R,185.0,188.0,FRA,DEN,18.9,20.0,119.0,7.0,520.0,3865.0,1.0,2.0,1.0,2.0,63.0,53.0,39.0,31.0,23.0,25.0,9.0,13.0,9.0,9.0,8.0,3.0,12.0,4.0,B,0
2023-0416,Rome Masters,Clay,128,M,20230508,261,6-4 6-0,3,R64,61.0,126239,134770,,4.0,,,Arthur Rinderknech,Casper Ruud,R,R,196.0,183.0,FRA,NOR,27.7,24.3,89.0,4.0,711.0,5165.0,2.0,1.0,0.0,2.0,35.0,45.0,21.0,33.0,14.0,27.0,4.0,7.0,8.0,8.0,0.0,2.0,4.0,2.0,B,0
2023-0416,Rome Masters,Clay,128,M,20230508,260,6-4 1-6 6-2,3,R64,112.0,122330,210097,,28.0,,,Alexander Bublik,Ben Shelton,R,L,196.0,193.0,KAZ,USA,25.8,20.5,49.0,35.0,880.0,1095.0,5.0,10.0,3.0,5.0,65.0,82.0,44.0,36.0,36.0,29.0,10.0,24.0,12.0,13.0,1.0,7.0,3.0,10.0,A,1
2023-0416,Rome Masters,Clay,128,M,20230508,259,6-2 6-4,3,R64,85.0,122298,111513,23.0,,,,Botic Van De Zandschulp,Laslo Djere,R,R,191.0,188.0,NED,SRB,27.5,27.9,30.0,62.0,1250.0,825.0,0.0,1.0,1.0,1.0,44.0,63.0,29.0,40.0,19.0,28.0,8.0,15.0,9.0,9.0,0.0,6.0,3.0,6.0,B,0
2023-0416,Rome Masters,Clay,128,M,20230508,258,4-6 6-3 6-4,3,R64,160.0,126205,106426,16.0,,,,Tommy Paul,Cristian Garin,R,R,185.0,185.0,USA,CHI,25.9,26.9,17.0,79.0,2170.0,723.0,4.0,1.0,4.0,3.0,102.0,99.0,58.0,73.0,33.0,43.0,22.0,15.0,14.0,15.0,6.0,7.0,12.0,12.0,B,0
2023-0416,Rome Masters,Clay,128,M,20230508,257,4-6 6-4 7-6(4),3,R64,155.0,111575,106296,11.0,,,,Karen Khachanov,Gregoire Barrere,R,R,198.0,183.0,RUS,FRA,26.9,29.2,11.0,63.0,3025.0,813.0,9.0,6.0,1.0,5.0,104.0,102.0,62.0,55.0,39.0,38.0,28.0,26.0,16.0,16.0,6.0,3.0,10.0,7.0,B,0
2023-0416,Rome Masters,Clay,128,M,20230508,256,4-6 6-2 6-3,3,R64,119.0,202103,200059,24.0,,,,Francisco Cerundolo,Yibing Wu,R,R,185.0,183.0,ARG,CHN,24.7,23.5,31.0,57.0,1200.0,838.0,2.0,4.0,0.0,0.0,68.0,100.0,44.0,59.0,31.0,31.0,12.0,16.0,13.0,14.0,2.0,9.0,7.0,17.0,A,1
2023-0416,Rome Masters,Clay,128,M,20230508,255,6-3 6-4,3,R64,105.0,207686,202104,,,LL,,Alexander Shevchenko,Sebastian Baez,R,R,185.0,170.0,KAZ,ARG,22.4,22.3,93.0,40.0,657.0,985.0,3.0,0.0,6.0,2.0,73.0,67.0,35.0,47.0,28.0,29.0,18.0,9.0,10.0,9.0,6.0,3.0,7.0,6.0,A,1
2023-0416,Rome Masters,Clay,128,M,20230508,254,6-1 6-4,3,R64,78.0,106423,206173,,8.0,Q,,Thanasi Kokkinakis,Jannik Sinner,R,R,193.0,191.0,AUS,ITA,27.0,21.7,104.0,8.0,576.0,3525.0,3.0,2.0,1.0,0.0,49.0,39.0,29.0,26.0,19.0,25.0,8.0,11.0,8.0,9.0,2.0,0.0,5.0,0.0,B,0
2023-0416,Rome Masters,Clay,128,M,20230508,253,6-3 6-4,3,R64,79.0,126094,144684,6.0,,,,Andrey Rublev,Alex Molcan,R,L,188.0,178.0,RUS,SVK,25.5,25.4,6.0,59.0,4190.0,830.0,3.0,1.0,1.0,1.0,54.0,53.0,34.0,35.0,28.0,24.0,13.0,12.0,10.0,9.0,2.0,4.0,2.0,6.0,A,1
2023-0416,Rome Masters,Clay,128,M,20230508,252,6-0 7-6(4),3,R64,99.0,105550,200221,,27.0,PR,,Guido Pella,Alejandro Davidovich Fokina,L,R,183.0,183.0,ARG,ESP,32.9,23.9,484.0,34.0,80.0,1115.0,1.0,1.0,2.0,2.0,63.0,75.0,47.0,53.0,28.0,40.0,6.0,9.0,9.0,9.0,7.0,4.0,11.0,5.0,B,0
2023-0416,Rome Masters,Clay,128,M,20230508,251,6-2 6-2,3,R64,76.0,105138,106065,21.0,,,,Roberto Bautista Agut,Marco Cecchinato,R,R,183.0,185.0,ESP,ITA,35.0,30.6,25.0,83.0,1475.0,720.0,0.0,2.0,0.0,2.0,48.0,56.0,34.0,31.0,20.0,24.0,6.0,15.0,8.0,8.0,2.0,7.0,6.0,7.0,B,0
2023-0416,Rome Masters,Clay,128,M,20230508,250,6-4 6-1,3,R64,71.0,126203,105870,9.0,,,Q,Taylor Fritz,Yannick Hanfmann,R,R,196.0,193.0,USA,GER,25.5,31.4,9.0,101.0,3380.0,602.0,1.0,2.0,2.0,0.0,53.0,44.0,24.0,25.0,13.0,18.0,12.0,14.0,9.0,8.0,0.0,1.0,5.0,2.0,B,0
2023-0416,Rome Masters,Clay,128,M,20230508,249,6-3 6-4,3,R64,76.0,128034,200670,14.0,,,,Hubert Hurkacz,J J Wolf,R,R,196.0,183.0,POL,USA,26.2,24.3,15.0,54.0,2525.0,860.0,8.0,2.0,1.0,3.0,52.0,57.0,27.0,36.0,21.0,30.0,13.0,12.0,9.0,10.0,0.0,0.0,2.0,0.0,B,0
2023-0416,Rome Masters,Clay,128,M,20230508,248,5-7 6-3 6-4,3,R64,146.0,100644,105676,19.0,,,,Alexander Zverev,David Goffin,R,R,198.0,180.0,GER,BEL,26.0,32.4,22.0,107.0,1630.0,570.0,6.0,3.0,4.0,1.0,82.0,100.0,54.0,61.0,37.0,36.0,11.0,17.0,15.0,16.0,3.0,12.0,8.0,19.0,A,1
2023-0416,Rome Masters,Clay,128,M,20230508,247,6-4 6-1,3,R64,88.0,126523,106186,31.0,,,,Bernabe Zapata Miralles,Jason Kubler,R,R,183.0,178.0,ESP,AUS,26.3,29.9,38.0,66.0,1016.0,782.0,0.0,0.0,3.0,2.0,71.0,43.0,40.0,25.0,24.0,12.0,17.0,8.0,9.0,8.0,6.0,3.0,8.0,8.0,A,1
2023-0416,Rome Masters,Clay,128,M,20230508,246,6-4 6-2,3,R64,88.0,106421,200325,3.0,,,,Daniil Medvedev,Emil Ruusuvuori,R,R,198.0,188.0,RUS,FIN,27.2,24.0,3.0,43.0,5330.0,957.0,6.0,0.0,2.0,0.0,54.0,51.0,35.0,38.0,25.0,22.0,8.0,4.0,9.0,9.0,0.0,6.0,2.0,11.0,A,1
2023-0416,Rome Masters,Clay,128,M,20230508,245,6-3 6-3,3,R64,70.0,132686,126774,,5.0,,,Nuno Borges,Stefanos Tsitsipas,R,R,185.0,193.0,POR,GRE,26.2,24.7,88.0,5.0,713.0,5015.0,1.0,4.0,1.0,3.0,63.0,49.0,43.0,31.0,24.0,27.0,12.0,11.0,9.0,9.0,3.0,0.0,6.0,0.0,B,0
2023-0416,Rome Masters,Clay,128,M,20230508,244,7-5 6-3,3,R64,105.0,132283,106415,,25.0,,,Lorenzo Sonego,Yoshihito Nishioka,R,L,191.0,170.0,ITA,JPN,27.9,27.6,48.0,32.0,890.0,1171.0,5.0,1.0,0.0,0.0,68.0,60.0,43.0,36.0,33.0,20.0,15.0,15.0,11.0,10.0,4.0,3.0,5.0,6.0,A,1
2023-0416,Rome Masters,Clay,128,M,20230508,243,6-4 6-4,3,R64,112.0,208286,207518,,18.0,WC,,Matteo Arnaldi,Lorenzo Musetti,R,R,185.0,185.0,ITA,ITA,22.2,21.1,99.0,19.0,608.0,1960.0,0.0,1.0,4.0,1.0,75.0,66.0,43.0,42.0,29.0,30.0,16.0,16.0,10.0,10.0,5.0,3.0,7.0,3.0,B,0
2023-0416,Rome Masters,Clay,128,M,20230508,242,3-6 7-5 6-3,3,R64,155.0,126207,127157,12.0,,,Q,Frances Tiafoe,Daniel Altmaier,R,R,188.0,188.0,USA,GER,25.2,24.6,12.0,65.0,2755.0,792.0,7.0,8.0,1.0,1.0,108.0,94.0,63.0,65.0,43.0,44.0,25.0,18.0,15.0,15.0,9.0,8.0,11.0,11.0,A,1
2023-0416,Rome Masters,Clay,128,M,20230508,241,4-6 7-6(8) 7-6(5),3,R64,212.0,106329,106432,,15.0,,,Thiago Monteiro,Borna Coric,L,R,183.0,188.0,BRA,CRO,28.9,26.4,98.0,16.0,627.0,2240.0,8.0,10.0,0.0,4.0,114.0,109.0,72.0,57.0,52.0,49.0,29.0,31.0,17.0,17.0,4.0,3.0,5.0,5.0,B,0
2023-0416,Rome Masters,Clay,128,M,20230508,240,7-6(5) 5-7 6-4,3,R64,226.0,105554,106148,20.0,,,,Daniel Evans,Roberto Carballes Baena,R,R,175.0,183.0,GBR,ESP,32.9,30.1,24.0,51.0,1480.0,876.0,9.0,0.0,6.0,3.0,115.0,134.0,70.0,111.0,47.0,72.0,25.0,13.0,17.0,17.0,7.0,12.0,10.0,15.0,B,0
2023-0416,Rome Masters,Clay,128,M,20230508,239,4-6 6-1 7-6(4),3,R64,131.0,208103,206681,32.0,,,Q,Jiri Lehecka,Fabian Marozsan,R,R,185.0,193.0,CZE,HUN,21.4,23.5,39.0,135.0,992.0,441.0,3.0,0.0,4.0,2.0,80.0,103.0,52.0,68.0,40.0,46.0,12.0,19.0,14.0,15.0,3.0,3.0,7.0,6.0,B,0
2023-0416,Rome Masters,Clay,128,M,20230508,238,6-4 6-1,3,R64,86.0,207989,105077,2.0,,,,Carlos Alcaraz,Albert Ramos,R,L,183.0,188.0,ESP,ESP,20.0,35.3,2.0,72.0,6770.0,745.0,3.0,1.0,1.0,1.0,47.0,64.0,38.0,41.0,28.0,23.0,6.0,10.0,9.0,8.0,1.0,8.0,2.0,12.0,A,1
2023-0416,Rome Masters,Clay,128,M,20230508,236,7-6(7) 6-3,3,R128,122.0,144869,209414,,,,,Tomas Martin Etcheverry,Luca Van Assche,R,R,196.0,178.0,ARG,FRA,23.8,18.9,61.0,85.0,826.0,716.0,7.0,3.0,0.0,2.0,65.0,80.0,38.0,49.0,28.0,27.0,13.0,15.0,10.0,11.0,3.0,5.0,6.0,10.0,A,1
2023-0416,Rome Masters,Clay,128,M,20230508,235,6-2 6-4,3,R128,77.0,104527,125802,,,,,Stan Wawrinka,Ilya Ivashka,R,R,183.0,193.0,SUI,BLR,38.1,29.1,84.0,73.0,717.0,741.0,5.0,2.0,0.0,1.0,53.0,55.0,30.0,33.0,24.0,22.0,15.0,9.0,9.0,9.0,1.0,3.0,1.0,6.0,A,1
2023-0416,Rome Masters,Clay,128,M,20230508,232,6-4 6-2,3,R128,87.0,105916,105936,,,,,Marton Fucsovics,Filip Krajinovic,R,R,188.0,185.0,HUN,SRB,31.2,31.1,92.0,74.0,691.0,741.0,1.0,1.0,0.0,0.0,42.0,58.0,26.0,43.0,22.0,24.0,11.0,7.0,9.0,9.0,1.0,1.0,2.0,5.0,A,1
2023-0416,Rome Masters,Clay,128,M,20230508,231,6-1 6-3,3,R128,62.0,106378,124186,,,PR,Q,Kyle Edmund,Alexandre Muller,R,R,188.0,183.0,GBR,FRA,28.3,26.2,473.0,100.0,85.0,605.0,1.0,6.0,1.0,0.0,51.0,39.0,31.0,28.0,17.0,22.0,7.0,10.0,8.0,8.0,1.0,0.0,5.0,0.0,B,0
2023-0416,Rome Masters,Clay,128,M,20230508,228,6-2 7-6(5),3,R128,95.0,200615,106331,,,Q,,Alexei Popyrin,Christopher Oconnell,R,R,196.0,183.0,AUS,AUS,23.7,28.9,77.0,78.0,726.0,724.0,10.0,0.0,1.0,6.0,62.0,61.0,42.0,33.0,36.0,26.0,11.0,11.0,10.0,10.0,5.0,1.0,6.0,4.0,A,1
2023-0416,Rome Masters,Clay,128,M,20230508,227,6-4 6-3,3,R128,79.0,126128,106218,,,Q,,Roman Safiullin,Marcos Giron,R,R,185.0,180.0,RUS,USA,25.7,29.7,103.0,60.0,586.0,826.0,2.0,3.0,2.0,0.0,51.0,61.0,35.0,36.0,26.0,22.0,8.0,10.0,9.0,10.0,4.0,4.0,6.0,9.0,A,1
2023-0416,Rome Masters,Clay,128,M,20230508,224,6-4 4-6 6-4,3,R128,174.0,104918,104926,,,,WC,Andy Murray,Fabio Fognini,R,R,191.0,178.0,GBR,ITA,35.9,35.9,42.0,130.0,965.0,468.0,3.0,7.0,1.0,3.0,104.0,111.0,59.0,68.0,38.0,45.0,21.0,23.0,15.0,15.0,7.0,14.0,12.0,18.0,B,0
2023-0416,Rome Masters,Clay,128,M,20230508,223,6-1 1-6 6-4,3,R128,129.0,207678,209950,,,Q,Q,Juan Manuel Cerundolo,Arthur Fils,L,R,183.0,185.0,ARG,FRA,21.4,18.9,105.0,119.0,575.0,520.0,3.0,6.0,3.0,2.0,97.0,85.0,68.0,59.0,38.0,37.0,17.0,16.0,12.0,12.0,10.0,8.0,13.0,10.0,B,0
2023-0416,Rome Masters,Clay,128,M,20230508,220,6-4 6-3,3,R128,89.0,207925,126239,,,Q,,Flavio Cobolli,Arthur Rinderknech,R,R,183.0,196.0,ITA,FRA,21.0,27.7,183.0,89.0,327.0,711.0,2.0,8.0,6.0,1.0,61.0,66.0,36.0,51.0,24.0,34.0,13.0,12.0,9.0,10.0,7.0,4.0,9.0,4.0,B,0
2023-0416,Rome Masters,Clay,128,M,20230508,219,6-3 7-6(4),3,R128,106.0,122330,124079,,,,Q,Alexander Bublik,Pedro Martinez,R,R,196.0,185.0,KAZ,ESP,25.8,26.0,49.0,142.0,880.0,416.0,11.0,4.0,11.0,5.0,74.0,67.0,47.0,42.0,37.0,31.0,13.0,13.0,11.0,10.0,4.0,3.0,5.0,5.0,A,1
2023-0416,Rome Masters,Clay,128,M,20230508,216,6-1 0-0 RET,3,R128,27.0,106005,111513,,,,,Constant Lestienne,Laslo Djere,R,R,180.0,188.0,FRA,SRB,30.9,27.9,70.0,62.0,768.0,825.0,1.0,2.0,2.0,0.0,18.0,21.0,11.0,13.0,5.0,10.0,1.0,5.0,4.0,3.0,0.0,3.0,3.0,3.0,B,0
2023-0416,Rome Masters,Clay,128,M,20230508,215,6-4 3-6 7-6(5),3,R128,171.0,106398,106426,,,,,Pedro Cachin,Cristian Garin,R,R,185.0,185.0,ARG,CHI,28.0,26.9,68.0,79.0,777.0,723.0,13.0,0.0,5.0,4.0,114.0,116.0,75.0,62.0,53.0,41.0,19.0,29.0,16.0,15.0,6.0,7.0,9.0,10.0,B,0
2023-0416,Rome Masters,Clay,128,M,20230508,212,6-3 6-3,3,R128,67.0,206909,106296,,,,,Brandon Nakashima,Gregoire Barrere,R,R,188.0,183.0,USA,FRA,21.7,29.2,47.0,63.0,902.0,813.0,3.0,6.0,2.0,0.0,53.0,48.0,34.0,32.0,20.0,27.0,12.0,10.0,9.0,9.0,2.0,0.0,5.0,0.0,B,0
2023-0416,Rome Masters,Clay,128,M,20230508,211,3-6 6-3 6-3,3,R128,115.0,200059,104755,,,,,Yibing Wu,Richard Gasquet,R,R,183.0,183.0,CHN,FRA,23.5,36.8,57.0,44.0,838.0,931.0,5.0,4.0,1.0,4.0,75.0,83.0,43.0,40.0,33.0,30.0,19.0,20.0,14.0,13.0,0.0,3.0,2.0,6.0,A,1
2023-0416,Rome Masters,Clay,128,M,20230508,208,7-5 6-3,3,R128,121.0,122669,202104,,,,,Juan Pablo Varillas,Sebastian Baez,R,R,185.0,170.0,PER,ARG,27.5,22.3,97.0,40.0,638.0,985.0,0.0,5.0,1.0,1.0,77.0,80.0,48.0,54.0,29.0,33.0,12.0,16.0,10.0,11.0,11.0,6.0,15.0,8.0,B,0
2023-0416,Rome Masters,Clay,128,M,20230508,207,4-2 RET,3,R128,29.0,106423,144719,,,Q,,Thanasi Kokkinakis,Jaume Munar,R,R,193.0,183.0,AUS,ESP,27.0,26.0,104.0,75.0,576.0,740.0,3.0,1.0,0.0,0.0,18.0,15.0,11.0,12.0,6.0,8.0,7.0,1.0,3.0,3.0,2.0,0.0,2.0,1.0,A,1
2023-0416,Rome Masters,Clay,128,M,20230508,204,6-4 3-6 7-6(1),3,R128,142.0,144684,109303,,,,Q,Alex Molcan,Stefano Napolitano,L,R,178.0,196.0,SVK,ITA,25.4,28.0,59.0,555.0,830.0,62.0,4.0,10.0,2.0,2.0,101.0,99.0,65.0,62.0,47.0,42.0,19.0,23.0,15.0,16.0,5.0,0.0,7.0,2.0,A,1
2023-0416,Rome Masters,Clay,128,M,20230508,203,6-3 6-4,3,R128,100.0,202195,105550,,,,PR,Maxime Cressy,Guido Pella,R,L,201.0,183.0,USA,ARG,25.9,32.9,41.0,484.0,985.0,80.0,6.0,0.0,11.0,2.0,69.0,70.0,34.0,50.0,27.0,34.0,13.0,13.0,9.0,10.0,5.0,4.0,7.0,4.0,B,0
2023-0416,Rome Masters,Clay,128,M,20230508,200,6-3 7-5,3,R128,95.0,111456,106065,,,,,Mackenzie Mcdonald,Marco Cecchinato,R,R,178.0,185.0,USA,ITA,28.0,30.6,55.0,83.0,855.0,720.0,1.0,2.0,2.0,3.0,60.0,71.0,48.0,40.0,29.0,26.0,5.0,18.0,10.0,11.0,3.0,3.0,7.0,5.0,B,0
2023-0416,Rome Masters,Clay,128,M,20230508,199,6-4 6-4,3,R128,94.0,105870,111797,,,Q,,Yannick Hanfmann,Nicolas Jarry,R,R,193.0,201.0,GER,CHI,31.4,27.5,101.0,56.0,602.0,852.0,4.0,3.0,0.0,0.0,55.0,67.0,41.0,48.0,33.0,31.0,7.0,9.0,10.0,10.0,0.0,8.0,1.0,11.0,A,1
2023-0416,Rome Masters,Clay,128,M,20230508,196,7-5 7-5,3,R128,105.0,126409,200670,,,LL,,Hugo Grenier,J J Wolf,R,R,196.0,183.0,FRA,USA,27.1,24.3,124.0,54.0,504.0,860.0,7.0,4.0,3.0,0.0,75.0,66.0,49.0,38.0,33.0,28.0,12.0,20.0,12.0,12.0,0.0,3.0,3.0,4.0,B,0
2023-0416,Rome Masters,Clay,128,M,20230508,195,3-6 6-4 6-2,3,R128,142.0,208134,105676,,,WC,,Luca Nardi,David Goffin,R,R,185.0,180.0,ITA,BEL,19.7,32.4,151.0,107.0,392.0,570.0,3.0,3.0,2.0,3.0,82.0,106.0,53.0,60.0,34.0,38.0,13.0,26.0,14.0,13.0,1.0,10.0,5.0,12.0,B,0
2023-0416,Rome Masters,Clay,128,M,20230508,192,6-7(6) 6-4 6-2,3,R128,150.0,106186,144817,,,,,Jason Kubler,Marc Andrea Huesler,R,L,178.0,196.0,AUS,SUI,29.9,26.8,66.0,82.0,782.0,720.0,5.0,4.0,2.0,3.0,96.0,104.0,55.0,59.0,42.0,39.0,20.0,20.0,15.0,15.0,4.0,5.0,7.0,11.0,A,1
2023-0416,Rome Masters,Clay,128,M,20230508,191,6-4 3-6 7-6(6),3,R128,180.0,200325,200005,,,,,Emil Ruusuvuori,Ugo Humbert,R,L,188.0,188.0,FIN,FRA,24.0,24.8,43.0,50.0,957.0,877.0,9.0,7.0,3.0,8.0,99.0,106.0,61.0,54.0,40.0,36.0,20.0,27.0,15.0,16.0,6.0,2.0,11.0,7.0,A,1
2023-0416,Rome Masters,Clay,128,M,20230508,188,6-4 6-1,3,R128,66.0,105583,132686,,,,,Dusan Lajovic,Nuno Borges,R,R,183.0,185.0,SRB,POR,32.8,26.2,46.0,88.0,924.0,713.0,2.0,2.0,2.0,0.0,48.0,56.0,29.0,41.0,16.0,27.0,9.0,9.0,9.0,8.0,2.0,4.0,7.0,5.0,B,0
2023-0416,Rome Masters,Clay,128,M,20230508,187,6-2 6-1,3,R128,75.0,132283,104871,,,,PR,Lorenzo Sonego,Jeremy Chardy,R,R,191.0,188.0,ITA,FRA,27.9,36.2,48.0,591.0,890.0,55.0,2.0,1.0,0.0,7.0,45.0,53.0,31.0,29.0,26.0,18.0,7.0,7.0,8.0,7.0,0.0,2.0,0.0,6.0,A,1
2023-0416,Rome Masters,Clay,128,M,20230508,184,6-1 4-6 6-3,3,R128,146.0,106043,208286,,,,WC,Diego Schwartzman,Matteo Arnaldi,R,R,170.0,185.0,ARG,ITA,30.7,22.2,91.0,99.0,695.0,608.0,0.0,4.0,3.0,2.0,98.0,78.0,63.0,44.0,44.0,30.0,14.0,23.0,13.0,13.0,9.0,3.0,13.0,4.0,B,0
2023-0416,Rome Masters,Clay,128,M,20230508,183,7-6(3) 4-6 6-0,3,R128,158.0,206748,127157,,,WC,Q,Giulio Zeppieri,Daniel Altmaier,L,R,183.0,188.0,ITA,GER,21.4,24.6,120.0,65.0,513.0,792.0,2.0,1.0,2.0,1.0,86.0,110.0,49.0,76.0,32.0,48.0,16.0,18.0,14.0,14.0,6.0,5.0,11.0,8.0,B,0
2023-0416,Rome Masters,Clay,128,M,20230508,180,6-1 6-2,3,R128,68.0,105173,106329,,,,,Adrian Mannarino,Thiago Monteiro,L,L,180.0,183.0,FRA,BRA,34.8,28.9,45.0,98.0,927.0,627.0,1.0,4.0,4.0,1.0,43.0,45.0,26.0,26.0,15.0,23.0,7.0,10.0,7.0,8.0,5.0,0.0,9.0,0.0,B,0
2023-0416,Rome Masters,Clay,128,M,20230508,179,6-2 6-3,3,R128,87.0,106148,106198,,,,PR,Roberto Carballes Baena,Hugo Dellien,R,R,183.0,180.0,ESP,BOL,30.1,29.8,51.0,157.0,876.0,374.0,0.0,0.0,1.0,5.0,41.0,69.0,32.0,40.0,26.0,26.0,6.0,10.0,8.0,9.0,0.0,2.0,0.0,6.0,A,1
2023-0416,Rome Masters,Clay,128,M,20230508,176,6-0 6-7(8) 6-2,3,R128,123.0,144895,206681,,,,Q,Corentin Moutet,Fabian Marozsan,L,R,180.0,193.0,FRA,HUN,24.0,23.5,67.0,135.0,781.0,441.0,0.0,2.0,4.0,0.0,85.0,81.0,56.0,51.0,37.0,41.0,10.0,17.0,13.0,13.0,6.0,3.0,12.0,4.0,B,0
2023-0416,Rome Masters,Clay,128,M,20230508,175,4-6 6-1 6-4,3,R128,138.0,208859,105077,,,WC,,Francesco Passaro,Albert Ramos,R,L,180.0,188.0,ITA,ESP,22.3,35.3,126.0,72.0,499.0,745.0,5.0,2.0,4.0,2.0,82.0,88.0,52.0,57.0,32.0,39.0,14.0,16.0,13.0,14.0,2.0,5.0,6.0,7.0,B,0
2023-0322,Geneva,Clay,32,A,20230522,300,7-6(1) 6-1,3,F,97.0,105777,111797,4.0,,,,Grigor Dimitrov,Nicolas Jarry,R,R,191.0,201.0,BUL,CHI,32.0,27.6,33.0,54.0,1125.0,862.0,7.0,9.0,1.0,3.0,57.0,66.0,31.0,38.0,19.0,34.0,15.0,13.0,9.0,10.0,1.0,3.0,4.0,4.0,B,0
2023-0322,Geneva,Clay,32,A,20230522,299,7-6(3) 6-3,3,SF,106.0,111797,100644,,3.0,,,Nicolas Jarry,Alexander Zverev,R,R,201.0,198.0,CHI,GER,27.6,26.0,54.0,27.0,862.0,1360.0,7.0,6.0,3.0,5.0,69.0,65.0,48.0,49.0,43.0,37.0,9.0,6.0,11.0,10.0,1.0,2.0,1.0,3.0,A,1
2023-0322,Geneva,Clay,32,A,20230522,298,3-6 7-5 7-6(2),3,SF,172.0,105777,126203,4.0,2.0,,,Grigor Dimitrov,Taylor Fritz,R,R,191.0,196.0,BUL,USA,32.0,25.5,33.0,9.0,1125.0,3390.0,8.0,13.0,10.0,0.0,131.0,103.0,70.0,63.0,48.0,49.0,29.0,18.0,16.0,17.0,9.0,4.0,13.0,8.0,A,1
2023-0322,Geneva,Clay,32,A,20230522,297,3-6 7-6(2) 7-5,3,QF,151.0,111797,134770,,1.0,,,Nicolas Jarry,Casper Ruud,R,R,201.0,183.0,CHI,NOR,27.6,24.4,54.0,4.0,862.0,4915.0,12.0,3.0,3.0,4.0,87.0,107.0,51.0,67.0,42.0,49.0,23.0,23.0,16.0,17.0,2.0,3.0,4.0,5.0,A,1
2023-0322,Geneva,Clay,32,A,20230522,296,4-1 RET,3,QF,21.0,100644,200059,3.0,,,,Alexander Zverev,Yibing Wu,R,R,198.0,183.0,GER,CHN,26.0,23.6,27.0,59.0,1360.0,839.0,2.0,0.0,0.0,2.0,10.0,22.0,9.0,16.0,7.0,7.0,1.0,3.0,2.0,3.0,0.0,3.0,0.0,5.0,A,1
2023-0322,Geneva,Clay,32,A,20230522,295,6-7(5) 7-5 6-4,3,QF,163.0,105777,106331,4.0,,,,Grigor Dimitrov,Christopher Oconnell,R,R,191.0,183.0,BUL,AUS,32.0,28.9,33.0,85.0,1125.0,702.0,13.0,7.0,3.0,3.0,107.0,113.0,63.0,66.0,52.0,49.0,22.0,20.0,17.0,17.0,6.0,6.0,8.0,10.0,A,1
2023-0322,Geneva,Clay,32,A,20230522,294,6-1 6-2,3,QF,51.0,125802,126203,,2.0,,,Ilya Ivashka,Taylor Fritz,R,R,193.0,196.0,BLR,USA,29.2,25.5,86.0,9.0,696.0,3390.0,0.0,6.0,2.0,2.0,37.0,37.0,25.0,21.0,13.0,19.0,3.0,13.0,7.0,8.0,3.0,0.0,7.0,0.0,B,0
2023-0322,Geneva,Clay,32,A,20230522,293,6-3 7-5,3,R16,81.0,134770,200670,1.0,,,,Casper Ruud,J J Wolf,R,R,183.0,183.0,NOR,USA,24.4,24.4,4.0,49.0,4915.0,905.0,6.0,6.0,2.0,2.0,63.0,52.0,39.0,31.0,31.0,24.0,16.0,11.0,11.0,10.0,2.0,1.0,2.0,3.0,A,1
2023-0322,Geneva,Clay,32,A,20230522,292,W/O,3,R16,0.0,111797,134868,,6.0,,,Nicolas Jarry,Tallon Griekspoor,R,R,201.0,188.0,CHI,NED,27.6,26.8,54.0,39.0,862.0,1024.0,,,,,,,,,,,,,,,,,,,A,1
2023-0322,Geneva,Clay,32,A,20230522,291,6-2 6-3,3,R16,67.0,100644,111153,3.0,,,,Alexander Zverev,Christopher Eubanks,R,R,198.0,201.0,GER,USA,26.0,27.0,27.0,75.0,1360.0,729.0,5.0,4.0,2.0,4.0,44.0,49.0,33.0,32.0,29.0,21.0,5.0,7.0,8.0,9.0,1.0,2.0,1.0,6.0,A,1
2023-0322,Geneva,Clay,32,A,20230522,290,7-6(5) 6-3,3,R16,92.0,106065,200059,,,,,Marco Cecchinato,Yibing Wu,R,R,185.0,183.0,ITA,CHN,30.6,23.6,73.0,59.0,733.0,839.0,1.0,1.0,2.0,0.0,69.0,69.0,46.0,43.0,31.0,29.0,8.0,13.0,10.0,11.0,5.0,2.0,9.0,5.0,B,0
2023-0322,Geneva,Clay,32,A,20230522,289,6-0 3-0 RET,3,R16,36.0,106331,126523,,7.0,,,Christopher Oconnell,Bernabe Zapata Miralles,R,R,183.0,183.0,AUS,ESP,28.9,26.3,85.0,37.0,702.0,1041.0,4.0,0.0,0.0,3.0,20.0,34.0,12.0,20.0,9.0,7.0,7.0,4.0,4.0,5.0,0.0,2.0,0.0,7.0,A,1
2023-0322,Geneva,Clay,32,A,20230522,288,6-1 6-4,3,R16,67.0,105777,106148,4.0,,,,Grigor Dimitrov,Roberto Carballes Baena,R,R,191.0,183.0,BUL,ESP,32.0,30.1,33.0,58.0,1125.0,841.0,4.0,3.0,1.0,2.0,48.0,43.0,27.0,23.0,23.0,16.0,14.0,10.0,9.0,8.0,0.0,2.0,0.0,5.0,A,1
2023-0322,Geneva,Clay,32,A,20230522,287,6-4 4-6 6-3,3,R16,158.0,105173,125802,8.0,,,,Adrian Mannarino,Ilya Ivashka,L,R,180.0,193.0,FRA,BLR,34.8,29.2,47.0,86.0,917.0,696.0,4.0,1.0,1.0,2.0,114.0,88.0,62.0,62.0,38.0,39.0,20.0,9.0,15.0,14.0,10.0,2.0,18.0,8.0,B,0
2023-0322,Geneva,Clay,32,A,20230522,286,4-6 6-2 6-3,3,R16,118.0,126203,106218,2.0,,,,Taylor Fritz,Marcos Giron,R,R,196.0,180.0,USA,USA,25.5,29.8,9.0,74.0,3390.0,730.0,8.0,4.0,5.0,2.0,78.0,86.0,41.0,56.0,29.0,33.0,24.0,12.0,14.0,13.0,5.0,8.0,8.0,13.0,A,1
2023-0322,Geneva,Clay,32,A,20230522,284,6-4 6-2,3,R32,75.0,106198,200670,,,PR,,Hugo Dellien,J J Wolf,R,R,180.0,183.0,BOL,USA,29.9,24.4,160.0,49.0,375.0,905.0,1.0,5.0,1.0,2.0,53.0,55.0,42.0,37.0,24.0,28.0,6.0,11.0,9.0,9.0,4.0,2.0,7.0,2.0,B,0
2023-0322,Geneva,Clay,32,A,20230522,283,6-4 6-2,3,R32,68.0,105583,111797,,,,,Dusan Lajovic,Nicolas Jarry,R,R,183.0,201.0,SRB,CHI,32.8,27.6,51.0,54.0,899.0,862.0,0.0,10.0,2.0,0.0,55.0,42.0,28.0,32.0,18.0,27.0,14.0,9.0,9.0,9.0,3.0,0.0,6.0,0.0,B,0
2023-0322,Geneva,Clay,32,A,20230522,282,7-5 7-6(3),3,R32,103.0,105882,134868,,6.0,Q,,Stefano Travaglia,Tallon Griekspoor,R,R,185.0,188.0,ITA,NED,31.3,26.8,282.0,39.0,187.0,1024.0,5.0,5.0,1.0,3.0,74.0,69.0,46.0,46.0,31.0,37.0,16.0,13.0,12.0,12.0,0.0,1.0,3.0,3.0,B,0
2023-0322,Geneva,Clay,32,A,20230522,280,7-6(2) 6-3,3,R32,74.0,105332,111153,,,WC,,Benoit Paire,Christopher Eubanks,R,R,196.0,201.0,FRA,USA,34.0,27.0,149.0,75.0,398.0,729.0,5.0,3.0,6.0,2.0,64.0,62.0,30.0,41.0,21.0,34.0,21.0,11.0,11.0,10.0,1.0,3.0,4.0,4.0,B,0
2023-0322,Geneva,Clay,32,A,20230522,279,6-4 4-6 7-6(6),3,R32,132.0,144817,200059,,,,,Marc Andrea Huesler,Yibing Wu,L,R,196.0,183.0,SUI,CHN,26.9,23.6,81.0,59.0,719.0,839.0,9.0,3.0,3.0,7.0,92.0,112.0,58.0,64.0,38.0,39.0,21.0,24.0,16.0,16.0,2.0,3.0,7.0,8.0,B,0
2023-0322,Geneva,Clay,32,A,20230522,278,7-5 2-6 6-2,3,R32,122.0,106065,210097,,5.0,,,Marco Cecchinato,Ben Shelton,R,L,185.0,193.0,ITA,USA,30.6,20.6,73.0,35.0,733.0,1095.0,7.0,8.0,4.0,6.0,81.0,92.0,56.0,65.0,40.0,41.0,13.0,13.0,14.0,14.0,3.0,7.0,6.0,11.0,A,1
2023-0322,Geneva,Clay,32,A,20230522,277,6-2 6-4,3,R32,78.0,126964,126523,,7.0,Q,,Vitaliy Sachko,Bernabe Zapata Miralles,R,R,188.0,183.0,UKR,ESP,25.8,26.3,286.0,37.0,186.0,1041.0,1.0,2.0,1.0,3.0,55.0,53.0,32.0,32.0,19.0,24.0,11.0,11.0,9.0,9.0,9.0,3.0,13.0,4.0,B,0
2023-0322,Geneva,Clay,32,A,20230522,276,7-6(5) 6-7(1) 6-1,3,R32,169.0,126120,106331,,,Q,,Nino Serdarusic,Christopher Oconnell,R,R,191.0,183.0,CRO,AUS,26.4,28.9,307.0,85.0,165.0,702.0,4.0,12.0,4.0,0.0,105.0,103.0,66.0,55.0,50.0,41.0,18.0,32.0,16.0,15.0,4.0,3.0,7.0,3.0,B,0
2023-0322,Geneva,Clay,32,A,20230522,275,6-4 4-6 6-0,3,R32,144.0,106148,209405,,,,Q,Roberto Carballes Baena,Daniel Rincon,R,L,183.0,185.0,ESP,ESP,30.1,20.3,58.0,274.0,841.0,190.0,3.0,1.0,3.0,8.0,106.0,83.0,72.0,44.0,45.0,29.0,16.0,16.0,13.0,13.0,10.0,3.0,13.0,9.0,A,1
2023-0322,Geneva,Clay,32,A,20230522,273,7-5 6-1,3,R32,80.0,105936,105173,,8.0,,,Filip Krajinovic,Adrian Mannarino,R,L,185.0,180.0,SRB,FRA,31.2,34.8,92.0,47.0,661.0,917.0,7.0,4.0,3.0,1.0,59.0,58.0,40.0,31.0,26.0,25.0,6.0,15.0,9.0,10.0,6.0,1.0,10.0,2.0,B,0
2023-0322,Geneva,Clay,32,A,20230522,272,6-4 7-5,3,R32,90.0,125802,105550,,,,PR,Ilya Ivashka,Guido Pella,R,L,193.0,183.0,BLR,ARG,29.2,33.0,86.0,421.0,696.0,105.0,6.0,1.0,3.0,0.0,60.0,58.0,29.0,44.0,25.0,29.0,18.0,8.0,11.0,11.0,3.0,1.0,4.0,4.0,A,1
2023-0322,Geneva,Clay,32,A,20230522,271,6-0 6-4,3,R32,58.0,106218,122330,,,,,Marcos Giron,Alexander Bublik,R,R,180.0,196.0,USA,KAZ,29.8,25.9,74.0,48.0,730.0,915.0,2.0,6.0,0.0,5.0,43.0,50.0,24.0,27.0,20.0,16.0,13.0,9.0,8.0,8.0,0.0,2.0,0.0,6.0,A,1
2023-7694,Lyon,Clay,32,A,20230522,300,6-3 7-5,3,F,96.0,209950,202103,,4.0,WC,,Arthur Fils,Francisco Cerundolo,R,R,185.0,185.0,FRA,ARG,18.9,24.7,112.0,28.0,559.0,1345.0,2.0,1.0,1.0,7.0,70.0,62.0,36.0,32.0,26.0,17.0,19.0,17.0,11.0,10.0,1.0,2.0,3.0,6.0,A,1
2023-7694,Lyon,Clay,32,A,20230522,299,7-5 4-6 7-6(5),3,SF,175.0,206909,209950,8.0,,,WC,Brandon Nakashima,Arthur Fils,R,R,188.0,185.0,USA,FRA,21.7,18.9,52.0,112.0,877.0,559.0,8.0,8.0,2.0,6.0,99.0,127.0,54.0,55.0,42.0,43.0,25.0,37.0,17.0,17.0,1.0,9.0,4.0,12.0,B,0
2023-7694,Lyon,Clay,32,A,20230522,298,6-3 6-0,3,SF,72.0,111815,202103,2.0,4.0,,,Cameron Norrie,Francisco Cerundolo,L,R,188.0,185.0,GBR,ARG,27.7,24.7,14.0,28.0,2520.0,1345.0,2.0,2.0,1.0,2.0,60.0,38.0,33.0,26.0,20.0,23.0,9.0,6.0,8.0,7.0,9.0,1.0,14.0,1.0,B,0
2023-7694,Lyon,Clay,32,A,20230522,297,W/O,3,QF,0.0,200000,209950,1.0,,,WC,Felix Auger Aliassime,Arthur Fils,R,R,193.0,185.0,CAN,FRA,22.7,18.9,10.0,112.0,3065.0,559.0,,,,,,,,,,,,,,,,,,,B,0
2023-7694,Lyon,Clay,32,A,20230522,296,6-3 7-6(4),3,QF,108.0,206909,126205,8.0,3.0,,,Brandon Nakashima,Tommy Paul,R,R,188.0,185.0,USA,USA,21.7,26.0,52.0,17.0,877.0,2135.0,6.0,7.0,0.0,3.0,81.0,62.0,58.0,41.0,42.0,28.0,12.0,8.0,11.0,10.0,6.0,0.0,8.0,3.0,A,1
2023-7694,Lyon,Clay,32,A,20230522,295,4-6 6-4 6-3,3,QF,149.0,207733,202103,,4.0,,,Jack Draper,Francisco Cerundolo,L,R,193.0,185.0,GBR,ARG,21.4,24.7,60.0,28.0,832.0,1345.0,5.0,0.0,5.0,7.0,102.0,99.0,59.0,68.0,44.0,47.0,17.0,16.0,14.0,15.0,12.0,7.0,15.0,9.0,B,0
2023-7694,Lyon,Clay,32,A,20230522,294,6-2 2-6 6-1,3,QF,111.0,202104,111815,6.0,2.0,,,Sebastian Baez,Cameron Norrie,R,L,170.0,188.0,ARG,GBR,22.3,27.7,44.0,14.0,955.0,2520.0,0.0,4.0,3.0,2.0,72.0,69.0,45.0,45.0,27.0,33.0,12.0,13.0,11.0,12.0,5.0,0.0,9.0,2.0,B,0
2023-7694,Lyon,Clay,32,A,20230522,293,7-5 6-2,3,R16,87.0,208010,200000,,1.0,Q,,Pablo Llamas Ruiz,Felix Auger Aliassime,R,R,188.0,193.0,ESP,CAN,20.6,22.7,240.0,10.0,236.0,3065.0,2.0,6.0,0.0,4.0,58.0,55.0,36.0,40.0,22.0,33.0,9.0,5.0,10.0,10.0,3.0,3.0,7.0,4.0,B,0
2023-7694,Lyon,Clay,32,A,20230522,292,6-5 Def.,3,R16,,209950,144707,,,WC,,Arthur Fils,Mikael Ymer,R,R,185.0,183.0,FRA,SWE,18.9,24.6,112.0,53.0,559.0,876.0,0.0,1.0,2.0,1.0,34.0,43.0,20.0,36.0,14.0,21.0,7.0,4.0,5.0,6.0,2.0,5.0,3.0,7.0,A,1
2023-7694,Lyon,Clay,32,A,20230522,291,7-6(6) 4-6 6-3,3,R16,156.0,126205,106296,3.0,,,,Tommy Paul,Gregoire Barrere,R,R,185.0,183.0,USA,FRA,26.0,29.2,17.0,55.0,2135.0,846.0,7.0,1.0,1.0,7.0,120.0,104.0,82.0,55.0,52.0,38.0,22.0,26.0,16.0,15.0,11.0,4.0,13.0,6.0,A,1
2023-7694,Lyon,Clay,32,A,20230522,290,7-6(6) 1-6 7-5,3,R16,162.0,126239,206909,,8.0,,,Arthur Rinderknech,Brandon Nakashima,R,R,196.0,188.0,FRA,USA,27.8,21.7,78.0,52.0,725.0,877.0,13.0,6.0,2.0,3.0,105.0,100.0,64.0,62.0,45.0,44.0,25.0,22.0,16.0,15.0,3.0,8.0,5.0,11.0,B,0
2023-7694,Lyon,Clay,32,A,20230522,289,6-4 7-5,3,R16,92.0,200175,207733,5.0,,,,Miomir Kecmanovic,Jack Draper,R,L,183.0,193.0,SRB,GBR,23.7,21.4,36.0,60.0,1055.0,832.0,2.0,6.0,1.0,2.0,62.0,60.0,43.0,33.0,28.0,27.0,10.0,14.0,11.0,11.0,1.0,0.0,4.0,1.0,B,0
2023-7694,Lyon,Clay,32,A,20230522,288,6-2 0-0 RET,3,R16,35.0,122669,202103,,4.0,,,Juan Pablo Varillas,Francisco Cerundolo,R,R,185.0,185.0,PER,ARG,27.6,24.7,97.0,28.0,648.0,1345.0,0.0,0.0,1.0,1.0,26.0,20.0,19.0,11.0,11.0,10.0,3.0,6.0,4.0,4.0,4.0,0.0,6.0,0.0,B,0
2023-7694,Lyon,Clay,32,A,20230522,287,3-6 7-5 6-2,3,R16,152.0,106398,202104,,6.0,,,Pedro Cachin,Sebastian Baez,R,R,185.0,170.0,ARG,ARG,28.1,22.3,63.0,44.0,793.0,955.0,6.0,0.0,4.0,3.0,111.0,93.0,57.0,66.0,41.0,44.0,20.0,11.0,15.0,14.0,10.0,6.0,16.0,10.0,B,0
2023-7694,Lyon,Clay,32,A,20230522,286,6-3 6-4,3,R16,88.0,111815,105676,2.0,,,,Cameron Norrie,David Goffin,L,R,188.0,180.0,GBR,BEL,27.7,32.4,14.0,113.0,2520.0,550.0,5.0,1.0,1.0,2.0,65.0,58.0,41.0,36.0,31.0,20.0,12.0,13.0,10.0,9.0,5.0,3.0,6.0,6.0,A,1
2023-7694,Lyon,Clay,32,A,20230522,284,6-4 6-7(6) 6-1,3,R32,134.0,208010,126845,,,Q,,Pablo Llamas Ruiz,Max Purcell,R,R,188.0,185.0,ESP,AUS,20.6,25.1,240.0,67.0,236.0,781.0,1.0,5.0,2.0,0.0,98.0,101.0,71.0,70.0,53.0,43.0,12.0,15.0,15.0,14.0,4.0,8.0,6.0,13.0,A,1
2023-7694,Lyon,Clay,32,A,20230522,283,6-3 6-2,3,R32,77.0,209950,111190,,,WC,Q,Arthur Fils,Zhizhen Zhang,R,R,185.0,193.0,FRA,CHN,18.9,26.5,112.0,70.0,559.0,740.0,6.0,6.0,0.0,7.0,53.0,56.0,28.0,34.0,23.0,19.0,12.0,7.0,9.0,8.0,2.0,3.0,4.0,8.0,A,1
2023-7694,Lyon,Clay,32,A,20230522,282,6-3 7-5,3,R32,114.0,144707,104755,,7.0,,,Mikael Ymer,Richard Gasquet,R,R,183.0,183.0,SWE,FRA,24.6,36.9,53.0,50.0,876.0,901.0,7.0,1.0,2.0,2.0,75.0,69.0,51.0,32.0,34.0,18.0,10.0,16.0,11.0,10.0,3.0,5.0,6.0,10.0,A,1
2023-7694,Lyon,Clay,32,A,20230522,280,6-4 6-2,3,R32,90.0,144895,106296,,,,,Corentin Moutet,Gregoire Barrere,L,R,180.0,183.0,FRA,FRA,24.0,29.2,61.0,55.0,823.0,846.0,2.0,3.0,4.0,2.0,54.0,66.0,36.0,42.0,19.0,30.0,9.0,11.0,9.0,9.0,5.0,5.0,9.0,6.0,B,0
2023-7694,Lyon,Clay,32,A,20230522,279,6-4 6-2,3,R32,91.0,144750,126239,,,Q,,Lloyd Harris,Arthur Rinderknech,R,R,193.0,196.0,RSA,FRA,26.2,27.8,306.0,78.0,165.0,725.0,1.0,3.0,0.0,2.0,55.0,60.0,38.0,30.0,24.0,24.0,9.0,17.0,9.0,9.0,4.0,4.0,7.0,4.0,B,0
2023-7694,Lyon,Clay,32,A,20230522,278,7-5 6-3,3,R32,121.0,106043,206909,,8.0,,,Diego Schwartzman,Brandon Nakashima,R,R,170.0,188.0,ARG,USA,30.7,21.7,93.0,52.0,660.0,877.0,0.0,4.0,2.0,3.0,72.0,78.0,46.0,42.0,27.0,32.0,9.0,14.0,10.0,11.0,11.0,4.0,16.0,7.0,B,0
2023-7694,Lyon,Clay,32,A,20230522,277,6-1 6-3,3,R32,71.0,200175,106177,5.0,,,LL,Miomir Kecmanovic,Oriol Roca Batalla,R,R,183.0,175.0,SRB,ESP,23.7,30.0,36.0,310.0,1055.0,163.0,2.0,5.0,0.0,3.0,40.0,60.0,24.0,30.0,20.0,20.0,12.0,12.0,8.0,8.0,0.0,5.0,0.0,9.0,A,1
2023-7694,Lyon,Clay,32,A,20230522,276,6-2 6-3,3,R32,74.0,124186,207733,,,,,Alexandre Muller,Jack Draper,R,L,183.0,193.0,FRA,GBR,26.2,21.4,100.0,60.0,639.0,832.0,0.0,6.0,0.0,0.0,55.0,49.0,31.0,33.0,19.0,28.0,12.0,9.0,8.0,9.0,3.0,0.0,6.0,0.0,B,0
2023-7694,Lyon,Clay,32,A,20230522,275,3-6 7-6(7) 6-4,3,R32,191.0,122669,105077,,,,,Juan Pablo Varillas,Albert Ramos,R,L,185.0,188.0,PER,ESP,27.6,35.3,97.0,66.0,648.0,782.0,10.0,5.0,1.0,4.0,100.0,140.0,68.0,98.0,51.0,63.0,14.0,22.0,15.0,16.0,2.0,9.0,4.0,11.0,A,1
2023-7694,Lyon,Clay,32,A,20230522,273,6-4 7-6(5),3,R32,124.0,202104,105916,6.0,,,,Sebastian Baez,Marton Fucsovics,R,R,170.0,188.0,ARG,HUN,22.3,31.2,44.0,80.0,955.0,720.0,1.0,1.0,1.0,2.0,71.0,92.0,47.0,59.0,31.0,38.0,17.0,14.0,11.0,11.0,5.0,7.0,7.0,10.0,A,1
2023-7694,Lyon,Clay,32,A,20230522,272,2-6 6-3 6-4,3,R32,110.0,104792,106398,,,WC,,Gael Monfils,Pedro Cachin,R,R,193.0,185.0,FRA,ARG,36.7,28.1,386.0,63.0,117.0,793.0,5.0,2.0,1.0,4.0,74.0,85.0,38.0,47.0,31.0,38.0,19.0,18.0,13.0,14.0,3.0,6.0,5.0,8.0,B,0
2023-7694,Lyon,Clay,32,A,20230522,271,6-1 6-3,3,R32,77.0,126533,105676,,,Q,,Alvaro Lopez San Martin,David Goffin,R,R,178.0,180.0,ESP,BEL,25.9,32.4,298.0,113.0,170.0,550.0,4.0,3.0,3.0,1.0,63.0,45.0,43.0,17.0,27.0,13.0,5.0,21.0,8.0,8.0,13.0,1.0,17.0,1.0,B,0
2023-520,Roland Garros,Clay,128,G,20230529,100,6-0 6-2 7-5,5,R128,118.0,207925,207989,,1.0,Q,,Flavio Cobolli,Carlos Alcaraz,R,R,183.0,183.0,ITA,ESP,21.0,20.0,159.0,1.0,378.0,6815.0,1.0,3.0,4.0,2.0,86.0,74.0,60.0,45.0,28.0,31.0,14.0,21.0,13.0,13.0,11.0,3.0,18.0,4.0,B,0
2023-520,Roland Garros,Clay,128,G,20230529,101,6-0 6-2 6-4,5,R128,109.0,106121,106331,,,,,Taro Daniel,Christopher Oconnell,R,R,191.0,183.0,JPN,AUS,30.3,28.9,112.0,77.0,566.0,737.0,5.0,1.0,1.0,4.0,70.0,65.0,42.0,38.0,31.0,16.0,20.0,13.0,12.0,12.0,3.0,3.0,4.0,10.0,A,1
2023-520,Roland Garros,Clay,128,G,20230529,102,2-6 6-3 6-0 6-2,5,R128,139.0,123755,208286,,,,,Daniel Elahi Galan,Matteo Arnaldi,R,R,191.0,185.0,COL,ITA,26.9,22.2,91.0,106.0,671.0,592.0,2.0,7.0,3.0,1.0,90.0,101.0,51.0,56.0,32.0,41.0,14.0,23.0,15.0,16.0,4.0,10.0,11.0,13.0,B,0
2023-520,Roland Garros,Clay,128,G,20230529,103,6-4 7-5 4-6 3-6 6-3,5,R128,227.0,133430,206909,26.0,,,,Denis Shapovalov,Brandon Nakashima,L,R,185.0,188.0,CAN,USA,24.1,21.8,32.0,45.0,1210.0,957.0,6.0,4.0,15.0,5.0,149.0,142.0,86.0,99.0,64.0,73.0,34.0,24.0,25.0,25.0,8.0,7.0,11.0,11.0,A,1
2023-520,Roland Garros,Clay,128,G,20230529,104,7-5 6-2 6-4,5,R128,155.0,144707,207518,,17.0,,,Mikael Ymer,Lorenzo Musetti,R,R,183.0,185.0,SWE,ITA,24.7,21.2,56.0,18.0,876.0,2040.0,1.0,5.0,6.0,1.0,114.0,75.0,73.0,43.0,44.0,34.0,16.0,21.0,15.0,15.0,14.0,0.0,20.0,2.0,B,0
2023-520,Roland Garros,Clay,128,G,20230529,105,7-5 4-6 6-1 7-6(2),5,R128,179.0,207686,106214,,,,,Alexander Shevchenko,Oscar Otte,R,R,185.0,193.0,KAZ,GER,22.4,29.8,87.0,120.0,703.0,521.0,6.0,8.0,6.0,7.0,137.0,162.0,70.0,93.0,49.0,56.0,32.0,29.0,20.0,21.0,13.0,10.0,19.0,19.0,A,1
2023-520,Roland Garros,Clay,128,G,20230529,106,6-2 6-4 6-3,5,R128,117.0,106298,200514,,,Q,LL,Lucas Pouille,Jurij Rodionov,R,L,185.0,191.0,FRA,AUT,29.2,24.0,675.0,134.0,40.0,452.0,1.0,5.0,5.0,4.0,93.0,86.0,53.0,46.0,41.0,28.0,23.0,20.0,14.0,13.0,6.0,6.0,6.0,10.0,A,1
2023-520,Roland Garros,Clay,128,G,20230529,107,7-5 4-6 3-6 6-1 6-4,5,R128,213.0,105332,111815,,14.0,WC,,Benoit Paire,Cameron Norrie,R,L,196.0,188.0,FRA,GBR,34.0,27.7,149.0,13.0,398.0,2565.0,16.0,5.0,9.0,3.0,163.0,155.0,107.0,122.0,70.0,77.0,19.0,19.0,24.0,24.0,15.0,13.0,23.0,19.0,B,0
2023-520,Roland Garros,Clay,128,G,20230529,108,6-4 6-4 6-3,5,R128,137.0,104926,200000,,10.0,,,Fabio Fognini,Felix Auger Aliassime,R,R,178.0,193.0,ITA,CAN,36.0,22.8,130.0,10.0,468.0,3100.0,4.0,3.0,5.0,8.0,86.0,85.0,54.0,53.0,39.0,30.0,13.0,11.0,14.0,15.0,5.0,1.0,9.0,9.0,A,1
2023-520,Roland Garros,Clay,128,G,20230529,109,1-6 6-3 6-4 3-6 6-1,5,R128,205.0,106186,207680,,,,LL,Jason Kubler,Facundo Diaz Acosta,R,L,178.0,183.0,AUS,ARG,30.0,22.4,69.0,137.0,777.0,441.0,5.0,3.0,5.0,5.0,137.0,123.0,92.0,71.0,60.0,48.0,23.0,26.0,21.0,21.0,7.0,6.0,12.0,12.0,A,1
2023-520,Roland Garros,Clay,128,G,20230529,110,6-4 7-6(6) 6-2,5,R128,139.0,202195,124116,,,,Q,Maxime Cressy,Sebastian Ofner,R,R,201.0,191.0,USA,AUT,26.0,27.0,44.0,118.0,975.0,534.0,13.0,8.0,13.0,12.0,104.0,108.0,59.0,56.0,42.0,41.0,16.0,30.0,15.0,15.0,10.0,7.0,15.0,9.0,B,0
2023-520,Roland Garros,Clay,128,G,20230529,111,6-4 7-5 6-4,5,R128,157.0,200624,111456,24.0,,,,Sebastian Korda,Mackenzie Mcdonald,R,R,196.0,178.0,USA,USA,22.8,28.1,30.0,59.0,1265.0,845.0,6.0,4.0,4.0,9.0,110.0,125.0,75.0,78.0,46.0,53.0,18.0,14.0,16.0,16.0,3.0,12.0,7.0,19.0,A,1
2023-520,Roland Garros,Clay,128,G,20230529,112,1-6 6-7(5) 6-2 6-0 6-4,5,R128,218.0,126523,106043,32.0,,,,Bernabe Zapata Miralles,Diego Schwartzman,R,R,183.0,170.0,ESP,ARG,26.3,30.7,38.0,95.0,1051.0,660.0,3.0,2.0,1.0,3.0,141.0,144.0,97.0,106.0,59.0,64.0,14.0,19.0,22.0,21.0,12.0,6.0,23.0,13.0,B,0
2023-520,Roland Garros,Clay,128,G,20230529,113,6-4 5-7 7-6(3) 4-6 7-6(9),5,R128,239.0,132686,104545,,,,,Nuno Borges,John Isner,R,R,185.0,208.0,POR,USA,26.2,38.0,80.0,90.0,727.0,675.0,5.0,38.0,9.0,11.0,167.0,181.0,98.0,108.0,77.0,85.0,43.0,34.0,28.0,28.0,4.0,7.0,8.0,10.0,A,1
2023-520,Roland Garros,Clay,128,G,20230529,114,7-6(5) 6-3 6-2,5,R128,148.0,124013,106148,,,Q,,Eduardo Nava,Roberto Carballes Baena,R,R,180.0,183.0,USA,ESP,26.2,30.1,1104.0,57.0,8.0,850.0,4.0,0.0,6.0,4.0,109.0,93.0,63.0,62.0,33.0,40.0,20.0,14.0,14.0,15.0,12.0,2.0,19.0,6.0,B,0
2023-520,Roland Garros,Clay,128,G,20230529,115,7-5 6-3 4-6 7-6(7),5,R128,194.0,106210,126774,,5.0,,,Jiri Vesely,Stefanos Tsitsipas,L,R,198.0,193.0,CZE,GRE,29.8,24.7,455.0,5.0,92.0,4775.0,11.0,12.0,5.0,4.0,127.0,120.0,77.0,86.0,58.0,71.0,24.0,19.0,21.0,22.0,7.0,4.0,11.0,7.0,B,0
2023-520,Roland Garros,Clay,128,G,20230529,116,6-3 6-2 7-6(1),5,R128,147.0,104925,206499,3.0,,,,Novak Djokovic,Aleksandar Kovacevic,R,R,188.0,183.0,SRB,USA,36.0,24.7,3.0,114.0,5955.0,545.0,10.0,7.0,1.0,4.0,81.0,104.0,45.0,55.0,37.0,37.0,23.0,20.0,15.0,14.0,3.0,7.0,5.0,12.0,A,1
2023-520,Roland Garros,Clay,128,G,20230529,117,6-3 5-7 6-1 6-3,5,R128,195.0,105916,126409,,,,WC,Marton Fucsovics,Hugo Grenier,R,R,188.0,196.0,HUN,FRA,31.3,27.1,83.0,122.0,720.0,518.0,6.0,5.0,5.0,4.0,107.0,118.0,75.0,74.0,61.0,42.0,18.0,25.0,19.0,18.0,3.0,6.0,5.0,12.0,A,1
2023-520,Roland Garros,Clay,128,G,20230529,118,6-1 6-1 6-3,5,R128,119.0,209414,106065,,,,,Luca Van Assche,Marco Cecchinato,R,R,178.0,185.0,FRA,ITA,19.0,30.6,82.0,72.0,725.0,742.0,1.0,3.0,1.0,1.0,65.0,112.0,38.0,72.0,27.0,35.0,21.0,19.0,11.0,12.0,4.0,6.0,4.0,13.0,A,1
2023-520,Roland Garros,Clay,128,G,20230529,119,6-1 4-6 6-3 6-3,5,R128,169.0,200221,209950,29.0,,,WC,Alejandro Davidovich Fokina,Arthur Fils,R,R,183.0,185.0,ESP,FRA,23.9,18.9,34.0,63.0,1115.0,807.0,1.0,5.0,4.0,5.0,114.0,110.0,80.0,60.0,55.0,36.0,13.0,21.0,17.0,18.0,6.0,5.0,10.0,14.0,A,1
2023-520,Roland Garros,Clay,128,G,20230529,120,7-6(4) 6-1 6-1,5,R128,131.0,105138,200059,19.0,,,,Roberto Bautista Agut,Yibing Wu,R,R,183.0,183.0,ESP,CHN,35.1,23.6,24.0,54.0,1485.0,884.0,0.0,8.0,2.0,3.0,72.0,114.0,32.0,69.0,26.0,40.0,24.0,15.0,13.0,13.0,3.0,13.0,5.0,20.0,A,1
2023-520,Roland Garros,Clay,128,G,20230529,121,4-6 2-6 6-2 6-3 6-1,5,R128,202.0,209992,122669,,,Q,,Juncheng Shang,Juan Pablo Varillas,L,R,180.0,185.0,CHN,PER,18.3,27.6,200.0,94.0,303.0,661.0,1.0,5.0,6.0,4.0,147.0,116.0,96.0,65.0,57.0,47.0,24.0,30.0,21.0,21.0,6.0,6.0,13.0,10.0,B,0
2023-520,Roland Garros,Clay,128,G,20230529,122,6-4 2-6 0-6 7-5 6-3,5,R128,218.0,134868,124079,,,,Q,Tallon Griekspoor,Pedro Martinez,R,R,188.0,185.0,NED,ESP,26.9,26.0,39.0,135.0,1034.0,448.0,11.0,0.0,5.0,10.0,132.0,157.0,74.0,102.0,51.0,70.0,29.0,24.0,22.0,23.0,6.0,10.0,13.0,16.0,A,1
2023-520,Roland Garros,Clay,128,G,20230529,123,6-3 5-7 6-4 2-6 6-4,5,R128,218.0,105676,128034,,13.0,,,David Goffin,Hubert Hurkacz,R,R,180.0,196.0,BEL,POL,32.4,26.2,111.0,14.0,570.0,2525.0,5.0,13.0,6.0,5.0,151.0,148.0,89.0,85.0,62.0,64.0,32.0,31.0,24.0,25.0,10.0,8.0,16.0,14.0,B,0
2023-520,Roland Garros,Clay,128,G,20230529,124,3-6 1-6 6-2 6-1 6-3,5,R128,222.0,106005,111575,,11.0,,,Constant Lestienne,Karen Khachanov,R,R,180.0,198.0,FRA,RUS,31.0,27.0,70.0,11.0,769.0,2945.0,2.0,15.0,6.0,2.0,146.0,128.0,87.0,84.0,45.0,55.0,29.0,19.0,20.0,20.0,14.0,5.0,23.0,12.0,B,0
2023-520,Roland Garros,Clay,128,G,20230529,125,6-3 6-2 4-6 6-1,5,R128,181.0,105430,200516,,,Q,WC,Radu Albot,Patrick Kypson,R,R,175.0,188.0,MDA,USA,33.5,23.5,113.0,329.0,564.0,154.0,2.0,2.0,7.0,1.0,100.0,130.0,69.0,83.0,47.0,41.0,13.0,20.0,17.0,17.0,4.0,16.0,9.0,26.0,A,1
2023-520,Roland Garros,Clay,128,G,20230529,126,7-6(5) 6-4 6-7(2) 1-6 6-4,5,R128,276.0,105077,104527,,,,,Albert Ramos,Stan Wawrinka,L,R,188.0,183.0,ESP,SUI,35.3,38.1,67.0,89.0,782.0,684.0,7.0,14.0,2.0,4.0,184.0,192.0,118.0,108.0,86.0,75.0,34.0,45.0,25.0,26.0,13.0,10.0,17.0,15.0,B,0
2023-520,Roland Garros,Clay,128,G,20230529,127,6-4 6-4 6-4,5,R128,149.0,105554,106423,20.0,,,WC,Daniel Evans,Thanasi Kokkinakis,R,R,175.0,193.0,GBR,AUS,33.0,27.1,25.0,108.0,1480.0,587.0,3.0,10.0,7.0,4.0,96.0,84.0,56.0,53.0,40.0,42.0,15.0,16.0,15.0,15.0,8.0,2.0,13.0,4.0,B,0
2023-520,Roland Garros,Clay,128,G,20230529,128,6-4 3-6 6-3 6-3,5,R128,173.0,210097,132283,30.0,,,,Ben Shelton,Lorenzo Sonego,L,R,193.0,191.0,USA,ITA,20.6,28.0,36.0,48.0,1095.0,925.0,3.0,4.0,13.0,0.0,117.0,98.0,71.0,60.0,50.0,41.0,17.0,22.0,19.0,18.0,5.0,4.0,12.0,8.0,B,0
2023-520,Roland Garros,Clay,128,G,20230529,129,6-3 6-3 6-1,5,R128,113.0,105173,200005,,,,,Adrian Mannarino,Ugo Humbert,L,L,180.0,188.0,FRA,FRA,34.9,24.9,47.0,40.0,937.0,1026.0,1.0,10.0,5.0,1.0,90.0,83.0,55.0,49.0,33.0,40.0,15.0,17.0,12.0,13.0,14.0,5.0,19.0,5.0,B,0
2023-520,Roland Garros,Clay,128,G,20230529,130,6-1 6-3 4-6 6-4,5,R128,203.0,144895,209070,,,,WC,Corentin Moutet,Arthur Cazaux,L,R,180.0,183.0,FRA,FRA,24.1,20.7,61.0,190.0,823.0,321.0,5.0,2.0,5.0,5.0,107.0,133.0,67.0,74.0,52.0,53.0,25.0,24.0,18.0,18.0,4.0,11.0,5.0,16.0,A,1
2023-520,Roland Garros,Clay,128,G,20230529,131,6-1 3-6 6-3 6-4,5,R128,152.0,111513,126094,,7.0,,,Laslo Djere,Andrey Rublev,R,R,188.0,188.0,SRB,RUS,27.9,25.6,60.0,7.0,845.0,4270.0,8.0,7.0,6.0,1.0,123.0,104.0,63.0,59.0,40.0,44.0,28.0,28.0,17.0,18.0,7.0,5.0,13.0,8.0,B,0
2023-520,Roland Garros,Clay,128,G,20230529,132,6-4 3-6 7-6(2) 6-2,5,R128,174.0,208029,111153,6.0,,,,Holger Rune,Christopher Eubanks,R,R,188.0,201.0,DEN,USA,20.0,27.0,6.0,74.0,4375.0,740.0,2.0,15.0,9.0,6.0,118.0,122.0,78.0,84.0,59.0,59.0,18.0,15.0,19.0,20.0,2.0,3.0,5.0,8.0,A,1
2023-520,Roland Garros,Clay,128,G,20230529,133,3-6 6-3 7-5 1-6 7-5,5,R128,228.0,104792,202104,,,,,Gael Monfils,Sebastian Baez,R,R,193.0,170.0,FRA,ARG,36.7,22.4,394.0,42.0,117.0,990.0,6.0,1.0,7.0,4.0,166.0,140.0,108.0,101.0,69.0,59.0,20.0,21.0,24.0,25.0,11.0,8.0,20.0,17.0,A,1
2023-520,Roland Garros,Clay,128,G,20230529,134,7-6(3) 4-6 4-6 7-5 6-1,5,R128,231.0,208659,144821,,,WC,Q,Giovanni Mpetshi Perricard,Genaro Alberto Olivieri,R,R,203.0,175.0,FRA,ARG,19.8,24.8,237.0,231.0,245.0,257.0,12.0,1.0,13.0,4.0,161.0,177.0,89.0,129.0,67.0,92.0,36.0,26.0,25.0,26.0,9.0,9.0,13.0,12.0,B,0
2023-520,Roland Garros,Clay,128,G,20230529,135,5-7 2-6 7-6(8) 7-6(3) 7-6(9),5,R128,311.0,131934,200175,,31.0,Q,,Andrea Vavassori,Miomir Kecmanovic,R,R,193.0,183.0,ITA,SRB,28.0,23.7,148.0,37.0,410.0,1065.0,15.0,4.0,9.0,3.0,228.0,197.0,128.0,119.0,89.0,78.0,45.0,45.0,28.0,28.0,18.0,5.0,26.0,10.0,A,1
2023-520,Roland Garros,Clay,128,G,20230529,136,6-1 2-6 7-6(5) 6-1,5,R128,165.0,202103,144719,23.0,,,,Francisco Cerundolo,Jaume Munar,R,R,185.0,183.0,ARG,ESP,24.7,26.0,23.0,81.0,1485.0,725.0,2.0,1.0,5.0,6.0,108.0,111.0,76.0,75.0,46.0,45.0,17.0,13.0,16.0,18.0,6.0,3.0,11.0,12.0,A,1
2023-520,Roland Garros,Clay,128,G,20230529,137,6-3 7-5 6-7(6) 6-7(2) 6-4,5,R128,296.0,105870,106329,,,LL,,Yannick Hanfmann,Thiago Monteiro,R,L,193.0,183.0,GER,BRA,31.5,28.9,65.0,98.0,791.0,652.0,13.0,10.0,4.0,4.0,184.0,166.0,124.0,82.0,89.0,59.0,29.0,44.0,27.0,27.0,8.0,3.0,11.0,9.0,A,1
2023-520,Roland Garros,Clay,128,G,20230529,138,6-4 2-6 6-2 7-6(4),5,R128,189.0,104755,126239,,,,,Richard Gasquet,Arthur Rinderknech,R,R,183.0,196.0,FRA,FRA,36.9,27.8,52.0,78.0,901.0,735.0,3.0,11.0,4.0,10.0,103.0,111.0,49.0,56.0,34.0,40.0,21.0,21.0,17.0,18.0,2.0,6.0,10.0,13.0,B,0
2023-520,Roland Garros,Clay,128,G,20230529,139,6-2 6-1 6-1,5,R128,92.0,126203,111581,9.0,,,,Taylor Fritz,Michael Mmoh,R,R,196.0,188.0,USA,USA,25.5,25.3,8.0,123.0,3470.0,517.0,14.0,2.0,2.0,6.0,57.0,78.0,47.0,48.0,41.0,26.0,3.0,5.0,11.0,11.0,0.0,9.0,0.0,16.0,A,1
2023-520,Roland Garros,Clay,128,G,20230529,140,6-3 6-2 6-4,5,R128,110.0,126205,208502,16.0,,,LL,Tommy Paul,Dominic Stricker,R,L,185.0,183.0,USA,SUI,26.0,20.7,17.0,116.0,2170.0,541.0,1.0,2.0,2.0,6.0,96.0,77.0,65.0,44.0,47.0,29.0,18.0,15.0,14.0,13.0,6.0,6.0,7.0,11.0,A,1
2023-520,Roland Garros,Clay,128,G,20230529,141,6-4 6-4 6-2,5,R128,148.0,111797,106198,,,,,Nicolas Jarry,Hugo Dellien,R,R,201.0,180.0,CHI,BOL,27.6,29.9,35.0,160.0,1112.0,375.0,11.0,3.0,2.0,1.0,86.0,111.0,53.0,81.0,42.0,50.0,21.0,15.0,14.0,14.0,6.0,11.0,6.0,15.0,A,1
2023-520,Roland Garros,Clay,128,G,20230529,142,6-0 6-2 1-6 6-0,5,R128,118.0,209098,106218,,,Q,,Hamad Medjedovic,Marcos Giron,R,R,188.0,180.0,SRB,USA,19.8,29.8,168.0,75.0,353.0,740.0,5.0,4.0,9.0,4.0,95.0,71.0,52.0,45.0,30.0,34.0,11.0,15.0,14.0,13.0,5.0,0.0,13.0,2.0,B,0
2023-520,Roland Garros,Clay,128,G,20230529,143,7-5 1-6 6-3 3-6 6-1,5,R128,193.0,208103,105526,,21.0,,,Jiri Lehecka,Jan Lennard Struff,R,R,185.0,193.0,CZE,GER,21.5,33.0,41.0,28.0,994.0,1447.0,7.0,9.0,4.0,5.0,147.0,133.0,97.0,75.0,65.0,52.0,25.0,28.0,22.0,22.0,5.0,5.0,10.0,11.0,A,1
2023-520,Roland Garros,Clay,128,G,20230529,144,6-2 4-6 6-3 6-4,5,R128,186.0,122298,202058,25.0,,,Q,Botic Van De Zandschulp,Thiago Agustin Tirante,R,R,191.0,185.0,NED,ARG,27.6,22.1,31.0,153.0,1215.0,390.0,3.0,1.0,12.0,1.0,107.0,136.0,55.0,93.0,37.0,54.0,20.0,27.0,18.0,19.0,6.0,15.0,13.0,19.0,B,0
2023-520,Roland Garros,Clay,128,G,20230529,145,6-1 4-1 RET,5,R128,59.0,105583,111190,,,,,Dusan Lajovic,Zhizhen Zhang,R,R,183.0,193.0,SRB,CHN,32.9,26.6,53.0,71.0,899.0,752.0,1.0,1.0,3.0,2.0,40.0,46.0,24.0,28.0,14.0,20.0,2.0,7.0,6.0,6.0,5.0,0.0,10.0,1.0,B,0
2023-520,Roland Garros,Clay,128,G,20230529,146,6-0 4-6 4-6 6-3 7-5,5,R128,198.0,122330,206748,,,,Q,Alexander Bublik,Giulio Zeppieri,R,L,196.0,183.0,KAZ,ITA,25.9,21.4,51.0,129.0,915.0,478.0,17.0,8.0,12.0,4.0,133.0,152.0,66.0,86.0,50.0,56.0,32.0,44.0,23.0,24.0,8.0,7.0,14.0,10.0,B,0
2023-520,Roland Garros,Clay,128,G,20230529,147,6-4 6-3 6-2,5,R128,128.0,111200,134770,,4.0,Q,,Elias Ymer,Casper Ruud,R,R,185.0,183.0,SWE,NOR,27.1,24.4,155.0,4.0,384.0,4960.0,2.0,4.0,7.0,2.0,89.0,71.0,55.0,44.0,33.0,31.0,10.0,14.0,14.0,13.0,8.0,0.0,16.0,3.0,B,0
2023-520,Roland Garros,Clay,128,G,20230529,148,6-1 6-4 6-1,5,R128,106.0,124186,206173,,8.0,,,Alexandre Muller,Jannik Sinner,R,R,183.0,191.0,FRA,ITA,26.3,21.7,101.0,9.0,639.0,3435.0,3.0,5.0,0.0,2.0,70.0,70.0,43.0,40.0,22.0,33.0,13.0,18.0,12.0,12.0,4.0,2.0,10.0,2.0,B,0
2023-520,Roland Garros,Clay,128,G,20230529,149,6-3 6-4 6-4,5,R128,126.0,144817,127157,,,,,Marc Andrea Huesler,Daniel Altmaier,L,R,196.0,188.0,SUI,GER,26.9,24.7,84.0,79.0,719.0,733.0,5.0,7.0,9.0,3.0,99.0,80.0,62.0,57.0,42.0,44.0,18.0,17.0,14.0,15.0,11.0,1.0,14.0,1.0,B,0
2023-520,Roland Garros,Clay,128,G,20230529,150,6-2 6-7(7) 5-7 6-1 6-4,5,R128,254.0,200325,106296,,,,,Emil Ruusuvuori,Gregoire Barrere,R,R,188.0,183.0,FIN,FRA,24.1,29.2,46.0,58.0,956.0,850.0,15.0,5.0,5.0,10.0,174.0,169.0,108.0,85.0,77.0,55.0,34.0,39.0,25.0,24.0,9.0,11.0,14.0,20.0,A,1
2023-520,Roland Garros,Clay,128,G,20230529,151,6-0 6-3 6-2,5,R128,114.0,207608,105777,,28.0,Q,,Timofey Skatov,Grigor Dimitrov,R,R,175.0,191.0,KAZ,BUL,22.3,32.0,147.0,29.0,412.0,1275.0,0.0,10.0,3.0,3.0,72.0,85.0,55.0,54.0,28.0,42.0,4.0,13.0,11.0,12.0,3.0,4.0,10.0,5.0,B,0
2023-520,Roland Garros,Clay,128,G,20230529,152,7-6(6) 7-6(0) 6-1,5,R128,164.0,100644,144750,22.0,,,,Alexander Zverev,Lloyd Harris,R,R,198.0,193.0,GER,RSA,26.1,26.2,27.0,294.0,1450.0,177.0,10.0,7.0,7.0,1.0,117.0,106.0,81.0,71.0,59.0,50.0,20.0,13.0,16.0,15.0,7.0,2.0,8.0,5.0,A,1
2023-520,Roland Garros,Clay,128,G,20230529,153,6-1 7-6(4) 6-4,5,R128,143.0,144684,200384,,,,WC,Alex Molcan,Hugo Gaston,L,L,178.0,173.0,SVK,FRA,25.4,22.6,86.0,109.0,705.0,580.0,6.0,4.0,2.0,5.0,104.0,105.0,72.0,61.0,45.0,34.0,18.0,15.0,15.0,14.0,3.0,11.0,7.0,18.0,A,1
2023-520,Roland Garros,Clay,128,G,20230529,154,6-3 6-7(4) 6-1 6-2,5,R128,178.0,200615,106234,,,,Q,Alexei Popyrin,Aslan Karatsev,R,R,196.0,185.0,AUS,RUS,23.8,29.7,85.0,62.0,707.0,818.0,9.0,7.0,6.0,4.0,121.0,113.0,75.0,70.0,53.0,55.0,17.0,26.0,17.0,19.0,11.0,4.0,17.0,5.0,B,0
2023-520,Roland Garros,Clay,128,G,20230529,155,6-3 6-4 6-2,5,R128,129.0,126207,105936,12.0,,,,Frances Tiafoe,Filip Krajinovic,R,R,188.0,185.0,USA,SRB,25.3,31.2,12.0,93.0,2790.0,661.0,15.0,4.0,2.0,3.0,103.0,87.0,56.0,51.0,46.0,29.0,23.0,19.0,14.0,13.0,6.0,3.0,6.0,7.0,A,1
2023-520,Roland Garros,Clay,128,G,20230529,156,7-6(3) 6-7(5) 6-3 6-3,5,R128,252.0,106432,105948,15.0,,,,Borna Coric,Federico Coria,R,R,188.0,180.0,CRO,ARG,26.5,31.2,16.0,96.0,2410.0,656.0,11.0,3.0,2.0,9.0,135.0,167.0,75.0,108.0,54.0,59.0,30.0,27.0,21.0,21.0,8.0,16.0,13.0,24.0,A,1
2023-520,Roland Garros,Clay,128,G,20230529,157,6-3 6-2 6-7(1) 4-6 6-2,5,R128,229.0,106398,106233,,,,,Pedro Cachin,Dominic Thiem,R,R,185.0,185.0,ARG,AUT,28.1,29.7,64.0,92.0,803.0,666.0,6.0,5.0,7.0,5.0,142.0,152.0,93.0,88.0,68.0,52.0,18.0,33.0,24.0,23.0,6.0,7.0,12.0,17.0,A,1
2023-520,Roland Garros,Clay,128,G,20230529,158,6-4 1-0 RET,5,R128,66.0,144869,207733,,,,,Tomas Martin Etcheverry,Jack Draper,R,L,196.0,193.0,ARG,GBR,23.8,21.4,49.0,55.0,920.0,877.0,0.0,1.0,0.0,2.0,36.0,52.0,24.0,36.0,18.0,20.0,6.0,5.0,6.0,5.0,2.0,7.0,3.0,9.0,A,1
2023-520,Roland Garros,Clay,128,G,20230529,159,6-1 5-7 6-1 6-3,5,R128,165.0,125802,200282,,18.0,,,Ilya Ivashka,Alex De Minaur,R,R,193.0,183.0,BLR,AUS,29.2,24.2,73.0,19.0,741.0,1870.0,2.0,6.0,8.0,3.0,119.0,108.0,70.0,63.0,38.0,40.0,21.0,27.0,18.0,17.0,11.0,9.0,21.0,13.0,B,0
2023-520,Roland Garros,Clay,128,G,20230529,160,1-6 3-6 6-4 6-3 6-3,5,R128,203.0,106415,200670,27.0,,,,Yoshihito Nishioka,J J Wolf,L,R,170.0,183.0,JPN,USA,27.6,24.4,33.0,50.0,1181.0,915.0,1.0,9.0,4.0,10.0,120.0,175.0,77.0,92.0,44.0,54.0,24.0,40.0,22.0,22.0,2.0,16.0,10.0,24.0,A,1
2023-520,Roland Garros,Clay,128,G,20230529,161,7-5 1-6 6-4 6-4,5,R128,172.0,111442,126845,,,,,Jordan Thompson,Max Purcell,R,R,183.0,185.0,AUS,AUS,29.1,25.1,76.0,68.0,737.0,781.0,6.0,7.0,2.0,1.0,101.0,116.0,55.0,75.0,44.0,54.0,27.0,25.0,19.0,20.0,2.0,6.0,5.0,9.0,B,0
2023-520,Roland Garros,Clay,128,G,20230529,162,6-4 6-7(7) 2-6 7-6(4) 7-6(4),5,R128,260.0,105550,111460,,,,,Guido Pella,Quentin Halys,L,R,183.0,191.0,ARG,FRA,33.0,26.5,423.0,88.0,105.0,686.0,4.0,19.0,5.0,11.0,187.0,185.0,130.0,111.0,94.0,83.0,32.0,41.0,27.0,27.0,9.0,6.0,13.0,9.0,A,1
2023-520,Roland Garros,Clay,128,G,20230529,163,7-6(5) 6-7(6) 2-6 6-3 6-4,5,R128,256.0,205734,106421,,2.0,Q,,Thiago Seyboth Wild,Daniil Medvedev,R,R,185.0,198.0,BRA,RUS,23.2,27.2,172.0,2.0,349.0,6330.0,2.0,14.0,6.0,15.0,165.0,185.0,99.0,119.0,66.0,80.0,35.0,29.0,26.0,25.0,6.0,12.0,13.0,19.0,A,1
2023-520,Roland Garros,Clay,128,G,20230529,164,6-1 3-6 6-1 6-2,5,R64,146.0,106121,207989,,1.0,,,Taro Daniel,Carlos Alcaraz,R,R,191.0,183.0,JPN,ESP,30.3,20.0,112.0,1.0,566.0,6815.0,0.0,2.0,5.0,2.0,90.0,86.0,59.0,62.0,33.0,45.0,12.0,15.0,15.0,16.0,4.0,1.0,11.0,3.0,B,0
2023-520,Roland Garros,Clay,128,G,20230529,165,6-2 3-6 6-3 6-3,5,R64,176.0,133430,208286,26.0,,,,Denis Shapovalov,Matteo Arnaldi,L,R,185.0,185.0,CAN,ITA,24.1,22.2,32.0,106.0,1210.0,592.0,2.0,2.0,5.0,8.0,104.0,134.0,61.0,74.0,43.0,38.0,27.0,36.0,17.0,18.0,0.0,11.0,1.0,16.0,A,1
2023-520,Roland Garros,Clay,128,G,20230529,166,6-1 6-1 6-2,5,R64,99.0,207518,207686,17.0,,,,Lorenzo Musetti,Alexander Shevchenko,R,R,185.0,185.0,ITA,KAZ,21.2,22.4,18.0,87.0,2040.0,703.0,1.0,1.0,0.0,1.0,62.0,77.0,37.0,49.0,27.0,27.0,20.0,9.0,11.0,11.0,3.0,5.0,3.0,12.0,A,1
2023-520,Roland Garros,Clay,128,G,20230529,167,6-1 6-3 6-3,5,R64,105.0,111815,106298,14.0,,,Q,Cameron Norrie,Lucas Pouille,L,R,188.0,185.0,GBR,FRA,27.7,29.2,13.0,675.0,2565.0,40.0,2.0,2.0,0.0,2.0,77.0,81.0,56.0,38.0,41.0,21.0,12.0,17.0,13.0,12.0,6.0,5.0,8.0,12.0,A,1
2023-520,Roland Garros,Clay,128,G,20230529,168,6-4 7-6(5) 6-2,5,R64,138.0,106186,104926,,,,,Jason Kubler,Fabio Fognini,R,R,178.0,178.0,AUS,ITA,30.0,36.0,69.0,130.0,777.0,468.0,3.0,3.0,2.0,5.0,93.0,100.0,64.0,61.0,32.0,35.0,13.0,23.0,15.0,15.0,3.0,1.0,10.0,5.0,B,0
2023-520,Roland Garros,Clay,128,G,20230529,169,6-3 7-6(1) 6-4,5,R64,155.0,124116,200624,,24.0,Q,,Sebastian Ofner,Sebastian Korda,R,R,191.0,196.0,AUT,USA,27.0,22.8,118.0,30.0,534.0,1265.0,7.0,1.0,7.0,2.0,103.0,110.0,53.0,64.0,45.0,37.0,23.0,22.0,15.0,16.0,3.0,6.0,6.0,12.0,A,1
2023-520,Roland Garros,Clay,128,G,20230529,170,7-6(3) 6-4 6-3,5,R64,153.0,132686,106043,,,,,Nuno Borges,Diego Schwartzman,R,R,185.0,170.0,POR,ARG,26.2,30.7,80.0,95.0,727.0,660.0,5.0,0.0,3.0,2.0,97.0,97.0,44.0,60.0,30.0,36.0,21.0,24.0,15.0,16.0,6.0,5.0,12.0,9.0,B,0
2023-520,Roland Garros,Clay,128,G,20230529,171,6-3 7-6(4) 6-2,5,R64,137.0,126774,106148,5.0,,,,Stefanos Tsitsipas,Roberto Carballes Baena,R,R,193.0,183.0,GRE,ESP,24.7,30.1,5.0,57.0,4775.0,850.0,6.0,0.0,5.0,2.0,91.0,87.0,60.0,59.0,46.0,34.0,14.0,17.0,14.0,15.0,1.0,3.0,3.0,9.0,A,1
2023-520,Roland Garros,Clay,128,G,20230529,172,7-6(2) 6-0 6-3,5,R64,164.0,105916,104925,,3.0,,,Marton Fucsovics,Novak Djokovic,R,R,188.0,188.0,HUN,SRB,31.3,36.0,83.0,3.0,720.0,5955.0,1.0,2.0,6.0,3.0,99.0,99.0,58.0,64.0,31.0,39.0,16.0,21.0,9.0,9.0,4.0,9.0,12.0,12.0,B,0
2023-520,Roland Garros,Clay,128,G,20230529,173,6-4 6-3 7-6(6),5,R64,156.0,209414,200221,,29.0,,,Luca Van Assche,Alejandro Davidovich Fokina,R,R,178.0,183.0,FRA,ESP,19.0,23.9,82.0,34.0,725.0,1115.0,2.0,3.0,5.0,2.0,116.0,87.0,64.0,57.0,41.0,45.0,25.0,19.0,16.0,15.0,5.0,0.0,9.0,1.0,B,0
2023-520,Roland Garros,Clay,128,G,20230529,174,1-6 4-6 6-3 6-1 6-1,5,R64,232.0,122669,105138,,19.0,,,Juan Pablo Varillas,Roberto Bautista Agut,R,R,185.0,183.0,PER,ESP,27.6,35.1,94.0,24.0,661.0,1485.0,8.0,3.0,1.0,3.0,152.0,129.0,81.0,89.0,57.0,57.0,33.0,12.0,20.0,20.0,10.0,11.0,15.0,19.0,A,1
2023-520,Roland Garros,Clay,128,G,20230529,175,6-3 5-7 6-7(13) 7-6(5) 6-4,5,R64,282.0,128034,134868,13.0,,,,Hubert Hurkacz,Tallon Griekspoor,R,R,196.0,188.0,POL,NED,26.2,26.9,14.0,39.0,2525.0,1034.0,15.0,9.0,3.0,12.0,180.0,201.0,105.0,125.0,84.0,92.0,41.0,35.0,28.0,27.0,4.0,11.0,7.0,15.0,A,1
2023-520,Roland Garros,Clay,128,G,20230529,176,6-3 6-4 6-2,5,R64,138.0,105430,111575,,11.0,Q,,Radu Albot,Karen Khachanov,R,R,175.0,198.0,MDA,RUS,33.5,27.0,113.0,11.0,564.0,2945.0,4.0,6.0,4.0,2.0,103.0,81.0,64.0,53.0,43.0,42.0,15.0,18.0,13.0,14.0,8.0,1.0,12.0,1.0,B,0
2023-520,Roland Garros,Clay,128,G,20230529,177,3-6 7-5 6-3 6-7(4) 6-3,5,R64,279.0,104527,106423,,,,WC,Stan Wawrinka,Thanasi Kokkinakis,R,R,183.0,193.0,SUI,AUS,38.1,27.1,89.0,108.0,684.0,587.0,12.0,12.0,5.0,8.0,145.0,184.0,85.0,112.0,62.0,88.0,37.0,31.0,25.0,25.0,9.0,11.0,14.0,14.0,B,0
2023-520,Roland Garros,Clay,128,G,20230529,178,6-4 6-3 7-6(3),5,R64,158.0,132283,200005,,,,,Lorenzo Sonego,Ugo Humbert,R,L,191.0,188.0,ITA,FRA,28.0,24.9,48.0,40.0,925.0,1026.0,3.0,1.0,3.0,4.0,95.0,101.0,64.0,52.0,51.0,37.0,18.0,25.0,15.0,16.0,6.0,4.0,7.0,8.0,A,1
2023-520,Roland Garros,Clay,128,G,20230529,179,6-4 6-2 3-6 6-3,5,R64,179.0,144895,126094,,7.0,,,Corentin Moutet,Andrey Rublev,L,R,180.0,188.0,FRA,RUS,24.1,25.6,61.0,7.0,823.0,4270.0,2.0,6.0,4.0,5.0,129.0,113.0,80.0,70.0,48.0,51.0,26.0,22.0,18.0,18.0,9.0,3.0,14.0,5.0,B,0
2023-520,Roland Garros,Clay,128,G,20230529,180,W/O,5,R64,,208029,104792,6.0,,,,Holger Rune,Gael Monfils,R,R,188.0,193.0,DEN,FRA,20.0,36.7,6.0,394.0,4375.0,117.0,,,,,,,,,,,,,,,,,,,A,1
2023-520,Roland Garros,Clay,128,G,20230529,181,7-6(7) 3-6 6-4 7-6(3),5,R64,200.0,144821,131934,,,Q,Q,Genaro Alberto Olivieri,Andrea Vavassori,R,R,175.0,193.0,ARG,ITA,24.8,28.0,231.0,148.0,257.0,410.0,5.0,8.0,2.0,8.0,137.0,140.0,99.0,91.0,65.0,62.0,21.0,26.0,22.0,21.0,4.0,8.0,10.0,13.0,A,1
2023-520,Roland Garros,Clay,128,G,20230529,182,6-3 6-3 6-4,5,R64,155.0,202103,105870,23.0,,,LL,Francisco Cerundolo,Yannick Hanfmann,R,R,185.0,193.0,ARG,GER,24.7,31.5,23.0,65.0,1485.0,791.0,8.0,2.0,5.0,2.0,108.0,117.0,77.0,80.0,54.0,39.0,13.0,23.0,14.0,14.0,10.0,10.0,12.0,16.0,A,1
2023-520,Roland Garros,Clay,128,G,20230529,183,2-6 6-4 6-3 6-4,5,R64,170.0,126203,126239,9.0,,,,Taylor Fritz,Arthur Rinderknech,R,R,196.0,196.0,USA,FRA,25.5,27.8,8.0,78.0,3470.0,735.0,8.0,7.0,1.0,3.0,100.0,113.0,47.0,71.0,36.0,54.0,36.0,20.0,19.0,18.0,1.0,10.0,4.0,14.0,A,1
2023-520,Roland Garros,Clay,128,G,20230529,184,3-6 6-1 6-4 7-5,5,R64,184.0,126205,111797,16.0,,,,Tommy Paul,Nicolas Jarry,R,R,185.0,201.0,USA,CHI,26.0,27.6,17.0,35.0,2170.0,1112.0,3.0,5.0,5.0,4.0,98.0,140.0,68.0,89.0,47.0,63.0,18.0,26.0,19.0,19.0,1.0,13.0,6.0,15.0,B,0
2023-520,Roland Garros,Clay,128,G,20230529,185,6-2 6-3 6-2,5,R64,104.0,106218,208103,,,,,Marcos Giron,Jiri Lehecka,R,R,180.0,185.0,USA,CZE,29.8,21.5,75.0,41.0,740.0,994.0,6.0,2.0,0.0,2.0,73.0,84.0,41.0,58.0,38.0,36.0,16.0,9.0,12.0,13.0,4.0,2.0,4.0,8.0,A,1
2023-520,Roland Garros,Clay,128,G,20230529,186,7-6(3) 6-3 6-4,5,R64,141.0,202058,111190,,,Q,,Thiago Agustin Tirante,Zhizhen Zhang,R,R,185.0,193.0,ARG,CHN,22.1,26.6,153.0,71.0,390.0,752.0,6.0,5.0,1.0,3.0,93.0,105.0,63.0,68.0,41.0,48.0,14.0,21.0,15.0,16.0,3.0,5.0,7.0,7.0,B,0
2023-520,Roland Garros,Clay,128,G,20230529,187,6-3 6-2 4-6 7-5,5,R64,185.0,134770,206748,4.0,,,Q,Casper Ruud,Giulio Zeppieri,R,L,183.0,183.0,NOR,ITA,24.4,21.4,4.0,129.0,4960.0,478.0,2.0,9.0,2.0,3.0,120.0,120.0,66.0,74.0,43.0,53.0,40.0,20.0,20.0,19.0,6.0,8.0,8.0,13.0,A,1
2023-520,Roland Garros,Clay,128,G,20230529,188,6-7(0) 7-6(7) 1-6 7-6(4) 7-5,5,R64,326.0,206173,127157,8.0,,,,Jannik Sinner,Daniel Altmaier,R,R,191.0,188.0,ITA,GER,21.7,24.7,9.0,79.0,3435.0,733.0,11.0,10.0,3.0,6.0,187.0,204.0,110.0,142.0,77.0,98.0,42.0,27.0,28.0,26.0,4.0,15.0,9.0,21.0,B,0
2023-520,Roland Garros,Clay,128,G,20230529,189,7-6(4) 6-3 6-4,5,R64,170.0,105777,200325,28.0,,,,Grigor Dimitrov,Emil Ruusuvuori,R,R,191.0,188.0,BUL,FIN,32.0,24.1,29.0,46.0,1275.0,956.0,5.0,5.0,1.0,2.0,107.0,105.0,56.0,60.0,38.0,37.0,29.0,21.0,16.0,15.0,5.0,9.0,9.0,15.0,A,1
2023-520,Roland Garros,Clay,128,G,20230529,190,6-4 6-2 6-1,5,R64,118.0,144684,100644,,22.0,,,Alex Molcan,Alexander Zverev,L,R,178.0,198.0,SVK,GER,25.4,26.1,86.0,27.0,705.0,1450.0,0.0,6.0,3.0,3.0,82.0,80.0,54.0,48.0,32.0,37.0,10.0,21.0,13.0,12.0,10.0,8.0,16.0,8.0,B,0
2023-520,Roland Garros,Clay,128,G,20230529,191,3-6 6-3 7-5 6-2,5,R64,164.0,106234,126207,,12.0,Q,,Aslan Karatsev,Frances Tiafoe,R,R,185.0,188.0,RUS,USA,29.7,25.3,62.0,12.0,818.0,2790.0,12.0,10.0,7.0,2.0,110.0,103.0,69.0,60.0,49.0,50.0,18.0,23.0,19.0,19.0,8.0,5.0,14.0,8.0,B,0
2023-520,Roland Garros,Clay,128,G,20230529,192,6-3 4-6 4-6 6-3 6-4,5,R64,263.0,106432,106398,15.0,,,,Borna Coric,Pedro Cachin,R,R,188.0,185.0,CRO,ARG,26.5,28.1,16.0,64.0,2410.0,803.0,1.0,6.0,2.0,3.0,157.0,144.0,79.0,91.0,57.0,62.0,44.0,27.0,24.0,24.0,9.0,7.0,13.0,13.0,A,1
2023-520,Roland Garros,Clay,128,G,20230529,193,6-3 7-6(2) 6-3,5,R64,166.0,144869,200282,,18.0,,,Tomas Martin Etcheverry,Alex De Minaur,R,R,196.0,183.0,ARG,AUS,23.8,24.2,49.0,19.0,920.0,1870.0,3.0,0.0,3.0,5.0,102.0,106.0,63.0,63.0,46.0,37.0,25.0,22.0,16.0,14.0,7.0,4.0,9.0,8.0,A,1
2023-520,Roland Garros,Clay,128,G,20230529,194,4-6 6-2 7-5 6-4,5,R64,186.0,106415,126845,27.0,,,,Yoshihito Nishioka,Max Purcell,L,R,170.0,185.0,JPN,AUS,27.6,25.1,33.0,68.0,1181.0,781.0,2.0,7.0,5.0,6.0,123.0,141.0,72.0,78.0,50.0,54.0,32.0,28.0,20.0,20.0,5.0,12.0,8.0,18.0,A,1
2023-520,Roland Garros,Clay,128,G,20230529,195,6-3 3-6 6-4 6-3,5,R64,175.0,205734,105550,,,Q,,Thiago Seyboth Wild,Guido Pella,R,L,185.0,183.0,BRA,ARG,23.2,33.0,172.0,423.0,349.0,105.0,8.0,1.0,9.0,5.0,124.0,106.0,64.0,70.0,43.0,43.0,35.0,21.0,19.0,18.0,9.0,7.0,12.0,12.0,A,1
2023-520,Roland Garros,Clay,128,G,20230529,196,6-1 6-4 6-2,5,R32,131.0,133430,207989,26.0,1.0,,,Denis Shapovalov,Carlos Alcaraz,L,R,185.0,183.0,CAN,ESP,24.1,20.0,32.0,1.0,1210.0,6815.0,0.0,0.0,10.0,1.0,87.0,80.0,49.0,58.0,25.0,38.0,14.0,15.0,12.0,13.0,9.0,4.0,16.0,6.0,B,0
2023-520,Roland Garros,Clay,128,G,20230529,197,6-1 6-2 6-4,5,R32,129.0,207518,111815,17.0,14.0,,,Lorenzo Musetti,Cameron Norrie,R,L,185.0,188.0,ITA,GBR,21.2,27.7,18.0,13.0,2040.0,2565.0,2.0,2.0,2.0,3.0,78.0,96.0,48.0,63.0,40.0,34.0,14.0,15.0,13.0,12.0,2.0,12.0,3.0,18.0,A,1
2023-520,Roland Garros,Clay,128,G,20230529,198,5-7 6-3 7-5 1-6 6-4,5,R32,235.0,104926,124116,,,,Q,Fabio Fognini,Sebastian Ofner,R,R,178.0,191.0,ITA,AUT,36.0,27.0,130.0,118.0,468.0,534.0,1.0,5.0,6.0,3.0,165.0,149.0,103.0,89.0,58.0,54.0,29.0,24.0,25.0,25.0,16.0,7.0,28.0,19.0,B,0
2023-520,Roland Garros,Clay,128,G,20230529,199,6-2 6-2 6-3,5,R32,124.0,106043,126774,,5.0,,,Diego Schwartzman,Stefanos Tsitsipas,R,R,170.0,193.0,ARG,GRE,30.7,24.7,95.0,5.0,660.0,4775.0,1.0,6.0,5.0,1.0,87.0,84.0,59.0,52.0,32.0,36.0,9.0,21.0,12.0,13.0,12.0,4.0,18.0,5.0,B,0
2023-520,Roland Garros,Clay,128,G,20230529,200,7-6(4) 7-6(5) 6-2,5,R32,216.0,104925,200221,3.0,29.0,,,Novak Djokovic,Alejandro Davidovich Fokina,R,R,188.0,183.0,SRB,ESP,36.0,23.9,3.0,34.0,5955.0,1115.0,1.0,3.0,6.0,2.0,114.0,120.0,74.0,81.0,48.0,41.0,16.0,19.0,16.0,16.0,3.0,10.0,8.0,17.0,A,1
2023-520,Roland Garros,Clay,128,G,20230529,201,3-6 6-3 7-6(3) 4-6 6-2,5,R32,232.0,128034,122669,13.0,,,,Hubert Hurkacz,Juan Pablo Varillas,R,R,196.0,185.0,POL,PER,26.2,27.6,14.0,94.0,2525.0,661.0,8.0,7.0,3.0,1.0,149.0,146.0,90.0,87.0,69.0,61.0,26.0,41.0,24.0,24.0,3.0,4.0,7.0,7.0,B,0
2023-520,Roland Garros,Clay,128,G,20230529,202,6-4 6-1 3-6 7-6(5),5,R32,223.0,106423,111575,,11.0,WC,,Thanasi Kokkinakis,Karen Khachanov,R,R,193.0,198.0,AUS,RUS,27.1,27.0,108.0,11.0,587.0,2945.0,6.0,5.0,1.0,3.0,138.0,120.0,79.0,77.0,54.0,50.0,26.0,29.0,19.0,19.0,12.0,4.0,17.0,7.0,B,0
2023-520,Roland Garros,Clay,128,G,20230529,203,5-7 0-6 6-3 7-6(5) 6-3,5,R32,223.0,126094,132283,7.0,,,,Andrey Rublev,Lorenzo Sonego,R,R,188.0,191.0,RUS,ITA,25.6,28.0,7.0,48.0,4270.0,925.0,9.0,8.0,4.0,5.0,135.0,157.0,73.0,105.0,55.0,76.0,36.0,24.0,23.0,25.0,5.0,5.0,9.0,11.0,B,0
2023-520,Roland Garros,Clay,128,G,20230529,204,6-4 6-1 6-3,5,R32,119.0,144821,208029,,6.0,Q,,Genaro Alberto Olivieri,Holger Rune,R,R,175.0,188.0,ARG,DEN,24.8,20.0,231.0,6.0,257.0,4375.0,2.0,4.0,3.0,4.0,83.0,78.0,55.0,57.0,29.0,40.0,7.0,10.0,13.0,13.0,12.0,5.0,20.0,8.0,B,0
2023-520,Roland Garros,Clay,128,G,20230529,205,3-6 6-3 6-4 7-5,5,R32,170.0,202103,126203,23.0,9.0,,,Francisco Cerundolo,Taylor Fritz,R,R,185.0,196.0,ARG,USA,24.7,25.5,23.0,8.0,1485.0,3470.0,1.0,9.0,4.0,4.0,134.0,119.0,110.0,94.0,71.0,64.0,12.0,10.0,20.0,20.0,11.0,15.0,15.0,21.0,A,1
2023-520,Roland Garros,Clay,128,G,20230529,206,6-2 6-3 6-7(7) 6-3,5,R32,175.0,111797,106218,,,,,Nicolas Jarry,Marcos Giron,R,R,201.0,180.0,CHI,USA,27.6,29.8,35.0,75.0,1112.0,740.0,15.0,6.0,3.0,3.0,112.0,128.0,77.0,90.0,65.0,62.0,20.0,13.0,20.0,18.0,1.0,2.0,2.0,7.0,A,1
2023-520,Roland Garros,Clay,128,G,20230529,207,4-6 6-4 6-1 6-4,5,R32,156.0,134770,111190,4.0,,,,Casper Ruud,Zhizhen Zhang,R,R,183.0,193.0,NOR,CHN,24.4,26.6,4.0,71.0,4960.0,752.0,6.0,6.0,3.0,2.0,116.0,100.0,85.0,80.0,60.0,46.0,15.0,13.0,19.0,18.0,7.0,5.0,10.0,11.0,A,1
2023-520,Roland Garros,Clay,128,G,20230529,208,6-4 6-3 6-1,5,R32,127.0,105777,127157,28.0,,,,Grigor Dimitrov,Daniel Altmaier,R,R,191.0,188.0,BUL,GER,32.0,24.7,29.0,79.0,1275.0,733.0,4.0,3.0,5.0,3.0,78.0,74.0,40.0,48.0,30.0,26.0,21.0,9.0,13.0,13.0,5.0,4.0,7.0,10.0,A,1
2023-520,Roland Garros,Clay,128,G,20230529,209,3-6 7-6(3) 6-1 7-6(5),5,R32,222.0,126207,100644,12.0,22.0,,,Frances Tiafoe,Alexander Zverev,R,R,188.0,198.0,USA,GER,25.3,26.1,12.0,27.0,2790.0,1450.0,3.0,13.0,2.0,10.0,132.0,144.0,94.0,93.0,61.0,66.0,13.0,25.0,19.0,21.0,9.0,5.0,14.0,10.0,B,0
2023-520,Roland Garros,Clay,128,G,20230529,210,6-3 7-6(5) 6-2,5,R32,182.0,106432,144869,15.0,,,,Borna Coric,Tomas Martin Etcheverry,R,R,188.0,196.0,CRO,ARG,26.5,23.8,16.0,49.0,2410.0,920.0,4.0,4.0,4.0,1.0,105.0,94.0,60.0,55.0,43.0,45.0,14.0,20.0,14.0,15.0,12.0,5.0,17.0,7.0,B,0
2023-520,Roland Garros,Clay,128,G,20230529,211,3-6 7-6(8) 2-6 6-4 6-0,5,R32,219.0,106415,205734,27.0,,,Q,Yoshihito Nishioka,Thiago Seyboth Wild,L,R,170.0,185.0,JPN,BRA,27.6,23.2,33.0,172.0,1181.0,349.0,2.0,10.0,3.0,9.0,149.0,158.0,105.0,96.0,68.0,63.0,21.0,34.0,22.0,23.0,3.0,10.0,8.0,16.0,A,1
2023-520,Roland Garros,Clay,128,G,20230529,212,6-3 6-2 6-2,5,R16,129.0,207989,207518,1.0,17.0,,,Carlos Alcaraz,Lorenzo Musetti,R,R,183.0,185.0,ESP,ITA,20.0,21.2,1.0,18.0,6815.0,2040.0,6.0,2.0,3.0,4.0,77.0,88.0,56.0,52.0,43.0,26.0,10.0,16.0,13.0,12.0,5.0,7.0,7.0,14.0,A,1
2023-520,Roland Garros,Clay,128,G,20230529,213,7-5 6-3 6-0,5,R16,108.0,126774,124116,5.0,,,Q,Stefanos Tsitsipas,Sebastian Ofner,R,R,193.0,191.0,GRE,AUT,24.7,27.0,5.0,118.0,4775.0,534.0,3.0,4.0,3.0,3.0,83.0,76.0,59.0,41.0,45.0,27.0,13.0,14.0,14.0,13.0,2.0,5.0,3.0,11.0,A,1
2023-520,Roland Garros,Clay,128,G,20230529,214,6-3 6-2 6-2,5,R16,117.0,122669,104925,,3.0,,,Juan Pablo Varillas,Novak Djokovic,R,R,185.0,188.0,PER,SRB,27.6,36.0,94.0,3.0,661.0,5955.0,3.0,7.0,0.0,3.0,72.0,70.0,47.0,56.0,25.0,47.0,11.0,5.0,12.0,13.0,6.0,2.0,12.0,3.0,B,0
2023-520,Roland Garros,Clay,128,G,20230529,215,1-6 6-4 7-6(7) 6-1,5,R16,210.0,111575,132283,11.0,,,,Karen Khachanov,Lorenzo Sonego,R,R,198.0,191.0,RUS,ITA,27.0,28.0,11.0,48.0,2945.0,925.0,12.0,8.0,1.0,5.0,132.0,121.0,76.0,74.0,57.0,51.0,28.0,23.0,19.0,17.0,10.0,8.0,14.0,12.0,A,1
2023-520,Roland Garros,Clay,128,G,20230529,216,7-6(3) 3-6 6-4 1-6 7-6(7),5,R16,239.0,208029,202103,6.0,23.0,,,Holger Rune,Francisco Cerundolo,R,R,188.0,185.0,DEN,ARG,20.0,24.7,6.0,23.0,4375.0,1485.0,8.0,5.0,10.0,6.0,173.0,166.0,102.0,110.0,67.0,74.0,39.0,34.0,25.0,25.0,13.0,4.0,20.0,8.0,A,1
2023-520,Roland Garros,Clay,128,G,20230529,217,7-6(3) 7-5 7-5,5,R16,200.0,134770,111797,4.0,,,,Casper Ruud,Nicolas Jarry,R,R,183.0,201.0,NOR,CHI,24.4,27.6,4.0,35.0,4960.0,1112.0,10.0,11.0,5.0,4.0,126.0,134.0,80.0,89.0,57.0,59.0,23.0,18.0,18.0,18.0,14.0,8.0,17.0,13.0,A,1
2023-520,Roland Garros,Clay,128,G,20230529,218,6-1 6-4 6-3,5,R16,138.0,105777,100644,28.0,22.0,,,Grigor Dimitrov,Alexander Zverev,R,R,191.0,198.0,BUL,GER,32.0,26.1,29.0,27.0,1275.0,1450.0,0.0,4.0,6.0,7.0,83.0,92.0,46.0,60.0,28.0,47.0,10.0,11.0,13.0,13.0,8.0,14.0,15.0,16.0,B,0
2023-520,Roland Garros,Clay,128,G,20230529,219,7-6(8) 6-0 6-1,5,R16,124.0,106415,144869,27.0,,,,Yoshihito Nishioka,Tomas Martin Etcheverry,L,R,170.0,196.0,JPN,ARG,27.6,23.8,33.0,49.0,1181.0,920.0,3.0,12.0,2.0,0.0,73.0,85.0,62.0,79.0,33.0,57.0,6.0,4.0,12.0,13.0,3.0,4.0,9.0,5.0,B,0
2023-520,Roland Garros,Clay,128,G,20230529,220,6-2 6-1 7-6(5),5,QF,133.0,126774,207989,5.0,1.0,,,Stefanos Tsitsipas,Carlos Alcaraz,R,R,193.0,183.0,GRE,ESP,24.7,20.0,5.0,1.0,4775.0,6815.0,5.0,6.0,5.0,1.0,95.0,75.0,56.0,58.0,34.0,46.0,16.0,11.0,14.0,13.0,6.0,1.0,12.0,2.0,B,0
2023-520,Roland Garros,Clay,128,G,20230529,221,4-6 7-6(0) 6-2 6-4,5,QF,219.0,111575,104925,11.0,3.0,,,Karen Khachanov,Novak Djokovic,R,R,198.0,188.0,RUS,SRB,27.0,36.0,11.0,3.0,2945.0,5955.0,7.0,11.0,4.0,5.0,133.0,132.0,75.0,78.0,49.0,60.0,30.0,32.0,20.0,20.0,4.0,8.0,8.0,10.0,B,0
2023-520,Roland Garros,Clay,128,G,20230529,222,6-1 6-2 3-6 6-3,5,QF,165.0,208029,134770,6.0,4.0,,,Holger Rune,Casper Ruud,R,R,188.0,183.0,DEN,NOR,20.0,24.4,6.0,4.0,4375.0,4960.0,1.0,5.0,9.0,5.0,113.0,110.0,61.0,69.0,39.0,50.0,25.0,24.0,16.0,17.0,8.0,6.0,13.0,7.0,B,0
2023-520,Roland Garros,Clay,128,G,20230529,223,6-4 3-6 6-3 6-4,5,QF,202.0,144869,100644,,22.0,,,Tomas Martin Etcheverry,Alexander Zverev,R,R,196.0,198.0,ARG,GER,23.8,26.1,49.0,27.0,920.0,1450.0,8.0,7.0,2.0,9.0,116.0,116.0,72.0,78.0,52.0,59.0,18.0,15.0,19.0,19.0,6.0,6.0,11.0,9.0,B,0
2023-520,Roland Garros,Clay,128,G,20230529,224,6-3 5-7 6-1 6-1,5,SF,204.0,207989,104925,1.0,3.0,,,Carlos Alcaraz,Novak Djokovic,R,R,183.0,188.0,ESP,SRB,20.0,36.0,1.0,3.0,6815.0,5955.0,3.0,8.0,2.0,3.0,103.0,125.0,74.0,88.0,40.0,63.0,14.0,16.0,17.0,18.0,5.0,10.0,12.0,12.0,B,0
2023-520,Roland Garros,Clay,128,G,20230529,225,6-3 6-4 6-0,5,SF,129.0,100644,134770,22.0,4.0,,,Alexander Zverev,Casper Ruud,R,R,198.0,183.0,GER,NOR,26.1,24.4,27.0,4.0,1450.0,4960.0,3.0,5.0,2.0,1.0,69.0,89.0,47.0,55.0,26.0,39.0,10.0,18.0,12.0,13.0,4.0,8.0,10.0,9.0,B,0
2023-520,Roland Garros,Clay,128,G,20230529,226,7-6(1) 6-3 7-5,5,F,194.0,104925,134770,3.0,4.0,,,Novak Djokovic,Casper Ruud,R,R,188.0,183.0,SRB,NOR,36.0,24.4,3.0,4.0,5955.0,4960.0,11.0,4.0,1.0,1.0,101.0,106.0,74.0,68.0,59.0,39.0,17.0,25.0,17.0,16.0,3.0,7.0,4.0,10.0,A,1
2023-0440,s Hertogenbosch,Grass,32,A,20230612,300,6-7(4) 7-6(3) 6-3,3,F,155.0,134868,111442,6.0,,,,Tallon Griekspoor,Jordan Thompson,R,R,188.0,183.0,NED,AUS,26.9,29.1,38.0,103.0,1024.0,593.0,9.0,12.0,1.0,0.0,126.0,89.0,93.0,57.0,63.0,40.0,18.0,22.0,17.0,16.0,5.0,2.0,7.0,5.0,A,1
2023-0440,s Hertogenbosch,Grass,32,A,20230612,299,7-6(5) 6-3,3,SF,116.0,208014,111442,,,LL,,Rinky Hijikata,Jordan Thompson,R,R,178.0,183.0,AUS,AUS,22.2,29.1,133.0,103.0,449.0,593.0,3.0,4.0,1.0,0.0,76.0,68.0,44.0,39.0,30.0,31.0,20.0,21.0,10.0,11.0,1.0,1.0,2.0,1.0,B,0
2023-0440,s Hertogenbosch,Grass,32,A,20230612,298,6-4 7-5,3,SF,88.0,200325,134868,,6.0,,,Emil Ruusuvuori,Tallon Griekspoor,R,R,188.0,188.0,FIN,NED,24.1,26.9,42.0,38.0,956.0,1024.0,12.0,9.0,2.0,2.0,60.0,64.0,35.0,38.0,29.0,33.0,14.0,15.0,11.0,11.0,4.0,4.0,6.0,4.0,B,0
2023-0440,s Hertogenbosch,Grass,32,A,20230612,297,5-7 7-6(2) 6-2,3,QF,152.0,111442,105173,,,,,Jordan Thompson,Adrian Mannarino,R,L,183.0,180.0,AUS,FRA,29.1,34.9,103.0,52.0,593.0,847.0,12.0,4.0,1.0,6.0,85.0,108.0,48.0,64.0,37.0,43.0,28.0,24.0,16.0,16.0,0.0,6.0,2.0,9.0,A,1
2023-0440,s Hertogenbosch,Grass,32,A,20230612,296,5-7 6-3 6-1,3,QF,134.0,111456,208014,,,,LL,Mackenzie Mcdonald,Rinky Hijikata,R,R,178.0,178.0,USA,AUS,28.1,22.2,68.0,133.0,765.0,449.0,8.0,5.0,4.0,2.0,86.0,91.0,52.0,54.0,29.0,40.0,18.0,18.0,14.0,14.0,4.0,7.0,9.0,9.0,B,0
2023-0440,s Hertogenbosch,Grass,32,A,20230612,295,4-6 6-3 6-4,3,QF,110.0,200282,134868,4.0,6.0,,,Alex De Minaur,Tallon Griekspoor,R,R,183.0,188.0,AUS,NED,24.3,26.9,18.0,38.0,1905.0,1024.0,8.0,14.0,1.0,4.0,69.0,99.0,40.0,67.0,33.0,53.0,19.0,14.0,14.0,15.0,1.0,13.0,3.0,14.0,B,0
2023-0440,s Hertogenbosch,Grass,32,A,20230612,294,6-3 6-4,3,QF,80.0,206173,200325,2.0,,,,Jannik Sinner,Emil Ruusuvuori,R,R,191.0,188.0,ITA,FIN,21.8,24.1,9.0,42.0,3300.0,956.0,3.0,2.0,1.0,3.0,57.0,52.0,38.0,29.0,24.0,29.0,10.0,11.0,9.0,10.0,2.0,0.0,4.0,0.0,B,0
2023-0440,s Hertogenbosch,Grass,32,A,20230612,293,4-6 6-4 6-2,3,R16,119.0,105173,106421,,1.0,,,Adrian Mannarino,Daniil Medvedev,L,R,180.0,198.0,FRA,RUS,34.9,27.3,52.0,3.0,847.0,6100.0,1.0,8.0,1.0,5.0,78.0,77.0,42.0,45.0,26.0,32.0,26.0,15.0,14.0,14.0,4.0,1.0,7.0,6.0,A,1
2023-0440,s Hertogenbosch,Grass,32,A,20230612,292,7-6(4) 6-1,3,R16,92.0,111442,105683,,,,PR,Jordan Thompson,Milos Raonic,R,R,183.0,196.0,AUS,CAN,29.1,32.4,103.0,,593.0,,5.0,9.0,0.0,8.0,60.0,69.0,41.0,44.0,35.0,30.0,13.0,12.0,10.0,9.0,2.0,2.0,2.0,4.0,A,1
2023-0440,s Hertogenbosch,Grass,32,A,20230612,291,6-4 6-4,3,R16,86.0,111456,106432,,3.0,,,Mackenzie Mcdonald,Borna Coric,R,R,178.0,188.0,USA,CRO,28.1,26.5,68.0,15.0,765.0,2430.0,4.0,5.0,0.0,7.0,55.0,63.0,33.0,36.0,27.0,27.0,14.0,10.0,10.0,10.0,1.0,4.0,1.0,6.0,A,1
2023-0440,s Hertogenbosch,Grass,32,A,20230612,290,2-6 7-5 6-3,3,R16,122.0,208014,144817,,,LL,,Rinky Hijikata,Marc Andrea Huesler,R,L,178.0,196.0,AUS,SUI,22.2,26.9,133.0,82.0,449.0,704.0,2.0,12.0,4.0,5.0,81.0,94.0,49.0,52.0,40.0,36.0,19.0,25.0,15.0,14.0,2.0,8.0,4.0,10.0,A,1
2023-0440,s Hertogenbosch,Grass,32,A,20230612,289,6-3 6-2,3,R16,60.0,134868,200615,6.0,,,,Tallon Griekspoor,Alexei Popyrin,R,R,188.0,196.0,NED,AUS,26.9,23.8,38.0,90.0,1024.0,662.0,5.0,5.0,1.0,0.0,46.0,41.0,25.0,20.0,20.0,16.0,16.0,9.0,9.0,8.0,0.0,0.0,0.0,3.0,A,1
2023-0440,s Hertogenbosch,Grass,32,A,20230612,288,6-1 6-7(5) 6-3,3,R16,131.0,111513,200282,,4.0,,,Laslo Djere,Alex De Minaur,R,R,188.0,183.0,SRB,AUS,28.0,24.3,60.0,18.0,810.0,1905.0,7.0,7.0,1.0,6.0,90.0,104.0,56.0,63.0,39.0,46.0,17.0,25.0,13.0,15.0,5.0,5.0,8.0,5.0,B,0
2023-0440,s Hertogenbosch,Grass,32,A,20230612,287,6-2 6-7(6) 6-4,3,R16,156.0,200325,200005,,7.0,,,Emil Ruusuvuori,Ugo Humbert,R,L,188.0,188.0,FIN,FRA,24.1,24.9,42.0,36.0,956.0,1061.0,8.0,7.0,2.0,6.0,103.0,100.0,71.0,56.0,50.0,42.0,19.0,21.0,15.0,15.0,7.0,4.0,8.0,8.0,A,1
2023-0440,s Hertogenbosch,Grass,32,A,20230612,286,6-4 6-2,3,R16,83.0,122330,206173,,2.0,,,Alexander Bublik,Jannik Sinner,R,R,196.0,191.0,KAZ,ITA,25.9,21.8,47.0,9.0,880.0,3300.0,9.0,8.0,6.0,0.0,77.0,49.0,45.0,32.0,29.0,27.0,13.0,10.0,9.0,9.0,9.0,1.0,12.0,1.0,B,0
2023-0440,s Hertogenbosch,Grass,32,A,20230612,284,7-6(1) 6-4,3,R32,100.0,209950,105173,,,Q,,Arthur Fils,Adrian Mannarino,R,L,185.0,180.0,FRA,FRA,18.9,34.9,66.0,52.0,790.0,847.0,11.0,5.0,4.0,6.0,72.0,74.0,42.0,42.0,34.0,34.0,13.0,19.0,11.0,11.0,1.0,4.0,2.0,4.0,B,0
2023-0440,s Hertogenbosch,Grass,32,A,20230612,283,6-4 7-6(3),3,R32,97.0,111442,208659,,,,Q,Jordan Thompson,Giovanni Mpetshi Perricard,R,R,183.0,203.0,AUS,FRA,29.1,19.9,103.0,233.0,593.0,248.0,4.0,14.0,1.0,4.0,68.0,73.0,42.0,45.0,34.0,37.0,16.0,12.0,11.0,11.0,2.0,3.0,2.0,4.0,A,1
2023-0440,s Hertogenbosch,Grass,32,A,20230612,282,6-3 6-4,3,R32,84.0,105683,200175,,5.0,PR,,Milos Raonic,Miomir Kecmanovic,R,R,196.0,183.0,CAN,SRB,32.4,23.7,,39.0,,985.0,15.0,4.0,7.0,1.0,57.0,74.0,37.0,49.0,34.0,32.0,8.0,11.0,10.0,9.0,4.0,7.0,5.0,10.0,A,1
2023-0440,s Hertogenbosch,Grass,32,A,20230612,280,6-4 6-3,3,R32,81.0,125802,111456,,,,,Ilya Ivashka,Mackenzie Mcdonald,R,R,193.0,178.0,BLR,USA,29.2,28.1,87.0,68.0,672.0,765.0,5.0,5.0,4.0,1.0,56.0,62.0,27.0,43.0,20.0,29.0,13.0,13.0,9.0,10.0,3.0,6.0,6.0,7.0,B,0
2023-0440,s Hertogenbosch,Grass,32,A,20230612,279,6-7(5) 6-3 6-2,3,R32,138.0,133835,208014,,,WC,LL,Gijs Brouwer,Rinky Hijikata,L,R,191.0,178.0,NED,AUS,27.2,22.2,145.0,133.0,413.0,449.0,12.0,8.0,7.0,0.0,99.0,112.0,68.0,69.0,47.0,51.0,11.0,23.0,14.0,15.0,5.0,4.0,9.0,5.0,B,0
2023-0440,s Hertogenbosch,Grass,32,A,20230612,278,6-2 7-6(2),3,R32,99.0,202195,144817,8.0,,,,Maxime Cressy,Marc Andrea Huesler,R,L,201.0,196.0,USA,SUI,26.0,26.9,40.0,82.0,975.0,704.0,10.0,6.0,14.0,2.0,78.0,60.0,44.0,31.0,30.0,23.0,13.0,20.0,10.0,10.0,4.0,4.0,7.0,5.0,B,0
2023-0440,s Hertogenbosch,Grass,32,A,20230612,277,6-2 3-6 6-3,3,R32,107.0,134868,144707,6.0,,,,Tallon Griekspoor,Mikael Ymer,R,R,188.0,183.0,NED,SWE,26.9,24.7,38.0,62.0,1024.0,796.0,8.0,5.0,1.0,4.0,74.0,98.0,53.0,68.0,39.0,41.0,14.0,15.0,13.0,13.0,0.0,7.0,1.0,10.0,A,1
2023-0440,s Hertogenbosch,Grass,32,A,20230612,276,6-3 7-6(6),3,R32,85.0,200615,126239,,,,WC,Alexei Popyrin,Arthur Rinderknech,R,R,196.0,196.0,AUS,FRA,23.8,27.8,90.0,85.0,662.0,681.0,8.0,7.0,2.0,3.0,62.0,62.0,40.0,41.0,35.0,37.0,17.0,8.0,11.0,10.0,1.0,3.0,1.0,4.0,A,1
2023-0440,s Hertogenbosch,Grass,32,A,20230612,275,6-4 6-2,3,R32,81.0,111513,105575,,,,Q,Laslo Djere,Ricardas Berankis,R,R,188.0,175.0,SRB,LTU,28.0,32.9,60.0,212.0,810.0,271.0,6.0,5.0,6.0,3.0,58.0,66.0,35.0,39.0,27.0,26.0,13.0,11.0,9.0,9.0,1.0,2.0,1.0,5.0,A,1
2023-0440,s Hertogenbosch,Grass,32,A,20230612,273,6-4 6-2,3,R32,83.0,200005,106186,7.0,,,,Ugo Humbert,Jason Kubler,L,R,188.0,178.0,FRA,AUS,24.9,30.0,36.0,97.0,1061.0,627.0,11.0,5.0,4.0,3.0,49.0,67.0,28.0,37.0,22.0,25.0,15.0,14.0,9.0,9.0,1.0,5.0,1.0,8.0,A,1
2023-0440,s Hertogenbosch,Grass,32,A,20230612,272,6-3 3-6 6-3,3,R32,120.0,200325,206909,,,,,Emil Ruusuvuori,Brandon Nakashima,R,R,188.0,188.0,FIN,USA,24.1,21.8,42.0,54.0,956.0,842.0,13.0,1.0,6.0,3.0,87.0,67.0,46.0,43.0,36.0,32.0,23.0,15.0,14.0,13.0,5.0,3.0,6.0,5.0,A,1
2023-0440,s Hertogenbosch,Grass,32,A,20230612,271,7-5 7-5,3,R32,97.0,105676,122330,,,Q,,David Goffin,Alexander Bublik,R,R,180.0,196.0,BEL,KAZ,32.5,25.9,126.0,47.0,490.0,880.0,1.0,8.0,3.0,8.0,69.0,78.0,39.0,35.0,27.0,28.0,13.0,23.0,12.0,12.0,4.0,3.0,8.0,5.0,B,0
2023-0321,Stuttgart,Grass,32,A,20230612,300,4-6 7-6(1) 7-6(8),3,F,129.0,126207,105526,3.0,,,,Frances Tiafoe,Jan Lennard Struff,R,R,188.0,193.0,USA,GER,25.3,33.1,12.0,24.0,2835.0,1437.0,13.0,28.0,2.0,8.0,98.0,117.0,59.0,72.0,49.0,57.0,28.0,24.0,17.0,17.0,0.0,3.0,1.0,3.0,A,1
2023-0321,Stuttgart,Grass,32,A,20230612,299,3-6 6-3 6-3,3,SF,86.0,128034,105526,4.0,,,,Hubert Hurkacz,Jan Lennard Struff,R,R,196.0,193.0,POL,GER,26.3,33.1,14.0,24.0,2435.0,1437.0,21.0,11.0,0.0,4.0,81.0,66.0,60.0,44.0,45.0,36.0,9.0,14.0,14.0,13.0,2.0,1.0,5.0,2.0,B,0
2023-0321,Stuttgart,Grass,32,A,20230612,298,6-3 7-6(11),3,SF,95.0,105916,126207,,3.0,Q,,Marton Fucsovics,Frances Tiafoe,R,R,188.0,188.0,HUN,USA,31.3,25.3,86.0,12.0,675.0,2835.0,14.0,3.0,2.0,4.0,68.0,77.0,39.0,41.0,30.0,36.0,18.0,19.0,10.0,11.0,1.0,0.0,2.0,0.0,B,0
2023-0321,Stuttgart,Grass,32,A,20230612,297,6-4 7-5,3,QF,74.0,104755,105526,,,,,Richard Gasquet,Jan Lennard Struff,R,R,183.0,193.0,FRA,GER,36.9,33.1,55.0,24.0,840.0,1437.0,7.0,18.0,4.0,2.0,64.0,59.0,35.0,35.0,24.0,32.0,19.0,14.0,11.0,11.0,3.0,1.0,5.0,1.0,B,0
2023-0321,Stuttgart,Grass,32,A,20230612,296,6-4 6-4,3,QF,86.0,128034,106331,4.0,,,,Hubert Hurkacz,Christopher Oconnell,R,R,196.0,183.0,POL,AUS,26.3,29.0,14.0,74.0,2435.0,731.0,16.0,5.0,0.0,1.0,53.0,73.0,34.0,39.0,31.0,29.0,10.0,15.0,10.0,10.0,0.0,6.0,0.0,8.0,A,1
2023-0321,Stuttgart,Grass,32,A,20230612,295,6-7(6) 7-6(4) 6-2,3,QF,161.0,126207,207518,3.0,6.0,,,Frances Tiafoe,Lorenzo Musetti,R,R,188.0,185.0,USA,ITA,25.3,21.2,12.0,17.0,2835.0,2095.0,10.0,17.0,4.0,7.0,110.0,117.0,64.0,68.0,50.0,53.0,21.0,18.0,16.0,16.0,3.0,4.0,6.0,9.0,A,1
2023-0321,Stuttgart,Grass,32,A,20230612,294,6-4 7-5,3,QF,100.0,105916,126203,,2.0,Q,,Marton Fucsovics,Taylor Fritz,R,R,188.0,196.0,HUN,USA,31.3,25.6,86.0,8.0,675.0,3515.0,4.0,8.0,6.0,3.0,74.0,79.0,43.0,50.0,36.0,36.0,15.0,13.0,11.0,11.0,1.0,6.0,1.0,8.0,A,1
2023-0321,Stuttgart,Grass,32,A,20230612,293,7-6(8) 2-6 7-5,3,R16,137.0,126774,104755,1.0,,,,Stefanos Tsitsipas,Richard Gasquet,R,R,193.0,183.0,GRE,FRA,24.8,36.9,5.0,55.0,4920.0,840.0,19.0,5.0,4.0,6.0,112.0,97.0,70.0,54.0,53.0,44.0,22.0,22.0,16.0,16.0,8.0,2.0,10.0,5.0,B,0
2023-0321,Stuttgart,Grass,32,A,20230612,292,7-6(4) 7-6(5),3,R16,89.0,126205,105526,5.0,,,,Tommy Paul,Jan Lennard Struff,R,R,185.0,193.0,USA,GER,26.0,33.1,16.0,24.0,2205.0,1437.0,10.0,21.0,2.0,2.0,83.0,70.0,56.0,50.0,42.0,45.0,13.0,10.0,12.0,12.0,6.0,1.0,7.0,2.0,B,0
2023-0321,Stuttgart,Grass,32,A,20230612,291,4-6 7-6(5) 7-6(5),3,R16,143.0,133297,128034,,4.0,Q,,Yosuke Watanuki,Hubert Hurkacz,R,R,180.0,196.0,JPN,POL,25.1,26.3,121.0,14.0,515.0,2435.0,27.0,21.0,8.0,5.0,118.0,111.0,62.0,68.0,53.0,56.0,33.0,26.0,17.0,17.0,5.0,2.0,5.0,3.0,B,0
2023-0321,Stuttgart,Grass,32,A,20230612,290,7-6(5) 6-3,3,R16,113.0,132283,106331,,,,,Lorenzo Sonego,Christopher Oconnell,R,R,191.0,183.0,ITA,AUS,28.0,29.0,41.0,74.0,970.0,731.0,11.0,7.0,2.0,2.0,67.0,86.0,46.0,61.0,38.0,44.0,8.0,16.0,10.0,11.0,3.0,5.0,4.0,5.0,B,0
2023-0321,Stuttgart,Grass,32,A,20230612,289,6-3 6-3,3,R16,96.0,106296,207518,,6.0,,,Gregoire Barrere,Lorenzo Musetti,R,R,183.0,185.0,FRA,ITA,29.3,21.2,58.0,17.0,815.0,2095.0,4.0,8.0,2.0,2.0,64.0,71.0,34.0,39.0,22.0,32.0,14.0,17.0,9.0,9.0,2.0,7.0,5.0,7.0,B,0
2023-0321,Stuttgart,Grass,32,A,20230612,288,7-6(2) 6-4,3,R16,77.0,208103,126207,,3.0,,,Jiri Lehecka,Frances Tiafoe,R,R,185.0,188.0,CZE,USA,21.5,25.3,37.0,12.0,1038.0,2835.0,8.0,9.0,2.0,5.0,59.0,71.0,41.0,44.0,35.0,37.0,8.0,17.0,11.0,11.0,0.0,3.0,1.0,3.0,B,0
2023-0321,Stuttgart,Grass,32,A,20230612,287,6-4 4-6 6-4,3,R16,126.0,105916,200059,,,Q,,Marton Fucsovics,Yibing Wu,R,R,188.0,183.0,HUN,CHN,31.3,23.6,86.0,64.0,675.0,794.0,6.0,3.0,4.0,1.0,83.0,86.0,45.0,62.0,36.0,39.0,18.0,15.0,15.0,15.0,2.0,4.0,5.0,8.0,A,1
2023-0321,Stuttgart,Grass,32,A,20230612,286,7-6(4) 6-3,3,R16,83.0,126203,106234,2.0,,,,Taylor Fritz,Aslan Karatsev,R,R,196.0,185.0,USA,RUS,25.6,29.7,8.0,48.0,3515.0,878.0,14.0,10.0,7.0,4.0,79.0,61.0,48.0,35.0,41.0,29.0,15.0,15.0,11.0,10.0,2.0,1.0,2.0,2.0,A,1
2023-0321,Stuttgart,Grass,32,A,20230612,284,7-6(2) 6-4,3,R32,99.0,104755,111153,,,,Q,Richard Gasquet,Christopher Eubanks,R,R,183.0,201.0,FRA,USA,36.9,27.1,55.0,75.0,840.0,730.0,6.0,15.0,2.0,3.0,62.0,85.0,35.0,55.0,28.0,38.0,19.0,12.0,11.0,11.0,0.0,2.0,1.0,4.0,A,1
2023-0321,Stuttgart,Grass,32,A,20230612,283,6-1 6-4,3,R32,57.0,105526,111190,,,,,Jan Lennard Struff,Zhizhen Zhang,R,R,193.0,193.0,GER,CHN,33.1,26.6,24.0,56.0,1437.0,836.0,7.0,4.0,3.0,2.0,45.0,53.0,26.0,29.0,21.0,18.0,12.0,9.0,9.0,8.0,0.0,2.0,1.0,6.0,A,1
2023-0321,Stuttgart,Grass,32,A,20230612,282,6-3 6-4,3,R32,64.0,126127,126205,,5.0,,,Benjamin Bonzi,Tommy Paul,R,R,183.0,185.0,FRA,USA,27.0,26.0,76.0,16.0,728.0,2205.0,4.0,5.0,3.0,2.0,68.0,44.0,37.0,27.0,25.0,26.0,16.0,14.0,9.0,10.0,7.0,0.0,9.0,0.0,B,0
2023-0321,Stuttgart,Grass,32,A,20230612,280,7-6(5) 6-3,3,R32,91.0,103852,133297,,,WC,Q,Feliciano Lopez,Yosuke Watanuki,L,R,188.0,180.0,ESP,JPN,41.7,25.1,580.0,121.0,55.0,515.0,12.0,17.0,6.0,3.0,71.0,71.0,35.0,46.0,22.0,39.0,23.0,13.0,10.0,11.0,3.0,1.0,4.0,1.0,B,0
2023-0321,Stuttgart,Grass,32,A,20230612,279,6-3 6-1,3,R32,56.0,106331,127157,,,,,Christopher Oconnell,Daniel Altmaier,R,R,183.0,188.0,AUS,GER,29.0,24.7,74.0,59.0,731.0,813.0,4.0,6.0,0.0,2.0,39.0,43.0,23.0,30.0,21.0,15.0,11.0,6.0,8.0,8.0,0.0,0.0,0.0,4.0,A,1
2023-0321,Stuttgart,Grass,32,A,20230612,278,6-1 6-2,3,R32,71.0,126610,132283,7.0,,,,Matteo Berrettini,Lorenzo Sonego,R,R,196.0,191.0,ITA,ITA,27.1,28.0,21.0,41.0,1582.0,970.0,5.0,3.0,1.0,1.0,42.0,52.0,24.0,41.0,14.0,31.0,6.0,5.0,7.0,8.0,2.0,6.0,6.0,6.0,B,0
2023-0321,Stuttgart,Grass,32,A,20230612,277,7-6(4) 6-3,3,R32,89.0,207518,127339,6.0,,,Q,Lorenzo Musetti,Borna Gojo,R,R,185.0,196.0,ITA,CRO,21.2,25.2,17.0,111.0,2095.0,551.0,7.0,9.0,9.0,1.0,76.0,58.0,40.0,37.0,35.0,31.0,20.0,12.0,11.0,10.0,5.0,1.0,5.0,2.0,A,1
2023-0321,Stuttgart,Grass,32,A,20230612,276,6-4 6-3,3,R32,74.0,106296,106214,,,,WC,Gregoire Barrere,Oscar Otte,R,R,183.0,193.0,FRA,GER,29.3,29.9,58.0,141.0,815.0,431.0,5.0,7.0,4.0,8.0,57.0,65.0,33.0,32.0,27.0,24.0,14.0,14.0,9.0,10.0,5.0,4.0,5.0,7.0,A,1
2023-0321,Stuttgart,Grass,32,A,20230612,275,4-6 6-3 6-4,3,R32,104.0,208103,106218,,,,,Jiri Lehecka,Marcos Giron,R,R,185.0,180.0,CZE,USA,21.5,29.8,37.0,57.0,1038.0,820.0,12.0,10.0,6.0,7.0,79.0,91.0,46.0,48.0,43.0,39.0,16.0,19.0,15.0,14.0,3.0,8.0,5.0,11.0,A,1
2023-0321,Stuttgart,Grass,32,A,20230612,273,7-5 6-3,3,R32,68.0,106401,200059,8.0,,,,Nick Kyrgios,Yibing Wu,R,R,193.0,183.0,AUS,CHN,28.1,23.6,25.0,64.0,1375.0,794.0,15.0,5.0,5.0,2.0,58.0,68.0,40.0,43.0,30.0,33.0,7.0,16.0,10.0,11.0,1.0,2.0,3.0,2.0,B,0
2023-0321,Stuttgart,Grass,32,A,20230612,272,3-6 6-3 6-4,3,R32,119.0,105916,133430,,,Q,,Marton Fucsovics,Denis Shapovalov,R,L,188.0,185.0,HUN,CAN,31.3,24.1,86.0,29.0,675.0,1290.0,7.0,2.0,3.0,11.0,74.0,85.0,49.0,37.0,38.0,28.0,15.0,24.0,14.0,14.0,0.0,6.0,2.0,9.0,A,1
2023-0321,Stuttgart,Grass,32,A,20230612,271,7-6(0) 6-7(8) 7-5,3,R32,189.0,106234,144895,,,,,Aslan Karatsev,Corentin Moutet,R,L,185.0,180.0,RUS,FRA,29.7,24.1,48.0,77.0,878.0,723.0,8.0,14.0,13.0,10.0,139.0,131.0,80.0,80.0,59.0,55.0,31.0,28.0,18.0,18.0,12.0,7.0,14.0,10.0,A,1
2023-0500,Halle,Grass,32,A,20230619,300,6-3 3-6 6-3,3,F,94.0,122330,126094,,3.0,,,Alexander Bublik,Andrey Rublev,R,R,196.0,188.0,KAZ,RUS,26.0,25.6,48.0,7.0,877.0,4000.0,21.0,11.0,12.0,2.0,78.0,77.0,45.0,52.0,41.0,40.0,16.0,11.0,14.0,13.0,3.0,4.0,4.0,6.0,A,1
2023-0500,Halle,Grass,32,A,20230619,299,6-3 6-4,3,SF,101.0,105138,126094,8.0,3.0,,,Roberto Bautista Agut,Andrey Rublev,R,R,183.0,188.0,ESP,RUS,35.1,25.6,23.0,7.0,1450.0,4000.0,3.0,12.0,0.0,1.0,69.0,71.0,41.0,41.0,26.0,33.0,12.0,12.0,10.0,9.0,8.0,5.0,12.0,6.0,B,0
2023-0500,Halle,Grass,32,A,20230619,298,6-3 7-5,3,SF,87.0,100644,122330,9.0,,,,Alexander Zverev,Alexander Bublik,R,R,198.0,196.0,GER,KAZ,26.1,26.0,22.0,48.0,1450.0,877.0,9.0,14.0,2.0,7.0,55.0,60.0,39.0,34.0,29.0,32.0,7.0,14.0,10.0,11.0,3.0,1.0,5.0,1.0,B,0
2023-0500,Halle,Grass,32,A,20230619,297,7-5 7-6(3),3,QF,113.0,105138,106421,8.0,1.0,,,Roberto Bautista Agut,Daniil Medvedev,R,R,183.0,198.0,ESP,RUS,35.1,27.3,23.0,3.0,1450.0,5845.0,0.0,12.0,1.0,4.0,71.0,88.0,52.0,60.0,41.0,43.0,12.0,12.0,12.0,12.0,1.0,5.0,2.0,7.0,A,1
2023-0500,Halle,Grass,32,A,20230619,296,3-6 6-3 6-4,3,QF,99.0,134868,126094,,3.0,,,Tallon Griekspoor,Andrey Rublev,R,R,188.0,188.0,NED,RUS,26.9,25.6,29.0,7.0,1209.0,4000.0,16.0,13.0,2.0,1.0,92.0,75.0,62.0,54.0,46.0,42.0,10.0,10.0,14.0,14.0,6.0,3.0,10.0,6.0,B,0
2023-0500,Halle,Grass,32,A,20230619,295,7-5 2-0 RET,3,QF,57.0,206173,122330,4.0,,,,Jannik Sinner,Alexander Bublik,R,R,191.0,196.0,ITA,KAZ,21.8,26.0,9.0,48.0,3300.0,877.0,2.0,6.0,2.0,1.0,37.0,38.0,22.0,26.0,14.0,21.0,6.0,6.0,7.0,7.0,0.0,0.0,3.0,1.0,B,0
2023-0500,Halle,Grass,32,A,20230619,294,7-5 6-3,3,QF,117.0,111797,100644,,9.0,,,Nicolas Jarry,Alexander Zverev,R,R,201.0,198.0,CHI,GER,27.6,26.1,28.0,22.0,1276.0,1450.0,6.0,12.0,1.0,5.0,60.0,87.0,40.0,58.0,28.0,43.0,11.0,13.0,10.0,11.0,4.0,4.0,6.0,4.0,B,0
2023-0500,Halle,Grass,32,A,20230619,293,6-3 6-7(5) 6-3,3,R16,130.0,111513,106421,,1.0,,,Laslo Djere,Daniil Medvedev,R,R,188.0,198.0,SRB,RUS,28.0,27.3,65.0,3.0,791.0,5845.0,9.0,7.0,2.0,7.0,96.0,101.0,58.0,67.0,44.0,53.0,12.0,16.0,14.0,16.0,7.0,5.0,11.0,7.0,B,0
2023-0500,Halle,Grass,32,A,20230619,292,7-5 7-6(2),3,R16,115.0,206909,105138,,8.0,,,Brandon Nakashima,Roberto Bautista Agut,R,R,188.0,183.0,USA,ESP,21.8,35.1,54.0,23.0,842.0,1450.0,8.0,5.0,0.0,3.0,84.0,70.0,52.0,44.0,39.0,34.0,13.0,16.0,12.0,12.0,8.0,0.0,10.0,1.0,B,0
2023-0500,Halle,Grass,32,A,20230619,291,7-6(6) 6-3,3,R16,98.0,105870,126094,,3.0,WC,,Yannick Hanfmann,Andrey Rublev,R,R,193.0,188.0,GER,RUS,31.5,25.6,53.0,7.0,842.0,4000.0,5.0,5.0,2.0,3.0,70.0,77.0,45.0,46.0,27.0,34.0,13.0,15.0,10.0,11.0,3.0,1.0,6.0,3.0,B,0
2023-0500,Halle,Grass,32,A,20230619,290,6-3 1-6 7-6(8),3,R16,112.0,128034,134868,6.0,,,,Hubert Hurkacz,Tallon Griekspoor,R,R,196.0,188.0,POL,NED,26.3,26.9,17.0,29.0,2060.0,1209.0,12.0,13.0,1.0,3.0,96.0,97.0,63.0,63.0,44.0,47.0,19.0,19.0,14.0,14.0,2.0,2.0,3.0,4.0,B,0
2023-0500,Halle,Grass,32,A,20230619,289,6-3 6-7(4) 6-3,3,R16,134.0,105526,122330,,,,,Jan Lennard Struff,Alexander Bublik,R,R,193.0,196.0,GER,KAZ,33.1,26.0,21.0,48.0,1587.0,877.0,14.0,23.0,8.0,10.0,113.0,101.0,68.0,56.0,50.0,47.0,15.0,22.0,14.0,16.0,10.0,4.0,14.0,6.0,B,0
2023-0500,Halle,Grass,32,A,20230619,288,6-7(4) 6-4 6-4,3,R16,172.0,132283,206173,,4.0,,,Lorenzo Sonego,Jannik Sinner,R,R,191.0,191.0,ITA,ITA,28.1,21.8,39.0,9.0,990.0,3300.0,8.0,10.0,1.0,3.0,110.0,106.0,72.0,65.0,51.0,53.0,21.0,22.0,16.0,16.0,9.0,8.0,11.0,8.0,B,0
2023-0500,Halle,Grass,32,A,20230619,287,6-2 6-4,3,R16,75.0,133430,100644,,9.0,,,Denis Shapovalov,Alexander Zverev,L,R,185.0,198.0,CAN,GER,24.1,26.1,27.0,22.0,1290.0,1450.0,3.0,7.0,3.0,3.0,50.0,53.0,28.0,34.0,21.0,28.0,8.0,11.0,9.0,9.0,3.0,0.0,6.0,0.0,B,0
2023-0500,Halle,Grass,32,A,20230619,286,7-6(7) 7-5,3,R16,111.0,111797,126774,,2.0,,,Nicolas Jarry,Stefanos Tsitsipas,R,R,201.0,193.0,CHI,GRE,27.6,24.8,28.0,5.0,1276.0,4875.0,6.0,10.0,3.0,1.0,76.0,85.0,60.0,54.0,51.0,42.0,9.0,16.0,12.0,12.0,5.0,6.0,5.0,7.0,A,1
2023-0500,Halle,Grass,32,A,20230619,285,6-4 6-3,3,R32,71.0,106421,106218,1.0,,,Q,Daniil Medvedev,Marcos Giron,R,R,198.0,180.0,RUS,USA,27.3,29.9,3.0,57.0,5845.0,820.0,9.0,7.0,1.0,1.0,65.0,47.0,49.0,29.0,33.0,23.0,10.0,8.0,9.0,10.0,3.0,1.0,3.0,4.0,A,1
2023-0500,Halle,Grass,32,A,20230619,284,7-6(3) 6-3,3,R32,82.0,106214,111513,,,WC,,Oscar Otte,Laslo Djere,R,R,193.0,188.0,GER,SRB,29.9,28.0,228.0,65.0,251.0,791.0,5.0,7.0,7.0,4.0,58.0,67.0,30.0,36.0,26.0,32.0,13.0,20.0,10.0,11.0,0.0,3.0,1.0,3.0,B,0
2023-0500,Halle,Grass,32,A,20230619,283,4-6 6-4 7-5,3,R32,154.0,206909,144707,,,,,Brandon Nakashima,Mikael Ymer,R,R,188.0,183.0,USA,SWE,21.8,24.7,54.0,63.0,842.0,796.0,12.0,4.0,3.0,6.0,103.0,101.0,66.0,53.0,48.0,37.0,17.0,23.0,16.0,16.0,5.0,7.0,8.0,11.0,A,1
2023-0500,Halle,Grass,32,A,20230619,282,6-3 6-4,3,R32,74.0,105138,131934,8.0,,,LL,Roberto Bautista Agut,Andrea Vavassori,R,R,183.0,193.0,ESP,ITA,35.1,28.1,23.0,128.0,1450.0,472.0,0.0,9.0,0.0,1.0,46.0,59.0,34.0,35.0,31.0,24.0,9.0,12.0,10.0,9.0,0.0,3.0,0.0,5.0,A,1
2023-0500,Halle,Grass,32,A,20230619,281,6-4 6-7(5) 6-2,3,R32,133.0,200059,126094,,3.0,,,Yibing Wu,Andrey Rublev,R,R,183.0,188.0,CHN,RUS,23.6,25.6,59.0,7.0,814.0,4000.0,1.0,13.0,5.0,3.0,96.0,98.0,54.0,51.0,37.0,41.0,19.0,23.0,15.0,15.0,6.0,1.0,11.0,3.0,B,0
2023-0500,Halle,Grass,32,A,20230619,280,6-4 3-6 6-3,3,R32,123.0,144923,105870,,,Q,WC,Louis Wessels,Yannick Hanfmann,R,R,198.0,193.0,GER,GER,24.8,31.5,347.0,53.0,139.0,842.0,5.0,8.0,4.0,1.0,91.0,78.0,61.0,53.0,44.0,40.0,14.0,14.0,14.0,14.0,9.0,1.0,11.0,2.0,B,0
2023-0500,Halle,Grass,32,A,20230619,279,6-2 7-5,3,R32,88.0,106148,134868,,,,,Roberto Carballes Baena,Tallon Griekspoor,R,R,183.0,188.0,ESP,NED,30.2,26.9,52.0,29.0,850.0,1209.0,7.0,6.0,6.0,2.0,73.0,61.0,39.0,41.0,27.0,33.0,16.0,11.0,10.0,10.0,8.0,2.0,11.0,2.0,B,0
2023-0500,Halle,Grass,32,A,20230619,278,6-4 6-7(11) 6-3,3,R32,123.0,128034,111153,6.0,,,Q,Hubert Hurkacz,Christopher Eubanks,R,R,196.0,201.0,POL,USA,26.3,27.1,17.0,77.0,2060.0,730.0,22.0,9.0,4.0,2.0,98.0,95.0,67.0,70.0,60.0,51.0,15.0,17.0,16.0,15.0,0.0,2.0,0.0,4.0,A,1
2023-0500,Halle,Grass,32,A,20230619,277,6-3 6-1,3,R32,68.0,122330,106432,,7.0,,,Alexander Bublik,Borna Coric,R,R,196.0,188.0,KAZ,CRO,26.0,26.5,48.0,14.0,877.0,2305.0,15.0,1.0,3.0,1.0,52.0,46.0,37.0,26.0,27.0,18.0,11.0,5.0,8.0,8.0,4.0,6.0,4.0,10.0,A,1
2023-0500,Halle,Grass,32,A,20230619,276,6-1 7-6(4),3,R32,88.0,126128,105526,,,Q,,Roman Safiullin,Jan Lennard Struff,R,R,185.0,193.0,RUS,GER,25.8,33.1,99.0,21.0,611.0,1587.0,10.0,7.0,3.0,4.0,67.0,69.0,47.0,29.0,30.0,22.0,7.0,23.0,10.0,9.0,3.0,1.0,7.0,2.0,B,0
2023-0500,Halle,Grass,32,A,20230619,275,6-2 3-6 6-2,3,R32,114.0,106234,132283,,,LL,,Aslan Karatsev,Lorenzo Sonego,R,R,185.0,191.0,RUS,ITA,29.7,28.1,45.0,39.0,898.0,990.0,3.0,15.0,6.0,2.0,83.0,69.0,51.0,51.0,37.0,38.0,9.0,10.0,13.0,12.0,4.0,5.0,9.0,7.0,B,0
2023-0500,Halle,Grass,32,A,20230619,274,6-3 5-7 6-2,3,R32,148.0,104755,206173,,4.0,,,Richard Gasquet,Jannik Sinner,R,R,183.0,191.0,FRA,ITA,37.0,21.8,49.0,9.0,875.0,3300.0,4.0,11.0,3.0,2.0,122.0,93.0,79.0,48.0,50.0,38.0,19.0,24.0,14.0,15.0,17.0,4.0,20.0,5.0,B,0
2023-0500,Halle,Grass,32,A,20230619,273,6-3 6-4,3,R32,78.0,100644,106233,9.0,,,WC,Alexander Zverev,Dominic Thiem,R,R,198.0,185.0,GER,AUT,26.1,29.7,22.0,89.0,1450.0,666.0,7.0,2.0,0.0,4.0,55.0,56.0,34.0,32.0,29.0,22.0,13.0,12.0,10.0,9.0,1.0,5.0,1.0,7.0,A,1
2023-0500,Halle,Grass,32,A,20230619,272,7-6(1) 6-4,3,R32,94.0,133430,144750,,,,PR,Denis Shapovalov,Lloyd Harris,L,R,185.0,193.0,CAN,RSA,24.1,26.3,27.0,291.0,1290.0,177.0,7.0,11.0,5.0,3.0,63.0,78.0,34.0,50.0,29.0,40.0,22.0,10.0,11.0,11.0,4.0,4.0,4.0,5.0,A,1
2023-0500,Halle,Grass,32,A,20230619,271,6-3 7-5,3,R32,106.0,111797,144895,,,,,Nicolas Jarry,Corentin Moutet,R,L,201.0,180.0,CHI,FRA,27.6,24.1,28.0,79.0,1276.0,723.0,5.0,5.0,1.0,0.0,70.0,64.0,45.0,35.0,31.0,25.0,18.0,16.0,11.0,10.0,6.0,3.0,6.0,5.0,A,1
2023-0500,Halle,Grass,32,A,20230619,270,6-7(6) 6-4 7-6(3),3,R32,142.0,126774,106296,2.0,,,,Stefanos Tsitsipas,Gregoire Barrere,R,R,193.0,183.0,GRE,FRA,24.8,29.3,5.0,58.0,4875.0,817.0,16.0,4.0,3.0,3.0,98.0,124.0,63.0,81.0,52.0,54.0,23.0,27.0,17.0,17.0,4.0,10.0,5.0,12.0,A,1
2023-0311,Queen's Club,Grass,32,A,20230619,300,6-4 6-4,3,F,99.0,200282,207989,7.0,1.0,,,Alex De Minaur,Carlos Alcaraz,R,R,183.0,183.0,AUS,ESP,24.3,20.1,18.0,2.0,1905.0,7175.0,1.0,7.0,3.0,1.0,57.0,65.0,36.0,39.0,28.0,28.0,10.0,17.0,10.0,10.0,0.0,2.0,2.0,2.0,B,0
2023-0311,Queen's Club,Grass,32,A,20230619,299,6-3 6-4,3,SF,81.0,200624,207989,,1.0,,,Sebastian Korda,Carlos Alcaraz,R,R,196.0,183.0,USA,ESP,22.9,20.1,32.0,2.0,1175.0,7175.0,9.0,2.0,6.0,3.0,60.0,57.0,39.0,37.0,26.0,31.0,8.0,9.0,9.0,10.0,6.0,4.0,9.0,5.0,B,0
2023-0311,Queen's Club,Grass,32,A,20230619,298,6-3 7-6(2),3,SF,100.0,208029,200282,2.0,7.0,,,Holger Rune,Alex De Minaur,R,R,188.0,183.0,DEN,AUS,20.1,24.3,6.0,18.0,4375.0,1905.0,3.0,3.0,2.0,2.0,67.0,68.0,39.0,45.0,24.0,35.0,18.0,13.0,11.0,10.0,3.0,3.0,5.0,3.0,B,0
2023-0311,Queen's Club,Grass,32,A,20230619,297,6-4 6-4,3,QF,92.0,105777,207989,,1.0,Q,,Grigor Dimitrov,Carlos Alcaraz,R,R,191.0,183.0,BUL,ESP,32.0,20.1,26.0,2.0,1320.0,7175.0,6.0,5.0,7.0,2.0,54.0,74.0,33.0,54.0,24.0,37.0,7.0,10.0,10.0,10.0,2.0,6.0,6.0,8.0,B,0
2023-0311,Queen's Club,Grass,32,A,20230619,296,6-4 7-6(1),3,QF,85.0,200624,111815,,5.0,,,Sebastian Korda,Cameron Norrie,R,L,196.0,188.0,USA,GBR,22.9,27.8,32.0,13.0,1175.0,2565.0,7.0,3.0,2.0,4.0,74.0,64.0,39.0,41.0,33.0,30.0,19.0,11.0,11.0,11.0,2.0,3.0,3.0,5.0,A,1
2023-0311,Queen's Club,Grass,32,A,20230619,295,6-4 4-6 6-4,3,QF,143.0,200282,105173,7.0,,,,Alex De Minaur,Adrian Mannarino,R,L,183.0,180.0,AUS,FRA,24.3,34.9,18.0,46.0,1905.0,892.0,4.0,2.0,1.0,2.0,91.0,93.0,47.0,58.0,33.0,37.0,26.0,19.0,15.0,15.0,1.0,6.0,4.0,10.0,A,1
2023-0311,Queen's Club,Grass,32,A,20230619,294,6-4 7-5,3,QF,114.0,207518,208029,6.0,2.0,,,Lorenzo Musetti,Holger Rune,R,R,185.0,188.0,ITA,DEN,21.2,20.1,16.0,6.0,2130.0,4375.0,3.0,6.0,3.0,3.0,70.0,81.0,52.0,53.0,35.0,37.0,5.0,15.0,11.0,11.0,2.0,3.0,5.0,4.0,B,0
2023-0311,Queen's Club,Grass,32,A,20230619,293,6-2 6-3,3,R16,85.0,208103,207989,,1.0,,,Jiri Lehecka,Carlos Alcaraz,R,R,185.0,183.0,CZE,ESP,21.6,20.1,36.0,2.0,1048.0,7175.0,5.0,3.0,1.0,3.0,60.0,66.0,36.0,42.0,18.0,35.0,13.0,9.0,8.0,9.0,6.0,3.0,9.0,3.0,B,0
2023-0311,Queen's Club,Grass,32,A,20230619,292,6-3 7-5,3,R16,87.0,105777,202103,,8.0,Q,,Grigor Dimitrov,Francisco Cerundolo,R,R,191.0,185.0,BUL,ARG,32.0,24.8,26.0,19.0,1320.0,1655.0,9.0,1.0,2.0,3.0,67.0,61.0,44.0,40.0,35.0,27.0,10.0,9.0,11.0,10.0,1.0,6.0,2.0,9.0,A,1
2023-0311,Queen's Club,Grass,32,A,20230619,291,7-6(2) 6-3,3,R16,80.0,126207,200624,4.0,,,,Frances Tiafoe,Sebastian Korda,R,R,188.0,196.0,USA,USA,25.4,22.9,10.0,32.0,3085.0,1175.0,6.0,15.0,3.0,5.0,61.0,71.0,36.0,39.0,24.0,35.0,14.0,14.0,10.0,11.0,1.0,1.0,3.0,2.0,B,0
2023-0311,Queen's Club,Grass,32,A,20230619,290,4-6 6-3 6-2,3,R16,117.0,111815,111442,5.0,,,SE,Cameron Norrie,Jordan Thompson,L,R,188.0,183.0,GBR,AUS,27.8,29.1,13.0,76.0,2565.0,732.0,5.0,12.0,1.0,0.0,88.0,75.0,63.0,51.0,46.0,35.0,15.0,12.0,14.0,13.0,8.0,3.0,9.0,6.0,A,1
2023-0311,Queen's Club,Grass,32,A,20230619,289,6-2 6-2,3,R16,65.0,106043,200282,,7.0,,,Diego Schwartzman,Alex De Minaur,R,R,170.0,183.0,ARG,AUS,30.8,24.3,107.0,18.0,570.0,1905.0,0.0,0.0,1.0,4.0,43.0,43.0,29.0,16.0,8.0,13.0,7.0,16.0,8.0,8.0,3.0,0.0,9.0,2.0,B,0
2023-0311,Queen's Club,Grass,32,A,20230619,288,6-4 7-6(7),3,R16,98.0,126203,105173,3.0,,,,Taylor Fritz,Adrian Mannarino,R,L,196.0,180.0,USA,FRA,25.6,34.9,8.0,46.0,3515.0,892.0,8.0,5.0,1.0,3.0,64.0,72.0,43.0,53.0,33.0,40.0,11.0,10.0,11.0,11.0,1.0,1.0,3.0,2.0,B,0
2023-0311,Queen's Club,Grass,32,A,20230619,287,6-4 4-6 6-4,3,R16,131.0,210097,207518,,6.0,,,Ben Shelton,Lorenzo Musetti,L,R,193.0,185.0,USA,ITA,20.6,21.2,35.0,16.0,1069.0,2130.0,11.0,4.0,4.0,2.0,93.0,85.0,57.0,53.0,45.0,41.0,17.0,20.0,15.0,15.0,8.0,1.0,10.0,2.0,B,0
2023-0311,Queen's Club,Grass,32,A,20230619,286,6-3 6-4,3,R16,86.0,126106,208029,,2.0,WC,,Ryan Peniston,Holger Rune,L,R,180.0,188.0,GBR,DEN,27.6,20.1,265.0,6.0,207.0,4375.0,2.0,5.0,5.0,5.0,59.0,62.0,34.0,41.0,25.0,37.0,13.0,7.0,9.0,10.0,3.0,3.0,5.0,3.0,B,0
2023-0311,Queen's Club,Grass,32,A,20230619,285,4-6 7-5 7-6(3),3,R32,154.0,126239,207989,,1.0,LL,,Arthur Rinderknech,Carlos Alcaraz,R,R,196.0,183.0,FRA,ESP,27.9,20.1,83.0,2.0,681.0,7175.0,5.0,8.0,0.0,0.0,109.0,95.0,76.0,64.0,52.0,48.0,18.0,16.0,17.0,17.0,8.0,1.0,11.0,4.0,B,0
2023-0311,Queen's Club,Grass,32,A,20230619,284,7-6(4) 6-3,3,R32,93.0,200221,208103,,,,,Alejandro Davidovich Fokina,Jiri Lehecka,R,R,183.0,185.0,ESP,CZE,24.0,21.6,33.0,36.0,1115.0,1048.0,2.0,10.0,1.0,1.0,73.0,70.0,47.0,49.0,27.0,38.0,19.0,13.0,10.0,11.0,8.0,4.0,10.0,5.0,B,0
2023-0311,Queen's Club,Grass,32,A,20230619,283,6-2 6-4,3,R32,88.0,200325,105777,,,,Q,Emil Ruusuvuori,Grigor Dimitrov,R,R,188.0,191.0,FIN,BUL,24.2,32.0,44.0,26.0,936.0,1320.0,0.0,11.0,5.0,0.0,57.0,57.0,27.0,29.0,15.0,26.0,14.0,15.0,9.0,9.0,4.0,4.0,7.0,4.0,B,0
2023-0311,Queen's Club,Grass,32,A,20230619,282,7-6(2) 4-6 6-4,3,R32,147.0,202103,126205,8.0,,,Q,Francisco Cerundolo,Tommy Paul,R,R,185.0,185.0,ARG,USA,24.8,26.0,19.0,15.0,1655.0,2135.0,3.0,5.0,10.0,3.0,111.0,116.0,67.0,79.0,45.0,46.0,17.0,18.0,16.0,16.0,6.0,10.0,12.0,16.0,A,1
2023-0311,Queen's Club,Grass,32,A,20230619,281,6-2 6-4,3,R32,68.0,126207,122298,4.0,,,,Frances Tiafoe,Botic Van De Zandschulp,R,R,188.0,191.0,USA,NED,25.4,27.7,10.0,41.0,3085.0,975.0,5.0,7.0,1.0,6.0,48.0,63.0,30.0,40.0,26.0,29.0,12.0,7.0,9.0,9.0,3.0,6.0,3.0,9.0,A,1
2023-0311,Queen's Club,Grass,32,A,20230619,280,6-4 7-5,3,R32,91.0,200624,105554,,,,,Sebastian Korda,Daniel Evans,R,R,196.0,175.0,USA,GBR,22.9,33.0,32.0,25.0,1175.0,1331.0,13.0,2.0,0.0,7.0,55.0,70.0,37.0,33.0,33.0,23.0,11.0,21.0,11.0,11.0,0.0,2.0,0.0,4.0,A,1
2023-0311,Queen's Club,Grass,32,A,20230619,279,6-4 6-4,3,R32,90.0,111442,200615,,,SE,LL,Jordan Thompson,Alexei Popyrin,R,R,183.0,196.0,AUS,AUS,29.1,23.8,76.0,94.0,732.0,635.0,3.0,3.0,2.0,0.0,54.0,63.0,37.0,40.0,28.0,25.0,9.0,10.0,10.0,10.0,3.0,7.0,5.0,11.0,A,1
2023-0311,Queen's Club,Grass,32,A,20230619,278,6-4 7-6(5),3,R32,98.0,111815,200175,5.0,,,,Cameron Norrie,Miomir Kecmanovic,L,R,188.0,183.0,GBR,SRB,27.8,23.8,13.0,40.0,2565.0,985.0,8.0,5.0,3.0,0.0,69.0,77.0,38.0,48.0,28.0,28.0,17.0,16.0,11.0,11.0,6.0,4.0,8.0,7.0,A,1
2023-0311,Queen's Club,Grass,32,A,20230619,277,6-3 6-1,3,R32,85.0,104918,200282,,7.0,,,Andy Murray,Alex De Minaur,R,R,191.0,183.0,GBR,AUS,36.0,24.3,38.0,18.0,1030.0,1905.0,2.0,1.0,1.0,1.0,52.0,60.0,28.0,42.0,19.0,27.0,7.0,12.0,8.0,8.0,4.0,3.0,8.0,3.0,B,0
2023-0311,Queen's Club,Grass,32,A,20230619,276,6-2 6-4,3,R32,75.0,111456,106043,,,Q,,Mackenzie Mcdonald,Diego Schwartzman,R,R,178.0,170.0,USA,ARG,28.1,30.8,67.0,107.0,775.0,570.0,7.0,0.0,1.0,2.0,54.0,50.0,36.0,34.0,26.0,27.0,7.0,9.0,9.0,9.0,3.0,0.0,6.0,0.0,B,0
2023-0311,Queen's Club,Grass,32,A,20230619,275,1-6 6-4 6-3,3,R32,124.0,105173,106281,,,,WC,Adrian Mannarino,Liam Broady,L,L,180.0,183.0,FRA,GBR,34.9,29.4,46.0,143.0,892.0,408.0,5.0,4.0,5.0,4.0,95.0,70.0,53.0,39.0,34.0,32.0,23.0,13.0,13.0,13.0,6.0,2.0,9.0,5.0,A,1
2023-0311,Queen's Club,Grass,32,A,20230619,274,6-4 7-5,3,R32,84.0,126523,126203,,3.0,,,Bernabe Zapata Miralles,Taylor Fritz,R,R,183.0,196.0,ESP,USA,26.4,25.6,50.0,8.0,856.0,3515.0,1.0,9.0,0.0,3.0,66.0,55.0,43.0,27.0,33.0,25.0,8.0,20.0,11.0,11.0,4.0,0.0,6.0,0.0,B,0
2023-0311,Queen's Club,Grass,32,A,20230619,273,6-4 6-2,3,R32,75.0,207518,123828,6.0,,,WC,Lorenzo Musetti,Jan Choinski,R,R,185.0,196.0,ITA,GBR,21.2,27.0,16.0,167.0,2130.0,346.0,7.0,3.0,3.0,0.0,48.0,53.0,25.0,36.0,20.0,21.0,15.0,8.0,9.0,9.0,0.0,1.0,1.0,5.0,A,1
2023-0311,Queen's Club,Grass,32,A,20230619,272,7-6(4) 7-6(2),3,R32,121.0,210097,200670,,,,LL,Ben Shelton,J J Wolf,L,R,193.0,183.0,USA,USA,20.6,24.4,35.0,47.0,1069.0,889.0,14.0,4.0,6.0,5.0,76.0,90.0,48.0,46.0,41.0,31.0,15.0,24.0,12.0,12.0,6.0,6.0,8.0,8.0,A,1
2023-0311,Queen's Club,Grass,32,A,20230619,271,6-4 6-2,3,R32,84.0,200005,126106,,,,WC,Ugo Humbert,Ryan Peniston,L,L,188.0,180.0,FRA,GBR,24.9,27.6,37.0,265.0,1042.0,207.0,2.0,2.0,4.0,2.0,60.0,49.0,34.0,27.0,24.0,21.0,8.0,16.0,9.0,9.0,7.0,1.0,11.0,2.0,B,0
2023-0311,Queen's Club,Grass,32,A,20230619,270,7-6(4) 7-6(3),3,R32,116.0,202195,208029,,2.0,,,Maxime Cressy,Holger Rune,R,R,201.0,188.0,USA,DEN,26.1,20.1,42.0,6.0,975.0,4375.0,11.0,10.0,13.0,2.0,86.0,82.0,45.0,61.0,39.0,47.0,18.0,11.0,12.0,12.0,2.0,3.0,3.0,4.0,B,0
2023-8994,Mallorca,Grass,32,A,20230626,300,6-1 6-4,3,F,62.0,105173,111153,4.0,,,,Adrian Mannarino,Christopher Eubanks,L,R,180.0,201.0,FRA,USA,34.9,27.1,43.0,77.0,972.0,738.0,4.0,11.0,0.0,0.0,41.0,48.0,22.0,35.0,15.0,31.0,10.0,6.0,8.0,9.0,0.0,0.0,3.0,0.0,B,0
2023-8994,Mallorca,Grass,32,A,20230626,299,7-6(4) 6-4,3,SF,110.0,105173,105870,4.0,,,,Adrian Mannarino,Yannick Hanfmann,L,R,180.0,193.0,FRA,GER,34.9,31.6,43.0,48.0,972.0,880.0,4.0,3.0,1.0,1.0,71.0,72.0,43.0,47.0,30.0,28.0,16.0,16.0,11.0,11.0,0.0,1.0,2.0,4.0,A,1
2023-8994,Mallorca,Grass,32,A,20230626,298,4-6 6-3 7-6(9),3,SF,138.0,144750,111153,,,Q,,Lloyd Harris,Christopher Eubanks,R,R,193.0,201.0,RSA,USA,26.3,27.1,298.0,77.0,177.0,738.0,12.0,14.0,1.0,5.0,99.0,106.0,66.0,81.0,54.0,62.0,18.0,11.0,15.0,16.0,6.0,6.0,7.0,7.0,B,0
2023-8994,Mallorca,Grass,32,A,20230626,297,6-2 6-4,3,QF,70.0,105870,103852,,,,WC,Yannick Hanfmann,Feliciano Lopez,R,L,193.0,188.0,GER,ESP,31.6,41.7,48.0,634.0,880.0,45.0,8.0,6.0,0.0,4.0,44.0,59.0,28.0,33.0,23.0,23.0,14.0,12.0,9.0,9.0,2.0,6.0,2.0,9.0,A,1
2023-8994,Mallorca,Grass,32,A,20230626,296,7-5 6-2,3,QF,107.0,105173,144895,4.0,,,,Adrian Mannarino,Corentin Moutet,L,L,180.0,180.0,FRA,FRA,34.9,24.1,43.0,80.0,972.0,723.0,1.0,1.0,1.0,2.0,59.0,79.0,39.0,52.0,29.0,31.0,15.0,12.0,10.0,10.0,5.0,5.0,6.0,9.0,A,1
2023-8994,Mallorca,Grass,32,A,20230626,295,7-6(5) 7-6(4),3,QF,117.0,111153,126239,,,,LL,Christopher Eubanks,Arthur Rinderknech,R,R,201.0,196.0,USA,FRA,27.1,27.9,77.0,85.0,738.0,681.0,10.0,7.0,3.0,3.0,77.0,87.0,57.0,47.0,47.0,38.0,10.0,18.0,12.0,12.0,3.0,5.0,5.0,7.0,A,1
2023-8994,Mallorca,Grass,32,A,20230626,294,7-5 6-2,3,QF,97.0,200303,144750,,,LL,Q,Pavel Kotov,Lloyd Harris,R,R,191.0,193.0,RUS,RSA,24.6,26.3,116.0,298.0,540.0,177.0,3.0,11.0,2.0,1.0,73.0,52.0,48.0,33.0,30.0,26.0,13.0,15.0,10.0,10.0,3.0,0.0,6.0,0.0,B,0
2023-8994,Mallorca,Grass,32,A,20230626,293,6-4 3-6 6-2,3,R16,105.0,126774,105870,1.0,,,,Stefanos Tsitsipas,Yannick Hanfmann,R,R,193.0,193.0,GRE,GER,24.8,31.6,5.0,48.0,4670.0,880.0,6.0,5.0,4.0,4.0,87.0,69.0,54.0,45.0,39.0,36.0,14.0,15.0,14.0,13.0,3.0,0.0,6.0,1.0,B,0
2023-8994,Mallorca,Grass,32,A,20230626,292,7-6(6) 1-6 6-3,3,R16,126.0,103852,111442,,,WC,,Feliciano Lopez,Jordan Thompson,L,R,188.0,183.0,ESP,AUS,41.7,29.1,634.0,71.0,45.0,765.0,11.0,6.0,3.0,2.0,88.0,96.0,59.0,57.0,46.0,42.0,14.0,23.0,14.0,14.0,3.0,9.0,5.0,10.0,A,1
2023-8994,Mallorca,Grass,32,A,20230626,291,3-6 7-6(5) 6-3,3,R16,151.0,105550,105173,,4.0,PR,,Guido Pella,Adrian Mannarino,L,L,183.0,180.0,ARG,FRA,33.1,34.9,334.0,43.0,150.0,972.0,6.0,9.0,4.0,9.0,104.0,95.0,75.0,53.0,45.0,38.0,12.0,17.0,16.0,14.0,8.0,11.0,14.0,16.0,B,0
2023-8994,Mallorca,Grass,32,A,20230626,290,6-3 7-6(4),3,R16,109.0,106148,144895,8.0,,,,Roberto Carballes Baena,Corentin Moutet,R,L,183.0,180.0,ESP,FRA,30.2,24.1,53.0,80.0,850.0,723.0,2.0,3.0,2.0,7.0,66.0,74.0,46.0,48.0,33.0,41.0,10.0,11.0,10.0,11.0,5.0,2.0,6.0,2.0,B,0
2023-8994,Mallorca,Grass,32,A,20230626,289,6-3 6-2,3,R16,77.0,106005,126239,,,,LL,Constant Lestienne,Arthur Rinderknech,R,R,180.0,196.0,FRA,FRA,31.0,27.9,73.0,85.0,751.0,681.0,2.0,10.0,4.0,2.0,49.0,55.0,32.0,35.0,20.0,29.0,6.0,8.0,9.0,8.0,2.0,1.0,6.0,1.0,B,0
2023-8994,Mallorca,Grass,32,A,20230626,288,6-7(4) 6-4 7-6(2),3,R16,163.0,111153,210097,,3.0,,,Christopher Eubanks,Ben Shelton,R,L,201.0,193.0,USA,USA,27.1,20.7,77.0,35.0,738.0,1094.0,10.0,18.0,3.0,14.0,108.0,115.0,78.0,66.0,62.0,53.0,17.0,24.0,17.0,17.0,3.0,6.0,3.0,7.0,A,1
2023-8994,Mallorca,Grass,32,A,20230626,287,7-6(5) 6-3,3,R16,75.0,144750,126128,,,Q,Q,Lloyd Harris,Roman Safiullin,R,R,193.0,185.0,RSA,RUS,26.3,25.8,298.0,94.0,177.0,631.0,25.0,6.0,2.0,1.0,67.0,53.0,47.0,38.0,39.0,31.0,13.0,11.0,11.0,10.0,4.0,0.0,4.0,1.0,A,1
2023-8994,Mallorca,Grass,32,A,20230626,286,2-6 6-3 6-4,3,R16,128.0,200221,200303,2.0,,,LL,Alejandro Davidovich Fokina,Pavel Kotov,R,R,183.0,191.0,ESP,RUS,24.0,24.6,34.0,116.0,1115.0,540.0,5.0,8.0,3.0,7.0,83.0,88.0,57.0,56.0,37.0,42.0,16.0,11.0,13.0,14.0,7.0,7.0,10.0,10.0,B,0
2023-8994,Mallorca,Grass,32,A,20230626,284,6-2 6-1,3,R32,61.0,105870,106398,,,,,Yannick Hanfmann,Pedro Cachin,R,R,193.0,185.0,GER,ARG,31.6,28.2,48.0,67.0,880.0,772.0,6.0,5.0,1.0,0.0,48.0,46.0,35.0,30.0,27.0,15.0,7.0,7.0,7.0,8.0,4.0,4.0,4.0,9.0,A,1
2023-8994,Mallorca,Grass,32,A,20230626,283,6-3 7-5,3,R32,80.0,126845,103852,,,,WC,Max Purcell,Feliciano Lopez,R,L,185.0,188.0,AUS,ESP,25.2,41.7,62.0,634.0,796.0,45.0,9.0,11.0,0.0,4.0,64.0,57.0,34.0,31.0,23.0,28.0,15.0,16.0,10.0,11.0,3.0,4.0,6.0,5.0,B,0
2023-8994,Mallorca,Grass,32,A,20230626,282,6-3 6-4,3,R32,92.0,104755,111442,6.0,,,,Richard Gasquet,Jordan Thompson,R,R,183.0,183.0,FRA,AUS,37.0,29.1,49.0,71.0,875.0,765.0,4.0,13.0,3.0,1.0,67.0,58.0,43.0,37.0,26.0,28.0,13.0,15.0,9.0,10.0,6.0,0.0,8.0,0.0,B,0
2023-8994,Mallorca,Grass,32,A,20230626,280,3-6 6-2 7-6(3),3,R32,140.0,106218,105550,,,,PR,Marcos Giron,Guido Pella,R,L,180.0,183.0,USA,ARG,29.9,33.1,63.0,334.0,795.0,150.0,1.0,7.0,4.0,6.0,83.0,107.0,47.0,76.0,37.0,48.0,14.0,16.0,14.0,15.0,3.0,9.0,7.0,13.0,B,0
2023-8994,Mallorca,Grass,32,A,20230626,279,7-5 6-4,3,R32,95.0,106331,144895,,,,,Christopher Oconnell,Corentin Moutet,R,L,183.0,180.0,AUS,FRA,29.0,24.1,70.0,80.0,766.0,723.0,2.0,6.0,2.0,4.0,62.0,61.0,43.0,40.0,28.0,33.0,10.0,11.0,11.0,11.0,5.0,3.0,8.0,4.0,B,0
2023-8994,Mallorca,Grass,32,A,20230626,278,6-4 1-6 6-3,3,R32,127.0,106148,125802,8.0,,,,Roberto Carballes Baena,Ilya Ivashka,R,R,183.0,193.0,ESP,BLR,30.2,29.3,53.0,102.0,850.0,607.0,2.0,4.0,1.0,5.0,72.0,85.0,52.0,41.0,34.0,31.0,11.0,21.0,13.0,13.0,2.0,7.0,5.0,10.0,A,1
2023-8994,Mallorca,Grass,32,A,20230626,277,7-6(0) 7-6(3),3,R32,115.0,126239,105077,,,LL,,Arthur Rinderknech,Albert Ramos,R,L,196.0,188.0,FRA,ESP,27.9,35.4,85.0,72.0,681.0,752.0,19.0,5.0,4.0,3.0,86.0,78.0,60.0,56.0,52.0,42.0,12.0,12.0,12.0,12.0,2.0,1.0,2.0,1.0,A,1
2023-8994,Mallorca,Grass,32,A,20230626,276,6-4 4-6 6-4,3,R32,127.0,106005,106186,,,,,Constant Lestienne,Jason Kubler,R,R,180.0,178.0,FRA,AUS,31.0,30.1,73.0,74.0,751.0,742.0,6.0,11.0,10.0,5.0,95.0,79.0,54.0,42.0,37.0,29.0,17.0,17.0,15.0,15.0,7.0,3.0,12.0,9.0,A,1
2023-8994,Mallorca,Grass,32,A,20230626,275,6-3 6-7(6) 7-5,3,R32,137.0,210506,111153,,,LL,,Alex Michelsen,Christopher Eubanks,R,R,193.0,201.0,USA,USA,18.8,27.1,250.0,77.0,227.0,738.0,7.0,16.0,4.0,2.0,99.0,103.0,63.0,81.0,47.0,65.0,23.0,10.0,16.0,17.0,2.0,1.0,4.0,1.0,B,0
2023-8994,Mallorca,Grass,32,A,20230626,273,6-2 7-6(2),3,R32,80.0,126523,144750,7.0,,,Q,Bernabe Zapata Miralles,Lloyd Harris,R,R,183.0,193.0,ESP,RSA,26.4,26.3,50.0,298.0,856.0,177.0,0.0,12.0,2.0,1.0,66.0,56.0,39.0,37.0,25.0,33.0,15.0,12.0,10.0,10.0,5.0,1.0,7.0,1.0,B,0
2023-8994,Mallorca,Grass,32,A,20230626,272,6-1 6-4,3,R32,74.0,209406,126128,,,Q,Q,Abedallah Shelbayh,Roman Safiullin,L,R,180.0,185.0,JOR,RUS,19.6,25.8,240.0,94.0,238.0,631.0,3.0,4.0,4.0,3.0,49.0,56.0,28.0,33.0,15.0,25.0,9.0,12.0,8.0,9.0,3.0,1.0,7.0,2.0,B,0
2023-8994,Mallorca,Grass,32,A,20230626,271,7-6(4) 6-3,3,R32,100.0,200303,111454,,,LL,Q,Pavel Kotov,Li Tu,R,R,191.0,183.0,RUS,AUS,24.6,27.0,116.0,247.0,540.0,230.0,3.0,8.0,4.0,2.0,70.0,60.0,36.0,33.0,33.0,29.0,18.0,14.0,11.0,10.0,2.0,0.0,2.0,1.0,A,1
2023-0741,Eastbourne,Grass,32,A,20230626,300,6-4 1-6 6-4,3,F,114.0,126205,202103,2.0,4.0,,,Tommy Paul,Francisco Cerundolo,R,R,185.0,185.0,USA,ARG,26.1,24.8,17.0,19.0,2110.0,1655.0,5.0,2.0,4.0,2.0,76.0,87.0,48.0,64.0,34.0,43.0,14.0,8.0,13.0,14.0,3.0,5.0,6.0,9.0,B,0
2023-0741,Eastbourne,Grass,32,A,20230626,299,2-6 7-5 6-2,3,SF,125.0,202103,111456,4.0,,,,Francisco Cerundolo,Mackenzie Mcdonald,R,R,185.0,178.0,ARG,USA,24.8,28.1,19.0,64.0,1655.0,785.0,2.0,2.0,5.0,3.0,97.0,84.0,55.0,50.0,33.0,35.0,22.0,10.0,14.0,14.0,10.0,9.0,15.0,15.0,A,1
2023-0741,Eastbourne,Grass,32,A,20230626,298,6-4 6-3,3,SF,72.0,126205,106296,2.0,,,,Tommy Paul,Gregoire Barrere,R,R,185.0,183.0,USA,FRA,26.1,29.3,17.0,57.0,2110.0,817.0,3.0,2.0,4.0,2.0,64.0,58.0,35.0,36.0,28.0,23.0,14.0,10.0,10.0,9.0,2.0,5.0,3.0,8.0,A,1
2023-0741,Eastbourne,Grass,32,A,20230626,297,6-4 3-6 6-3,3,QF,139.0,111456,144707,,,,,Mackenzie Mcdonald,Mikael Ymer,R,R,178.0,183.0,USA,SWE,28.1,24.7,64.0,61.0,785.0,796.0,3.0,6.0,3.0,5.0,98.0,102.0,63.0,76.0,45.0,46.0,14.0,14.0,14.0,14.0,8.0,10.0,11.0,14.0,A,1
2023-0741,Eastbourne,Grass,32,A,20230626,296,6-2 6-3,3,QF,68.0,202103,111190,4.0,,,,Francisco Cerundolo,Zhizhen Zhang,R,R,185.0,193.0,ARG,CHN,24.8,26.6,19.0,54.0,1655.0,836.0,3.0,2.0,2.0,0.0,49.0,41.0,33.0,30.0,28.0,17.0,7.0,4.0,9.0,8.0,1.0,0.0,2.0,4.0,A,1
2023-0741,Eastbourne,Grass,32,A,20230626,295,7-5 7-6(2),3,QF,105.0,106296,200175,,8.0,,,Gregoire Barrere,Miomir Kecmanovic,R,R,183.0,183.0,FRA,SRB,29.3,23.8,57.0,41.0,817.0,985.0,4.0,7.0,3.0,5.0,88.0,85.0,57.0,56.0,41.0,37.0,11.0,10.0,12.0,12.0,4.0,7.0,8.0,12.0,A,1
2023-0741,Eastbourne,Grass,32,A,20230626,294,6-4 4-6 7-6(2),3,QF,137.0,126205,200670,2.0,,,,Tommy Paul,J J Wolf,R,R,185.0,183.0,USA,USA,26.1,24.5,17.0,46.0,2110.0,889.0,18.0,3.0,3.0,3.0,106.0,100.0,66.0,55.0,48.0,34.0,21.0,31.0,16.0,16.0,3.0,6.0,6.0,9.0,A,1
2023-0741,Eastbourne,Grass,32,A,20230626,293,7-6(3) 7-6(8),3,R16,141.0,126203,111456,1.0,,,,Taylor Fritz,Mackenzie Mcdonald,R,R,196.0,178.0,USA,USA,25.6,28.1,9.0,64.0,3310.0,785.0,12.0,6.0,2.0,0.0,92.0,90.0,51.0,47.0,40.0,36.0,18.0,23.0,12.0,12.0,12.0,6.0,14.0,8.0,B,0
2023-0741,Eastbourne,Grass,32,A,20230626,292,6-2 6-4,3,R16,80.0,106281,144707,,,WC,,Liam Broady,Mikael Ymer,L,R,183.0,183.0,GBR,SWE,29.4,24.7,147.0,61.0,402.0,796.0,1.0,3.0,3.0,1.0,55.0,53.0,29.0,41.0,17.0,30.0,12.0,7.0,9.0,9.0,7.0,3.0,11.0,4.0,B,0
2023-0741,Eastbourne,Grass,32,A,20230626,291,7-6(2) 7-6(5),3,R16,105.0,202103,144817,4.0,,,Q,Francisco Cerundolo,Marc Andrea Huesler,R,L,185.0,196.0,ARG,SUI,24.8,27.0,19.0,83.0,1655.0,705.0,7.0,8.0,2.0,6.0,84.0,88.0,53.0,53.0,40.0,38.0,18.0,19.0,12.0,12.0,2.0,6.0,3.0,7.0,A,1
2023-0741,Eastbourne,Grass,32,A,20230626,290,3-6 7-5 6-4,3,R16,142.0,111190,202195,,,,,Zhizhen Zhang,Maxime Cressy,R,R,193.0,201.0,CHN,USA,26.6,26.1,54.0,55.0,836.0,835.0,7.0,7.0,8.0,7.0,107.0,89.0,71.0,63.0,47.0,44.0,19.0,14.0,15.0,16.0,10.0,7.0,13.0,11.0,A,1
2023-0741,Eastbourne,Grass,32,A,20230626,289,7-6(6) 6-4,3,R16,84.0,126846,200175,,8.0,Q,,Aleksandar Vukic,Miomir Kecmanovic,R,R,188.0,183.0,AUS,SRB,27.2,23.8,91.0,41.0,654.0,985.0,9.0,8.0,1.0,1.0,67.0,70.0,44.0,47.0,31.0,35.0,16.0,14.0,11.0,11.0,3.0,4.0,5.0,5.0,B,0
2023-0741,Eastbourne,Grass,32,A,20230626,288,6-3 4-6 6-4,3,R16,125.0,106296,111797,,5.0,,,Gregoire Barrere,Nicolas Jarry,R,R,183.0,201.0,FRA,CHI,29.3,27.7,57.0,28.0,817.0,1336.0,4.0,8.0,2.0,6.0,85.0,85.0,56.0,52.0,40.0,36.0,15.0,14.0,15.0,14.0,4.0,5.0,7.0,9.0,A,1
2023-0741,Eastbourne,Grass,32,A,20230626,287,6-2 6-7(5) 6-1,3,R16,148.0,200670,209414,,,,Q,J J Wolf,Luca Van Assche,R,R,183.0,178.0,USA,FRA,24.5,19.1,46.0,79.0,889.0,736.0,13.0,7.0,5.0,5.0,82.0,118.0,47.0,61.0,36.0,47.0,21.0,18.0,13.0,14.0,2.0,8.0,3.0,14.0,A,1
2023-0741,Eastbourne,Grass,32,A,20230626,286,6-1 7-6(7),3,R16,93.0,202104,126205,,2.0,,,Sebastian Baez,Tommy Paul,R,R,170.0,185.0,ARG,USA,22.4,26.1,44.0,17.0,945.0,2110.0,1.0,3.0,2.0,5.0,66.0,65.0,43.0,36.0,24.0,26.0,11.0,19.0,9.0,10.0,4.0,0.0,7.0,1.0,B,0
2023-0741,Eastbourne,Grass,32,A,20230626,284,6-3 6-3,3,R32,76.0,111456,106065,,,,,Mackenzie Mcdonald,Marco Cecchinato,R,R,178.0,185.0,USA,ITA,28.1,30.7,64.0,88.0,785.0,673.0,8.0,4.0,2.0,1.0,46.0,72.0,19.0,44.0,18.0,27.0,19.0,14.0,9.0,9.0,0.0,11.0,0.0,14.0,A,1
2023-0741,Eastbourne,Grass,32,A,20230626,283,6-3 6-4,3,R32,92.0,106281,123828,,,WC,LL,Liam Broady,Jan Choinski,L,R,183.0,196.0,GBR,GBR,29.4,27.0,147.0,167.0,402.0,346.0,8.0,3.0,4.0,2.0,64.0,62.0,37.0,43.0,31.0,27.0,12.0,9.0,10.0,9.0,1.0,4.0,2.0,7.0,A,1
2023-0741,Eastbourne,Grass,32,A,20230626,282,3-6 6-4 6-2,3,R32,132.0,144707,122298,,9.0,,,Mikael Ymer,Botic Van De Zandschulp,R,R,183.0,191.0,SWE,NED,24.7,27.7,61.0,42.0,796.0,975.0,1.0,8.0,10.0,3.0,94.0,91.0,54.0,62.0,41.0,37.0,16.0,16.0,14.0,13.0,5.0,5.0,8.0,9.0,A,1
2023-0741,Eastbourne,Grass,32,A,20230626,280,6-3 6-2,3,R32,78.0,126106,144817,,,WC,Q,Ryan Peniston,Marc Andrea Huesler,L,L,180.0,196.0,GBR,SUI,27.6,27.0,267.0,83.0,207.0,705.0,2.0,8.0,1.0,2.0,56.0,50.0,30.0,27.0,22.0,24.0,10.0,13.0,8.0,9.0,7.0,2.0,10.0,2.0,B,0
2023-0741,Eastbourne,Grass,32,A,20230626,279,6-4 7-5,3,R32,93.0,123755,202195,,,Q,,Daniel Elahi Galan,Maxime Cressy,R,R,191.0,201.0,COL,USA,27.0,26.1,84.0,55.0,687.0,835.0,5.0,7.0,1.0,5.0,73.0,59.0,46.0,40.0,31.0,32.0,13.0,10.0,11.0,11.0,4.0,2.0,7.0,3.0,B,0
2023-0741,Eastbourne,Grass,32,A,20230626,278,7-6(4) 6-3,3,R32,117.0,132283,111190,7.0,,,,Lorenzo Sonego,Zhizhen Zhang,R,R,191.0,193.0,ITA,CHN,28.1,26.6,40.0,54.0,1015.0,836.0,7.0,8.0,1.0,0.0,62.0,93.0,47.0,57.0,29.0,39.0,6.0,17.0,10.0,11.0,3.0,7.0,6.0,9.0,B,0
2023-0741,Eastbourne,Grass,32,A,20230626,277,7-6(4) 7-6(5),3,R32,116.0,200175,200059,8.0,,,,Miomir Kecmanovic,Yibing Wu,R,R,183.0,183.0,SRB,CHN,23.8,23.6,41.0,59.0,985.0,814.0,13.0,6.0,2.0,1.0,91.0,81.0,58.0,50.0,40.0,36.0,20.0,17.0,12.0,12.0,7.0,3.0,9.0,5.0,A,1
2023-0741,Eastbourne,Grass,32,A,20230626,276,6-7(5) 7-6(3) 7-6(5),3,R32,162.0,126846,206909,,,Q,,Aleksandar Vukic,Brandon Nakashima,R,R,188.0,188.0,AUS,USA,27.2,21.8,91.0,51.0,654.0,855.0,17.0,11.0,2.0,3.0,124.0,116.0,75.0,72.0,59.0,57.0,31.0,23.0,18.0,18.0,3.0,0.0,4.0,1.0,A,1
2023-0741,Eastbourne,Grass,32,A,20230626,275,3-6 7-6(6) 7-6(4),3,R32,173.0,200325,106296,,,,,Emil Ruusuvuori,Gregoire Barrere,R,R,188.0,183.0,FIN,FRA,24.2,29.3,45.0,57.0,936.0,817.0,12.0,5.0,4.0,5.0,127.0,127.0,88.0,74.0,61.0,54.0,24.0,28.0,17.0,16.0,8.0,11.0,9.0,13.0,B,0
2023-0741,Eastbourne,Grass,32,A,20230626,273,6-2 6-4,3,R32,81.0,200670,144869,,6.0,,,J J Wolf,Tomas Martin Etcheverry,R,R,183.0,196.0,USA,ARG,24.5,23.9,46.0,32.0,889.0,1201.0,9.0,4.0,1.0,1.0,47.0,68.0,28.0,52.0,25.0,31.0,12.0,8.0,9.0,9.0,2.0,5.0,2.0,8.0,A,1
2023-0741,Eastbourne,Grass,32,A,20230626,272,2-6 7-6(5) 7-6(4),3,R32,176.0,209414,207785,,,Q,WC,Luca Van Assche,George Loffhagen,R,R,178.0,188.0,FRA,GBR,19.1,22.1,79.0,367.0,736.0,130.0,1.0,5.0,4.0,11.0,111.0,119.0,64.0,65.0,35.0,42.0,24.0,23.0,16.0,16.0,6.0,5.0,14.0,11.0,A,1
2023-0741,Eastbourne,Grass,32,A,20230626,271,6-3 6-4,3,R32,67.0,202104,132686,,,,,Sebastian Baez,Nuno Borges,R,R,170.0,185.0,ARG,POR,22.4,26.3,44.0,68.0,945.0,770.0,2.0,3.0,0.0,1.0,55.0,49.0,47.0,36.0,37.0,26.0,5.0,8.0,10.0,9.0,0.0,4.0,0.0,6.0,A,1
2023-540,Wimbledon,Grass,128,G,20230703,100,6-0 6-2 7-5,5,R128,113.0,207989,104871,1.0,,,,Carlos Alcaraz,Jeremy Chardy,R,R,183.0,188.0,ESP,FRA,20.1,36.3,1.0,542.0,7675.0,65.0,10.0,1.0,2.0,10.0,73.0,94.0,45.0,61.0,38.0,35.0,17.0,10.0,13.0,13.0,3.0,7.0,4.0,14.0,A,1
2023-540,Wimbledon,Grass,128,G,20230703,101,7-6(5) 1-6 6-3 6-4,5,R128,155.0,124186,126239,,,,,Alexandre Muller,Arthur Rinderknech,R,R,183.0,196.0,FRA,FRA,26.4,27.9,84.0,82.0,711.0,722.0,6.0,15.0,7.0,4.0,141.0,107.0,93.0,73.0,58.0,52.0,24.0,18.0,20.0,19.0,13.0,3.0,18.0,8.0,A,1
2023-540,Wimbledon,Grass,128,G,20230703,102,6-4 4-6 6-2 3-6 6-3,5,R128,222.0,200005,106186,,,,,Ugo Humbert,Jason Kubler,L,R,188.0,178.0,FRA,AUS,25.0,30.1,39.0,77.0,1042.0,742.0,24.0,11.0,5.0,5.0,135.0,157.0,77.0,104.0,59.0,69.0,24.0,26.0,23.0,23.0,4.0,10.0,10.0,14.0,B,0
2023-540,Wimbledon,Grass,128,G,20230703,103,4-6 6-2 6-4 6-1,5,R128,142.0,111797,106065,25.0,,,,Nicolas Jarry,Marco Cecchinato,R,R,201.0,185.0,CHI,ITA,27.7,30.7,28.0,89.0,1336.0,673.0,14.0,8.0,1.0,8.0,85.0,134.0,60.0,85.0,52.0,53.0,13.0,22.0,17.0,18.0,0.0,11.0,1.0,17.0,A,1
2023-540,Wimbledon,Grass,128,G,20230703,104,6-4 7-6(4) 7-6(5),5,R128,135.0,133835,100644,,19.0,Q,,Gijs Brouwer,Alexander Zverev,L,R,191.0,198.0,NED,GER,27.3,26.2,153.0,21.0,383.0,1630.0,7.0,20.0,3.0,3.0,109.0,111.0,74.0,76.0,56.0,60.0,20.0,22.0,17.0,19.0,1.0,4.0,2.0,4.0,B,0
2023-540,Wimbledon,Grass,128,G,20230703,105,6-7(5) 5-7 7-6(5) 7-6(3) 6-3,5,R128,239.0,133297,144817,,,LL,,Yosuke Watanuki,Marc Andrea Huesler,R,L,180.0,196.0,JPN,SUI,25.2,27.0,116.0,81.0,547.0,726.0,22.0,30.0,8.0,7.0,194.0,173.0,126.0,104.0,99.0,88.0,37.0,35.0,31.0,29.0,5.0,2.0,7.0,4.0,A,1
2023-540,Wimbledon,Grass,128,G,20230703,106,6-7(5) 6-3 7-6(7) 6-3,5,R128,201.0,132283,126610,,,,,Lorenzo Sonego,Matteo Berrettini,R,R,191.0,196.0,ITA,ITA,28.1,27.2,42.0,38.0,1015.0,1082.0,8.0,17.0,3.0,1.0,117.0,134.0,85.0,83.0,68.0,70.0,20.0,32.0,22.0,22.0,4.0,2.0,6.0,2.0,B,0
2023-540,Wimbledon,Grass,128,G,20230703,107,6-7(5) 6-3 6-3 7-6(2),5,R128,204.0,200282,106293,15.0,,,Q,Alex De Minaur,Kimmer Coppejans,R,R,183.0,178.0,AUS,BEL,24.3,29.3,17.0,188.0,2115.0,309.0,14.0,4.0,3.0,2.0,124.0,184.0,67.0,128.0,51.0,78.0,38.0,26.0,22.0,22.0,3.0,16.0,6.0,22.0,A,1
2023-540,Wimbledon,Grass,128,G,20230703,108,7-6(4) 6-3 6-4,5,R128,150.0,200059,126207,,10.0,,,Yibing Wu,Frances Tiafoe,R,R,183.0,188.0,CHN,USA,23.7,25.4,62.0,10.0,814.0,3085.0,9.0,14.0,1.0,4.0,108.0,117.0,69.0,73.0,45.0,48.0,13.0,24.0,15.0,17.0,5.0,7.0,11.0,11.0,B,0
2023-540,Wimbledon,Grass,128,G,20230703,109,3-6 6-3 6-2 4-6 7-5,5,R128,189.0,208502,200615,,,Q,,Dominic Stricker,Alexei Popyrin,L,R,183.0,196.0,SUI,AUS,20.8,23.9,117.0,93.0,535.0,645.0,17.0,25.0,6.0,5.0,144.0,158.0,86.0,90.0,68.0,68.0,30.0,27.0,24.0,24.0,10.0,9.0,14.0,15.0,A,1
2023-540,Wimbledon,Grass,128,G,20230703,110,4-6 6-4 6-3 6-0,5,R128,143.0,105948,125802,,,,,Federico Coria,Ilya Ivashka,R,R,180.0,193.0,ARG,BLR,31.3,29.3,104.0,102.0,592.0,607.0,1.0,7.0,1.0,2.0,101.0,111.0,64.0,72.0,40.0,55.0,19.0,25.0,17.0,18.0,7.0,8.0,12.0,9.0,B,0
2023-540,Wimbledon,Grass,128,G,20230703,111,6-1 6-2 6-1,5,R128,93.0,105777,200647,21.0,,,Q,Grigor Dimitrov,Sho Shimabukuro,R,R,191.0,180.0,BUL,JPN,32.1,25.9,24.0,162.0,1430.0,357.0,8.0,4.0,4.0,3.0,63.0,75.0,34.0,38.0,29.0,17.0,17.0,17.0,11.0,11.0,4.0,3.0,4.0,10.0,A,1
2023-540,Wimbledon,Grass,128,G,20230703,112,7-6(3) 6-1 6-2,5,R128,106.0,209950,200221,,31.0,WC,,Arthur Fils,Alejandro Davidovich Fokina,R,R,185.0,183.0,FRA,ESP,19.0,24.0,61.0,34.0,816.0,1115.0,5.0,2.0,6.0,1.0,82.0,96.0,48.0,69.0,29.0,47.0,16.0,19.0,13.0,15.0,2.0,5.0,8.0,7.0,B,0
2023-540,Wimbledon,Grass,128,G,20230703,113,2-6 7-6(3) 7-6(6) 3-6 6-2,5,R128,241.0,122298,111190,,,,,Botic Van De Zandschulp,Zhizhen Zhang,R,R,191.0,193.0,NED,CHN,27.7,26.7,44.0,52.0,975.0,874.0,13.0,19.0,6.0,3.0,152.0,183.0,105.0,126.0,73.0,91.0,25.0,22.0,25.0,26.0,6.0,11.0,11.0,15.0,A,1
2023-540,Wimbledon,Grass,128,G,20230703,114,6-7(0) 6-3 6-4 6-4,5,R128,177.0,208286,106148,,,Q,,Matteo Arnaldi,Roberto Carballes Baena,R,R,185.0,183.0,ITA,ESP,22.3,30.2,80.0,57.0,737.0,850.0,9.0,2.0,4.0,5.0,115.0,128.0,61.0,70.0,42.0,53.0,32.0,34.0,20.0,22.0,3.0,5.0,8.0,7.0,B,0
2023-540,Wimbledon,Grass,128,G,20230703,115,7-6(4) 6-3 6-2,5,R128,129.0,207785,208029,,6.0,WC,,George Loffhagen,Holger Rune,R,R,188.0,188.0,GBR,DEN,22.2,20.1,371.0,6.0,130.0,4510.0,9.0,7.0,6.0,2.0,103.0,86.0,66.0,57.0,50.0,46.0,14.0,20.0,14.0,16.0,8.0,5.0,11.0,5.0,B,0
2023-540,Wimbledon,Grass,128,G,20230703,116,7-5 6-4 6-3,5,R128,132.0,106421,209259,3.0,,,WC,Daniil Medvedev,Arthur Fery,R,R,198.0,175.0,RUS,GBR,27.3,20.9,3.0,391.0,5890.0,118.0,7.0,2.0,3.0,0.0,87.0,101.0,56.0,62.0,44.0,37.0,15.0,19.0,15.0,16.0,2.0,6.0,4.0,12.0,A,1
2023-540,Wimbledon,Grass,128,G,20230703,117,6-3 6-3 6-2,5,R128,90.0,105173,207686,,,,,Adrian Mannarino,Alexander Shevchenko,L,R,180.0,185.0,FRA,KAZ,35.0,22.5,35.0,97.0,1112.0,623.0,9.0,2.0,5.0,3.0,80.0,77.0,51.0,53.0,39.0,31.0,16.0,10.0,13.0,13.0,3.0,7.0,4.0,13.0,A,1
2023-540,Wimbledon,Grass,128,G,20230703,118,7-6(2) 6-4 6-4,5,R128,128.0,106198,106218,,,,,Hugo Dellien,Marcos Giron,R,R,180.0,180.0,BOL,USA,30.0,29.9,171.0,65.0,340.0,795.0,3.0,16.0,6.0,1.0,108.0,99.0,69.0,64.0,52.0,55.0,17.0,19.0,16.0,17.0,8.0,6.0,11.0,7.0,B,0
2023-540,Wimbledon,Grass,128,G,20230703,119,6-4 6-2 6-4,5,R128,116.0,105916,134868,,28.0,,,Marton Fucsovics,Tallon Griekspoor,R,R,188.0,188.0,HUN,NED,31.3,27.0,67.0,31.0,777.0,1254.0,8.0,3.0,7.0,2.0,93.0,81.0,50.0,44.0,36.0,30.0,25.0,16.0,14.0,14.0,2.0,5.0,3.0,10.0,A,1
2023-540,Wimbledon,Grass,128,G,20230703,120,5-7 6-3 6-3 6-4,5,R128,172.0,132686,202103,,18.0,,,Nuno Borges,Francisco Cerundolo,R,R,185.0,185.0,POR,ARG,26.3,24.8,69.0,19.0,770.0,1860.0,5.0,11.0,9.0,8.0,169.0,123.0,106.0,76.0,70.0,60.0,26.0,22.0,20.0,20.0,17.0,6.0,22.0,8.0,B,0
2023-540,Wimbledon,Grass,128,G,20230703,121,6-4 6-4 6-4,5,R128,99.0,124116,208103,,,WC,,Sebastian Ofner,Jiri Lehecka,R,R,191.0,185.0,AUT,CZE,27.1,21.6,72.0,37.0,768.0,1083.0,7.0,4.0,7.0,2.0,101.0,89.0,64.0,70.0,46.0,50.0,18.0,15.0,15.0,15.0,7.0,2.0,10.0,2.0,B,0
2023-540,Wimbledon,Grass,128,G,20230703,122,6-7(5) 6-4 7-6(5) 6-1,5,R128,158.0,110602,105683,,,Q,,Dennis Novak,Milos Raonic,R,R,183.0,196.0,AUT,CAN,29.8,32.5,159.0,849.0,362.0,20.0,4.0,28.0,4.0,2.0,123.0,125.0,70.0,88.0,52.0,77.0,31.0,20.0,21.0,22.0,5.0,2.0,8.0,2.0,B,0
2023-540,Wimbledon,Grass,128,G,20230703,123,7-5 6-3 6-1,5,R128,109.0,126205,208278,16.0,,,Q,Tommy Paul,Shintaro Mochizuki,R,R,185.0,175.0,USA,JPN,26.1,20.0,15.0,212.0,2250.0,276.0,6.0,4.0,4.0,2.0,92.0,80.0,45.0,54.0,34.0,35.0,28.0,9.0,14.0,14.0,4.0,1.0,5.0,7.0,A,1
2023-540,Wimbledon,Grass,128,G,20230703,124,6-3 4-6 6-1 6-4,5,R128,152.0,207830,111815,,12.0,Q,,Tomas Machac,Cameron Norrie,R,L,183.0,188.0,CZE,GBR,22.7,27.8,108.0,13.0,573.0,2610.0,13.0,8.0,5.0,2.0,139.0,115.0,89.0,74.0,51.0,57.0,22.0,17.0,18.0,18.0,14.0,5.0,21.0,8.0,B,0
2023-540,Wimbledon,Grass,128,G,20230703,125,4-6 7-5 7-5 6-3,5,R128,166.0,106329,111153,,,,,Thiago Monteiro,Christopher Eubanks,L,R,183.0,201.0,BRA,USA,29.0,27.1,95.0,43.0,626.0,976.0,10.0,28.0,4.0,4.0,112.0,117.0,58.0,89.0,45.0,76.0,37.0,12.0,21.0,22.0,2.0,1.0,5.0,2.0,B,0
2023-540,Wimbledon,Grass,128,G,20230703,126,7-5 6-4 4-6 6-4,5,R128,187.0,106331,209098,,,,Q,Christopher Oconnell,Hamad Medjedovic,R,R,183.0,188.0,AUS,SRB,29.0,19.9,73.0,156.0,766.0,371.0,10.0,11.0,4.0,8.0,136.0,117.0,92.0,74.0,68.0,52.0,21.0,21.0,21.0,21.0,4.0,5.0,7.0,10.0,A,1
2023-540,Wimbledon,Grass,128,G,20230703,127,7-6(7) 4-6 6-2 6-3,5,R128,179.0,106210,200624,,22.0,,,Jiri Vesely,Sebastian Korda,L,R,198.0,196.0,CZE,USA,29.9,22.9,528.0,25.0,67.0,1355.0,23.0,19.0,11.0,3.0,146.0,114.0,99.0,75.0,75.0,57.0,25.0,23.0,20.0,20.0,10.0,1.0,11.0,4.0,A,1
2023-540,Wimbledon,Grass,128,G,20230703,128,6-4 6-3 3-6 4-6 6-3,5,R128,184.0,210097,106121,32.0,,,LL,Ben Shelton,Taro Daniel,L,R,193.0,191.0,USA,JPN,20.7,30.4,36.0,106.0,1094.0,584.0,22.0,4.0,2.0,6.0,133.0,147.0,96.0,103.0,76.0,74.0,20.0,22.0,24.0,23.0,2.0,6.0,4.0,9.0,A,1
2023-540,Wimbledon,Grass,128,G,20230703,129,6-7(5) 7-6(3) 7-6(8) 7-6(7),5,R128,217.0,111513,202195,,,,,Laslo Djere,Maxime Cressy,R,R,188.0,201.0,SRB,USA,28.0,26.1,60.0,58.0,820.0,845.0,15.0,23.0,5.0,21.0,158.0,166.0,106.0,92.0,83.0,80.0,37.0,39.0,26.0,26.0,5.0,6.0,7.0,8.0,A,1
2023-540,Wimbledon,Grass,128,G,20230703,130,6-3 6-0 6-1,5,R128,121.0,126106,104918,,,WC,,Ryan Peniston,Andy Murray,L,R,180.0,191.0,GBR,GBR,27.6,36.1,268.0,40.0,207.0,1030.0,2.0,5.0,4.0,0.0,71.0,73.0,37.0,46.0,23.0,35.0,11.0,16.0,11.0,11.0,6.0,2.0,13.0,2.0,B,0
2023-540,Wimbledon,Grass,128,G,20230703,131,3-6 7-6(1) 6-2 6-7(5) 7-6(8),5,R128,236.0,106233,126774,,5.0,,,Dominic Thiem,Stefanos Tsitsipas,R,R,185.0,193.0,AUT,GRE,29.8,24.8,91.0,5.0,666.0,4670.0,15.0,13.0,4.0,3.0,178.0,153.0,107.0,100.0,79.0,82.0,46.0,38.0,29.0,27.0,9.0,2.0,11.0,3.0,B,0
2023-540,Wimbledon,Grass,128,G,20230703,132,6-2 6-2 6-2,5,R128,90.0,207678,206173,,8.0,,,Juan Manuel Cerundolo,Jannik Sinner,L,R,183.0,191.0,ARG,ITA,21.6,21.8,111.0,8.0,560.0,3345.0,5.0,7.0,3.0,0.0,87.0,58.0,54.0,40.0,30.0,33.0,14.0,16.0,12.0,12.0,7.0,2.0,13.0,2.0,B,0
2023-540,Wimbledon,Grass,128,G,20230703,133,6-0 6-3 6-4,5,R128,124.0,200175,106043,,,,,Miomir Kecmanovic,Diego Schwartzman,R,R,183.0,170.0,SRB,ARG,23.8,30.8,41.0,98.0,1020.0,615.0,0.0,2.0,4.0,4.0,97.0,96.0,63.0,71.0,39.0,50.0,8.0,8.0,12.0,13.0,11.0,6.0,18.0,8.0,B,0
2023-540,Wimbledon,Grass,128,G,20230703,134,6-3 7-6(1) 3-6 7-5,5,R128,156.0,126846,127157,,,,,Aleksandar Vukic,Daniel Altmaier,R,R,188.0,188.0,AUS,GER,27.2,24.8,87.0,66.0,679.0,778.0,11.0,6.0,3.0,2.0,115.0,129.0,75.0,79.0,59.0,55.0,21.0,26.0,21.0,22.0,2.0,5.0,5.0,10.0,A,1
2023-540,Wimbledon,Grass,128,G,20230703,135,6-2 6-3 6-7(5) 6-4,5,R128,175.0,105554,111460,27.0,,,,Daniel Evans,Quentin Halys,R,R,175.0,191.0,GBR,FRA,33.1,26.6,30.0,79.0,1321.0,741.0,12.0,23.0,5.0,5.0,110.0,134.0,61.0,77.0,44.0,60.0,31.0,35.0,20.0,20.0,5.0,5.0,9.0,5.0,B,0
2023-540,Wimbledon,Grass,128,G,20230703,136,6-4 6-3 6-3,5,R128,109.0,106415,123755,24.0,,,,Yoshihito Nishioka,Daniel Elahi Galan,L,R,170.0,191.0,JPN,COL,27.7,27.0,27.0,85.0,1351.0,693.0,3.0,11.0,4.0,4.0,77.0,87.0,54.0,52.0,34.0,41.0,8.0,17.0,14.0,14.0,0.0,6.0,6.0,8.0,B,0
2023-540,Wimbledon,Grass,128,G,20230703,137,7-5 6-3 7-6(9),5,R128,128.0,106214,136440,,,Q,,Oscar Otte,Dominik Koepfer,R,L,193.0,180.0,GER,GER,29.9,29.1,233.0,86.0,251.0,681.0,21.0,3.0,11.0,3.0,114.0,106.0,69.0,62.0,58.0,45.0,18.0,23.0,17.0,17.0,3.0,3.0,5.0,7.0,A,1
2023-540,Wimbledon,Grass,128,G,20230703,138,6-3 6-3 6-4,5,R128,104.0,144684,144707,,,,,Alex Molcan,Mikael Ymer,L,R,178.0,183.0,SVK,SWE,25.5,24.8,83.0,59.0,721.0,831.0,2.0,5.0,6.0,1.0,98.0,75.0,65.0,54.0,43.0,44.0,14.0,13.0,14.0,14.0,10.0,0.0,14.0,0.0,B,0
2023-540,Wimbledon,Grass,128,G,20230703,139,6-4 2-6 4-6 7-5 6-3,5,R128,181.0,105870,126203,,9.0,,,Yannick Hanfmann,Taylor Fritz,R,R,193.0,196.0,GER,USA,31.6,25.6,45.0,9.0,962.0,3310.0,10.0,15.0,4.0,3.0,135.0,144.0,94.0,101.0,66.0,72.0,26.0,25.0,24.0,25.0,3.0,9.0,7.0,13.0,B,0
2023-540,Wimbledon,Grass,128,G,20230703,140,6-3 7-5 4-6 3-6 6-1,5,R128,211.0,106432,105550,13.0,,,,Borna Coric,Guido Pella,R,L,188.0,183.0,CRO,ARG,26.6,33.1,14.0,308.0,2305.0,170.0,16.0,7.0,1.0,2.0,131.0,160.0,95.0,115.0,71.0,80.0,16.0,25.0,23.0,24.0,3.0,14.0,8.0,17.0,B,0
2023-540,Wimbledon,Grass,128,G,20230703,141,6-3 6-4 7-5,5,R128,118.0,126127,208004,,,,Q,Benjamin Bonzi,Harold Mayot,R,R,183.0,180.0,FRA,FRA,27.0,21.4,94.0,181.0,638.0,321.0,5.0,15.0,3.0,1.0,89.0,100.0,55.0,68.0,39.0,53.0,17.0,18.0,15.0,16.0,2.0,7.0,6.0,8.0,B,0
2023-540,Wimbledon,Grass,128,G,20230703,142,6-3 7-5 7-5,5,R128,146.0,104755,144895,,,,,Richard Gasquet,Corentin Moutet,R,L,183.0,180.0,FRA,FRA,37.0,24.2,51.0,71.0,875.0,768.0,1.0,12.0,4.0,3.0,111.0,103.0,76.0,69.0,47.0,46.0,14.0,20.0,16.0,17.0,8.0,8.0,14.0,11.0,B,0
2023-540,Wimbledon,Grass,128,G,20230703,143,2-6 7-6(7) 6-7(4) 6-4 7-5,5,R128,243.0,105138,126128,20.0,,,,Roberto Bautista Agut,Roman Safiullin,R,R,183.0,185.0,ESP,RUS,35.2,25.9,23.0,92.0,1480.0,663.0,6.0,17.0,3.0,9.0,184.0,170.0,125.0,110.0,87.0,81.0,31.0,33.0,29.0,27.0,9.0,5.0,13.0,9.0,B,0
2023-540,Wimbledon,Grass,128,G,20230703,144,5-7 6-4 6-2 6-2,5,R128,150.0,133430,105430,26.0,,,Q,Denis Shapovalov,Radu Albot,L,R,185.0,175.0,CAN,MDA,24.2,33.6,29.0,107.0,1335.0,580.0,13.0,0.0,7.0,6.0,105.0,124.0,60.0,81.0,51.0,51.0,22.0,18.0,19.0,19.0,4.0,9.0,7.0,16.0,A,1
2023-540,Wimbledon,Grass,128,G,20230703,145,7-5 6-7(4) 7-5 6-3,5,R128,190.0,106296,144750,,,,,Gregoire Barrere,Lloyd Harris,R,R,183.0,193.0,FRA,RSA,29.3,26.3,49.0,208.0,889.0,279.0,11.0,20.0,0.0,5.0,155.0,161.0,95.0,109.0,66.0,70.0,38.0,28.0,22.0,24.0,8.0,7.0,10.0,13.0,A,1
2023-540,Wimbledon,Grass,128,G,20230703,146,6-1 6-3 7-5,5,R128,122.0,106005,106281,,,,WC,Constant Lestienne,Liam Broady,R,L,180.0,183.0,FRA,GBR,31.1,29.4,74.0,142.0,761.0,422.0,4.0,6.0,3.0,2.0,91.0,85.0,63.0,44.0,32.0,32.0,12.0,24.0,14.0,14.0,8.0,5.0,16.0,8.0,B,0
2023-540,Wimbledon,Grass,128,G,20230703,147,6-1 5-7 6-4 6-3,5,R128,168.0,106362,134770,,4.0,Q,,Laurent Lokoli,Casper Ruud,R,R,188.0,183.0,FRA,NOR,28.7,24.5,199.0,4.0,290.0,4960.0,6.0,6.0,11.0,7.0,120.0,107.0,78.0,66.0,52.0,52.0,18.0,25.0,19.0,19.0,5.0,6.0,11.0,8.0,B,0
2023-540,Wimbledon,Grass,128,G,20230703,148,6-3 7-5 6-4,5,R128,93.0,126094,126845,7.0,,,,Andrey Rublev,Max Purcell,R,R,188.0,185.0,RUS,AUS,25.7,25.2,7.0,64.0,4255.0,796.0,6.0,8.0,1.0,3.0,94.0,71.0,69.0,45.0,53.0,32.0,12.0,12.0,16.0,15.0,4.0,0.0,6.0,5.0,A,1
2023-540,Wimbledon,Grass,128,G,20230703,149,6-7(4) 6-4 6-2 6-4,5,R128,200.0,209414,106234,,,,,Luca Van Assche,Aslan Karatsev,R,R,178.0,185.0,FRA,RUS,19.1,29.8,75.0,50.0,758.0,888.0,6.0,11.0,6.0,8.0,148.0,135.0,88.0,74.0,53.0,55.0,35.0,34.0,21.0,20.0,14.0,8.0,20.0,10.0,B,0
2023-540,Wimbledon,Grass,128,G,20230703,150,7-6(7) 3-6 6-3 7-6(2),5,R128,212.0,202104,144642,,,,Q,Sebastian Baez,Tomas Barrios Vera,R,R,170.0,191.0,ARG,CHI,22.5,25.5,46.0,133.0,955.0,456.0,3.0,7.0,7.0,1.0,159.0,134.0,117.0,97.0,80.0,70.0,21.0,23.0,22.0,22.0,8.0,6.0,10.0,8.0,B,0
2023-540,Wimbledon,Grass,128,G,20230703,151,6-2 5-7 6-2 6-0,5,R128,115.0,206681,105676,,,LL,WC,Fabian Marozsan,David Goffin,R,R,193.0,180.0,HUN,BEL,23.7,32.5,96.0,123.0,626.0,503.0,6.0,6.0,8.0,4.0,97.0,85.0,61.0,52.0,39.0,44.0,15.0,24.0,17.0,17.0,6.0,1.0,13.0,2.0,B,0
2023-540,Wimbledon,Grass,128,G,20230703,152,6-7(3) 6-4 6-4 6-4,5,R128,169.0,122330,111456,23.0,,,,Alexander Bublik,Mackenzie Mcdonald,R,R,196.0,178.0,KAZ,USA,26.0,28.2,26.0,54.0,1354.0,855.0,24.0,6.0,11.0,8.0,124.0,141.0,78.0,88.0,70.0,61.0,19.0,27.0,21.0,22.0,3.0,7.0,4.0,11.0,A,1
2023-540,Wimbledon,Grass,128,G,20230703,153,7-5 6-3 7-6(4),5,R128,122.0,111505,200670,,,Q,,Enzo Couacaud,J J Wolf,R,R,183.0,183.0,FRA,USA,28.3,24.5,158.0,48.0,363.0,924.0,16.0,11.0,3.0,4.0,99.0,108.0,61.0,59.0,45.0,47.0,22.0,32.0,16.0,18.0,4.0,4.0,6.0,4.0,B,0
2023-540,Wimbledon,Grass,128,G,20230703,154,7-5 6-7(8) 6-3 6-4,5,R128,166.0,109739,127339,,,Q,,Maximilian Marterer,Borna Gojo,L,R,188.0,196.0,GER,CRO,28.0,25.3,170.0,112.0,342.0,557.0,17.0,14.0,6.0,11.0,136.0,144.0,83.0,85.0,73.0,63.0,28.0,31.0,23.0,21.0,6.0,9.0,7.0,13.0,A,1
2023-540,Wimbledon,Grass,128,G,20230703,155,7-6(4) 6-7(4) 7-6(4) 6-4,5,R128,247.0,200000,111581,11.0,,,LL,Felix Auger Aliassime,Michael Mmoh,R,R,193.0,188.0,CAN,USA,22.8,25.4,12.0,119.0,2760.0,527.0,17.0,12.0,8.0,4.0,151.0,146.0,91.0,104.0,73.0,85.0,31.0,22.0,24.0,25.0,2.0,3.0,5.0,5.0,B,0
2023-540,Wimbledon,Grass,128,G,20230703,156,6-3 6-1 7-5,5,R128,122.0,207518,122669,14.0,,,,Lorenzo Musetti,Juan Pablo Varillas,R,R,185.0,185.0,ITA,PER,21.3,27.7,16.0,63.0,2210.0,806.0,5.0,4.0,4.0,3.0,88.0,84.0,59.0,52.0,47.0,32.0,15.0,15.0,14.0,14.0,3.0,6.0,4.0,12.0,A,1
2023-540,Wimbledon,Grass,128,G,20230703,157,4-6 6-3 6-4 6-4,5,R128,158.0,144719,104545,,,,,Jaume Munar,John Isner,R,R,183.0,208.0,ESP,USA,26.1,38.1,109.0,103.0,570.0,595.0,5.0,17.0,9.0,6.0,139.0,107.0,99.0,62.0,67.0,46.0,20.0,19.0,20.0,19.0,9.0,4.0,12.0,9.0,A,1
2023-540,Wimbledon,Grass,128,G,20230703,158,5-7 7-6(4) 6-2 6-2,5,R128,155.0,105583,123828,,,,WC,Dusan Lajovic,Jan Choinski,R,R,183.0,196.0,SRB,GBR,33.0,27.0,56.0,164.0,854.0,348.0,7.0,8.0,5.0,2.0,123.0,128.0,80.0,88.0,50.0,57.0,21.0,24.0,21.0,20.0,5.0,6.0,13.0,11.0,B,0
2023-540,Wimbledon,Grass,128,G,20230703,159,6-1 6-4 6-4,5,R128,100.0,128034,105077,17.0,,,,Hubert Hurkacz,Albert Ramos,R,L,196.0,188.0,POL,ESP,26.3,35.4,18.0,76.0,2060.0,752.0,15.0,2.0,1.0,3.0,80.0,80.0,54.0,60.0,45.0,38.0,15.0,8.0,14.0,13.0,4.0,3.0,4.0,7.0,A,1
2023-540,Wimbledon,Grass,128,G,20230703,160,6-7(5) 5-7 6-3 6-4 7-5,5,R128,277.0,126523,144869,,29.0,,,Bernabe Zapata Miralles,Tomas Martin Etcheverry,R,R,183.0,196.0,ESP,ARG,26.4,23.9,53.0,32.0,856.0,1201.0,1.0,10.0,5.0,3.0,167.0,205.0,124.0,140.0,83.0,100.0,24.0,31.0,28.0,28.0,9.0,17.0,15.0,21.0,B,0
2023-540,Wimbledon,Grass,128,G,20230703,161,7-5 7-5 6-4,5,R128,138.0,104527,200325,,,,,Stan Wawrinka,Emil Ruusuvuori,R,R,183.0,188.0,SUI,FIN,38.2,24.2,88.0,47.0,674.0,936.0,6.0,3.0,3.0,3.0,109.0,106.0,71.0,62.0,53.0,43.0,19.0,22.0,17.0,17.0,9.0,7.0,11.0,12.0,A,1
2023-540,Wimbledon,Grass,128,G,20230703,162,2-6 2-6 6-4 7-6(4) 6-3,5,R128,210.0,206909,111442,,,,,Brandon Nakashima,Jordan Thompson,R,R,188.0,183.0,USA,AUS,21.9,29.2,55.0,70.0,855.0,769.0,11.0,16.0,2.0,2.0,141.0,137.0,88.0,85.0,65.0,59.0,30.0,32.0,23.0,25.0,4.0,4.0,7.0,9.0,B,0
2023-540,Wimbledon,Grass,128,G,20230703,163,6-3 6-3 7-6(4),5,R128,132.0,106398,104925,,2.0,,,Pedro Cachin,Novak Djokovic,R,R,185.0,188.0,ARG,SRB,28.2,36.1,68.0,2.0,772.0,7595.0,10.0,13.0,3.0,3.0,103.0,90.0,70.0,57.0,46.0,44.0,14.0,20.0,16.0,15.0,7.0,2.0,11.0,3.0,B,0
2023-540,Wimbledon,Grass,128,G,20230703,164,6-4 7-6(2) 6-3,5,R64,153.0,207989,124186,1.0,,,,Carlos Alcaraz,Alexandre Muller,R,R,183.0,183.0,ESP,FRA,20.1,26.4,1.0,84.0,7675.0,711.0,5.0,5.0,3.0,1.0,109.0,120.0,70.0,82.0,53.0,45.0,23.0,27.0,16.0,16.0,6.0,12.0,6.0,14.0,A,1
2023-540,Wimbledon,Grass,128,G,20230703,165,7-5 5-7 6-3 6-4,5,R64,202.0,106186,111797,,25.0,,,Jason Kubler,Nicolas Jarry,R,R,178.0,201.0,AUS,CHI,30.1,27.7,77.0,28.0,742.0,1336.0,15.0,30.0,11.0,2.0,140.0,137.0,77.0,92.0,60.0,72.0,29.0,25.0,21.0,22.0,8.0,8.0,11.0,9.0,B,0
2023-540,Wimbledon,Grass,128,G,20230703,166,6-4 5-7 6-2 6-2,5,R64,146.0,133297,100644,,19.0,LL,,Yosuke Watanuki,Alexander Zverev,R,R,180.0,198.0,JPN,GER,25.2,26.2,116.0,21.0,547.0,1630.0,17.0,13.0,6.0,4.0,115.0,100.0,61.0,68.0,47.0,57.0,28.0,19.0,19.0,19.0,8.0,4.0,13.0,5.0,B,0
2023-540,Wimbledon,Grass,128,G,20230703,167,6-3 6-4 6-4,5,R64,131.0,126610,200282,,15.0,,,Matteo Berrettini,Alex De Minaur,R,R,196.0,183.0,ITA,AUS,27.2,24.3,38.0,17.0,1082.0,2115.0,13.0,3.0,5.0,5.0,89.0,98.0,57.0,57.0,50.0,40.0,17.0,20.0,15.0,14.0,3.0,5.0,3.0,8.0,A,1
2023-540,Wimbledon,Grass,128,G,20230703,168,7-6(11) 6-4 6-2,5,R64,122.0,208502,126207,,10.0,Q,,Dominic Stricker,Frances Tiafoe,L,R,183.0,188.0,SUI,USA,20.8,25.4,117.0,10.0,535.0,3085.0,10.0,23.0,4.0,5.0,109.0,105.0,55.0,63.0,42.0,56.0,26.0,19.0,15.0,16.0,3.0,4.0,6.0,4.0,B,0
2023-540,Wimbledon,Grass,128,G,20230703,169,6-3 6-4 6-4,5,R64,130.0,125802,105777,,21.0,,,Ilya Ivashka,Grigor Dimitrov,R,R,193.0,191.0,BLR,BUL,29.3,32.1,102.0,24.0,607.0,1430.0,5.0,11.0,5.0,5.0,101.0,96.0,61.0,61.0,41.0,49.0,14.0,16.0,14.0,15.0,5.0,4.0,10.0,6.0,B,0
2023-540,Wimbledon,Grass,128,G,20230703,170,6-1 2-6 6-4 6-3,5,R64,170.0,200221,122298,31.0,,,,Alejandro Davidovich Fokina,Botic Van De Zandschulp,R,R,183.0,191.0,ESP,NED,24.0,27.7,34.0,44.0,1115.0,975.0,6.0,9.0,5.0,7.0,117.0,113.0,78.0,63.0,56.0,45.0,20.0,23.0,17.0,17.0,6.0,6.0,8.0,11.0,A,1
2023-540,Wimbledon,Grass,128,G,20230703,171,6-3 7-6(3) 6-4,5,R64,159.0,208029,106148,6.0,,,,Holger Rune,Roberto Carballes Baena,R,R,188.0,183.0,DEN,ESP,20.1,30.2,6.0,57.0,4510.0,850.0,8.0,2.0,11.0,5.0,111.0,97.0,66.0,54.0,50.0,32.0,20.0,24.0,17.0,15.0,8.0,5.0,11.0,10.0,A,1
2023-540,Wimbledon,Grass,128,G,20230703,172,6-3 6-3 7-6(5),5,R64,144.0,105173,106421,,3.0,,,Adrian Mannarino,Daniil Medvedev,L,R,180.0,198.0,FRA,RUS,35.0,27.3,35.0,3.0,1112.0,5890.0,4.0,7.0,2.0,4.0,102.0,98.0,65.0,64.0,37.0,49.0,21.0,17.0,16.0,15.0,6.0,4.0,11.0,6.0,B,0
2023-540,Wimbledon,Grass,128,G,20230703,173,7-6(2) 6-3 4-6 6-4,5,R64,214.0,106218,105916,,,,,Marcos Giron,Marton Fucsovics,R,R,180.0,188.0,USA,HUN,29.9,31.3,65.0,67.0,795.0,777.0,5.0,11.0,0.0,8.0,149.0,145.0,100.0,89.0,66.0,69.0,24.0,26.0,21.0,21.0,11.0,5.0,15.0,8.0,B,0
2023-540,Wimbledon,Grass,128,G,20230703,174,6-2 6-2 6-2,5,R64,86.0,208103,202103,,18.0,,,Jiri Lehecka,Francisco Cerundolo,R,R,185.0,185.0,CZE,ARG,21.6,24.8,37.0,19.0,1083.0,1860.0,6.0,0.0,0.0,4.0,68.0,85.0,50.0,61.0,37.0,33.0,14.0,10.0,12.0,12.0,2.0,4.0,2.0,10.0,A,1
2023-540,Wimbledon,Grass,128,G,20230703,175,6-4 7-6(4) 6-7(4) 6-4,5,R64,181.0,126205,105683,16.0,,,,Tommy Paul,Milos Raonic,R,R,185.0,196.0,USA,CAN,26.1,32.5,15.0,849.0,2250.0,20.0,13.0,21.0,4.0,8.0,125.0,142.0,74.0,89.0,62.0,69.0,28.0,24.0,23.0,23.0,1.0,10.0,3.0,14.0,A,1
2023-540,Wimbledon,Grass,128,G,20230703,176,6-3 3-6 6-2 7-6(3),5,R64,150.0,111815,111153,12.0,,,,Cameron Norrie,Christopher Eubanks,L,R,188.0,201.0,GBR,USA,27.8,27.1,13.0,43.0,2610.0,976.0,8.0,21.0,5.0,3.0,128.0,105.0,81.0,74.0,58.0,56.0,19.0,21.0,20.0,19.0,9.0,0.0,13.0,2.0,B,0
2023-540,Wimbledon,Grass,128,G,20230703,177,6-3 7-5 6-4,5,R64,127.0,106331,106210,,,,,Christopher Oconnell,Jiri Vesely,R,L,183.0,198.0,AUS,CZE,29.0,29.9,73.0,528.0,766.0,67.0,11.0,16.0,2.0,2.0,87.0,93.0,54.0,65.0,45.0,50.0,20.0,11.0,16.0,15.0,3.0,8.0,4.0,12.0,A,1
2023-540,Wimbledon,Grass,128,G,20230703,178,3-6 6-3 7-6(5) 6-3,5,R64,177.0,210097,111513,32.0,,,,Ben Shelton,Laslo Djere,L,R,193.0,188.0,USA,SRB,20.7,28.0,36.0,60.0,1094.0,820.0,10.0,10.0,1.0,1.0,123.0,161.0,84.0,103.0,60.0,78.0,22.0,27.0,20.0,20.0,9.0,9.0,12.0,11.0,B,0
2023-540,Wimbledon,Grass,128,G,20230703,179,7-6(3) 6-7(2) 4-6 7-6(3) 6-4,5,R64,280.0,104918,126774,,5.0,,,Andy Murray,Stefanos Tsitsipas,R,R,191.0,193.0,GBR,GRE,36.1,24.8,40.0,5.0,1030.0,4670.0,13.0,17.0,2.0,1.0,174.0,171.0,105.0,118.0,82.0,94.0,47.0,30.0,31.0,28.0,5.0,0.0,6.0,1.0,B,0
2023-540,Wimbledon,Grass,128,G,20230703,180,7-5 6-1 6-2,5,R64,122.0,106043,206173,,8.0,,,Diego Schwartzman,Jannik Sinner,R,R,170.0,191.0,ARG,ITA,30.8,21.8,98.0,8.0,615.0,3345.0,1.0,15.0,2.0,1.0,81.0,83.0,58.0,47.0,34.0,38.0,9.0,21.0,13.0,14.0,4.0,4.0,10.0,5.0,B,0
2023-540,Wimbledon,Grass,128,G,20230703,181,6-3 6-1 6-4,5,R64,89.0,126846,111460,,,,,Aleksandar Vukic,Quentin Halys,R,R,188.0,191.0,AUS,FRA,27.2,26.6,87.0,79.0,679.0,741.0,6.0,14.0,3.0,2.0,77.0,71.0,48.0,43.0,33.0,35.0,12.0,20.0,13.0,13.0,4.0,0.0,9.0,0.0,B,0
2023-540,Wimbledon,Grass,128,G,20230703,182,6-3 3-6 6-3 7-6(3),5,R64,152.0,106214,123755,,,Q,,Oscar Otte,Daniel Elahi Galan,R,R,193.0,191.0,GER,COL,29.9,27.0,233.0,85.0,251.0,693.0,11.0,12.0,8.0,2.0,126.0,116.0,74.0,76.0,55.0,62.0,24.0,21.0,19.0,21.0,9.0,0.0,12.0,2.0,B,0
2023-540,Wimbledon,Grass,128,G,20230703,183,3-6 2-6 6-3 6-4 6-2,5,R64,166.0,144707,126203,,9.0,,,Mikael Ymer,Taylor Fritz,R,R,183.0,196.0,SWE,USA,24.8,25.6,59.0,9.0,831.0,3310.0,9.0,10.0,7.0,0.0,145.0,123.0,97.0,66.0,66.0,48.0,25.0,33.0,22.0,22.0,6.0,6.0,10.0,11.0,A,1
2023-540,Wimbledon,Grass,128,G,20230703,184,2-6 6-3 7-6(3) 7-5,5,R64,162.0,105550,208004,,,,Q,Guido Pella,Harold Mayot,L,R,183.0,180.0,ARG,FRA,33.1,21.4,308.0,181.0,170.0,321.0,5.0,13.0,0.0,4.0,143.0,112.0,112.0,73.0,73.0,55.0,18.0,18.0,22.0,20.0,8.0,1.0,12.0,5.0,A,1
2023-540,Wimbledon,Grass,128,G,20230703,185,7-5 6-3 7-6(4),5,R64,170.0,126128,144895,,,,,Roman Safiullin,Corentin Moutet,R,L,185.0,180.0,RUS,FRA,25.9,24.2,92.0,71.0,663.0,768.0,5.0,5.0,8.0,3.0,106.0,122.0,63.0,78.0,50.0,49.0,20.0,19.0,18.0,16.0,5.0,9.0,9.0,15.0,A,1
2023-540,Wimbledon,Grass,128,G,20230703,186,6-3 6-4 7-6(7),5,R64,113.0,133430,106296,26.0,,,,Denis Shapovalov,Gregoire Barrere,L,R,185.0,183.0,CAN,FRA,24.2,29.3,29.0,49.0,1335.0,889.0,18.0,5.0,3.0,0.0,98.0,99.0,71.0,70.0,59.0,47.0,16.0,19.0,16.0,16.0,1.0,3.0,1.0,5.0,A,1
2023-540,Wimbledon,Grass,128,G,20230703,187,6-4 3-6 4-6 6-3 6-0,5,R64,207.0,134770,106281,4.0,,,WC,Casper Ruud,Liam Broady,R,L,183.0,183.0,NOR,GBR,24.5,29.4,4.0,142.0,4960.0,422.0,10.0,5.0,8.0,5.0,159.0,127.0,91.0,69.0,64.0,50.0,27.0,36.0,22.0,22.0,7.0,6.0,13.0,9.0,B,0
2023-540,Wimbledon,Grass,128,G,20230703,188,6-7(4) 6-3 6-4 7-5,5,R64,172.0,106234,126094,,7.0,,,Aslan Karatsev,Andrey Rublev,R,R,185.0,188.0,RUS,RUS,29.8,25.7,50.0,7.0,888.0,4255.0,8.0,12.0,5.0,1.0,132.0,130.0,79.0,80.0,53.0,61.0,29.0,29.0,21.0,23.0,5.0,2.0,10.0,4.0,B,0
2023-540,Wimbledon,Grass,128,G,20230703,189,7-6(3) 5-7 6-2 6-0,5,R64,200.0,144642,105676,,,Q,WC,Tomas Barrios Vera,David Goffin,R,R,191.0,180.0,CHI,BEL,25.5,32.5,133.0,123.0,456.0,503.0,5.0,12.0,3.0,4.0,147.0,125.0,88.0,73.0,45.0,51.0,32.0,25.0,20.0,19.0,16.0,5.0,24.0,9.0,B,0
2023-540,Wimbledon,Grass,128,G,20230703,190,6-3 7-6(5) 6-0,5,R64,104.0,200670,122330,,23.0,,,J J Wolf,Alexander Bublik,R,R,183.0,196.0,USA,KAZ,24.5,26.0,48.0,26.0,924.0,1354.0,4.0,11.0,5.0,6.0,90.0,74.0,53.0,49.0,37.0,45.0,14.0,12.0,14.0,14.0,4.0,0.0,9.0,1.0,B,0
2023-540,Wimbledon,Grass,128,G,20230703,191,7-5 7-6(5) 6-4,5,R64,147.0,109739,111581,,,Q,LL,Maximilian Marterer,Michael Mmoh,L,R,188.0,188.0,GER,USA,28.0,25.4,170.0,119.0,342.0,527.0,13.0,17.0,3.0,2.0,106.0,109.0,69.0,70.0,58.0,57.0,22.0,17.0,18.0,17.0,4.0,4.0,4.0,6.0,A,1
2023-540,Wimbledon,Grass,128,G,20230703,192,6-4 6-3 6-1,5,R64,137.0,144719,207518,,14.0,,,Jaume Munar,Lorenzo Musetti,R,R,183.0,185.0,ESP,ITA,26.1,21.3,109.0,16.0,570.0,2210.0,0.0,6.0,4.0,10.0,94.0,104.0,53.0,61.0,30.0,46.0,19.0,21.0,13.0,13.0,9.0,5.0,14.0,5.0,B,0
2023-540,Wimbledon,Grass,128,G,20230703,193,6-4 6-4 7-6(3),5,R64,126.0,123828,128034,,17.0,WC,,Jan Choinski,Hubert Hurkacz,R,R,196.0,196.0,GBR,POL,27.0,26.3,164.0,18.0,348.0,2060.0,6.0,18.0,2.0,1.0,122.0,88.0,87.0,59.0,55.0,50.0,20.0,19.0,16.0,17.0,11.0,3.0,13.0,3.0,B,0
2023-540,Wimbledon,Grass,128,G,20230703,194,6-3 4-6 6-4 6-2,5,R64,154.0,104527,144869,,29.0,,,Stan Wawrinka,Tomas Martin Etcheverry,R,R,183.0,196.0,SUI,ARG,38.2,23.9,88.0,32.0,674.0,1201.0,5.0,7.0,1.0,3.0,103.0,108.0,57.0,64.0,53.0,46.0,25.0,21.0,19.0,18.0,2.0,6.0,3.0,10.0,A,1
2023-540,Wimbledon,Grass,128,G,20230703,195,6-3 7-6(4) 7-5,5,R64,148.0,104925,111442,2.0,,,,Novak Djokovic,Jordan Thompson,R,R,188.0,183.0,SRB,AUS,36.1,29.2,2.0,70.0,7595.0,769.0,8.0,21.0,0.0,2.0,94.0,105.0,65.0,67.0,57.0,53.0,19.0,18.0,18.0,16.0,0.0,3.0,0.0,5.0,A,1
2023-540,Wimbledon,Grass,128,G,20230703,196,6-3 6-7(6) 6-3 7-5,5,R32,236.0,207989,111797,1.0,25.0,,,Carlos Alcaraz,Nicolas Jarry,R,R,183.0,201.0,ESP,CHI,20.1,27.7,1.0,28.0,7675.0,1336.0,12.0,15.0,7.0,3.0,151.0,149.0,93.0,110.0,72.0,79.0,30.0,14.0,23.0,20.0,5.0,9.0,7.0,14.0,A,1
2023-540,Wimbledon,Grass,128,G,20230703,197,6-3 7-6(4) 7-6(5),5,R32,147.0,126610,100644,,19.0,,,Matteo Berrettini,Alexander Zverev,R,R,196.0,198.0,ITA,GER,27.2,26.2,38.0,21.0,1082.0,1630.0,15.0,12.0,3.0,1.0,112.0,89.0,77.0,72.0,66.0,59.0,17.0,11.0,19.0,16.0,1.0,4.0,1.0,5.0,A,1
2023-540,Wimbledon,Grass,128,G,20230703,198,6-2 6-3 6-2,5,R32,99.0,126207,105777,10.0,21.0,,,Frances Tiafoe,Grigor Dimitrov,R,R,188.0,191.0,USA,BUL,25.4,32.1,10.0,24.0,3085.0,1430.0,5.0,13.0,1.0,3.0,69.0,65.0,36.0,40.0,22.0,37.0,17.0,16.0,12.0,13.0,4.0,0.0,9.0,0.0,B,0
2023-540,Wimbledon,Grass,128,G,20230703,199,6-3 4-6 3-6 6-4 7-6(8),5,R32,239.0,200221,208029,31.0,6.0,,,Alejandro Davidovich Fokina,Holger Rune,R,R,183.0,188.0,ESP,DEN,24.0,20.1,34.0,6.0,1115.0,4510.0,7.0,19.0,0.0,9.0,167.0,170.0,115.0,110.0,80.0,83.0,31.0,29.0,25.0,26.0,10.0,12.0,14.0,16.0,B,0
2023-540,Wimbledon,Grass,128,G,20230703,200,4-6 6-3 6-4 6-4,5,R32,184.0,106421,105916,3.0,,,,Daniil Medvedev,Marton Fucsovics,R,R,198.0,188.0,RUS,HUN,27.3,31.3,3.0,67.0,5890.0,777.0,6.0,4.0,5.0,4.0,127.0,119.0,97.0,69.0,74.0,51.0,12.0,25.0,20.0,19.0,4.0,5.0,5.0,8.0,A,1
2023-540,Wimbledon,Grass,128,G,20230703,201,6-2 7-6(2) 6-7(5) 6-7(9) 6-2,5,R32,244.0,126205,208103,16.0,,,,Tommy Paul,Jiri Lehecka,R,R,185.0,185.0,USA,CZE,26.1,21.6,15.0,37.0,2250.0,1083.0,10.0,19.0,3.0,4.0,167.0,165.0,118.0,103.0,84.0,85.0,29.0,37.0,28.0,27.0,5.0,4.0,10.0,5.0,B,0
2023-540,Wimbledon,Grass,128,G,20230703,202,7-6(5) 7-6(3) 7-6(2),5,R32,173.0,106331,111153,,,,,Christopher Oconnell,Christopher Eubanks,R,R,183.0,201.0,AUS,USA,29.0,27.1,73.0,43.0,766.0,976.0,5.0,23.0,1.0,4.0,121.0,111.0,90.0,76.0,69.0,66.0,16.0,21.0,18.0,21.0,4.0,2.0,5.0,3.0,B,0
2023-540,Wimbledon,Grass,128,G,20230703,203,6-4 7-6(5) 6-4,5,R32,131.0,111513,126774,,5.0,,,Laslo Djere,Stefanos Tsitsipas,R,R,188.0,193.0,SRB,GRE,28.0,24.8,60.0,5.0,820.0,4670.0,4.0,6.0,3.0,1.0,86.0,104.0,56.0,72.0,48.0,59.0,14.0,17.0,16.0,17.0,1.0,3.0,4.0,4.0,B,0
2023-540,Wimbledon,Grass,128,G,20230703,204,3-6 6-2 6-3 6-4,5,R32,145.0,206173,111460,8.0,,,,Jannik Sinner,Quentin Halys,R,R,191.0,191.0,ITA,FRA,21.8,26.6,8.0,79.0,3345.0,741.0,9.0,14.0,8.0,9.0,98.0,115.0,48.0,61.0,40.0,46.0,31.0,25.0,18.0,18.0,2.0,6.0,4.0,11.0,A,1
2023-540,Wimbledon,Grass,128,G,20230703,205,6-2 6-7(2) 7-6(5) 3-6 6-1,5,R32,260.0,144707,123755,,,,,Mikael Ymer,Daniel Elahi Galan,R,R,183.0,191.0,SWE,COL,24.8,27.0,59.0,85.0,831.0,693.0,5.0,9.0,7.0,1.0,144.0,174.0,87.0,115.0,57.0,71.0,25.0,30.0,25.0,25.0,3.0,15.0,13.0,22.0,B,0
2023-540,Wimbledon,Grass,128,G,20230703,206,7-6(1) 6-4 6-0,5,R32,107.0,126128,105550,,,,,Roman Safiullin,Guido Pella,R,L,185.0,183.0,RUS,ARG,25.9,33.1,92.0,308.0,663.0,170.0,11.0,7.0,1.0,2.0,82.0,88.0,57.0,66.0,45.0,38.0,18.0,10.0,14.0,15.0,2.0,3.0,3.0,8.0,A,1
2023-540,Wimbledon,Grass,128,G,20230703,207,4-6 6-2 7-5 7-5,5,R32,192.0,106281,133430,,26.0,WC,,Liam Broady,Denis Shapovalov,L,L,183.0,185.0,GBR,CAN,29.4,24.2,142.0,29.0,422.0,1335.0,1.0,14.0,4.0,14.0,130.0,145.0,70.0,80.0,44.0,57.0,27.0,31.0,21.0,21.0,7.0,12.0,15.0,17.0,B,0
2023-540,Wimbledon,Grass,128,G,20230703,208,6-3 6-7(6) 7-6(5) 6-2,5,R32,180.0,105676,126094,,7.0,WC,,David Goffin,Andrey Rublev,R,R,180.0,188.0,BEL,RUS,32.5,25.7,123.0,7.0,503.0,4255.0,7.0,14.0,6.0,3.0,147.0,143.0,85.0,78.0,57.0,61.0,30.0,34.0,20.0,23.0,9.0,5.0,15.0,8.0,B,0
2023-540,Wimbledon,Grass,128,G,20230703,209,6-4 6-1 7-6(4),5,R32,112.0,109739,122330,,23.0,Q,,Maximilian Marterer,Alexander Bublik,L,R,188.0,196.0,GER,KAZ,28.0,26.0,170.0,26.0,342.0,1354.0,5.0,10.0,3.0,7.0,104.0,81.0,70.0,45.0,45.0,40.0,16.0,24.0,16.0,14.0,5.0,4.0,9.0,4.0,B,0
2023-540,Wimbledon,Grass,128,G,20230703,210,7-6(4) 6-4 6-4,5,R32,124.0,128034,207518,17.0,14.0,,,Hubert Hurkacz,Lorenzo Musetti,R,R,196.0,185.0,POL,ITA,26.3,21.3,18.0,16.0,2060.0,2210.0,16.0,4.0,3.0,7.0,95.0,103.0,64.0,69.0,51.0,50.0,19.0,17.0,16.0,17.0,4.0,2.0,4.0,4.0,A,1
2023-540,Wimbledon,Grass,128,G,20230703,211,6-3 6-1 7-6(5),5,R32,127.0,104527,104925,,2.0,,,Stan Wawrinka,Novak Djokovic,R,R,183.0,188.0,SUI,SRB,38.2,36.1,88.0,2.0,674.0,7595.0,6.0,11.0,0.0,1.0,92.0,75.0,39.0,48.0,27.0,43.0,28.0,17.0,14.0,15.0,5.0,0.0,9.0,0.0,B,0
2023-540,Wimbledon,Grass,128,G,20230703,212,3-6 6-3 6-3 6-3,5,R16,185.0,207989,126610,1.0,,,,Carlos Alcaraz,Matteo Berrettini,R,R,183.0,196.0,ESP,ITA,20.1,27.2,1.0,38.0,7675.0,1082.0,4.0,9.0,6.0,0.0,106.0,119.0,67.0,84.0,53.0,56.0,23.0,17.0,18.0,18.0,2.0,12.0,3.0,16.0,A,1
2023-540,Wimbledon,Grass,128,G,20230703,213,3-6 7-6(6) 7-6(4) 6-3,5,R16,201.0,208029,105777,6.0,21.0,,,Holger Rune,Grigor Dimitrov,R,R,188.0,191.0,DEN,BUL,20.1,32.1,6.0,24.0,4510.0,1430.0,11.0,14.0,5.0,8.0,127.0,147.0,78.0,81.0,64.0,65.0,29.0,35.0,22.0,22.0,1.0,7.0,3.0,9.0,A,1
2023-540,Wimbledon,Grass,128,G,20230703,214,6-4 6-2 RET,5,R16,91.0,106421,208103,3.0,,,,Daniil Medvedev,Jiri Lehecka,R,R,198.0,185.0,RUS,CZE,27.3,21.6,3.0,37.0,5890.0,1083.0,9.0,5.0,2.0,3.0,47.0,75.0,29.0,44.0,28.0,30.0,8.0,11.0,9.0,9.0,0.0,11.0,0.0,14.0,A,1
2023-540,Wimbledon,Grass,128,G,20230703,215,3-6 7-6(4) 3-6 6-4 6-4,5,R16,184.0,126774,111153,5.0,,,,Stefanos Tsitsipas,Christopher Eubanks,R,R,193.0,201.0,GRE,USA,24.8,27.1,5.0,43.0,4670.0,976.0,11.0,13.0,4.0,5.0,134.0,152.0,90.0,102.0,72.0,75.0,26.0,26.0,24.0,27.0,4.0,8.0,7.0,13.0,B,0
2023-540,Wimbledon,Grass,128,G,20230703,216,7-6(4) 6-4 6-3,5,R16,157.0,123755,206173,,8.0,,,Daniel Elahi Galan,Jannik Sinner,R,R,191.0,191.0,COL,ITA,27.0,21.8,85.0,8.0,693.0,3345.0,12.0,12.0,3.0,1.0,127.0,88.0,79.0,48.0,58.0,41.0,18.0,28.0,15.0,17.0,17.0,4.0,20.0,5.0,B,0
2023-540,Wimbledon,Grass,128,G,20230703,217,3-6 6-3 6-1 6-3,5,R16,131.0,133430,126128,26.0,,,,Denis Shapovalov,Roman Safiullin,L,R,185.0,185.0,CAN,RUS,24.2,25.9,29.0,92.0,1335.0,663.0,8.0,6.0,11.0,3.0,96.0,99.0,61.0,68.0,45.0,51.0,13.0,21.0,17.0,17.0,4.0,2.0,9.0,3.0,B,0
2023-540,Wimbledon,Grass,128,G,20230703,218,7-5 6-3 6-7(6) 6-7(5) 6-4,5,R16,197.0,122330,126094,23.0,7.0,,,Alexander Bublik,Andrey Rublev,R,R,196.0,188.0,KAZ,RUS,26.0,25.7,26.0,7.0,1354.0,4255.0,39.0,21.0,14.0,2.0,164.0,167.0,113.0,113.0,93.0,91.0,24.0,35.0,27.0,30.0,6.0,5.0,9.0,5.0,B,0
2023-540,Wimbledon,Grass,128,G,20230703,219,7-6(6) 7-6(6) 5-7 6-4,5,R16,187.0,104925,128034,2.0,17.0,,,Novak Djokovic,Hubert Hurkacz,R,R,188.0,196.0,SRB,POL,36.1,26.3,2.0,18.0,7595.0,2060.0,18.0,33.0,3.0,4.0,125.0,146.0,89.0,106.0,79.0,86.0,22.0,19.0,24.0,24.0,1.0,7.0,2.0,8.0,A,1
2023-540,Wimbledon,Grass,128,G,20230703,220,7-6(3) 6-4 6-4,5,QF,141.0,207989,208029,1.0,6.0,,,Carlos Alcaraz,Holger Rune,R,R,183.0,188.0,ESP,DEN,20.1,20.1,1.0,6.0,7675.0,4510.0,4.0,2.0,2.0,3.0,92.0,97.0,57.0,56.0,45.0,42.0,25.0,22.0,16.0,17.0,1.0,1.0,1.0,3.0,A,1
2023-540,Wimbledon,Grass,128,G,20230703,221,6-4 1-6 4-6 7-6(4) 6-1,5,QF,178.0,106421,111153,3.0,,,,Daniil Medvedev,Christopher Eubanks,R,R,198.0,201.0,RUS,USA,27.3,27.1,3.0,43.0,5890.0,976.0,28.0,17.0,5.0,10.0,124.0,159.0,86.0,112.0,68.0,82.0,24.0,19.0,22.0,25.0,4.0,3.0,7.0,7.0,A,1
2023-540,Wimbledon,Grass,128,G,20230703,222,6-4 3-6 6-2 6-2,5,QF,134.0,126128,206173,,8.0,,,Roman Safiullin,Jannik Sinner,R,R,185.0,191.0,RUS,ITA,25.9,21.8,92.0,8.0,663.0,3345.0,8.0,14.0,7.0,2.0,105.0,88.0,65.0,48.0,39.0,43.0,23.0,22.0,18.0,17.0,6.0,3.0,12.0,5.0,B,0
2023-540,Wimbledon,Grass,128,G,20230703,223,4-6 6-1 6-4 6-3,5,QF,168.0,104925,126094,2.0,7.0,,,Novak Djokovic,Andrey Rublev,R,R,188.0,188.0,SRB,RUS,36.1,25.7,2.0,7.0,7595.0,4255.0,5.0,6.0,1.0,2.0,114.0,103.0,71.0,60.0,53.0,44.0,28.0,19.0,18.0,18.0,7.0,7.0,8.0,12.0,A,1
2023-540,Wimbledon,Grass,128,G,20230703,224,6-3 6-3 6-3,5,SF,110.0,106421,207989,3.0,1.0,,,Daniil Medvedev,Carlos Alcaraz,R,R,198.0,183.0,RUS,ESP,27.3,20.1,3.0,1.0,5890.0,7675.0,5.0,4.0,4.0,3.0,80.0,79.0,47.0,56.0,33.0,41.0,10.0,13.0,13.0,14.0,8.0,2.0,14.0,4.0,B,0
2023-540,Wimbledon,Grass,128,G,20230703,225,6-3 6-4 7-6(4),5,SF,167.0,104925,206173,2.0,8.0,,,Novak Djokovic,Jannik Sinner,R,R,188.0,191.0,SRB,ITA,36.1,21.8,2.0,8.0,7595.0,3345.0,11.0,8.0,0.0,3.0,112.0,90.0,65.0,54.0,49.0,41.0,28.0,20.0,17.0,15.0,6.0,7.0,6.0,9.0,A,1
2023-540,Wimbledon,Grass,128,G,20230703,226,1-6 7-6(6) 6-1 3-6 6-4,5,F,283.0,104925,207989,2.0,1.0,,,Novak Djokovic,Carlos Alcaraz,R,R,188.0,183.0,SRB,ESP,36.1,20.1,2.0,1.0,7595.0,7675.0,2.0,9.0,3.0,7.0,184.0,150.0,118.0,94.0,73.0,66.0,37.0,28.0,24.0,22.0,14.0,10.0,19.0,15.0,B,0
2023-0314,Gstaad,Clay,32,A,20230717,300,3-6 6-0 7-5,3,F,145.0,105077,106398,,,,,Albert Ramos,Pedro Cachin,L,R,188.0,185.0,ESP,ARG,35.4,28.2,79.0,90.0,742.0,662.0,1.0,7.0,2.0,5.0,84.0,88.0,55.0,58.0,38.0,40.0,9.0,16.0,13.0,14.0,7.0,3.0,12.0,6.0,B,0
2023-0314,Gstaad,Clay,32,A,20230717,299,6-3 6-1,3,SF,63.0,106398,209098,,,,Q,Pedro Cachin,Hamad Medjedovic,R,R,185.0,188.0,ARG,SRB,28.2,19.9,90.0,183.0,662.0,322.0,3.0,1.0,0.0,4.0,38.0,49.0,24.0,26.0,22.0,15.0,10.0,12.0,8.0,8.0,0.0,4.0,0.0,8.0,A,1
2023-0314,Gstaad,Clay,32,A,20230717,298,6-2 6-3,3,SF,91.0,105077,200175,,2.0,,,Albert Ramos,Miomir Kecmanovic,L,R,188.0,183.0,ESP,SRB,35.4,23.8,79.0,44.0,742.0,1010.0,1.0,2.0,1.0,2.0,62.0,57.0,38.0,37.0,23.0,19.0,12.0,6.0,9.0,8.0,7.0,5.0,10.0,11.0,A,1
2023-0314,Gstaad,Clay,32,A,20230717,297,6-3 6-3,3,QF,91.0,106398,144719,,,,,Pedro Cachin,Jaume Munar,R,R,185.0,183.0,ARG,ESP,28.2,26.1,90.0,110.0,662.0,595.0,0.0,2.0,0.0,2.0,55.0,59.0,38.0,37.0,27.0,23.0,9.0,8.0,9.0,9.0,3.0,6.0,4.0,10.0,A,1
2023-0314,Gstaad,Clay,32,A,20230717,296,6-3 6-3,3,QF,85.0,209098,105870,,4.0,Q,,Hamad Medjedovic,Yannick Hanfmann,R,R,188.0,193.0,SRB,GER,19.9,31.6,183.0,46.0,322.0,961.0,8.0,2.0,6.0,2.0,64.0,58.0,37.0,42.0,27.0,23.0,13.0,10.0,9.0,9.0,5.0,5.0,6.0,9.0,A,1
2023-0314,Gstaad,Clay,32,A,20230717,295,6-7(2) 6-1 6-4,3,QF,160.0,122669,105077,,,,,Juan Pablo Varillas,Albert Ramos,R,L,185.0,188.0,PER,ESP,27.7,35.4,66.0,79.0,808.0,742.0,2.0,2.0,0.0,2.0,95.0,102.0,50.0,66.0,32.0,44.0,23.0,21.0,14.0,15.0,7.0,3.0,12.0,5.0,B,0
2023-0314,Gstaad,Clay,32,A,20230717,294,6-4 3-6 7-5,3,QF,154.0,200175,200267,2.0,,,Q,Miomir Kecmanovic,Zizou Bergs,R,R,183.0,185.0,SRB,BEL,23.8,24.1,44.0,175.0,1010.0,335.0,3.0,8.0,3.0,9.0,87.0,114.0,51.0,78.0,35.0,53.0,19.0,14.0,15.0,16.0,7.0,11.0,11.0,16.0,A,1
2023-0314,Gstaad,Clay,32,A,20230717,293,7-6(4) 7-6(3),3,R16,130.0,106398,105138,,1.0,,,Pedro Cachin,Roberto Bautista Agut,R,R,185.0,183.0,ARG,ESP,28.2,35.2,90.0,25.0,662.0,1480.0,7.0,3.0,2.0,2.0,94.0,76.0,63.0,52.0,46.0,35.0,16.0,16.0,12.0,12.0,5.0,0.0,6.0,1.0,A,1
2023-0314,Gstaad,Clay,32,A,20230717,292,7-6(3) 6-1,3,R16,85.0,144719,104527,,,,,Jaume Munar,Stan Wawrinka,R,R,183.0,183.0,ESP,SUI,26.1,38.3,110.0,74.0,595.0,764.0,3.0,2.0,5.0,3.0,63.0,58.0,45.0,38.0,34.0,26.0,10.0,6.0,10.0,9.0,2.0,5.0,4.0,9.0,A,1
2023-0314,Gstaad,Clay,32,A,20230717,291,4-6 6-2 7-5,3,R16,143.0,127157,105870,,4.0,,,Daniel Altmaier,Yannick Hanfmann,R,R,188.0,193.0,GER,GER,24.8,31.6,64.0,46.0,813.0,961.0,5.0,6.0,0.0,1.0,91.0,97.0,69.0,65.0,41.0,48.0,12.0,13.0,15.0,15.0,5.0,4.0,10.0,7.0,B,0
2023-0314,Gstaad,Clay,32,A,20230717,290,7-5 2-6 6-3,3,R16,133.0,106233,209098,,,,Q,Dominic Thiem,Hamad Medjedovic,R,R,185.0,188.0,AUT,SRB,29.8,19.9,94.0,183.0,631.0,322.0,7.0,10.0,1.0,9.0,81.0,87.0,57.0,51.0,49.0,38.0,6.0,17.0,14.0,15.0,1.0,5.0,3.0,7.0,B,0
2023-0314,Gstaad,Clay,32,A,20230717,289,6-2 6-1,3,R16,71.0,122669,105487,,,,Q,Juan Pablo Varillas,Facundo Bagnis,R,L,185.0,183.0,PER,ARG,27.7,33.3,66.0,136.0,808.0,462.0,1.0,5.0,3.0,2.0,40.0,62.0,21.0,42.0,18.0,18.0,13.0,10.0,7.0,8.0,2.0,6.0,2.0,11.0,A,1
2023-0314,Gstaad,Clay,32,A,20230717,288,6-3 3-6 6-4,3,R16,150.0,132283,105077,3.0,,,,Lorenzo Sonego,Albert Ramos,R,L,191.0,188.0,ITA,ESP,28.1,35.4,42.0,79.0,1025.0,742.0,8.0,2.0,4.0,3.0,93.0,86.0,63.0,53.0,43.0,38.0,17.0,20.0,14.0,14.0,8.0,2.0,10.0,3.0,B,0
2023-0314,Gstaad,Clay,32,A,20230717,287,7-6(8) 4-6 7-6(4),3,R16,174.0,200267,200514,,,Q,Q,Zizou Bergs,Jurij Rodionov,R,L,185.0,191.0,BEL,AUT,24.1,24.1,175.0,118.0,335.0,535.0,8.0,8.0,4.0,1.0,117.0,102.0,79.0,55.0,57.0,44.0,22.0,30.0,17.0,17.0,5.0,1.0,7.0,2.0,A,1
2023-0314,Gstaad,Clay,32,A,20230717,286,7-6(4) 6-1,3,R16,83.0,208502,200175,,2.0,WC,,Dominic Stricker,Miomir Kecmanovic,L,R,183.0,183.0,SUI,SRB,20.9,23.8,106.0,44.0,605.0,1010.0,5.0,6.0,2.0,1.0,62.0,65.0,27.0,35.0,20.0,30.0,15.0,15.0,9.0,10.0,5.0,1.0,8.0,2.0,B,0
2023-0314,Gstaad,Clay,32,A,20230717,284,6-4 6-1,3,R32,78.0,106121,106398,,,,,Taro Daniel,Pedro Cachin,R,R,191.0,185.0,JPN,ARG,30.4,28.2,112.0,90.0,580.0,662.0,0.0,7.0,3.0,3.0,41.0,62.0,28.0,36.0,10.0,27.0,7.0,10.0,8.0,9.0,1.0,5.0,6.0,7.0,B,0
2023-0314,Gstaad,Clay,32,A,20230717,283,6-3 6-3,3,R32,74.0,106310,144719,,,WC,,Alexander Ritschard,Jaume Munar,R,R,193.0,183.0,SUI,ESP,29.3,26.1,163.0,110.0,357.0,595.0,2.0,2.0,3.0,0.0,50.0,55.0,31.0,41.0,20.0,29.0,7.0,9.0,9.0,9.0,2.0,0.0,6.0,1.0,B,0
2023-0314,Gstaad,Clay,32,A,20230717,282,6-1 3-1 RET,3,R32,41.0,106148,104527,6.0,,,,Roberto Carballes Baena,Stan Wawrinka,R,R,183.0,183.0,ESP,SUI,30.3,38.3,60.0,74.0,845.0,764.0,0.0,4.0,0.0,1.0,24.0,30.0,13.0,16.0,8.0,15.0,3.0,9.0,5.0,6.0,0.0,0.0,3.0,0.0,B,0
2023-0314,Gstaad,Clay,32,A,20230717,280,6-3 6-4,3,R32,80.0,127157,126127,,,,,Daniel Altmaier,Benjamin Bonzi,R,R,188.0,183.0,GER,FRA,24.8,27.1,64.0,107.0,813.0,603.0,1.0,3.0,1.0,4.0,58.0,55.0,45.0,29.0,32.0,19.0,7.0,13.0,10.0,9.0,1.0,5.0,2.0,8.0,A,1
2023-0314,Gstaad,Clay,32,A,20230717,279,6-1 7-6(4),3,R32,94.0,106233,124186,,,,,Dominic Thiem,Alexandre Muller,R,R,185.0,183.0,AUT,FRA,29.8,26.4,94.0,76.0,631.0,748.0,9.0,2.0,1.0,1.0,74.0,55.0,50.0,32.0,38.0,25.0,12.0,10.0,10.0,9.0,4.0,1.0,4.0,3.0,A,1
2023-0314,Gstaad,Clay,32,A,20230717,278,4-6 6-1 6-4,3,R32,141.0,209098,111190,,5.0,Q,,Hamad Medjedovic,Zhizhen Zhang,R,R,188.0,193.0,SRB,CHN,19.9,26.7,183.0,70.0,322.0,796.0,3.0,4.0,3.0,5.0,87.0,90.0,47.0,46.0,33.0,35.0,20.0,15.0,14.0,13.0,5.0,3.0,8.0,8.0,A,1
2023-0314,Gstaad,Clay,32,A,20230717,277,6-2 6-3,3,R32,69.0,202261,122669,,,LL,,Otto Virtanen,Juan Pablo Varillas,R,R,193.0,185.0,FIN,PER,22.0,27.7,132.0,66.0,489.0,808.0,4.0,1.0,3.0,0.0,58.0,43.0,29.0,24.0,21.0,21.0,10.0,12.0,9.0,8.0,5.0,0.0,9.0,0.0,B,0
2023-0314,Gstaad,Clay,32,A,20230717,276,6-2 2-6 6-3,3,R32,121.0,105487,126239,,,Q,,Facundo Bagnis,Arthur Rinderknech,L,R,183.0,196.0,ARG,FRA,33.3,27.9,136.0,82.0,462.0,721.0,7.0,12.0,2.0,4.0,84.0,71.0,57.0,39.0,40.0,32.0,15.0,13.0,13.0,12.0,2.0,1.0,4.0,4.0,A,1
2023-0314,Gstaad,Clay,32,A,20230717,275,6-1 2-6 6-2,3,R32,135.0,105077,104926,,,,WC,Albert Ramos,Fabio Fognini,L,R,188.0,178.0,ESP,ITA,35.4,36.1,79.0,128.0,742.0,507.0,0.0,3.0,4.0,4.0,86.0,90.0,48.0,58.0,25.0,32.0,18.0,8.0,11.0,12.0,12.0,9.0,17.0,17.0,A,1
2023-0314,Gstaad,Clay,32,A,20230717,273,6-0 4-6 6-3,3,R32,114.0,200267,111513,,8.0,Q,,Zizou Bergs,Laslo Djere,R,R,185.0,188.0,BEL,SRB,24.1,28.1,175.0,55.0,335.0,865.0,11.0,5.0,2.0,5.0,78.0,97.0,50.0,61.0,39.0,37.0,15.0,18.0,13.0,12.0,2.0,12.0,3.0,16.0,A,1
2023-0314,Gstaad,Clay,32,A,20230717,272,6-3 7-5,3,R32,74.0,144817,200514,,,,Q,Marc Andrea Huesler,Jurij Rodionov,L,L,196.0,191.0,SUI,AUT,27.0,24.1,84.0,118.0,704.0,535.0,9.0,7.0,3.0,2.0,52.0,62.0,31.0,36.0,23.0,30.0,13.0,16.0,10.0,11.0,1.0,0.0,3.0,0.0,B,0
2023-0314,Gstaad,Clay,32,A,20230717,271,7-6(4) 7-6(4),3,R32,104.0,209950,208502,,,,WC,Arthur Fils,Dominic Stricker,R,L,185.0,183.0,FRA,SUI,19.0,20.9,68.0,106.0,800.0,605.0,7.0,9.0,5.0,4.0,79.0,78.0,48.0,44.0,34.0,36.0,17.0,18.0,12.0,12.0,5.0,1.0,6.0,2.0,B,0
2023-0316,Bastad,Clay,32,A,20230717,300,7-6(3) 6-0,3,F,91.0,134770,126094,1.0,2.0,,,Casper Ruud,Andrey Rublev,R,R,183.0,188.0,NOR,RUS,24.5,25.7,4.0,7.0,5005.0,4525.0,5.0,6.0,3.0,1.0,72.0,60.0,48.0,44.0,29.0,36.0,10.0,8.0,9.0,9.0,4.0,2.0,8.0,3.0,B,0
2023-0316,Bastad,Clay,32,A,20230717,299,6-3 7-5,3,SF,106.0,134770,207518,1.0,3.0,,,Casper Ruud,Lorenzo Musetti,R,R,183.0,185.0,NOR,ITA,24.5,21.3,4.0,16.0,5005.0,2290.0,5.0,1.0,1.0,2.0,72.0,64.0,47.0,44.0,35.0,30.0,15.0,9.0,11.0,10.0,1.0,2.0,1.0,4.0,A,1
2023-0316,Bastad,Clay,32,A,20230717,298,7-6(6) 6-7(7) 6-3,3,SF,167.0,126094,202103,2.0,4.0,,,Andrey Rublev,Francisco Cerundolo,R,R,188.0,185.0,RUS,ARG,25.7,24.9,7.0,20.0,4525.0,1655.0,9.0,7.0,2.0,4.0,126.0,119.0,78.0,76.0,60.0,58.0,26.0,21.0,16.0,17.0,10.0,6.0,11.0,9.0,A,1
2023-0316,Bastad,Clay,32,A,20230717,297,6-3 6-4,3,QF,88.0,134770,124116,1.0,,,,Casper Ruud,Sebastian Ofner,R,R,183.0,191.0,NOR,AUT,24.5,27.1,4.0,58.0,5005.0,855.0,2.0,1.0,2.0,1.0,64.0,65.0,33.0,40.0,27.0,27.0,19.0,11.0,10.0,9.0,4.0,6.0,4.0,8.0,A,1
2023-0316,Bastad,Clay,32,A,20230717,296,4-6 6-1 6-2,3,QF,125.0,209209,207518,,3.0,Q,,Filip Misolic,Lorenzo Musetti,R,R,180.0,185.0,AUT,ITA,21.9,21.3,139.0,16.0,452.0,2290.0,2.0,5.0,2.0,1.0,96.0,81.0,63.0,50.0,39.0,37.0,14.0,19.0,12.0,13.0,12.0,3.0,16.0,4.0,B,0
2023-0316,Bastad,Clay,32,A,20230717,295,6-3 6-3,3,QF,90.0,105948,202103,,4.0,,,Federico Coria,Francisco Cerundolo,R,R,180.0,185.0,ARG,ARG,31.3,24.9,113.0,20.0,566.0,1655.0,0.0,3.0,4.0,6.0,71.0,60.0,41.0,35.0,22.0,23.0,12.0,10.0,9.0,9.0,5.0,5.0,11.0,8.0,B,0
2023-0316,Bastad,Clay,32,A,20230717,294,6-2 6-3,3,QF,67.0,126094,100644,2.0,5.0,,,Andrey Rublev,Alexander Zverev,R,R,188.0,198.0,RUS,GER,25.7,26.2,7.0,19.0,4525.0,1720.0,6.0,1.0,2.0,3.0,54.0,39.0,30.0,23.0,24.0,18.0,14.0,5.0,9.0,8.0,2.0,2.0,2.0,5.0,A,1
2023-0316,Bastad,Clay,32,A,20230717,293,6-2 6-4,3,R16,79.0,207686,134770,,1.0,,,Alexander Shevchenko,Casper Ruud,R,R,185.0,183.0,KAZ,NOR,22.6,24.5,96.0,4.0,622.0,5005.0,2.0,2.0,2.0,4.0,55.0,58.0,36.0,31.0,18.0,25.0,9.0,15.0,9.0,9.0,3.0,2.0,7.0,3.0,B,0
2023-0316,Bastad,Clay,32,A,20230717,292,4-6 6-4 6-4,3,R16,152.0,126523,124116,,,,,Bernabe Zapata Miralles,Sebastian Ofner,R,R,183.0,191.0,ESP,AUT,26.5,27.1,53.0,58.0,871.0,855.0,7.0,6.0,1.0,2.0,94.0,120.0,66.0,68.0,37.0,42.0,12.0,22.0,15.0,15.0,6.0,14.0,13.0,20.0,B,0
2023-0316,Bastad,Clay,32,A,20230717,291,6-3 4-6 7-6(6),3,R16,155.0,208286,207518,,3.0,,,Matteo Arnaldi,Lorenzo Musetti,R,R,185.0,185.0,ITA,ITA,22.3,21.3,75.0,16.0,762.0,2290.0,5.0,6.0,6.0,2.0,112.0,87.0,68.0,49.0,43.0,38.0,22.0,18.0,16.0,15.0,8.0,1.0,12.0,4.0,B,0
2023-0316,Bastad,Clay,32,A,20230717,290,4-6 7-6(6) 6-4,3,R16,150.0,106075,209209,,,Q,Q,Jozef Kovalik,Filip Misolic,R,R,183.0,180.0,SVK,AUT,30.6,21.9,159.0,139.0,375.0,452.0,3.0,2.0,2.0,3.0,100.0,105.0,69.0,66.0,50.0,52.0,15.0,19.0,16.0,16.0,2.0,5.0,4.0,7.0,B,0
2023-0316,Bastad,Clay,32,A,20230717,289,6-4 6-2,3,R16,86.0,105948,209863,,,,WC,Federico Coria,Leo Borg,R,R,180.0,183.0,ARG,SWE,31.3,20.1,113.0,437.0,566.0,99.0,2.0,0.0,1.0,1.0,59.0,62.0,45.0,39.0,30.0,21.0,9.0,11.0,9.0,9.0,4.0,5.0,5.0,9.0,A,1
2023-0316,Bastad,Clay,32,A,20230717,288,6-2 6-3,3,R16,81.0,209414,202103,,4.0,,,Luca Van Assche,Francisco Cerundolo,R,R,178.0,185.0,FRA,ARG,19.1,24.9,77.0,20.0,748.0,1655.0,2.0,5.0,2.0,3.0,56.0,56.0,34.0,32.0,20.0,25.0,8.0,10.0,9.0,8.0,5.0,4.0,10.0,5.0,B,0
2023-0316,Bastad,Clay,32,A,20230717,287,6-1 6-0,3,R16,60.0,106329,100644,,5.0,,,Thiago Monteiro,Alexander Zverev,L,R,183.0,198.0,BRA,GER,29.1,26.2,122.0,19.0,529.0,1720.0,0.0,3.0,1.0,1.0,31.0,41.0,14.0,33.0,3.0,26.0,7.0,4.0,6.0,7.0,3.0,2.0,8.0,2.0,B,0
2023-0316,Bastad,Clay,32,A,20230717,286,6-3 7-6(4),3,R16,92.0,200303,126094,,2.0,Q,,Pavel Kotov,Andrey Rublev,R,R,191.0,188.0,RUS,RUS,24.6,25.7,89.0,7.0,667.0,4525.0,5.0,3.0,0.0,1.0,73.0,70.0,56.0,40.0,34.0,30.0,6.0,15.0,10.0,11.0,8.0,2.0,11.0,4.0,B,0
2023-0316,Bastad,Clay,32,A,20230717,284,6-3 6-3,3,R32,82.0,207678,207686,,,,,Juan Manuel Cerundolo,Alexander Shevchenko,L,R,183.0,185.0,ARG,KAZ,21.6,22.6,100.0,96.0,615.0,622.0,0.0,2.0,2.0,2.0,64.0,51.0,43.0,34.0,23.0,21.0,9.0,10.0,9.0,9.0,7.0,4.0,12.0,6.0,B,0
2023-0316,Bastad,Clay,32,A,20230717,283,6-3 7-6(3),3,R32,93.0,126523,106198,,,,Q,Bernabe Zapata Miralles,Hugo Dellien,R,R,183.0,180.0,ESP,BOL,26.5,30.0,53.0,167.0,871.0,350.0,3.0,0.0,1.0,2.0,61.0,60.0,48.0,38.0,36.0,26.0,7.0,8.0,11.0,10.0,2.0,3.0,4.0,6.0,A,1
2023-0316,Bastad,Clay,32,A,20230717,282,4-6 6-1 7-5,3,R32,122.0,124116,144869,,6.0,,,Sebastian Ofner,Tomas Martin Etcheverry,R,R,191.0,196.0,AUT,ARG,27.1,23.9,58.0,34.0,855.0,1231.0,6.0,5.0,3.0,2.0,87.0,78.0,49.0,54.0,37.0,35.0,21.0,15.0,15.0,14.0,6.0,2.0,8.0,6.0,A,1
2023-0316,Bastad,Clay,32,A,20230717,280,6-4 2-6 7-6(0),3,R32,134.0,200325,208286,,,,,Emil Ruusuvuori,Matteo Arnaldi,R,R,188.0,185.0,FIN,ITA,24.2,22.3,48.0,75.0,926.0,762.0,3.0,9.0,6.0,3.0,97.0,89.0,61.0,50.0,45.0,40.0,18.0,22.0,15.0,15.0,8.0,2.0,10.0,5.0,B,0
2023-0316,Bastad,Clay,32,A,20230717,279,7-6(4) 7-6(4),3,R32,115.0,105583,209209,,,,Q,Dusan Lajovic,Filip Misolic,R,R,183.0,180.0,SRB,AUT,33.0,21.9,61.0,139.0,839.0,452.0,3.0,6.0,0.0,1.0,90.0,82.0,64.0,56.0,38.0,43.0,15.0,11.0,12.0,12.0,3.0,5.0,6.0,8.0,B,0
2023-0316,Bastad,Clay,32,A,20230717,278,6-3 6-4,3,R32,96.0,200221,106075,7.0,,,Q,Alejandro Davidovich Fokina,Jozef Kovalik,R,R,183.0,183.0,ESP,SVK,24.1,30.6,35.0,159.0,1185.0,375.0,3.0,1.0,1.0,3.0,63.0,61.0,41.0,46.0,25.0,31.0,8.0,6.0,9.0,10.0,4.0,1.0,8.0,3.0,B,0
2023-0316,Bastad,Clay,32,A,20230717,277,6-4 4-6 7-6(5),3,R32,169.0,202104,105948,8.0,,,,Sebastian Baez,Federico Coria,R,R,170.0,180.0,ARG,ARG,22.5,31.3,63.0,113.0,815.0,566.0,1.0,1.0,4.0,5.0,113.0,113.0,78.0,81.0,50.0,50.0,15.0,15.0,16.0,16.0,7.0,8.0,12.0,13.0,B,0
2023-0316,Bastad,Clay,32,A,20230717,276,7-6(5) 6-3,3,R32,104.0,111200,209863,,,WC,WC,Elias Ymer,Leo Borg,R,R,185.0,183.0,SWE,SWE,27.2,20.1,166.0,437.0,351.0,99.0,11.0,3.0,2.0,2.0,75.0,65.0,39.0,42.0,28.0,34.0,17.0,13.0,10.0,11.0,3.0,2.0,5.0,3.0,B,0
2023-0316,Bastad,Clay,32,A,20230717,275,7-6(2) 6-4,3,R32,107.0,200096,209414,,,WC,,Dragos Nicolae Madaras,Luca Van Assche,L,R,191.0,178.0,SWE,FRA,25.8,19.1,191.0,77.0,308.0,748.0,2.0,3.0,4.0,3.0,74.0,62.0,41.0,36.0,25.0,32.0,15.0,8.0,11.0,11.0,6.0,2.0,10.0,5.0,B,0
2023-0316,Bastad,Clay,32,A,20230717,273,6-4 3-6 7-5,3,R32,145.0,100644,144684,5.0,,,,Alexander Zverev,Alex Molcan,R,L,198.0,178.0,GER,SVK,26.2,25.6,19.0,81.0,1720.0,731.0,5.0,3.0,5.0,3.0,90.0,113.0,66.0,77.0,50.0,49.0,8.0,18.0,15.0,16.0,3.0,11.0,6.0,15.0,A,1
2023-0316,Bastad,Clay,32,A,20230717,272,5-7 6-4 6-4,3,R32,182.0,123755,106329,,,,,Daniel Elahi Galan,Thiago Monteiro,R,L,191.0,183.0,COL,BRA,27.0,29.1,56.0,122.0,863.0,529.0,10.0,9.0,2.0,2.0,107.0,101.0,64.0,66.0,48.0,49.0,20.0,18.0,16.0,16.0,6.0,4.0,9.0,6.0,B,0
2023-0316,Bastad,Clay,32,A,20230717,271,6-1 6-2,3,R32,59.0,200303,106065,,,Q,,Pavel Kotov,Marco Cecchinato,R,R,191.0,185.0,RUS,ITA,24.6,30.7,89.0,95.0,667.0,628.0,1.0,0.0,3.0,2.0,42.0,48.0,34.0,23.0,25.0,8.0,3.0,10.0,7.0,8.0,1.0,3.0,2.0,9.0,A,1
2023-0315,Newport,Grass,32,A,20230717,300,6-2 6-4,3,F,82.0,105173,210506,2.0,,,,Adrian Mannarino,Alex Michelsen,L,R,180.0,193.0,FRA,USA,35.0,18.8,38.0,190.0,1146.0,308.0,3.0,2.0,3.0,3.0,49.0,54.0,31.0,34.0,25.0,21.0,11.0,8.0,9.0,9.0,0.0,2.0,1.0,6.0,A,1
2023-0315,Newport,Grass,32,A,20230717,299,7-6(6) 6-4,3,SF,101.0,104545,210506,,,,,John Isner,Alex Michelsen,R,R,208.0,193.0,USA,USA,38.2,18.8,126.0,190.0,515.0,308.0,20.0,5.0,1.0,0.0,75.0,70.0,50.0,55.0,41.0,43.0,11.0,10.0,11.0,11.0,1.0,3.0,2.0,3.0,B,0
2023-0315,Newport,Grass,32,A,20230717,298,6-4 6-3,3,SF,106.0,105173,200005,2.0,3.0,,,Adrian Mannarino,Ugo Humbert,L,L,180.0,188.0,FRA,FRA,35.0,25.0,38.0,40.0,1146.0,1036.0,4.0,6.0,3.0,4.0,54.0,79.0,34.0,44.0,27.0,28.0,10.0,15.0,9.0,10.0,3.0,10.0,4.0,14.0,A,1
2023-0315,Newport,Grass,32,A,20230717,297,4-6 6-3 7-6(4),3,QF,161.0,104545,126205,,1.0,,,John Isner,Tommy Paul,R,R,208.0,185.0,USA,USA,38.2,26.1,126.0,14.0,515.0,2320.0,20.0,13.0,3.0,7.0,114.0,99.0,73.0,63.0,48.0,49.0,25.0,16.0,16.0,15.0,6.0,5.0,8.0,7.0,A,1
2023-0315,Newport,Grass,32,A,20230717,296,6-3 6-3,3,QF,71.0,210506,111456,,4.0,,,Alex Michelsen,Mackenzie Mcdonald,R,R,193.0,178.0,USA,USA,18.8,28.2,190.0,59.0,308.0,845.0,3.0,2.0,0.0,2.0,49.0,56.0,38.0,35.0,31.0,17.0,4.0,11.0,9.0,9.0,2.0,8.0,3.0,12.0,A,1
2023-0315,Newport,Grass,32,A,20230717,295,6-2 6-4,3,QF,94.0,200005,104731,3.0,,,WC,Ugo Humbert,Kevin Anderson,L,R,188.0,203.0,FRA,RSA,25.0,37.1,40.0,,1036.0,,5.0,7.0,2.0,3.0,66.0,65.0,39.0,42.0,26.0,28.0,15.0,6.0,9.0,9.0,5.0,6.0,6.0,10.0,A,1
2023-0315,Newport,Grass,32,A,20230717,294,6-0 6-7(4) 6-2,3,QF,164.0,105173,111442,2.0,7.0,,,Adrian Mannarino,Jordan Thompson,L,R,180.0,183.0,FRA,AUS,35.0,29.2,38.0,69.0,1146.0,798.0,0.0,7.0,3.0,1.0,83.0,105.0,55.0,57.0,39.0,37.0,13.0,16.0,13.0,13.0,2.0,6.0,4.0,13.0,A,1
2023-0315,Newport,Grass,32,A,20230717,293,6-4 6-2,3,R16,93.0,126205,210319,1.0,,,WC,Tommy Paul,Ethan Quinn,R,R,185.0,191.0,USA,USA,26.1,19.3,14.0,434.0,2320.0,100.0,6.0,3.0,2.0,3.0,59.0,65.0,27.0,40.0,23.0,23.0,13.0,9.0,9.0,9.0,2.0,6.0,4.0,11.0,A,1
2023-0315,Newport,Grass,32,A,20230717,292,6-3 6-4,3,R16,85.0,144895,104545,8.0,,,,Corentin Moutet,John Isner,L,R,180.0,208.0,FRA,USA,24.2,38.2,73.0,126.0,768.0,515.0,2.0,7.0,3.0,3.0,56.0,51.0,35.0,37.0,24.0,33.0,11.0,8.0,9.0,10.0,5.0,1.0,7.0,1.0,B,0
2023-0315,Newport,Grass,32,A,20230717,291,6-4 7-6(5),3,R16,101.0,111456,111454,4.0,,,Q,Mackenzie Mcdonald,Li Tu,R,R,178.0,183.0,USA,AUS,28.2,27.1,59.0,252.0,845.0,231.0,4.0,2.0,5.0,3.0,83.0,61.0,55.0,29.0,37.0,19.0,13.0,15.0,11.0,11.0,2.0,0.0,5.0,4.0,A,1
2023-0315,Newport,Grass,32,A,20230717,290,4-6 6-3 6-0,3,R16,115.0,210506,105902,,,,,Alex Michelsen,James Duckworth,R,R,193.0,183.0,USA,AUS,18.8,31.4,190.0,129.0,308.0,505.0,5.0,3.0,3.0,4.0,82.0,82.0,47.0,45.0,32.0,27.0,21.0,16.0,12.0,13.0,4.0,8.0,6.0,14.0,A,1
2023-0315,Newport,Grass,32,A,20230717,289,6-3 7-6(6),3,R16,105.0,104731,133835,,,WC,,Kevin Anderson,Gijs Brouwer,R,L,203.0,191.0,RSA,NED,37.1,27.3,,145.0,,418.0,11.0,3.0,3.0,6.0,85.0,75.0,58.0,45.0,46.0,35.0,15.0,15.0,11.0,10.0,7.0,6.0,7.0,7.0,A,1
2023-0315,Newport,Grass,32,A,20230717,288,6-4 6-4,3,R16,87.0,105449,200005,,3.0,,,Steve Johnson,Ugo Humbert,R,L,188.0,188.0,USA,FRA,33.5,25.0,197.0,40.0,297.0,1036.0,8.0,5.0,4.0,4.0,57.0,66.0,38.0,38.0,26.0,27.0,10.0,17.0,10.0,10.0,4.0,3.0,7.0,4.0,B,0
2023-0315,Newport,Grass,32,A,20230717,287,6-2 6-2,3,R16,73.0,111442,106281,7.0,,,,Jordan Thompson,Liam Broady,R,L,183.0,183.0,AUS,GBR,29.2,29.5,69.0,130.0,798.0,500.0,7.0,2.0,1.0,4.0,35.0,55.0,18.0,28.0,17.0,18.0,15.0,10.0,8.0,8.0,0.0,2.0,0.0,6.0,A,1
2023-0315,Newport,Grass,32,A,20230717,286,6-3 6-4,3,R16,106.0,208014,105173,,2.0,,,Rinky Hijikata,Adrian Mannarino,R,L,178.0,180.0,AUS,FRA,22.3,35.0,116.0,38.0,556.0,1146.0,3.0,2.0,2.0,2.0,57.0,70.0,26.0,43.0,17.0,33.0,13.0,11.0,10.0,9.0,5.0,5.0,10.0,7.0,B,0
2023-0315,Newport,Grass,32,A,20230717,284,6-3 6-1,3,R32,59.0,210319,124154,,,WC,Q,Ethan Quinn,Sasi Kumar Mukund,R,R,191.0,185.0,USA,IND,19.3,26.5,434.0,356.0,100.0,140.0,5.0,1.0,1.0,0.0,47.0,44.0,30.0,25.0,25.0,13.0,9.0,9.0,8.0,8.0,3.0,1.0,3.0,5.0,A,1
2023-0315,Newport,Grass,32,A,20230717,283,6-4 2-6 6-3,3,R32,108.0,106109,104545,,,Q,,Alex Bolt,John Isner,L,R,183.0,208.0,AUS,USA,30.5,38.2,345.0,126.0,146.0,515.0,7.0,20.0,5.0,4.0,71.0,81.0,42.0,56.0,34.0,42.0,16.0,13.0,13.0,14.0,3.0,1.0,5.0,3.0,B,0
2023-0315,Newport,Grass,32,A,20230717,282,7-6(7) 6-0,3,R32,105.0,208118,144895,,8.0,WC,,Eliot Spizzirri,Corentin Moutet,R,L,183.0,180.0,USA,FRA,21.5,24.2,,73.0,,768.0,2.0,3.0,4.0,5.0,81.0,62.0,53.0,30.0,28.0,24.0,13.0,17.0,9.0,9.0,10.0,1.0,14.0,2.0,B,0
2023-0315,Newport,Grass,32,A,20230717,280,6-3 7-6(6),3,R32,97.0,111454,126846,,,Q,,Li Tu,Aleksandar Vukic,R,R,183.0,188.0,AUS,AUS,27.1,27.2,252.0,83.0,231.0,716.0,4.0,7.0,2.0,0.0,70.0,75.0,44.0,44.0,34.0,31.0,16.0,15.0,11.0,10.0,1.0,5.0,2.0,7.0,A,1
2023-0315,Newport,Grass,32,A,20230717,279,5-7 6-4 7-5,3,R32,151.0,105902,106005,,,,,James Duckworth,Constant Lestienne,R,R,183.0,180.0,AUS,FRA,31.4,31.1,129.0,86.0,505.0,691.0,14.0,4.0,7.0,10.0,105.0,113.0,60.0,70.0,45.0,43.0,18.0,17.0,17.0,17.0,4.0,8.0,9.0,14.0,A,1
2023-0315,Newport,Grass,32,A,20230717,278,6-7(5) 6-4 7-5,3,R32,168.0,202195,210506,5.0,,,,Maxime Cressy,Alex Michelsen,R,R,201.0,193.0,USA,USA,26.1,18.8,105.0,190.0,605.0,308.0,23.0,8.0,13.0,2.0,116.0,110.0,63.0,65.0,51.0,47.0,25.0,30.0,17.0,17.0,7.0,5.0,9.0,5.0,B,0
2023-0315,Newport,Grass,32,A,20230717,277,6-4 6-1,3,R32,76.0,133835,126845,,6.0,,,Gijs Brouwer,Max Purcell,L,R,191.0,185.0,NED,AUS,27.3,25.2,145.0,71.0,418.0,786.0,4.0,1.0,2.0,0.0,64.0,53.0,46.0,38.0,33.0,20.0,12.0,8.0,9.0,8.0,6.0,9.0,6.0,12.0,A,1
2023-0315,Newport,Grass,32,A,20230717,276,6-3 6-2,3,R32,89.0,209113,104731,,,,WC,Gabriel Diallo,Kevin Anderson,R,R,203.0,203.0,CAN,RSA,21.8,37.1,141.0,,443.0,,4.0,11.0,5.0,3.0,73.0,39.0,38.0,24.0,26.0,22.0,11.0,8.0,9.0,8.0,5.0,0.0,10.0,1.0,B,0
2023-0315,Newport,Grass,32,A,20230717,275,6-2 6-3,3,R32,60.0,126283,105449,,,Q,,Yunseong Chung,Steve Johnson,R,R,178.0,188.0,KOR,USA,25.3,33.5,322.0,197.0,160.0,297.0,4.0,6.0,1.0,1.0,52.0,47.0,35.0,32.0,21.0,26.0,9.0,10.0,8.0,9.0,2.0,0.0,5.0,0.0,B,0
2023-0315,Newport,Grass,32,A,20230717,273,6-0 6-1,3,R32,66.0,206499,111442,,7.0,,,Aleksandar Kovacevic,Jordan Thompson,R,R,183.0,183.0,USA,AUS,24.8,29.2,123.0,69.0,526.0,798.0,2.0,3.0,4.0,1.0,50.0,37.0,31.0,22.0,12.0,17.0,6.0,9.0,6.0,7.0,4.0,1.0,10.0,2.0,B,0
2023-0315,Newport,Grass,32,A,20230717,272,6-1 7-5,3,R32,78.0,208278,106281,,,,,Shintaro Mochizuki,Liam Broady,R,L,175.0,183.0,JPN,GBR,20.1,29.5,192.0,130.0,304.0,500.0,5.0,4.0,3.0,3.0,56.0,59.0,40.0,36.0,23.0,28.0,5.0,14.0,9.0,10.0,1.0,1.0,5.0,2.0,B,0
2023-0315,Newport,Grass,32,A,20230717,271,6-3 6-4,3,R32,88.0,209406,208014,,,,,Abedallah Shelbayh,Rinky Hijikata,L,R,180.0,178.0,JOR,AUS,19.6,22.3,240.0,116.0,249.0,556.0,1.0,3.0,4.0,4.0,65.0,54.0,37.0,30.0,25.0,25.0,14.0,14.0,10.0,9.0,4.0,1.0,7.0,1.0,B,0
2023-6116,Atlanta,Hard,32,A,20230724,300,7-5 6-7(5) 6-4,3,F,136.0,126203,126846,1.0,,,,Taylor Fritz,Aleksandar Vukic,R,R,196.0,188.0,USA,AUS,25.7,27.2,9.0,82.0,3310.0,716.0,16.0,14.0,2.0,3.0,91.0,109.0,56.0,64.0,47.0,52.0,26.0,21.0,17.0,17.0,0.0,7.0,0.0,9.0,A,1
2023-6116,Atlanta,Hard,32,A,20230724,299,6-3 7-5,3,SF,81.0,200670,126203,8.0,1.0,,,J J Wolf,Taylor Fritz,R,R,183.0,196.0,USA,USA,24.5,25.7,46.0,9.0,953.0,3310.0,5.0,13.0,3.0,2.0,58.0,64.0,34.0,43.0,25.0,36.0,12.0,12.0,10.0,11.0,3.0,2.0,5.0,2.0,B,0
2023-6116,Atlanta,Hard,32,A,20230724,298,3-6 7-6(2) 7-5,3,SF,132.0,200005,126846,7.0,,,,Ugo Humbert,Aleksandar Vukic,L,R,188.0,188.0,FRA,AUS,25.0,27.2,38.0,82.0,1102.0,716.0,11.0,17.0,2.0,2.0,88.0,93.0,64.0,63.0,47.0,48.0,17.0,18.0,17.0,16.0,1.0,1.0,3.0,3.0,B,0
2023-6116,Atlanta,Hard,32,A,20230724,297,6-4 6-2,3,QF,73.0,126203,105453,1.0,,,PR,Taylor Fritz,Kei Nishikori,R,R,196.0,178.0,USA,JPN,25.7,33.5,9.0,439.0,3310.0,98.0,7.0,1.0,0.0,1.0,46.0,58.0,29.0,38.0,25.0,26.0,13.0,9.0,9.0,9.0,1.0,1.0,1.0,4.0,A,1
2023-6116,Atlanta,Hard,32,A,20230724,296,6-2 6-3,3,QF,72.0,136440,200670,,8.0,,,Dominik Koepfer,J J Wolf,L,R,180.0,183.0,GER,USA,29.2,24.5,88.0,46.0,675.0,953.0,6.0,9.0,2.0,0.0,45.0,46.0,29.0,31.0,19.0,24.0,4.0,9.0,8.0,9.0,2.0,0.0,6.0,1.0,B,0
2023-6116,Atlanta,Hard,32,A,20230724,295,6-4 6-4,3,QF,75.0,126846,111153,,5.0,,,Aleksandar Vukic,Christopher Eubanks,R,R,188.0,201.0,AUS,USA,27.2,27.2,82.0,32.0,716.0,1300.0,9.0,10.0,3.0,2.0,58.0,62.0,36.0,40.0,27.0,25.0,13.0,14.0,10.0,10.0,1.0,4.0,2.0,7.0,A,1
2023-6116,Atlanta,Hard,32,A,20230724,294,7-6(4) 6-3,3,QF,118.0,200005,200282,7.0,2.0,,,Ugo Humbert,Alex De Minaur,L,R,188.0,183.0,FRA,AUS,25.0,24.4,38.0,17.0,1102.0,2150.0,7.0,3.0,0.0,4.0,71.0,74.0,40.0,44.0,30.0,31.0,21.0,15.0,11.0,10.0,5.0,8.0,6.0,10.0,A,1
2023-6116,Atlanta,Hard,32,A,20230724,293,6-4 7-6(5),3,R16,90.0,126203,200059,1.0,,,,Taylor Fritz,Yibing Wu,R,R,196.0,183.0,USA,CHN,25.7,23.7,9.0,89.0,3310.0,663.0,10.0,6.0,0.0,5.0,72.0,79.0,47.0,48.0,38.0,34.0,14.0,14.0,11.0,11.0,3.0,5.0,4.0,7.0,A,1
2023-6116,Atlanta,Hard,32,A,20230724,292,6-4 7-6(3),3,R16,96.0,209992,105453,,,Q,PR,Juncheng Shang,Kei Nishikori,L,R,180.0,178.0,CHN,JPN,18.4,33.5,156.0,439.0,388.0,98.0,5.0,4.0,2.0,0.0,63.0,61.0,42.0,40.0,25.0,31.0,13.0,13.0,11.0,11.0,3.0,1.0,6.0,3.0,B,0
2023-6116,Atlanta,Hard,32,A,20230724,291,2-6 7-6(3) 6-4,3,R16,150.0,105554,136440,3.0,,,,Daniel Evans,Dominik Koepfer,R,L,175.0,180.0,GBR,GER,33.1,29.2,30.0,88.0,1321.0,675.0,6.0,10.0,4.0,2.0,102.0,94.0,66.0,67.0,49.0,48.0,15.0,13.0,15.0,15.0,2.0,10.0,5.0,14.0,B,0
2023-6116,Atlanta,Hard,32,A,20230724,290,7-6(7) 6-3,3,R16,95.0,202195,200670,,8.0,,,Maxime Cressy,J J Wolf,R,R,201.0,183.0,USA,USA,26.2,24.5,105.0,46.0,605.0,953.0,16.0,6.0,4.0,0.0,58.0,69.0,37.0,46.0,31.0,36.0,14.0,16.0,10.0,11.0,3.0,0.0,4.0,0.0,B,0
2023-6116,Atlanta,Hard,32,A,20230724,289,6-7(4) 6-4 7-5,3,R16,141.0,111153,206909,5.0,,,,Christopher Eubanks,Brandon Nakashima,R,R,201.0,188.0,USA,USA,27.2,21.9,32.0,58.0,1300.0,855.0,21.0,12.0,4.0,0.0,112.0,91.0,81.0,65.0,63.0,53.0,16.0,13.0,17.0,17.0,7.0,0.0,7.0,2.0,A,1
2023-6116,Atlanta,Hard,32,A,20230724,288,4-6 7-5 7-6(3),3,R16,150.0,106415,126846,4.0,,,,Yoshihito Nishioka,Aleksandar Vukic,L,R,170.0,188.0,JPN,AUS,27.8,27.2,31.0,82.0,1315.0,716.0,5.0,26.0,0.0,4.0,106.0,107.0,68.0,63.0,47.0,48.0,24.0,23.0,17.0,17.0,6.0,1.0,8.0,3.0,B,0
2023-6116,Atlanta,Hard,32,A,20230724,287,7-6(6) 6-4,3,R16,94.0,200005,144750,7.0,,,Q,Ugo Humbert,Lloyd Harris,L,R,188.0,193.0,FRA,RSA,25.0,26.4,38.0,204.0,1102.0,289.0,4.0,14.0,2.0,6.0,63.0,66.0,40.0,43.0,35.0,37.0,15.0,11.0,11.0,11.0,0.0,2.0,0.0,3.0,A,1
2023-6116,Atlanta,Hard,32,A,20230724,286,6-3 6-4,3,R16,94.0,106423,200282,,2.0,,,Thanasi Kokkinakis,Alex De Minaur,R,R,193.0,183.0,AUS,AUS,27.2,24.4,86.0,17.0,676.0,2150.0,1.0,3.0,4.0,1.0,55.0,59.0,30.0,28.0,22.0,21.0,11.0,21.0,9.0,10.0,4.0,1.0,7.0,2.0,B,0
2023-6116,Atlanta,Hard,32,A,20230724,284,6-3 6-4,3,R32,88.0,200059,144895,,,,,Yibing Wu,Corentin Moutet,R,L,183.0,180.0,CHN,FRA,23.7,24.2,89.0,73.0,663.0,782.0,4.0,0.0,1.0,0.0,57.0,64.0,40.0,47.0,34.0,29.0,8.0,9.0,10.0,9.0,1.0,9.0,1.0,11.0,A,1
2023-6116,Atlanta,Hard,32,A,20230724,283,7-6(5) 7-6(5),3,R32,145.0,111442,105453,,,,PR,Jordan Thompson,Kei Nishikori,R,R,183.0,178.0,AUS,JPN,29.2,33.5,63.0,439.0,827.0,98.0,9.0,0.0,2.0,3.0,89.0,91.0,52.0,65.0,42.0,49.0,18.0,14.0,12.0,12.0,6.0,4.0,6.0,4.0,B,0
2023-6116,Atlanta,Hard,32,A,20230724,282,6-4 6-4,3,R32,88.0,210097,209992,6.0,,,Q,Ben Shelton,Juncheng Shang,L,L,193.0,180.0,USA,CHN,20.7,18.4,41.0,156.0,1075.0,388.0,12.0,5.0,3.0,3.0,75.0,56.0,45.0,36.0,31.0,30.0,14.0,12.0,10.0,10.0,3.0,3.0,5.0,3.0,B,0
2023-6116,Atlanta,Hard,32,A,20230724,280,3-6 7-6(4) 7-6(3),3,R32,140.0,104545,136440,,,SE,,John Isner,Dominik Koepfer,R,L,208.0,180.0,USA,GER,38.2,29.2,103.0,88.0,605.0,675.0,21.0,4.0,2.0,1.0,98.0,99.0,71.0,63.0,54.0,53.0,21.0,24.0,17.0,16.0,1.0,6.0,1.0,7.0,B,0
2023-6116,Atlanta,Hard,32,A,20230724,279,6-3 6-3,3,R32,76.0,202195,210506,,,,SE,Maxime Cressy,Alex Michelsen,R,R,201.0,193.0,USA,USA,26.2,18.9,105.0,140.0,605.0,456.0,7.0,2.0,5.0,1.0,44.0,68.0,27.0,48.0,25.0,32.0,11.0,7.0,9.0,9.0,0.0,4.0,0.0,7.0,A,1
2023-6116,Atlanta,Hard,32,A,20230724,278,6-2 6-1,3,R32,73.0,200670,105359,8.0,,,Q,J J Wolf,Jason Jung,R,R,183.0,180.0,USA,TPE,24.5,34.1,46.0,281.0,953.0,194.0,7.0,2.0,3.0,1.0,54.0,57.0,26.0,32.0,21.0,17.0,17.0,10.0,8.0,7.0,1.0,3.0,1.0,7.0,A,1
2023-6116,Atlanta,Hard,32,A,20230724,277,6-2 6-4,3,R32,67.0,211346,111153,,5.0,WC,,Andres Martin,Christopher Eubanks,R,R,183.0,201.0,USA,USA,22.0,27.2,723.0,32.0,34.0,1300.0,3.0,5.0,1.0,1.0,64.0,43.0,44.0,29.0,28.0,26.0,9.0,11.0,9.0,9.0,7.0,3.0,10.0,3.0,B,0
2023-6116,Atlanta,Hard,32,A,20230724,276,6-3 7-6(5),3,R32,121.0,126845,206909,,,,,Max Purcell,Brandon Nakashima,R,R,185.0,188.0,AUS,USA,25.3,21.9,74.0,58.0,778.0,855.0,7.0,8.0,0.0,1.0,87.0,68.0,56.0,39.0,37.0,30.0,17.0,19.0,10.0,11.0,12.0,1.0,14.0,2.0,B,0
2023-6116,Atlanta,Hard,32,A,20230724,275,7-6(5) 6-3,3,R32,86.0,126846,210319,,,,WC,Aleksandar Vukic,Ethan Quinn,R,R,188.0,191.0,AUS,USA,27.2,19.3,82.0,394.0,716.0,116.0,8.0,7.0,0.0,2.0,68.0,59.0,44.0,36.0,33.0,29.0,14.0,12.0,10.0,11.0,4.0,2.0,4.0,4.0,A,1
2023-6116,Atlanta,Hard,32,A,20230724,273,4-6 7-5 7-5,3,R32,154.0,200005,106005,7.0,,,,Ugo Humbert,Constant Lestienne,L,R,188.0,180.0,FRA,FRA,25.0,31.1,38.0,95.0,1102.0,621.0,10.0,3.0,6.0,3.0,99.0,92.0,52.0,61.0,38.0,38.0,19.0,14.0,17.0,17.0,3.0,4.0,9.0,11.0,A,1
2023-6116,Atlanta,Hard,32,A,20230724,272,3-6 6-3 6-2,3,R32,118.0,144750,105902,,,Q,Q,Lloyd Harris,James Duckworth,R,R,193.0,183.0,RSA,AUS,26.4,31.5,204.0,128.0,289.0,518.0,18.0,6.0,5.0,1.0,87.0,81.0,51.0,51.0,42.0,35.0,17.0,18.0,13.0,13.0,3.0,7.0,4.0,10.0,A,1
2023-6116,Atlanta,Hard,32,A,20230724,271,1-6 6-3 7-6(5),3,R32,123.0,104792,106423,,,WC,,Gael Monfils,Thanasi Kokkinakis,R,R,193.0,193.0,FRA,AUS,36.8,27.2,322.0,86.0,162.0,676.0,10.0,8.0,2.0,1.0,86.0,83.0,47.0,63.0,34.0,48.0,26.0,10.0,14.0,14.0,1.0,2.0,2.0,4.0,B,0
2023-0414,Hamburg,Clay,32,A,20230724,300,7-5 6-3,3,F,110.0,100644,111513,4.0,,,,Alexander Zverev,Laslo Djere,R,R,198.0,188.0,GER,SRB,26.2,28.1,19.0,57.0,1755.0,865.0,3.0,3.0,2.0,1.0,68.0,61.0,44.0,32.0,34.0,21.0,13.0,16.0,11.0,10.0,4.0,1.0,5.0,4.0,A,1
2023-0414,Hamburg,Clay,32,A,20230724,299,6-2 6-4,3,SF,91.0,209950,100644,,4.0,,,Arthur Fils,Alexander Zverev,R,R,185.0,198.0,FRA,GER,19.1,26.2,71.0,19.0,796.0,1755.0,4.0,7.0,1.0,2.0,56.0,66.0,37.0,51.0,23.0,37.0,10.0,7.0,9.0,9.0,1.0,3.0,4.0,3.0,B,0
2023-0414,Hamburg,Clay,32,A,20230724,298,6-3 6-2,3,SF,60.0,111513,111190,,,,,Laslo Djere,Zhizhen Zhang,R,R,188.0,193.0,SRB,CHN,28.1,26.7,57.0,79.0,865.0,737.0,6.0,4.0,1.0,0.0,42.0,43.0,28.0,32.0,27.0,21.0,10.0,5.0,9.0,8.0,0.0,6.0,0.0,9.0,A,1
2023-0414,Hamburg,Clay,32,A,20230724,297,6-0 6-4,3,QF,77.0,134770,209950,1.0,,,,Casper Ruud,Arthur Fils,R,R,183.0,185.0,NOR,FRA,24.5,19.1,4.0,71.0,4905.0,796.0,2.0,4.0,0.0,3.0,56.0,48.0,38.0,33.0,19.0,28.0,9.0,7.0,8.0,8.0,5.0,1.0,9.0,1.0,B,0
2023-0414,Hamburg,Clay,32,A,20230724,296,6-3 6-4,3,QF,89.0,100644,209414,4.0,,,,Alexander Zverev,Luca Van Assche,R,R,198.0,178.0,GER,FRA,26.2,19.2,19.0,77.0,1755.0,756.0,8.0,0.0,1.0,1.0,48.0,65.0,35.0,34.0,28.0,24.0,10.0,12.0,10.0,9.0,0.0,5.0,1.0,8.0,A,1
2023-0414,Hamburg,Clay,32,A,20230724,295,7-5 6-3,3,QF,88.0,111513,207518,,3.0,,,Laslo Djere,Lorenzo Musetti,R,R,188.0,185.0,SRB,ITA,28.1,21.3,57.0,18.0,865.0,1880.0,6.0,2.0,0.0,2.0,58.0,63.0,41.0,42.0,31.0,32.0,12.0,6.0,11.0,10.0,0.0,4.0,1.0,7.0,A,1
2023-0414,Hamburg,Clay,32,A,20230724,294,6-4 6-4,3,QF,83.0,111190,127157,,,,,Zhizhen Zhang,Daniel Altmaier,R,R,193.0,188.0,CHN,GER,26.7,24.8,79.0,61.0,737.0,833.0,2.0,7.0,2.0,0.0,62.0,53.0,45.0,34.0,34.0,24.0,11.0,11.0,10.0,10.0,2.0,3.0,2.0,5.0,A,1
2023-0414,Hamburg,Clay,32,A,20230724,293,1-6 6-2 6-2,3,R16,100.0,134770,106426,1.0,,,Q,Casper Ruud,Cristian Garin,R,R,183.0,185.0,NOR,CHI,24.5,27.1,4.0,120.0,4905.0,541.0,4.0,0.0,1.0,2.0,76.0,60.0,50.0,39.0,33.0,25.0,13.0,10.0,12.0,11.0,8.0,1.0,11.0,5.0,A,1
2023-0414,Hamburg,Clay,32,A,20230724,292,7-5 7-5,3,R16,100.0,209950,105583,,,,,Arthur Fils,Dusan Lajovic,R,R,185.0,183.0,FRA,SRB,19.1,33.0,71.0,60.0,796.0,839.0,3.0,0.0,6.0,1.0,76.0,72.0,49.0,48.0,32.0,25.0,13.0,13.0,12.0,12.0,3.0,6.0,6.0,11.0,A,1
2023-0414,Hamburg,Clay,32,A,20230724,291,6-3 7-5,3,R16,77.0,109739,100644,,4.0,WC,,Maximilian Marterer,Alexander Zverev,L,R,188.0,198.0,GER,GER,28.1,26.2,144.0,19.0,441.0,1755.0,1.0,2.0,1.0,2.0,55.0,52.0,40.0,39.0,27.0,35.0,6.0,4.0,11.0,10.0,2.0,2.0,6.0,3.0,B,0
2023-0414,Hamburg,Clay,32,A,20230724,290,3-6 7-6(5) 6-4,3,R16,192.0,209414,200221,,7.0,,,Luca Van Assche,Alejandro Davidovich Fokina,R,R,178.0,183.0,FRA,ESP,19.2,24.1,77.0,39.0,756.0,1095.0,6.0,5.0,2.0,1.0,116.0,121.0,63.0,74.0,45.0,53.0,28.0,20.0,15.0,16.0,8.0,11.0,10.0,13.0,A,1
2023-0414,Hamburg,Clay,32,A,20230724,289,6-2 3-6 6-3,3,R16,121.0,111513,105550,,,,PR,Laslo Djere,Guido Pella,R,L,188.0,183.0,SRB,ARG,28.1,33.1,57.0,228.0,865.0,260.0,8.0,0.0,3.0,4.0,83.0,86.0,50.0,54.0,38.0,34.0,18.0,17.0,13.0,13.0,2.0,9.0,3.0,12.0,A,1
2023-0414,Hamburg,Clay,32,A,20230724,288,3-6 6-2 6-4,3,R16,125.0,207518,106075,3.0,,,LL,Lorenzo Musetti,Jozef Kovalik,R,R,185.0,183.0,ITA,SVK,21.3,30.7,18.0,172.0,1880.0,342.0,2.0,0.0,0.0,4.0,72.0,93.0,43.0,58.0,30.0,32.0,19.0,21.0,13.0,14.0,3.0,6.0,5.0,10.0,A,1
2023-0414,Hamburg,Clay,32,A,20230724,287,4-6 6-1 6-4,3,R16,128.0,105870,111190,,,,,Yannick Hanfmann,Zhizhen Zhang,R,R,193.0,193.0,GER,CHN,31.6,26.7,45.0,79.0,974.0,737.0,2.0,2.0,3.0,1.0,74.0,93.0,48.0,59.0,27.0,39.0,13.0,19.0,13.0,14.0,2.0,4.0,7.0,7.0,B,0
2023-0414,Hamburg,Clay,32,A,20230724,286,6-2 6-2,3,R16,74.0,127157,126094,,2.0,,,Daniel Altmaier,Andrey Rublev,R,R,188.0,188.0,GER,RUS,24.8,25.7,61.0,7.0,833.0,4730.0,7.0,4.0,2.0,1.0,49.0,51.0,27.0,34.0,23.0,17.0,12.0,10.0,8.0,8.0,2.0,3.0,2.0,7.0,A,1
2023-0414,Hamburg,Clay,32,A,20230724,285,6-3 1-6 6-3,3,R32,116.0,202104,134770,,1.0,,,Sebastian Baez,Casper Ruud,R,R,170.0,183.0,ARG,NOR,22.5,24.5,64.0,4.0,815.0,4905.0,2.0,2.0,2.0,3.0,92.0,70.0,71.0,49.0,38.0,29.0,13.0,13.0,12.0,13.0,8.0,1.0,12.0,5.0,B,0
2023-0414,Hamburg,Clay,32,A,20230724,284,6-7(3) 6-1 6-3,3,R32,130.0,106426,106198,,,Q,PR,Cristian Garin,Hugo Dellien,R,R,185.0,180.0,CHI,BOL,27.1,30.1,120.0,164.0,541.0,362.0,3.0,2.0,2.0,3.0,83.0,82.0,56.0,53.0,39.0,33.0,16.0,13.0,14.0,14.0,1.0,3.0,3.0,9.0,A,1
2023-0414,Hamburg,Clay,32,A,20230724,283,7-5 7-5,3,R32,105.0,209950,123755,,,,LL,Arthur Fils,Daniel Elahi Galan,R,R,185.0,191.0,FRA,COL,19.1,27.0,71.0,67.0,796.0,808.0,4.0,7.0,3.0,0.0,72.0,80.0,48.0,54.0,37.0,33.0,13.0,16.0,12.0,12.0,4.0,7.0,5.0,10.0,A,1
2023-0414,Hamburg,Clay,32,A,20230724,282,3-6 6-4 6-3,3,R32,119.0,200175,105583,8.0,,,,Miomir Kecmanovic,Dusan Lajovic,R,R,183.0,183.0,SRB,SRB,23.8,33.0,40.0,60.0,1090.0,839.0,1.0,2.0,1.0,1.0,96.0,85.0,58.0,59.0,41.0,43.0,18.0,16.0,14.0,14.0,2.0,5.0,4.0,6.0,B,0
2023-0414,Hamburg,Clay,32,A,20230724,281,6-0 6-3,3,R32,61.0,100644,144684,4.0,,,,Alexander Zverev,Alex Molcan,R,L,198.0,178.0,GER,SVK,26.2,25.6,19.0,118.0,1755.0,551.0,3.0,2.0,0.0,1.0,44.0,42.0,36.0,28.0,26.0,15.0,6.0,5.0,8.0,7.0,0.0,3.0,0.0,7.0,A,1
2023-0414,Hamburg,Clay,32,A,20230724,280,7-6(2) 6-2,3,R32,80.0,200484,109739,,,WC,WC,Rudolf Molleker,Maximilian Marterer,R,L,188.0,188.0,GER,GER,22.7,28.1,251.0,144.0,231.0,441.0,5.0,16.0,0.0,2.0,70.0,65.0,50.0,45.0,32.0,34.0,6.0,10.0,10.0,10.0,5.0,1.0,8.0,2.0,B,0
2023-0414,Hamburg,Clay,32,A,20230724,279,7-6(3) 6-4,3,R32,133.0,124186,209414,,,,,Alexandre Muller,Luca Van Assche,R,R,183.0,178.0,FRA,FRA,26.4,19.2,81.0,77.0,720.0,756.0,8.0,6.0,3.0,3.0,98.0,69.0,62.0,37.0,31.0,24.0,14.0,15.0,11.0,11.0,14.0,2.0,20.0,7.0,B,0
2023-0414,Hamburg,Clay,32,A,20230724,278,2-6 7-5 6-2,3,R32,115.0,200221,106398,7.0,,,,Alejandro Davidovich Fokina,Pedro Cachin,R,R,183.0,185.0,ESP,ARG,24.1,28.2,39.0,49.0,1095.0,902.0,2.0,9.0,1.0,2.0,82.0,80.0,50.0,49.0,39.0,38.0,18.0,14.0,14.0,14.0,5.0,1.0,7.0,4.0,A,1
2023-0414,Hamburg,Clay,32,A,20230724,277,7-6(2) 6-3,3,R32,106.0,144869,111513,6.0,,,,Tomas Martin Etcheverry,Laslo Djere,R,R,196.0,188.0,ARG,SRB,24.0,28.1,34.0,57.0,1231.0,865.0,4.0,2.0,2.0,2.0,66.0,64.0,35.0,36.0,25.0,27.0,17.0,19.0,10.0,11.0,4.0,1.0,6.0,2.0,B,0
2023-0414,Hamburg,Clay,32,A,20230724,276,6-3 4-6 6-4,3,R32,146.0,105550,106329,,,PR,LL,Guido Pella,Thiago Monteiro,L,L,183.0,183.0,ARG,BRA,33.1,29.1,228.0,121.0,260.0,539.0,8.0,6.0,2.0,5.0,97.0,80.0,64.0,51.0,52.0,41.0,15.0,14.0,15.0,14.0,9.0,4.0,10.0,6.0,A,1
2023-0414,Hamburg,Clay,32,A,20230724,275,7-6(6) 6-4,3,R32,111.0,106075,205734,,,LL,Q,Jozef Kovalik,Thiago Seyboth Wild,R,R,183.0,185.0,SVK,BRA,30.7,23.3,172.0,123.0,342.0,527.0,3.0,2.0,2.0,0.0,85.0,65.0,62.0,44.0,46.0,30.0,13.0,14.0,11.0,11.0,2.0,2.0,3.0,4.0,A,1
2023-0414,Hamburg,Clay,32,A,20230724,274,6-4 6-1,3,R32,74.0,111200,207518,,3.0,Q,,Elias Ymer,Lorenzo Musetti,R,R,185.0,185.0,SWE,ITA,27.2,21.3,186.0,18.0,325.0,1880.0,1.0,4.0,3.0,1.0,49.0,47.0,30.0,34.0,16.0,26.0,6.0,5.0,9.0,8.0,1.0,1.0,6.0,2.0,B,0
2023-0414,Hamburg,Clay,32,A,20230724,273,4-6 6-2 4-2 RET,3,R32,107.0,202103,105870,5.0,,,,Francisco Cerundolo,Yannick Hanfmann,R,R,185.0,193.0,ARG,GER,24.9,31.6,21.0,45.0,1565.0,974.0,0.0,1.0,3.0,3.0,79.0,70.0,51.0,49.0,27.0,34.0,13.0,11.0,12.0,12.0,3.0,3.0,8.0,6.0,B,0
2023-0414,Hamburg,Clay,32,A,20230724,272,6-4 7-5,3,R32,113.0,123828,111190,,,Q,,Jan Choinski,Zhizhen Zhang,R,R,196.0,193.0,GBR,CHN,27.1,26.7,151.0,79.0,408.0,737.0,4.0,4.0,3.0,2.0,95.0,71.0,74.0,40.0,49.0,28.0,6.0,19.0,11.0,11.0,13.0,4.0,16.0,5.0,B,0
2023-0414,Hamburg,Clay,32,A,20230724,271,7-5 6-4,3,R32,114.0,104755,127157,,,,,Richard Gasquet,Daniel Altmaier,R,R,183.0,188.0,FRA,GER,37.0,24.8,48.0,61.0,915.0,833.0,2.0,6.0,2.0,2.0,84.0,60.0,44.0,31.0,25.0,22.0,15.0,14.0,11.0,11.0,10.0,2.0,16.0,6.0,B,0
2023-0414,Hamburg,Clay,32,A,20230724,270,5-7 6-1 7-6(7),3,R32,172.0,126094,126523,2.0,,,,Andrey Rublev,Bernabe Zapata Miralles,R,R,188.0,183.0,RUS,ESP,25.7,26.5,7.0,54.0,4730.0,875.0,5.0,2.0,2.0,6.0,116.0,126.0,80.0,88.0,53.0,61.0,20.0,11.0,15.0,16.0,9.0,12.0,12.0,17.0,A,1
2023-0439,Umag,Clay,32,A,20230724,300,6-7(5) 6-3 6-4,3,F,156.0,200615,104527,,6.0,,,Alexei Popyrin,Stan Wawrinka,R,R,196.0,183.0,AUS,SUI,23.9,38.3,90.0,72.0,655.0,784.0,4.0,4.0,3.0,2.0,99.0,90.0,59.0,54.0,45.0,39.0,24.0,19.0,16.0,15.0,2.0,5.0,4.0,9.0,A,1
2023-0439,Umag,Clay,32,A,20230724,299,6-7(2) 7-5 6-3,3,SF,196.0,208286,200615,7.0,,,,Matteo Arnaldi,Alexei Popyrin,R,R,185.0,196.0,ITA,AUS,22.4,23.9,76.0,90.0,771.0,655.0,11.0,6.0,4.0,6.0,122.0,107.0,75.0,57.0,48.0,46.0,25.0,26.0,16.0,17.0,15.0,1.0,19.0,3.0,B,0
2023-0439,Umag,Clay,32,A,20230724,298,6-3 6-4,3,SF,86.0,104527,132283,6.0,2.0,,,Stan Wawrinka,Lorenzo Sonego,R,R,183.0,191.0,SUI,ITA,38.3,28.2,72.0,43.0,784.0,1025.0,5.0,3.0,0.0,2.0,56.0,48.0,32.0,35.0,27.0,25.0,16.0,8.0,10.0,9.0,1.0,1.0,1.0,3.0,A,1
2023-0439,Umag,Clay,32,A,20230724,297,3-6 6-2 6-4,3,QF,124.0,208286,208103,7.0,1.0,,,Matteo Arnaldi,Jiri Lehecka,R,R,185.0,185.0,ITA,CZE,22.4,21.7,76.0,33.0,771.0,1233.0,8.0,2.0,2.0,2.0,81.0,77.0,40.0,54.0,30.0,40.0,26.0,9.0,14.0,13.0,2.0,6.0,4.0,9.0,A,1
2023-0439,Umag,Clay,32,A,20230724,296,7-6(2) 7-5,3,QF,144.0,200615,209976,,,,WC,Alexei Popyrin,Dino Prizmic,R,R,196.0,188.0,AUS,CRO,23.9,17.9,90.0,287.0,655.0,188.0,3.0,2.0,1.0,10.0,79.0,83.0,47.0,45.0,35.0,34.0,17.0,16.0,12.0,12.0,2.0,7.0,4.0,10.0,A,1
2023-0439,Umag,Clay,32,A,20230724,295,6-4 7-5,3,QF,104.0,104527,106148,6.0,4.0,,,Stan Wawrinka,Roberto Carballes Baena,R,R,183.0,183.0,SUI,ESP,38.3,30.3,72.0,59.0,784.0,845.0,3.0,0.0,1.0,1.0,56.0,69.0,30.0,52.0,24.0,40.0,18.0,4.0,11.0,11.0,0.0,1.0,1.0,4.0,A,1
2023-0439,Umag,Clay,32,A,20230724,294,3-6 6-1 6-2,3,QF,125.0,144719,132283,,2.0,,,Jaume Munar,Lorenzo Sonego,R,R,183.0,191.0,ESP,ITA,26.2,28.2,104.0,43.0,605.0,1025.0,2.0,3.0,4.0,2.0,62.0,76.0,37.0,53.0,22.0,37.0,11.0,10.0,12.0,12.0,1.0,7.0,6.0,9.0,B,0
2023-0439,Umag,Clay,32,A,20230724,293,6-3 7-5,3,R16,100.0,106233,208103,,1.0,,,Dominic Thiem,Jiri Lehecka,R,R,185.0,185.0,AUT,CZE,29.8,21.7,112.0,33.0,581.0,1233.0,4.0,3.0,4.0,2.0,60.0,63.0,32.0,38.0,21.0,31.0,13.0,14.0,10.0,11.0,3.0,2.0,6.0,3.0,B,0
2023-0439,Umag,Clay,32,A,20230724,292,6-3 7-6(5),3,R16,110.0,208286,207925,7.0,,,Q,Matteo Arnaldi,Flavio Cobolli,R,R,185.0,183.0,ITA,ITA,22.4,21.2,76.0,148.0,771.0,417.0,3.0,2.0,3.0,1.0,85.0,58.0,45.0,31.0,30.0,24.0,24.0,15.0,11.0,10.0,7.0,0.0,8.0,2.0,A,1
2023-0439,Umag,Clay,32,A,20230724,291,6-4 6-1,3,R16,66.0,124116,200615,3.0,,,,Sebastian Ofner,Alexei Popyrin,R,R,191.0,196.0,AUT,AUS,27.1,23.9,52.0,90.0,889.0,655.0,1.0,3.0,7.0,0.0,54.0,45.0,29.0,28.0,17.0,23.0,11.0,11.0,9.0,8.0,1.0,1.0,5.0,1.0,B,0
2023-0439,Umag,Clay,32,A,20230724,290,6-2 6-3,3,R16,81.0,200436,209976,,,,WC,Zsombor Piros,Dino Prizmic,R,R,180.0,188.0,HUN,CRO,23.7,17.9,124.0,287.0,523.0,188.0,1.0,1.0,0.0,4.0,58.0,49.0,37.0,30.0,20.0,25.0,10.0,12.0,8.0,9.0,7.0,1.0,10.0,1.0,B,0
2023-0439,Umag,Clay,32,A,20230724,289,7-5 6-1,3,R16,87.0,105948,104527,,6.0,,,Federico Coria,Stan Wawrinka,R,R,180.0,183.0,ARG,SUI,31.3,38.3,108.0,72.0,602.0,784.0,1.0,2.0,2.0,1.0,57.0,54.0,36.0,26.0,16.0,20.0,12.0,17.0,9.0,10.0,5.0,2.0,10.0,4.0,B,0
2023-0439,Umag,Clay,32,A,20230724,288,6-3 6-1,3,R16,102.0,106148,106121,4.0,,,,Roberto Carballes Baena,Taro Daniel,R,R,183.0,191.0,ESP,JPN,30.3,30.4,59.0,113.0,845.0,580.0,0.0,0.0,6.0,2.0,72.0,46.0,50.0,23.0,32.0,10.0,10.0,10.0,8.0,8.0,3.0,2.0,4.0,7.0,A,1
2023-0439,Umag,Clay,32,A,20230724,287,6-4 6-3,3,R16,91.0,144719,206681,,,,,Jaume Munar,Fabian Marozsan,R,R,183.0,193.0,ESP,HUN,26.2,23.7,104.0,87.0,605.0,675.0,3.0,0.0,0.0,0.0,56.0,68.0,38.0,47.0,32.0,28.0,8.0,12.0,9.0,10.0,1.0,4.0,1.0,7.0,A,1
2023-0439,Umag,Clay,32,A,20230724,286,6-1 7-6(7),3,R16,95.0,132283,106065,2.0,,,,Lorenzo Sonego,Marco Cecchinato,R,R,191.0,185.0,ITA,ITA,28.2,30.8,43.0,96.0,1025.0,619.0,0.0,0.0,0.0,2.0,54.0,72.0,40.0,50.0,32.0,30.0,8.0,11.0,9.0,10.0,1.0,5.0,2.0,9.0,A,1
2023-0439,Umag,Clay,32,A,20230724,284,6-4 7-5,3,R32,122.0,105487,106233,,,Q,,Facundo Bagnis,Dominic Thiem,L,R,183.0,185.0,ARG,AUT,33.4,29.8,133.0,112.0,487.0,581.0,4.0,3.0,1.0,5.0,65.0,78.0,42.0,45.0,31.0,38.0,12.0,15.0,11.0,11.0,5.0,6.0,7.0,6.0,B,0
2023-0439,Umag,Clay,32,A,20230724,283,6-4 6-3,3,R32,111.0,207925,105227,,,Q,,Flavio Cobolli,Marin Cilic,R,R,183.0,198.0,ITA,CRO,21.2,34.8,148.0,100.0,417.0,610.0,3.0,3.0,0.0,3.0,55.0,72.0,31.0,43.0,23.0,26.0,17.0,13.0,9.0,10.0,3.0,5.0,3.0,8.0,A,1
2023-0439,Umag,Clay,32,A,20230724,282,6-3 6-2,3,R32,92.0,208286,207411,7.0,,,Q,Matteo Arnaldi,Jesper De Jong,R,R,185.0,180.0,ITA,NED,22.4,23.1,76.0,180.0,771.0,333.0,1.0,2.0,3.0,3.0,57.0,58.0,26.0,32.0,20.0,20.0,17.0,9.0,9.0,8.0,3.0,3.0,4.0,7.0,A,1
2023-0439,Umag,Clay,32,A,20230724,280,6-4 7-5,3,R32,115.0,126127,200615,,,,,Benjamin Bonzi,Alexei Popyrin,R,R,183.0,196.0,FRA,AUS,27.1,23.9,107.0,90.0,603.0,655.0,3.0,8.0,3.0,7.0,72.0,76.0,41.0,40.0,26.0,31.0,18.0,18.0,11.0,11.0,9.0,4.0,12.0,5.0,B,0
2023-0439,Umag,Clay,32,A,20230724,279,6-1 6-2,3,R32,77.0,209976,207213,,,WC,WC,Dino Prizmic,Duje Ajdukovic,R,R,188.0,188.0,CRO,CRO,17.9,22.4,287.0,299.0,188.0,178.0,1.0,4.0,0.0,3.0,47.0,42.0,24.0,20.0,19.0,13.0,15.0,9.0,8.0,7.0,1.0,1.0,1.0,5.0,A,1
2023-0439,Umag,Clay,32,A,20230724,278,6-3 6-4,3,R32,81.0,200436,106331,,5.0,,,Zsombor Piros,Christopher Oconnell,R,R,180.0,183.0,HUN,AUS,23.7,29.1,124.0,68.0,523.0,806.0,2.0,5.0,0.0,2.0,61.0,55.0,39.0,36.0,30.0,25.0,15.0,9.0,10.0,9.0,4.0,1.0,4.0,3.0,A,1
2023-0439,Umag,Clay,32,A,20230724,277,6-3 6-2,3,R32,62.0,209209,104527,,6.0,Q,,Filip Misolic,Stan Wawrinka,R,R,180.0,183.0,AUT,SUI,21.9,38.3,129.0,72.0,509.0,784.0,2.0,4.0,0.0,2.0,40.0,50.0,19.0,30.0,11.0,23.0,11.0,12.0,8.0,9.0,1.0,2.0,5.0,3.0,B,0
2023-0439,Umag,Clay,32,A,20230724,276,6-4 6-2,3,R32,116.0,144817,105948,,,,,Marc Andrea Huesler,Federico Coria,L,R,196.0,180.0,SUI,ARG,27.0,31.3,83.0,108.0,705.0,602.0,2.0,4.0,3.0,1.0,94.0,57.0,51.0,40.0,25.0,25.0,21.0,11.0,9.0,9.0,12.0,4.0,17.0,6.0,B,0
2023-0439,Umag,Clay,32,A,20230724,275,1-6 7-5 6-2,3,R32,147.0,212021,106121,,,WC,,Martin Landaluce,Taro Daniel,R,R,191.0,191.0,ESP,JPN,17.5,30.4,720.0,113.0,35.0,580.0,3.0,2.0,1.0,1.0,68.0,94.0,46.0,56.0,30.0,36.0,17.0,23.0,13.0,14.0,3.0,6.0,6.0,9.0,B,0
2023-0439,Umag,Clay,32,A,20230724,273,6-3 3-6 6-3,3,R32,176.0,144719,105077,,8.0,,,Jaume Munar,Albert Ramos,R,L,183.0,188.0,ESP,ESP,26.2,35.5,104.0,65.0,605.0,812.0,3.0,0.0,3.0,1.0,89.0,87.0,71.0,64.0,42.0,35.0,9.0,10.0,14.0,13.0,6.0,10.0,11.0,16.0,A,1
2023-0439,Umag,Clay,32,A,20230724,272,6-3 6-2,3,R32,66.0,206681,207678,,,,,Fabian Marozsan,Juan Manuel Cerundolo,R,L,193.0,183.0,HUN,ARG,23.7,21.6,87.0,110.0,675.0,585.0,4.0,2.0,1.0,2.0,53.0,54.0,33.0,30.0,22.0,17.0,14.0,11.0,9.0,8.0,0.0,5.0,1.0,9.0,A,1
2023-0439,Umag,Clay,32,A,20230724,271,4-6 7-6(0) 6-3,3,R32,161.0,106065,207686,,,,,Marco Cecchinato,Alexander Shevchenko,R,R,185.0,185.0,ITA,KAZ,30.8,22.6,96.0,93.0,619.0,632.0,1.0,3.0,3.0,4.0,105.0,108.0,55.0,65.0,40.0,42.0,26.0,22.0,15.0,16.0,5.0,4.0,8.0,8.0,A,1
2023-0319,Kitzbuhel,Clay,32,A,20230731,300,6-3 6-1,3,F,80.0,106233,202104,,,WC,,Dominic Thiem,Sebastian Baez,R,R,185.0,170.0,AUT,ARG,29.9,22.5,116.0,72.0,556.0,815.0,5.0,0.0,2.0,2.0,52.0,53.0,32.0,39.0,19.0,31.0,8.0,7.0,8.0,8.0,2.0,2.0,6.0,2.0,B,0
2023-0319,Kitzbuhel,Clay,32,A,20230731,299,7-6(5) 3-6 6-4,3,SF,160.0,144869,202104,1.0,,,,Tomas Martin Etcheverry,Sebastian Baez,R,R,196.0,170.0,ARG,ARG,24.0,22.5,34.0,72.0,1231.0,815.0,7.0,3.0,5.0,1.0,94.0,105.0,55.0,81.0,43.0,56.0,17.0,11.0,15.0,16.0,2.0,5.0,5.0,9.0,B,0
2023-0319,Kitzbuhel,Clay,32,A,20230731,298,6-7(3) 7-5 7-6(8),3,SF,210.0,106233,111513,,5.0,WC,,Dominic Thiem,Laslo Djere,R,R,185.0,188.0,AUT,SRB,29.9,28.1,116.0,38.0,556.0,1145.0,8.0,9.0,5.0,2.0,149.0,122.0,91.0,82.0,65.0,61.0,35.0,28.0,18.0,18.0,12.0,3.0,12.0,4.0,A,1
2023-0319,Kitzbuhel,Clay,32,A,20230731,297,6-7(6) 6-3 6-4,3,QF,189.0,144869,123755,1.0,,,,Tomas Martin Etcheverry,Daniel Elahi Galan,R,R,196.0,191.0,ARG,COL,24.0,27.1,34.0,76.0,1231.0,798.0,7.0,8.0,2.0,3.0,101.0,127.0,66.0,89.0,49.0,60.0,20.0,16.0,16.0,15.0,5.0,10.0,6.0,13.0,A,1
2023-0319,Kitzbuhel,Clay,32,A,20230731,296,6-4 6-3,3,QF,86.0,144684,202104,,,,,Alex Molcan,Sebastian Baez,L,R,178.0,170.0,SVK,ARG,25.6,22.5,120.0,72.0,531.0,815.0,1.0,0.0,1.0,1.0,66.0,60.0,46.0,45.0,23.0,28.0,9.0,9.0,9.0,10.0,7.0,3.0,12.0,6.0,B,0
2023-0319,Kitzbuhel,Clay,32,A,20230731,295,6-4 6-2,3,QF,79.0,106398,111513,3.0,5.0,,,Pedro Cachin,Laslo Djere,R,R,185.0,188.0,ARG,SRB,28.3,28.1,54.0,38.0,902.0,1145.0,2.0,4.0,1.0,4.0,53.0,59.0,32.0,39.0,20.0,31.0,10.0,10.0,9.0,9.0,3.0,2.0,6.0,2.0,B,0
2023-0319,Kitzbuhel,Clay,32,A,20230731,294,4-6 6-3 6-4,3,QF,140.0,126239,106233,,,,WC,Arthur Rinderknech,Dominic Thiem,R,R,196.0,185.0,FRA,AUT,28.0,29.9,67.0,116.0,836.0,556.0,10.0,6.0,5.0,3.0,86.0,83.0,50.0,52.0,38.0,41.0,20.0,18.0,14.0,15.0,8.0,1.0,10.0,2.0,B,0
2023-0319,Kitzbuhel,Clay,32,A,20230731,293,6-2 6-2,3,R16,75.0,105819,144869,,1.0,Q,,Guido Andreozzi,Tomas Martin Etcheverry,R,R,183.0,196.0,ARG,ARG,31.9,24.0,240.0,34.0,245.0,1231.0,1.0,2.0,7.0,0.0,51.0,39.0,31.0,26.0,15.0,21.0,6.0,10.0,8.0,8.0,5.0,1.0,10.0,2.0,B,0
2023-0319,Kitzbuhel,Clay,32,A,20230731,292,3-6 6-2 7-6(8),3,R16,160.0,123755,127157,,8.0,,,Daniel Elahi Galan,Daniel Altmaier,R,R,191.0,188.0,COL,GER,27.1,24.8,76.0,51.0,798.0,916.0,5.0,4.0,7.0,5.0,108.0,96.0,58.0,58.0,42.0,38.0,25.0,19.0,15.0,14.0,7.0,2.0,10.0,5.0,A,1
2023-0319,Kitzbuhel,Clay,32,A,20230731,291,4-6 7-5 7-6(5),3,R16,148.0,124116,144684,4.0,,,,Sebastian Ofner,Alex Molcan,R,L,191.0,178.0,AUT,SVK,27.2,25.6,61.0,120.0,868.0,531.0,10.0,6.0,5.0,4.0,111.0,128.0,45.0,84.0,37.0,61.0,29.0,14.0,17.0,17.0,3.0,9.0,8.0,14.0,B,0
2023-0319,Kitzbuhel,Clay,32,A,20230731,290,6-1 6-2,3,R16,82.0,202104,106148,,6.0,,,Sebastian Baez,Roberto Carballes Baena,R,R,170.0,183.0,ARG,ESP,22.5,30.3,72.0,64.0,815.0,845.0,0.0,1.0,0.0,0.0,35.0,60.0,26.0,37.0,22.0,18.0,6.0,11.0,7.0,8.0,0.0,7.0,0.0,12.0,A,1
2023-0319,Kitzbuhel,Clay,32,A,20230731,289,7-6(5) 6-3,3,R16,94.0,111513,205734,5.0,,,WC,Laslo Djere,Thiago Seyboth Wild,R,R,188.0,185.0,SRB,BRA,28.1,23.3,38.0,117.0,1145.0,543.0,6.0,4.0,3.0,4.0,76.0,64.0,45.0,37.0,32.0,28.0,19.0,15.0,11.0,10.0,4.0,1.0,4.0,2.0,A,1
2023-0319,Kitzbuhel,Clay,32,A,20230731,288,7-5 6-3,3,R16,100.0,106398,105077,3.0,,,,Pedro Cachin,Albert Ramos,R,L,185.0,188.0,ARG,ESP,28.3,35.5,54.0,82.0,902.0,733.0,7.0,1.0,2.0,5.0,72.0,60.0,39.0,36.0,26.0,20.0,16.0,11.0,11.0,10.0,6.0,3.0,9.0,8.0,A,1
2023-0319,Kitzbuhel,Clay,32,A,20230731,287,1-6 6-3 6-2,3,R16,102.0,111190,106233,,,,WC,Zhizhen Zhang,Dominic Thiem,R,R,193.0,185.0,CHN,AUT,26.7,29.9,53.0,116.0,911.0,556.0,8.0,6.0,3.0,4.0,77.0,62.0,44.0,46.0,34.0,35.0,15.0,9.0,12.0,12.0,7.0,2.0,10.0,4.0,B,0
2023-0319,Kitzbuhel,Clay,32,A,20230731,286,7-6(3) 6-3,3,R16,93.0,105870,126239,2.0,,,,Yannick Hanfmann,Arthur Rinderknech,R,R,193.0,196.0,GER,FRA,31.7,28.0,50.0,67.0,929.0,836.0,8.0,10.0,4.0,6.0,66.0,66.0,40.0,37.0,29.0,30.0,12.0,18.0,11.0,10.0,3.0,3.0,5.0,3.0,B,0
2023-0319,Kitzbuhel,Clay,32,A,20230731,284,5-7 6-4 6-2,3,R32,125.0,209209,105819,,,WC,Q,Filip Misolic,Guido Andreozzi,R,R,180.0,183.0,AUT,ARG,21.9,31.9,158.0,240.0,371.0,245.0,7.0,4.0,5.0,3.0,98.0,77.0,61.0,44.0,39.0,37.0,18.0,22.0,15.0,15.0,4.0,4.0,8.0,6.0,B,0
2023-0319,Kitzbuhel,Clay,32,A,20230731,283,6-2 6-2,3,R32,58.0,106065,123755,,,,,Marco Cecchinato,Daniel Elahi Galan,R,R,185.0,191.0,ITA,COL,30.8,27.1,108.0,76.0,582.0,798.0,3.0,7.0,2.0,1.0,47.0,41.0,30.0,27.0,19.0,24.0,7.0,9.0,8.0,8.0,3.0,2.0,7.0,2.0,B,0
2023-0319,Kitzbuhel,Clay,32,A,20230731,282,6-7(5) 6-2 6-4,3,R32,132.0,127157,144817,8.0,,,,Daniel Altmaier,Marc Andrea Huesler,R,L,188.0,196.0,GER,SUI,24.8,27.0,51.0,88.0,916.0,690.0,7.0,9.0,4.0,2.0,91.0,89.0,62.0,58.0,51.0,41.0,12.0,14.0,15.0,15.0,3.0,0.0,4.0,4.0,A,1
2023-0319,Kitzbuhel,Clay,32,A,20230731,280,6-4 6-3,3,R32,94.0,209414,144684,,,,,Luca Van Assche,Alex Molcan,R,L,178.0,178.0,FRA,SVK,19.2,25.6,68.0,120.0,831.0,531.0,4.0,2.0,1.0,2.0,77.0,51.0,43.0,33.0,29.0,27.0,15.0,11.0,10.0,9.0,8.0,2.0,11.0,2.0,B,0
2023-0319,Kitzbuhel,Clay,32,A,20230731,279,6-4 6-2,3,R32,82.0,209098,202104,,,Q,,Hamad Medjedovic,Sebastian Baez,R,R,188.0,170.0,SRB,ARG,20.0,22.5,147.0,72.0,424.0,815.0,1.0,5.0,6.0,2.0,55.0,62.0,25.0,41.0,15.0,29.0,11.0,11.0,9.0,9.0,4.0,4.0,9.0,6.0,B,0
2023-0319,Kitzbuhel,Clay,32,A,20230731,278,6-2 6-4,3,R32,71.0,106148,105550,6.0,,,PR,Roberto Carballes Baena,Guido Pella,R,L,183.0,183.0,ESP,ARG,30.3,33.2,64.0,199.0,845.0,305.0,2.0,3.0,0.0,3.0,43.0,47.0,24.0,26.0,22.0,16.0,14.0,12.0,9.0,9.0,0.0,1.0,0.0,4.0,A,1
2023-0319,Kitzbuhel,Clay,32,A,20230731,277,6-4 7-6(4),3,R32,113.0,106331,111513,,5.0,,,Christopher Oconnell,Laslo Djere,R,R,183.0,188.0,AUS,SRB,29.1,28.1,74.0,38.0,806.0,1145.0,2.0,4.0,4.0,7.0,74.0,95.0,46.0,49.0,33.0,31.0,12.0,25.0,11.0,11.0,6.0,7.0,8.0,8.0,B,0
2023-0319,Kitzbuhel,Clay,32,A,20230731,276,6-3 6-4,3,R32,83.0,205734,110602,,,WC,Q,Thiago Seyboth Wild,Dennis Novak,R,R,185.0,183.0,BRA,AUT,23.3,29.9,117.0,166.0,543.0,361.0,7.0,3.0,1.0,2.0,64.0,57.0,38.0,35.0,28.0,21.0,17.0,15.0,10.0,9.0,5.0,0.0,5.0,2.0,A,1
2023-0319,Kitzbuhel,Clay,32,A,20230731,275,6-1 7-5,3,R32,115.0,105077,122669,,,,,Albert Ramos,Juan Pablo Varillas,L,R,188.0,185.0,ESP,PER,35.5,27.8,82.0,77.0,733.0,786.0,8.0,4.0,1.0,1.0,71.0,77.0,45.0,39.0,33.0,26.0,14.0,15.0,9.0,10.0,8.0,8.0,8.0,12.0,A,1
2023-0319,Kitzbuhel,Clay,32,A,20230731,273,6-3 6-2,3,R32,61.0,111190,105583,,7.0,,,Zhizhen Zhang,Dusan Lajovic,R,R,193.0,183.0,CHN,SRB,26.7,33.0,53.0,66.0,911.0,839.0,4.0,1.0,1.0,3.0,46.0,46.0,32.0,29.0,26.0,21.0,7.0,6.0,8.0,9.0,1.0,1.0,1.0,5.0,A,1
2023-0319,Kitzbuhel,Clay,32,A,20230731,272,7-6(3) 7-6(6),3,R32,142.0,106233,105487,,,WC,Q,Dominic Thiem,Facundo Bagnis,R,L,185.0,183.0,AUT,ARG,29.9,33.4,116.0,135.0,556.0,454.0,10.0,6.0,2.0,2.0,92.0,86.0,59.0,59.0,41.0,41.0,21.0,14.0,12.0,12.0,7.0,3.0,9.0,5.0,A,1
2023-0319,Kitzbuhel,Clay,32,A,20230731,271,6-7(3) 6-4 6-2,3,R32,129.0,126239,207678,,,,LL,Arthur Rinderknech,Juan Manuel Cerundolo,R,L,196.0,183.0,FRA,ARG,28.0,21.7,67.0,106.0,836.0,585.0,19.0,3.0,5.0,9.0,90.0,100.0,54.0,57.0,49.0,46.0,18.0,20.0,15.0,15.0,2.0,5.0,2.0,8.0,A,1
2023-7480,Los Cabos,Hard,32,A,20230731,300,6-3 6-4,3,F,86.0,126774,200282,1.0,5.0,,,Stefanos Tsitsipas,Alex De Minaur,R,R,193.0,183.0,GRE,AUS,24.9,24.4,5.0,19.0,4850.0,1945.0,2.0,1.0,0.0,3.0,48.0,54.0,28.0,29.0,23.0,21.0,11.0,8.0,10.0,9.0,0.0,5.0,2.0,9.0,A,1
2023-7480,Los Cabos,Hard,32,A,20230731,299,6-3 6-2,3,SF,71.0,126774,106432,1.0,4.0,,,Stefanos Tsitsipas,Borna Coric,R,R,193.0,188.0,GRE,CRO,24.9,26.7,5.0,15.0,4850.0,2225.0,7.0,1.0,1.0,5.0,43.0,42.0,30.0,27.0,26.0,17.0,10.0,5.0,9.0,8.0,0.0,2.0,0.0,5.0,A,1
2023-7480,Los Cabos,Hard,32,A,20230731,298,6-2 6-7(5) 6-1,3,SF,144.0,200282,136440,5.0,7.0,,,Alex De Minaur,Dominik Koepfer,R,L,183.0,180.0,AUS,GER,24.4,29.2,19.0,84.0,1945.0,708.0,3.0,1.0,0.0,3.0,81.0,84.0,42.0,55.0,28.0,30.0,25.0,13.0,14.0,13.0,2.0,2.0,5.0,9.0,A,1
2023-7480,Los Cabos,Hard,32,A,20230731,297,6-7(6) 7-6(4) 6-2,3,QF,177.0,111797,126774,6.0,1.0,,,Nicolas Jarry,Stefanos Tsitsipas,R,R,201.0,193.0,CHI,GRE,27.8,24.9,28.0,5.0,1339.0,4850.0,9.0,11.0,1.0,3.0,103.0,96.0,71.0,61.0,49.0,49.0,18.0,23.0,16.0,16.0,3.0,0.0,6.0,1.0,B,0
2023-7480,Los Cabos,Hard,32,A,20230731,296,6-3 6-4,3,QF,99.0,125802,106432,8.0,4.0,,,Ilya Ivashka,Borna Coric,R,R,193.0,188.0,BLR,CRO,29.4,26.7,113.0,15.0,562.0,2225.0,1.0,8.0,4.0,4.0,55.0,62.0,29.0,36.0,22.0,30.0,11.0,13.0,9.0,10.0,6.0,1.0,9.0,2.0,B,0
2023-7480,Los Cabos,Hard,32,A,20230731,295,6-4 3-6 6-3,3,QF,145.0,126205,200282,3.0,5.0,,,Tommy Paul,Alex De Minaur,R,R,185.0,183.0,USA,AUS,26.2,24.4,14.0,19.0,2320.0,1945.0,4.0,3.0,3.0,4.0,80.0,88.0,45.0,50.0,35.0,34.0,14.0,19.0,14.0,14.0,1.0,1.0,5.0,4.0,B,0
2023-7480,Los Cabos,Hard,32,A,20230731,294,6-4 7-5,3,QF,113.0,206499,136440,,7.0,,,Aleksandar Kovacevic,Dominik Koepfer,R,L,183.0,180.0,USA,GER,24.9,29.2,129.0,84.0,476.0,708.0,8.0,8.0,4.0,4.0,71.0,61.0,34.0,37.0,22.0,28.0,16.0,13.0,11.0,11.0,4.0,5.0,8.0,7.0,B,0
2023-7480,Los Cabos,Hard,32,A,20230731,293,6-2 6-4,3,R16,77.0,126774,104545,1.0,,,,Stefanos Tsitsipas,John Isner,R,R,193.0,208.0,GRE,USA,24.9,38.2,5.0,114.0,4850.0,560.0,8.0,7.0,1.0,3.0,47.0,61.0,32.0,38.0,28.0,25.0,9.0,8.0,9.0,9.0,1.0,4.0,1.0,7.0,A,1
2023-7480,Los Cabos,Hard,32,A,20230731,292,7-6(5) 4-6 6-4,3,R16,158.0,133835,111797,,6.0,,,Gijs Brouwer,Nicolas Jarry,L,R,191.0,201.0,NED,CHI,27.3,27.8,144.0,28.0,437.0,1339.0,4.0,8.0,6.0,5.0,89.0,108.0,58.0,64.0,51.0,50.0,17.0,25.0,16.0,16.0,2.0,5.0,3.0,6.0,B,0
2023-7480,Los Cabos,Hard,32,A,20230731,291,6-1 6-2,3,R16,68.0,106432,105359,4.0,,,LL,Borna Coric,Jason Jung,R,R,188.0,180.0,CRO,TPE,26.7,34.1,15.0,276.0,2225.0,206.0,5.0,0.0,0.0,4.0,44.0,41.0,28.0,25.0,22.0,13.0,11.0,6.0,8.0,7.0,0.0,3.0,0.0,7.0,A,1
2023-7480,Los Cabos,Hard,32,A,20230731,290,5-7 6-2 6-4,3,R16,158.0,127339,125802,,8.0,,,Borna Gojo,Ilya Ivashka,R,R,196.0,193.0,CRO,BLR,25.4,29.4,115.0,113.0,560.0,562.0,12.0,4.0,5.0,10.0,106.0,101.0,62.0,59.0,43.0,39.0,15.0,21.0,15.0,15.0,9.0,6.0,15.0,10.0,B,0
2023-7480,Los Cabos,Hard,32,A,20230731,289,6-2 6-1,3,R16,63.0,202058,200282,,5.0,,,Thiago Agustin Tirante,Alex De Minaur,R,R,185.0,183.0,ARG,AUS,22.3,24.4,136.0,19.0,452.0,1945.0,3.0,0.0,1.0,0.0,50.0,35.0,28.0,22.0,15.0,19.0,8.0,9.0,8.0,7.0,4.0,0.0,9.0,0.0,B,0
2023-7480,Los Cabos,Hard,32,A,20230731,288,7-5 7-6(7),3,R16,132.0,200335,126205,,3.0,,,Felipe Meligeni Alves,Tommy Paul,R,R,185.0,185.0,BRA,USA,25.4,26.2,177.0,14.0,336.0,2320.0,0.0,8.0,2.0,6.0,91.0,87.0,56.0,52.0,40.0,39.0,16.0,17.0,12.0,12.0,13.0,6.0,15.0,7.0,B,0
2023-7480,Los Cabos,Hard,32,A,20230731,287,6-2 6-2,3,R16,74.0,136440,105902,7.0,,,,Dominik Koepfer,James Duckworth,L,R,180.0,183.0,GER,AUS,29.2,31.5,84.0,123.0,708.0,510.0,4.0,3.0,2.0,3.0,49.0,64.0,30.0,32.0,24.0,16.0,13.0,16.0,8.0,8.0,1.0,6.0,1.0,10.0,A,1
2023-7480,Los Cabos,Hard,32,A,20230731,286,5-7 7-6(7) 6-4,3,R16,177.0,111815,206499,2.0,,,,Cameron Norrie,Aleksandar Kovacevic,L,R,188.0,183.0,GBR,USA,27.9,24.9,13.0,129.0,2610.0,476.0,6.0,15.0,2.0,5.0,115.0,106.0,76.0,71.0,55.0,57.0,25.0,20.0,17.0,17.0,4.0,1.0,5.0,2.0,B,0
2023-7480,Los Cabos,Hard,32,A,20230731,284,6-2 7-6(4),3,R32,114.0,104545,208014,,,,,John Isner,Rinky Hijikata,R,R,208.0,178.0,USA,AUS,38.2,22.4,114.0,110.0,560.0,569.0,19.0,0.0,2.0,6.0,64.0,79.0,45.0,46.0,34.0,29.0,11.0,15.0,10.0,10.0,6.0,9.0,7.0,12.0,A,1
2023-7480,Los Cabos,Hard,32,A,20230731,283,6-2 4-6 6-2,3,R32,123.0,133835,209113,,,,,Gijs Brouwer,Gabriel Diallo,L,R,191.0,203.0,NED,CAN,27.3,21.8,144.0,140.0,437.0,443.0,4.0,5.0,6.0,9.0,93.0,77.0,61.0,43.0,40.0,27.0,13.0,13.0,13.0,13.0,4.0,4.0,7.0,10.0,A,1
2023-7480,Los Cabos,Hard,32,A,20230731,282,6-3 6-1,3,R32,79.0,210202,111797,,6.0,WC,,Rodrigo Pacheco Mendez,Nicolas Jarry,L,R,188.0,201.0,MEX,CHI,18.2,27.8,817.0,28.0,24.0,1339.0,0.0,4.0,0.0,2.0,49.0,45.0,34.0,28.0,19.0,24.0,8.0,9.0,8.0,8.0,4.0,1.0,8.0,1.0,B,0
2023-7480,Los Cabos,Hard,32,A,20230731,280,3-6 7-6(5) 6-2,3,R32,146.0,124014,105359,,,WC,LL,Ernesto Escobedo,Jason Jung,R,R,185.0,180.0,MEX,TPE,27.0,34.1,377.0,276.0,124.0,206.0,9.0,2.0,3.0,2.0,98.0,87.0,64.0,53.0,43.0,35.0,16.0,21.0,15.0,14.0,7.0,3.0,11.0,6.0,B,0
2023-7480,Los Cabos,Hard,32,A,20230731,279,7-5 4-6 6-3,3,R32,130.0,106426,127339,,,,,Cristian Garin,Borna Gojo,R,R,185.0,196.0,CHI,CRO,27.1,25.4,101.0,115.0,606.0,560.0,3.0,20.0,2.0,0.0,78.0,98.0,55.0,64.0,43.0,52.0,9.0,16.0,15.0,16.0,5.0,5.0,8.0,7.0,B,0
2023-7480,Los Cabos,Hard,32,A,20230731,278,3-6 6-3 7-6(5),3,R32,152.0,125802,202320,8.0,,,Q,Ilya Ivashka,Beibit Zhukayev,R,R,193.0,198.0,BLR,KAZ,29.4,22.7,113.0,258.0,562.0,221.0,8.0,7.0,9.0,3.0,104.0,88.0,57.0,50.0,41.0,36.0,25.0,20.0,15.0,15.0,8.0,0.0,10.0,2.0,A,1
2023-7480,Los Cabos,Hard,32,A,20230731,277,6-4 6-4,3,R32,105.0,109734,200282,,5.0,Q,,Skander Mansouri,Alex De Minaur,R,R,193.0,183.0,TUN,AUS,28.0,24.4,296.0,19.0,183.0,1945.0,4.0,3.0,5.0,4.0,77.0,55.0,44.0,26.0,29.0,22.0,9.0,11.0,10.0,10.0,6.0,0.0,11.0,3.0,B,0
2023-7480,Los Cabos,Hard,32,A,20230731,276,7-6(3) 6-2,3,R32,117.0,202058,106174,,,,Q,Thiago Agustin Tirante,Gonzalo Lama,R,R,185.0,180.0,ARG,CHI,22.3,30.2,136.0,410.0,452.0,110.0,2.0,3.0,0.0,5.0,56.0,74.0,44.0,41.0,32.0,27.0,10.0,15.0,10.0,10.0,0.0,9.0,1.0,12.0,A,1
2023-7480,Los Cabos,Hard,32,A,20230731,275,6-2 6-4,3,R32,78.0,200335,126214,,,,,Felipe Meligeni Alves,Alejandro Tabilo,R,L,185.0,188.0,BRA,CHI,25.4,26.1,177.0,122.0,336.0,522.0,6.0,6.0,1.0,4.0,60.0,59.0,36.0,34.0,31.0,23.0,7.0,5.0,9.0,9.0,3.0,9.0,5.0,14.0,A,1
2023-7480,Los Cabos,Hard,32,A,20230731,273,6-4 6-3,3,R32,91.0,144642,136440,,7.0,,,Tomas Barrios Vera,Dominik Koepfer,R,L,191.0,180.0,CHI,GER,25.6,29.2,121.0,84.0,525.0,708.0,3.0,2.0,3.0,0.0,72.0,47.0,45.0,34.0,31.0,28.0,10.0,9.0,10.0,9.0,7.0,0.0,10.0,0.0,B,0
2023-7480,Los Cabos,Hard,32,A,20230731,272,6-3 6-0,3,R32,51.0,202261,105902,,,,,Otto Virtanen,James Duckworth,R,R,193.0,183.0,FIN,AUS,22.1,31.5,127.0,123.0,493.0,510.0,4.0,5.0,5.0,0.0,37.0,40.0,23.0,21.0,15.0,19.0,3.0,13.0,7.0,8.0,2.0,0.0,6.0,0.0,B,0
2023-7480,Los Cabos,Hard,32,A,20230731,271,6-2 7-5,3,R32,90.0,206499,208300,,,,Q,Aleksandar Kovacevic,Omni Kumar,R,L,183.0,173.0,USA,USA,24.9,21.8,129.0,403.0,476.0,114.0,9.0,2.0,3.0,2.0,58.0,59.0,38.0,30.0,30.0,19.0,7.0,11.0,10.0,10.0,4.0,3.0,6.0,8.0,A,1
2023-0418,Washington,Hard,64,A,20230731,300,7-5 6-3,3,F,101.0,105554,134868,9.0,12.0,,,Daniel Evans,Tallon Griekspoor,R,R,175.0,188.0,GBR,NED,33.1,27.0,30.0,37.0,1321.0,1149.0,6.0,12.0,1.0,3.0,64.0,56.0,40.0,36.0,32.0,29.0,16.0,6.0,11.0,10.0,4.0,3.0,4.0,5.0,A,1
2023-0418,Washington,Hard,64,A,20230731,299,3-6 6-3 6-2,3,SF,118.0,134868,126203,12.0,1.0,,,Tallon Griekspoor,Taylor Fritz,R,R,188.0,196.0,NED,USA,27.0,25.7,37.0,9.0,1149.0,3515.0,13.0,7.0,5.0,1.0,77.0,87.0,46.0,62.0,37.0,41.0,17.0,14.0,13.0,13.0,1.0,7.0,2.0,10.0,A,1
2023-0418,Washington,Hard,64,A,20230731,298,6-3 7-6(4),3,SF,116.0,105777,105554,5.0,9.0,,,Grigor Dimitrov,Daniel Evans,R,R,191.0,175.0,BUL,GBR,32.2,33.1,20.0,30.0,1600.0,1321.0,5.0,1.0,2.0,2.0,69.0,63.0,43.0,38.0,28.0,29.0,16.0,16.0,11.0,10.0,2.0,4.0,4.0,4.0,B,0
2023-0418,Washington,Hard,64,A,20230731,297,6-3 6-3,3,QF,77.0,126203,111442,1.0,,,,Taylor Fritz,Jordan Thompson,R,R,196.0,183.0,USA,AUS,25.7,29.2,9.0,71.0,3515.0,827.0,7.0,1.0,3.0,0.0,58.0,49.0,34.0,26.0,25.0,19.0,16.0,11.0,9.0,9.0,2.0,1.0,2.0,4.0,A,1
2023-0418,Washington,Hard,64,A,20230731,296,7-5 6-4,3,QF,93.0,200670,134868,16.0,12.0,,,J J Wolf,Tallon Griekspoor,R,R,183.0,188.0,USA,NED,24.6,27.0,45.0,37.0,1025.0,1149.0,11.0,7.0,2.0,1.0,66.0,56.0,34.0,37.0,28.0,33.0,17.0,12.0,11.0,11.0,3.0,0.0,5.0,0.0,B,0
2023-0418,Washington,Hard,64,A,20230731,295,W/O,3,QF,0.0,105777,200005,5.0,13.0,,,Grigor Dimitrov,Ugo Humbert,R,L,191.0,188.0,BUL,FRA,32.2,25.0,20.0,36.0,1600.0,1159.0,,,,,,,,,,,,,,,,,,,A,1
2023-0418,Washington,Hard,64,A,20230731,294,6-4 7-5,3,QF,104.0,105554,126207,9.0,2.0,,,Daniel Evans,Frances Tiafoe,R,R,175.0,188.0,GBR,USA,33.1,25.5,30.0,10.0,1321.0,3085.0,10.0,16.0,3.0,2.0,58.0,76.0,37.0,49.0,28.0,35.0,16.0,13.0,11.0,11.0,4.0,7.0,5.0,10.0,A,1
2023-0418,Washington,Hard,64,A,20230731,293,6-7(2) 6-3 6-4,3,R16,182.0,104918,126203,15.0,1.0,,,Andy Murray,Taylor Fritz,R,R,191.0,196.0,GBR,USA,36.2,25.7,44.0,9.0,1030.0,3515.0,6.0,17.0,7.0,4.0,104.0,126.0,64.0,84.0,52.0,65.0,14.0,18.0,15.0,16.0,5.0,8.0,8.0,9.0,B,0
2023-0418,Washington,Hard,64,A,20230731,292,6-2 6-2,3,R16,68.0,111442,111153,,11.0,,,Jordan Thompson,Christopher Eubanks,R,R,183.0,201.0,AUS,USA,29.2,27.2,71.0,29.0,827.0,1333.0,7.0,2.0,0.0,2.0,39.0,55.0,29.0,33.0,25.0,21.0,8.0,7.0,8.0,8.0,1.0,5.0,1.0,9.0,A,1
2023-0418,Washington,Hard,64,A,20230731,291,6-4 7-6(5),3,R16,147.0,111581,200670,,16.0,,,Michael Mmoh,J J Wolf,R,R,188.0,183.0,USA,USA,25.5,24.6,112.0,45.0,564.0,1025.0,16.0,10.0,6.0,6.0,116.0,79.0,73.0,42.0,50.0,37.0,14.0,17.0,11.0,11.0,19.0,4.0,22.0,6.0,B,0
2023-0418,Washington,Hard,64,A,20230731,290,6-4 1-6 6-3,3,R16,118.0,104792,134868,,12.0,WC,,Gael Monfils,Tallon Griekspoor,R,R,193.0,188.0,FRA,NED,36.9,27.0,323.0,37.0,162.0,1149.0,12.0,5.0,7.0,1.0,83.0,65.0,51.0,48.0,38.0,36.0,15.0,10.0,13.0,13.0,2.0,1.0,4.0,3.0,B,0
2023-0418,Washington,Hard,64,A,20230731,289,6-4 6-3,3,R16,106.0,105777,200325,5.0,,,,Grigor Dimitrov,Emil Ruusuvuori,R,R,191.0,188.0,BUL,FIN,32.2,24.3,20.0,55.0,1600.0,901.0,4.0,2.0,4.0,1.0,63.0,73.0,34.0,43.0,27.0,26.0,16.0,16.0,10.0,9.0,2.0,6.0,3.0,9.0,A,1
2023-0418,Washington,Hard,64,A,20230731,288,6-0 6-2,3,R16,63.0,133297,200005,,13.0,,,Yosuke Watanuki,Ugo Humbert,R,L,180.0,188.0,JPN,FRA,25.3,25.0,99.0,36.0,608.0,1159.0,2.0,3.0,2.0,1.0,54.0,37.0,27.0,25.0,15.0,20.0,9.0,8.0,7.0,7.0,9.0,0.0,14.0,0.0,B,0
2023-0418,Washington,Hard,64,A,20230731,287,6-4 6-3,3,R16,93.0,207686,105554,,9.0,,,Alexander Shevchenko,Daniel Evans,R,R,185.0,175.0,KAZ,GBR,22.6,33.1,93.0,30.0,632.0,1321.0,4.0,2.0,3.0,1.0,68.0,57.0,34.0,33.0,24.0,26.0,13.0,13.0,10.0,9.0,2.0,5.0,6.0,6.0,B,0
2023-0418,Washington,Hard,64,A,20230731,286,6-2 6-3,3,R16,71.0,126207,209992,2.0,,,Q,Frances Tiafoe,Juncheng Shang,R,L,188.0,180.0,USA,CHN,25.5,18.4,10.0,149.0,3085.0,420.0,6.0,9.0,2.0,2.0,56.0,49.0,35.0,31.0,28.0,20.0,9.0,7.0,8.0,9.0,4.0,3.0,4.0,7.0,A,1
2023-0418,Washington,Hard,64,A,20230731,285,6-3 6-3,3,R32,73.0,208260,126203,,1.0,Q,,Zachary Svajda,Taylor Fritz,R,R,175.0,196.0,USA,USA,20.6,25.7,233.0,9.0,259.0,3515.0,1.0,8.0,2.0,3.0,46.0,57.0,31.0,34.0,19.0,29.0,7.0,11.0,9.0,9.0,0.0,8.0,3.0,8.0,B,0
2023-0418,Washington,Hard,64,A,20230731,284,7-6(5) 6-4,3,R32,131.0,206909,104918,,15.0,,,Brandon Nakashima,Andy Murray,R,R,188.0,191.0,USA,GBR,21.9,36.2,70.0,44.0,830.0,1030.0,7.0,5.0,1.0,3.0,68.0,83.0,48.0,49.0,38.0,40.0,9.0,17.0,11.0,11.0,1.0,6.0,2.0,6.0,B,0
2023-0418,Washington,Hard,64,A,20230731,283,6-3 6-4,3,R32,71.0,200647,111153,,11.0,LL,,Sho Shimabukuro,Christopher Eubanks,R,R,180.0,201.0,JPN,USA,26.0,27.2,161.0,29.0,367.0,1333.0,4.0,11.0,0.0,1.0,47.0,60.0,28.0,40.0,18.0,31.0,11.0,11.0,9.0,10.0,2.0,4.0,5.0,5.0,B,0
2023-0418,Washington,Hard,64,A,20230731,282,7-5 6-4,3,R32,101.0,111442,105173,,7.0,,,Jordan Thompson,Adrian Mannarino,R,L,183.0,180.0,AUS,FRA,29.2,35.0,71.0,27.0,827.0,1345.0,7.0,3.0,2.0,2.0,59.0,67.0,36.0,42.0,28.0,30.0,16.0,11.0,11.0,11.0,1.0,2.0,2.0,5.0,A,1
2023-0418,Washington,Hard,64,A,20230731,281,6-3 6-7(4) 7-6(4),3,R32,175.0,128034,111581,4.0,,,,Hubert Hurkacz,Michael Mmoh,R,R,196.0,188.0,POL,USA,26.4,25.5,17.0,112.0,2195.0,564.0,20.0,7.0,2.0,5.0,128.0,113.0,90.0,68.0,61.0,50.0,20.0,26.0,17.0,16.0,9.0,6.0,12.0,7.0,B,0
2023-0418,Washington,Hard,64,A,20230731,280,6-1 6-3,3,R32,80.0,200670,105430,16.0,,,,J J Wolf,Radu Albot,R,R,183.0,175.0,USA,MDA,24.6,33.7,45.0,97.0,1025.0,615.0,11.0,1.0,1.0,2.0,48.0,60.0,27.0,32.0,20.0,17.0,13.0,12.0,8.0,8.0,2.0,5.0,3.0,10.0,A,1
2023-0418,Washington,Hard,64,A,20230731,279,6-4 6-2,3,R32,85.0,134868,106281,12.0,,,,Tallon Griekspoor,Liam Broady,R,L,188.0,183.0,NED,GBR,27.0,29.5,37.0,125.0,1149.0,504.0,9.0,3.0,1.0,5.0,43.0,74.0,29.0,34.0,26.0,24.0,10.0,17.0,9.0,9.0,0.0,7.0,0.0,10.0,A,1
2023-0418,Washington,Hard,64,A,20230731,278,6-3 6-4,3,R32,82.0,122330,104792,6.0,,,WC,Alexander Bublik,Gael Monfils,R,R,196.0,193.0,KAZ,FRA,26.1,36.9,25.0,323.0,1384.0,162.0,3.0,5.0,8.0,3.0,65.0,75.0,38.0,42.0,27.0,32.0,9.0,16.0,9.0,10.0,7.0,5.0,10.0,6.0,B,0
2023-0418,Washington,Hard,64,A,20230731,277,7-6(6) 6-2,3,R32,89.0,111456,105777,,5.0,,,Mackenzie Mcdonald,Grigor Dimitrov,R,R,178.0,191.0,USA,BUL,28.2,32.2,60.0,20.0,870.0,1600.0,0.0,2.0,1.0,2.0,62.0,57.0,43.0,37.0,29.0,32.0,10.0,12.0,10.0,10.0,0.0,0.0,2.0,0.0,B,0
2023-0418,Washington,Hard,64,A,20230731,276,6-7(5) 6-4 6-2,3,R32,127.0,106415,200325,10.0,,,,Yoshihito Nishioka,Emil Ruusuvuori,L,R,170.0,188.0,JPN,FIN,27.8,24.3,31.0,55.0,1315.0,901.0,5.0,9.0,2.0,3.0,87.0,86.0,49.0,52.0,29.0,41.0,23.0,19.0,15.0,15.0,1.0,0.0,6.0,2.0,B,0
2023-0418,Washington,Hard,64,A,20230731,275,7-6(6) 1-6 6-4,3,R32,163.0,200005,106423,13.0,,,,Ugo Humbert,Thanasi Kokkinakis,L,R,188.0,193.0,FRA,AUS,25.0,27.3,36.0,86.0,1159.0,696.0,11.0,5.0,4.0,3.0,109.0,96.0,66.0,60.0,49.0,47.0,16.0,19.0,14.0,15.0,7.0,4.0,10.0,6.0,A,1
2023-0418,Washington,Hard,64,A,20230731,274,7-6(10) 7-6(3),3,R32,147.0,200000,133297,3.0,,,,Felix Auger Aliassime,Yosuke Watanuki,R,R,193.0,180.0,CAN,JPN,22.9,25.3,12.0,99.0,2770.0,608.0,6.0,7.0,2.0,1.0,88.0,87.0,56.0,45.0,39.0,38.0,21.0,25.0,12.0,12.0,3.0,3.0,3.0,3.0,B,0
2023-0418,Washington,Hard,64,A,20230731,273,5-7 7-6(4) 6-4,3,R32,149.0,200624,207686,8.0,,,,Sebastian Korda,Alexander Shevchenko,R,R,196.0,185.0,USA,KAZ,23.0,22.6,26.0,93.0,1365.0,632.0,8.0,5.0,4.0,7.0,113.0,125.0,54.0,63.0,39.0,44.0,29.0,29.0,17.0,17.0,10.0,19.0,15.0,24.0,B,0
2023-0418,Washington,Hard,64,A,20230731,272,2-6 6-0 6-3,3,R32,114.0,106296,105554,,9.0,,,Gregoire Barrere,Daniel Evans,R,R,183.0,175.0,FRA,GBR,29.4,33.1,59.0,30.0,884.0,1321.0,8.0,4.0,4.0,4.0,77.0,72.0,49.0,39.0,31.0,25.0,10.0,20.0,11.0,12.0,7.0,1.0,12.0,4.0,B,0
2023-0418,Washington,Hard,64,A,20230731,271,6-2 3-6 6-3,3,R32,101.0,210097,209992,14.0,,,Q,Ben Shelton,Juncheng Shang,L,L,193.0,180.0,USA,CHN,20.8,18.4,43.0,149.0,1065.0,420.0,5.0,1.0,5.0,2.0,71.0,64.0,45.0,43.0,31.0,31.0,12.0,14.0,13.0,13.0,4.0,3.0,9.0,6.0,B,0
2023-0418,Washington,Hard,64,A,20230731,270,7-6(5) 7-6(5),3,R32,129.0,106234,126207,,2.0,,,Aslan Karatsev,Frances Tiafoe,R,R,185.0,188.0,RUS,USA,29.9,25.5,75.0,10.0,798.0,3085.0,7.0,8.0,5.0,2.0,88.0,87.0,48.0,56.0,37.0,42.0,23.0,20.0,12.0,12.0,2.0,4.0,2.0,4.0,B,0
2023-0418,Washington,Hard,64,A,20230731,268,4-6 7-6(2) 7-5,3,R64,185.0,208260,126845,,,Q,,Zachary Svajda,Max Purcell,R,R,175.0,185.0,USA,AUS,20.6,25.3,233.0,78.0,259.0,778.0,10.0,12.0,0.0,1.0,117.0,108.0,71.0,69.0,48.0,50.0,27.0,18.0,17.0,17.0,11.0,6.0,15.0,10.0,A,1
2023-0418,Washington,Hard,64,A,20230731,267,7-6(5) 7-6(9),3,R64,126.0,206909,126846,,,,,Brandon Nakashima,Aleksandar Vukic,R,R,188.0,188.0,USA,AUS,21.9,27.3,70.0,62.0,830.0,855.0,8.0,7.0,2.0,1.0,86.0,98.0,53.0,56.0,38.0,35.0,18.0,23.0,12.0,12.0,4.0,4.0,7.0,7.0,A,1
2023-0418,Washington,Hard,64,A,20230731,264,6-4 6-3,3,R64,63.0,144750,200647,,,PR,LL,Lloyd Harris,Sho Shimabukuro,R,R,193.0,180.0,RSA,JPN,26.4,26.0,186.0,161.0,321.0,367.0,7.0,7.0,2.0,3.0,48.0,50.0,27.0,30.0,21.0,27.0,8.0,11.0,9.0,10.0,0.0,0.0,3.0,1.0,B,0
2023-0418,Washington,Hard,64,A,20230731,263,6-4 6-7(1) 6-1,3,R64,131.0,104731,111442,,,WC,,Kevin Anderson,Jordan Thompson,R,R,203.0,183.0,RSA,AUS,37.2,29.2,652.0,71.0,45.0,827.0,15.0,15.0,7.0,1.0,95.0,86.0,60.0,54.0,44.0,43.0,14.0,18.0,14.0,15.0,11.0,2.0,15.0,3.0,B,0
2023-0418,Washington,Hard,64,A,20230731,260,6-3 6-3,3,R64,82.0,105614,111581,,,Q,,Bradley Klahn,Michael Mmoh,L,R,183.0,188.0,USA,USA,32.9,25.5,797.0,112.0,26.0,564.0,4.0,8.0,5.0,2.0,61.0,51.0,42.0,34.0,28.0,28.0,6.0,11.0,9.0,9.0,6.0,2.0,9.0,2.0,B,0
2023-0418,Washington,Hard,64,A,20230731,259,6-3 5-7 7-5,3,R64,163.0,106218,105430,,,,,Marcos Giron,Radu Albot,R,R,180.0,175.0,USA,MDA,30.0,33.7,69.0,97.0,830.0,615.0,12.0,3.0,2.0,5.0,103.0,124.0,62.0,85.0,37.0,53.0,21.0,19.0,16.0,17.0,8.0,12.0,14.0,17.0,B,0
2023-0418,Washington,Hard,64,A,20230731,256,7-6(0) 6-4,3,R64,134.0,106281,144895,,,,,Liam Broady,Corentin Moutet,L,L,183.0,180.0,GBR,FRA,29.5,24.2,125.0,80.0,504.0,750.0,2.0,4.0,3.0,1.0,75.0,79.0,38.0,48.0,29.0,27.0,15.0,12.0,11.0,11.0,2.0,4.0,6.0,9.0,A,1
2023-0418,Washington,Hard,64,A,20230731,255,6-3 6-4,3,R64,71.0,106216,104792,,,Q,WC,Bjorn Fratangelo,Gael Monfils,R,R,183.0,193.0,USA,FRA,30.0,36.9,695.0,323.0,38.0,162.0,1.0,6.0,2.0,1.0,61.0,51.0,41.0,33.0,25.0,29.0,12.0,12.0,9.0,10.0,5.0,2.0,7.0,2.0,B,0
2023-0418,Washington,Hard,64,A,20230731,252,6-3 6-3,3,R64,77.0,111456,106043,,,,,Mackenzie Mcdonald,Diego Schwartzman,R,R,178.0,170.0,USA,ARG,28.2,30.9,60.0,95.0,870.0,615.0,6.0,2.0,3.0,3.0,49.0,63.0,31.0,44.0,26.0,27.0,11.0,9.0,9.0,9.0,1.0,6.0,1.0,9.0,A,1
2023-0418,Washington,Hard,64,A,20230731,251,6-4 6-4,3,R64,86.0,200325,106005,,,,,Emil Ruusuvuori,Constant Lestienne,R,R,188.0,180.0,FIN,FRA,24.3,31.1,55.0,109.0,901.0,574.0,7.0,4.0,0.0,3.0,62.0,54.0,46.0,25.0,34.0,19.0,11.0,17.0,10.0,10.0,1.0,2.0,1.0,4.0,A,1
2023-0418,Washington,Hard,64,A,20230731,248,2-6 6-4 6-4,3,R64,160.0,106121,106423,,,,,Taro Daniel,Thanasi Kokkinakis,R,R,191.0,193.0,JPN,AUS,30.5,27.3,111.0,86.0,568.0,696.0,3.0,5.0,1.0,6.0,93.0,92.0,47.0,56.0,34.0,42.0,23.0,14.0,14.0,14.0,4.0,4.0,8.0,8.0,B,0
2023-0418,Washington,Hard,64,A,20230731,247,1-4 RET,3,R64,20.0,133297,200059,,,,,Yosuke Watanuki,Yibing Wu,R,R,180.0,183.0,JPN,CHN,25.3,23.7,99.0,90.0,608.0,683.0,1.0,0.0,0.0,0.0,13.0,13.0,6.0,8.0,3.0,7.0,4.0,5.0,2.0,3.0,1.0,0.0,2.0,0.0,A,1
2023-0418,Washington,Hard,64,A,20230731,244,6-3 7-6(8),3,R64,100.0,207686,202195,,,,,Alexander Shevchenko,Maxime Cressy,R,R,185.0,201.0,KAZ,USA,22.6,26.2,93.0,96.0,632.0,615.0,3.0,5.0,4.0,7.0,78.0,65.0,38.0,34.0,27.0,22.0,21.0,15.0,11.0,10.0,1.0,3.0,3.0,6.0,A,1
2023-0418,Washington,Hard,64,A,20230731,243,6-4 6-7(7) 6-3,3,R64,139.0,106296,208278,,,,Q,Gregoire Barrere,Shintaro Mochizuki,R,R,183.0,175.0,FRA,JPN,29.4,20.1,59.0,200.0,884.0,304.0,8.0,4.0,4.0,5.0,95.0,118.0,56.0,61.0,39.0,40.0,22.0,25.0,15.0,16.0,5.0,5.0,8.0,11.0,A,1
2023-0418,Washington,Hard,64,A,20230731,240,6-3 6-3,3,R64,84.0,209992,105877,,,Q,,Juncheng Shang,Emilio Gomez,L,R,180.0,185.0,CHN,ECU,18.4,31.6,149.0,155.0,420.0,384.0,3.0,2.0,0.0,3.0,56.0,60.0,31.0,32.0,21.0,21.0,15.0,10.0,9.0,9.0,1.0,3.0,2.0,7.0,A,1
2023-0418,Washington,Hard,64,A,20230731,239,7-6(3) 6-1,3,R64,98.0,208485,106234,,,Q,,Kiranpal Pannu,Aslan Karatsev,R,R,185.0,185.0,NZL,RUS,26.5,29.9,717.0,75.0,35.0,798.0,5.0,7.0,7.0,3.0,69.0,54.0,38.0,32.0,26.0,24.0,11.0,18.0,9.0,10.0,6.0,1.0,9.0,2.0,B,0
2023-0421,Canada Masters,Hard,64,M,20230807,300,6-4 6-1,3,F,89.0,200282,206173,,7.0,,,Alex De Minaur,Jannik Sinner,R,R,183.0,191.0,AUS,ITA,24.4,21.9,18.0,8.0,2085.0,3815.0,1.0,5.0,1.0,3.0,53.0,52.0,28.0,26.0,13.0,19.0,10.0,15.0,8.0,9.0,5.0,2.0,10.0,4.0,B,0
2023-0421,Canada Masters,Hard,64,M,20230807,299,6-4 6-4,3,SF,116.0,206173,126205,7.0,12.0,,,Jannik Sinner,Tommy Paul,R,R,191.0,185.0,ITA,USA,21.9,26.2,8.0,14.0,3815.0,2345.0,4.0,3.0,3.0,2.0,70.0,64.0,32.0,43.0,25.0,26.0,16.0,8.0,10.0,10.0,8.0,5.0,11.0,10.0,A,1
2023-0421,Canada Masters,Hard,64,M,20230807,298,6-1 6-3,3,SF,77.0,200221,200282,,,,,Alejandro Davidovich Fokina,Alex De Minaur,R,R,183.0,183.0,ESP,AUS,24.1,24.4,37.0,18.0,1140.0,2085.0,0.0,4.0,4.0,0.0,46.0,53.0,27.0,25.0,11.0,14.0,5.0,15.0,8.0,8.0,2.0,6.0,9.0,9.0,B,0
2023-0421,Canada Masters,Hard,64,M,20230807,297,6-3 4-6 6-3,3,QF,140.0,207989,126205,1.0,12.0,,,Carlos Alcaraz,Tommy Paul,R,R,183.0,185.0,ESP,USA,20.2,26.2,1.0,14.0,9225.0,2345.0,4.0,2.0,6.0,1.0,99.0,87.0,66.0,54.0,44.0,37.0,16.0,19.0,14.0,14.0,6.0,3.0,10.0,5.0,B,0
2023-0421,Canada Masters,Hard,64,M,20230807,296,6-4 4-6 6-3,3,QF,142.0,104792,206173,,7.0,PR,,Gael Monfils,Jannik Sinner,R,R,193.0,191.0,FRA,ITA,36.9,21.9,276.0,8.0,207.0,3815.0,19.0,5.0,5.0,3.0,87.0,89.0,51.0,44.0,41.0,36.0,14.0,21.0,14.0,15.0,1.0,0.0,4.0,2.0,B,0
2023-0421,Canada Masters,Hard,64,M,20230807,295,6-4 6-2,3,QF,96.0,111456,200221,,,,,Mackenzie Mcdonald,Alejandro Davidovich Fokina,R,R,178.0,183.0,USA,ESP,28.3,24.1,59.0,37.0,870.0,1140.0,2.0,3.0,5.0,3.0,60.0,68.0,32.0,45.0,20.0,28.0,9.0,13.0,9.0,9.0,4.0,6.0,9.0,8.0,B,0
2023-0421,Canada Masters,Hard,64,M,20230807,294,7-6(7) 7-5,3,QF,123.0,106421,200282,2.0,,,,Daniil Medvedev,Alex De Minaur,R,R,198.0,183.0,RUS,AUS,27.4,24.4,3.0,18.0,6360.0,2085.0,8.0,1.0,7.0,0.0,87.0,77.0,46.0,44.0,25.0,35.0,23.0,15.0,12.0,12.0,4.0,1.0,8.0,4.0,B,0
2023-0421,Canada Masters,Hard,64,M,20230807,293,3-6 7-6(2) 7-6(3),3,R16,158.0,207989,128034,1.0,15.0,,,Carlos Alcaraz,Hubert Hurkacz,R,R,183.0,196.0,ESP,POL,20.2,26.4,1.0,17.0,9225.0,2195.0,6.0,8.0,1.0,1.0,96.0,111.0,57.0,58.0,43.0,43.0,24.0,28.0,16.0,17.0,1.0,7.0,5.0,10.0,A,1
2023-0421,Canada Masters,Hard,64,M,20230807,292,6-3 6-2,3,R16,92.0,106218,126205,,12.0,Q,,Marcos Giron,Tommy Paul,R,R,180.0,185.0,USA,USA,30.0,26.2,70.0,14.0,830.0,2345.0,2.0,5.0,0.0,1.0,51.0,76.0,29.0,41.0,21.0,25.0,5.0,21.0,8.0,9.0,0.0,7.0,4.0,8.0,B,0
2023-0421,Canada Masters,Hard,64,M,20230807,291,6-4 6-4,3,R16,81.0,126846,104792,,,LL,PR,Aleksandar Vukic,Gael Monfils,R,R,188.0,193.0,AUS,FRA,27.3,36.9,62.0,276.0,855.0,207.0,4.0,9.0,1.0,1.0,64.0,60.0,38.0,30.0,27.0,26.0,13.0,17.0,10.0,10.0,5.0,2.0,7.0,2.0,B,0
2023-0421,Canada Masters,Hard,64,M,20230807,290,W/O,3,R16,0.0,104918,206173,,7.0,,,Andy Murray,Jannik Sinner,R,R,191.0,191.0,GBR,ITA,36.2,21.9,40.0,8.0,1075.0,3815.0,,,,,,,,,,,,,,,,,,,B,0
2023-0421,Canada Masters,Hard,64,M,20230807,289,6-3 6-3,3,R16,68.0,105683,111456,,,WC,,Milos Raonic,Mackenzie Mcdonald,R,R,196.0,178.0,CAN,USA,32.6,28.3,545.0,59.0,65.0,870.0,9.0,5.0,6.0,2.0,55.0,52.0,35.0,37.0,27.0,30.0,6.0,10.0,9.0,9.0,2.0,2.0,5.0,2.0,B,0
2023-0421,Canada Masters,Hard,64,M,20230807,288,7-6(4) 4-6 7-6(4),3,R16,185.0,200221,134770,,3.0,,,Alejandro Davidovich Fokina,Casper Ruud,R,R,183.0,183.0,ESP,NOR,24.1,24.6,37.0,5.0,1140.0,4985.0,9.0,9.0,4.0,4.0,114.0,124.0,75.0,72.0,53.0,49.0,20.0,28.0,17.0,17.0,4.0,3.0,7.0,5.0,A,1
2023-0421,Canada Masters,Hard,64,M,20230807,287,7-6(7) 4-6 6-1,3,R16,146.0,200282,126203,,8.0,,,Alex De Minaur,Taylor Fritz,R,R,183.0,196.0,AUS,USA,24.4,25.7,18.0,9.0,2085.0,3605.0,1.0,14.0,6.0,1.0,99.0,106.0,50.0,63.0,35.0,42.0,29.0,20.0,15.0,14.0,12.0,4.0,15.0,8.0,A,1
2023-0421,Canada Masters,Hard,64,M,20230807,286,6-4 6-4,3,R16,93.0,106421,207518,2.0,16.0,,,Daniil Medvedev,Lorenzo Musetti,R,R,198.0,185.0,RUS,ITA,27.4,21.4,3.0,19.0,6360.0,1950.0,2.0,2.0,5.0,2.0,55.0,61.0,34.0,36.0,28.0,26.0,10.0,11.0,10.0,10.0,1.0,3.0,2.0,6.0,A,1
2023-0421,Canada Masters,Hard,64,M,20230807,285,6-3 7-6(3),3,R32,98.0,207989,210097,1.0,,,,Carlos Alcaraz,Ben Shelton,R,L,183.0,193.0,ESP,USA,20.2,20.8,1.0,41.0,9225.0,1065.0,4.0,5.0,2.0,4.0,78.0,62.0,45.0,37.0,32.0,26.0,22.0,15.0,11.0,10.0,3.0,2.0,3.0,3.0,A,1
2023-0421,Canada Masters,Hard,64,M,20230807,284,5-7 6-3 6-0,3,R32,112.0,200175,128034,,15.0,,,Miomir Kecmanovic,Hubert Hurkacz,R,R,183.0,196.0,SRB,POL,23.9,26.4,44.0,17.0,1020.0,2195.0,1.0,25.0,5.0,2.0,87.0,82.0,45.0,55.0,29.0,45.0,22.0,13.0,13.0,14.0,3.0,4.0,7.0,5.0,B,0
2023-0421,Canada Masters,Hard,64,M,20230807,283,7-6(2) 6-7(2) 6-3,3,R32,167.0,126205,202103,12.0,,,,Tommy Paul,Francisco Cerundolo,R,R,185.0,185.0,USA,ARG,26.2,24.9,14.0,22.0,2345.0,1565.0,5.0,4.0,2.0,4.0,96.0,125.0,51.0,71.0,41.0,46.0,22.0,23.0,16.0,17.0,2.0,5.0,5.0,10.0,A,1
2023-0421,Canada Masters,Hard,64,M,20230807,282,6-2 4-6 6-3,3,R32,126.0,208029,106218,5.0,,,Q,Holger Rune,Marcos Giron,R,R,188.0,180.0,DEN,USA,20.2,30.0,6.0,70.0,4825.0,830.0,6.0,6.0,12.0,6.0,96.0,98.0,56.0,47.0,35.0,37.0,16.0,24.0,14.0,13.0,4.0,6.0,9.0,8.0,B,0
2023-0421,Canada Masters,Hard,64,M,20230807,281,6-4 6-3,3,R32,85.0,126774,104792,4.0,,,PR,Stefanos Tsitsipas,Gael Monfils,R,R,193.0,193.0,GRE,FRA,24.9,36.9,4.0,276.0,5090.0,207.0,5.0,5.0,3.0,7.0,66.0,59.0,42.0,33.0,29.0,28.0,13.0,13.0,10.0,9.0,1.0,3.0,4.0,3.0,B,0
2023-0421,Canada Masters,Hard,64,M,20230807,280,6-3 4-6 7-6(5),3,R32,118.0,200624,126846,,,,LL,Sebastian Korda,Aleksandar Vukic,R,R,196.0,188.0,USA,AUS,23.0,27.3,32.0,62.0,1275.0,855.0,3.0,11.0,1.0,2.0,99.0,99.0,75.0,58.0,53.0,47.0,14.0,22.0,15.0,16.0,6.0,2.0,8.0,4.0,B,0
2023-0421,Canada Masters,Hard,64,M,20230807,279,7-6(2) 3-6 7-5,3,R32,167.0,126845,104918,,,Q,,Max Purcell,Andy Murray,R,R,185.0,191.0,AUS,GBR,25.3,36.2,78.0,40.0,753.0,1075.0,10.0,5.0,4.0,1.0,106.0,99.0,57.0,62.0,44.0,41.0,24.0,25.0,17.0,16.0,7.0,2.0,10.0,5.0,B,0
2023-0421,Canada Masters,Hard,64,M,20230807,278,6-4 6-3,3,R32,90.0,126610,206173,,7.0,,,Matteo Berrettini,Jannik Sinner,R,R,196.0,191.0,ITA,ITA,27.3,21.9,38.0,8.0,1112.0,3815.0,10.0,10.0,2.0,2.0,50.0,63.0,33.0,41.0,26.0,34.0,8.0,12.0,9.0,10.0,2.0,7.0,4.0,7.0,B,0
2023-0421,Canada Masters,Hard,64,M,20230807,277,6-4 6-3,3,R32,86.0,111456,126094,,6.0,,,Mackenzie Mcdonald,Andrey Rublev,R,R,178.0,188.0,USA,RUS,28.3,25.7,59.0,7.0,870.0,4595.0,3.0,0.0,1.0,3.0,60.0,67.0,37.0,27.0,28.0,19.0,14.0,20.0,9.0,10.0,2.0,4.0,2.0,7.0,A,1
2023-0421,Canada Masters,Hard,64,M,20230807,276,6-4 6-3,3,R32,90.0,105683,106121,,,WC,Q,Milos Raonic,Taro Daniel,R,R,196.0,191.0,CAN,JPN,32.6,30.5,545.0,115.0,65.0,564.0,15.0,3.0,2.0,2.0,51.0,69.0,29.0,41.0,26.0,31.0,15.0,11.0,10.0,9.0,0.0,5.0,0.0,7.0,A,1
2023-0421,Canada Masters,Hard,64,M,20230807,275,6-1 6-2,3,R32,60.0,200221,100644,,13.0,,,Alejandro Davidovich Fokina,Alexander Zverev,R,R,183.0,198.0,ESP,GER,24.1,26.2,37.0,16.0,1140.0,2265.0,2.0,5.0,0.0,6.0,45.0,36.0,25.0,18.0,19.0,11.0,14.0,3.0,8.0,7.0,0.0,0.0,0.0,4.0,A,1
2023-0421,Canada Masters,Hard,64,M,20230807,274,7-6(6) 6-4,3,R32,103.0,134770,208103,3.0,,,,Casper Ruud,Jiri Lehecka,R,R,183.0,185.0,NOR,CZE,24.6,21.7,5.0,36.0,4985.0,1163.0,5.0,5.0,6.0,4.0,69.0,77.0,41.0,51.0,34.0,40.0,17.0,9.0,11.0,11.0,3.0,4.0,3.0,5.0,A,1
2023-0421,Canada Masters,Hard,64,M,20230807,273,7-6(7) 3-6 6-3,3,R32,148.0,200005,126203,,8.0,,,Ugo Humbert,Taylor Fritz,L,R,188.0,196.0,FRA,USA,25.1,25.7,34.0,9.0,1233.0,3605.0,13.0,10.0,4.0,9.0,93.0,108.0,58.0,60.0,45.0,46.0,17.0,23.0,15.0,15.0,5.0,8.0,8.0,11.0,B,0
2023-0421,Canada Masters,Hard,64,M,20230807,272,6-4 7-5,3,R32,110.0,200282,209113,,,,,Alex De Minaur,Gabriel Diallo,R,R,183.0,203.0,AUS,CAN,24.4,21.8,18.0,141.0,2085.0,443.0,7.0,6.0,4.0,6.0,69.0,74.0,39.0,42.0,28.0,24.0,18.0,18.0,11.0,11.0,3.0,8.0,5.0,12.0,A,1
2023-0421,Canada Masters,Hard,64,M,20230807,271,4-6 7-5 6-4,3,R32,172.0,106423,207518,,16.0,Q,,Thanasi Kokkinakis,Lorenzo Musetti,R,R,193.0,185.0,AUS,ITA,27.3,21.4,86.0,19.0,696.0,1950.0,9.0,4.0,5.0,3.0,99.0,104.0,58.0,53.0,44.0,40.0,20.0,30.0,16.0,16.0,3.0,6.0,6.0,8.0,B,0
2023-0421,Canada Masters,Hard,64,M,20230807,270,6-2 7-5,3,R32,86.0,106421,208286,2.0,,,Q,Daniil Medvedev,Matteo Arnaldi,R,R,198.0,185.0,RUS,ITA,27.4,22.4,3.0,66.0,6360.0,840.0,9.0,4.0,5.0,2.0,61.0,67.0,43.0,32.0,31.0,21.0,12.0,18.0,10.0,10.0,3.0,5.0,3.0,8.0,A,1
2023-0421,Canada Masters,Hard,64,M,20230807,268,7-6(1) 6-4,3,R64,91.0,126523,210097,,,,,Bernabe Zapata Miralles,Ben Shelton,R,L,183.0,193.0,ESP,USA,26.5,20.8,64.0,41.0,846.0,1065.0,0.0,5.0,4.0,6.0,76.0,68.0,54.0,38.0,29.0,32.0,9.0,10.0,11.0,11.0,3.0,2.0,7.0,5.0,B,0
2023-0421,Canada Masters,Hard,64,M,20230807,267,7-6(2) 4-6 6-4,3,R64,166.0,106426,200175,,,Q,,Cristian Garin,Miomir Kecmanovic,R,R,185.0,183.0,CHI,SRB,27.1,23.9,101.0,44.0,606.0,1020.0,7.0,1.0,2.0,5.0,101.0,126.0,60.0,73.0,42.0,51.0,17.0,24.0,16.0,16.0,3.0,12.0,7.0,16.0,B,0
2023-0421,Canada Masters,Hard,64,M,20230807,266,6-3 7-6(2),3,R64,76.0,128034,122330,15.0,,,,Hubert Hurkacz,Alexander Bublik,R,R,196.0,196.0,POL,KAZ,26.4,26.1,17.0,28.0,2195.0,1384.0,7.0,10.0,2.0,10.0,62.0,72.0,41.0,39.0,31.0,26.0,11.0,14.0,10.0,11.0,1.0,3.0,3.0,7.0,A,1
2023-0421,Canada Masters,Hard,64,M,20230807,265,6-3 3-6 6-4,3,R64,133.0,106043,126205,,12.0,Q,,Diego Schwartzman,Tommy Paul,R,R,170.0,185.0,ARG,USA,30.9,26.2,98.0,14.0,615.0,2345.0,4.0,9.0,4.0,4.0,80.0,88.0,52.0,42.0,35.0,34.0,15.0,25.0,14.0,14.0,2.0,4.0,5.0,6.0,B,0
2023-0421,Canada Masters,Hard,64,M,20230807,264,6-2 4-6 6-4,3,R64,158.0,200008,202103,,,WC,,Alexis Galarneau,Francisco Cerundolo,R,R,180.0,185.0,CAN,ARG,24.4,24.9,192.0,22.0,318.0,1565.0,3.0,10.0,3.0,6.0,81.0,115.0,52.0,65.0,34.0,40.0,14.0,27.0,14.0,14.0,1.0,10.0,6.0,13.0,B,0
2023-0421,Canada Masters,Hard,64,M,20230807,263,7-6(4) 7-6(6),3,R64,124.0,106218,200325,,,Q,,Marcos Giron,Emil Ruusuvuori,R,R,180.0,188.0,USA,FIN,30.0,24.3,70.0,54.0,830.0,901.0,4.0,4.0,1.0,3.0,83.0,89.0,55.0,64.0,43.0,46.0,14.0,13.0,12.0,12.0,2.0,5.0,3.0,6.0,A,1
2023-0421,Canada Masters,Hard,64,M,20230807,260,7-6(3) 6-7(4) 6-1,3,R64,146.0,111153,104792,,,,PR,Christopher Eubanks,Gael Monfils,R,R,201.0,193.0,USA,FRA,27.2,36.9,29.0,276.0,1358.0,207.0,6.0,14.0,4.0,8.0,126.0,101.0,78.0,55.0,51.0,45.0,26.0,25.0,16.0,15.0,14.0,5.0,18.0,6.0,B,0
2023-0421,Canada Masters,Hard,64,M,20230807,259,6-3 6-2,3,R64,79.0,200624,144869,,,,,Sebastian Korda,Tomas Martin Etcheverry,R,R,196.0,196.0,USA,ARG,23.0,24.0,32.0,31.0,1275.0,1305.0,4.0,5.0,1.0,3.0,50.0,60.0,37.0,33.0,29.0,23.0,9.0,10.0,9.0,8.0,0.0,5.0,0.0,8.0,A,1
2023-0421,Canada Masters,Hard,64,M,20230807,258,6-2 6-3,3,R64,73.0,126846,106432,,14.0,LL,,Aleksandar Vukic,Borna Coric,R,R,188.0,188.0,AUS,CRO,27.3,26.7,62.0,15.0,855.0,2315.0,4.0,2.0,0.0,1.0,47.0,55.0,34.0,30.0,29.0,23.0,8.0,8.0,9.0,8.0,1.0,8.0,1.0,11.0,A,1
2023-0421,Canada Masters,Hard,64,M,20230807,257,6-4 6-4,3,R64,95.0,126845,200000,,10.0,Q,,Max Purcell,Felix Auger Aliassime,R,R,185.0,193.0,AUS,CAN,25.3,22.9,78.0,12.0,753.0,2680.0,8.0,5.0,1.0,5.0,50.0,65.0,31.0,35.0,28.0,27.0,12.0,13.0,10.0,10.0,0.0,2.0,0.0,4.0,A,1
2023-0421,Canada Masters,Hard,64,M,20230807,256,7-6(3) 6-0,3,R64,129.0,132283,104918,,,,,Lorenzo Sonego,Andy Murray,R,R,191.0,191.0,ITA,GBR,28.2,36.2,39.0,40.0,1105.0,1075.0,4.0,1.0,3.0,4.0,70.0,71.0,45.0,44.0,25.0,31.0,12.0,18.0,9.0,9.0,3.0,3.0,6.0,3.0,B,0
2023-0421,Canada Masters,Hard,64,M,20230807,255,6-4 6-3,3,R64,75.0,106296,126610,,,,,Gregoire Barrere,Matteo Berrettini,R,R,183.0,196.0,FRA,ITA,29.4,27.3,58.0,38.0,884.0,1112.0,5.0,10.0,3.0,1.0,61.0,43.0,27.0,34.0,15.0,29.0,18.0,5.0,10.0,9.0,3.0,1.0,7.0,2.0,B,0
2023-0421,Canada Masters,Hard,64,M,20230807,252,6-3 6-4,3,R64,103.0,106234,111456,,,,,Aslan Karatsev,Mackenzie Mcdonald,R,R,185.0,178.0,RUS,USA,29.9,28.3,71.0,59.0,818.0,870.0,3.0,4.0,10.0,4.0,74.0,70.0,41.0,43.0,26.0,26.0,11.0,15.0,9.0,10.0,5.0,2.0,10.0,5.0,B,0
2023-0421,Canada Masters,Hard,64,M,20230807,251,7-6(5) 6-4,3,R64,111.0,106121,105173,,,Q,,Taro Daniel,Adrian Mannarino,R,L,191.0,180.0,JPN,FRA,30.5,35.1,115.0,30.0,564.0,1336.0,6.0,6.0,2.0,2.0,69.0,73.0,42.0,48.0,34.0,32.0,11.0,10.0,11.0,11.0,4.0,2.0,6.0,5.0,A,1
2023-0421,Canada Masters,Hard,64,M,20230807,250,6-7(12) 7-6(4) 6-3,3,R64,164.0,126207,105683,9.0,,,WC,Frances Tiafoe,Milos Raonic,R,R,188.0,196.0,USA,CAN,25.5,32.6,10.0,545.0,3085.0,65.0,8.0,37.0,0.0,8.0,97.0,122.0,53.0,70.0,43.0,61.0,29.0,29.0,16.0,17.0,0.0,6.0,2.0,7.0,B,0
2023-0421,Canada Masters,Hard,64,M,20230807,249,6-4 7-6(3),3,R64,103.0,100644,134868,13.0,,,,Alexander Zverev,Tallon Griekspoor,R,R,198.0,188.0,GER,NED,26.2,27.0,16.0,26.0,2265.0,1439.0,12.0,5.0,0.0,5.0,65.0,79.0,48.0,39.0,39.0,29.0,12.0,23.0,11.0,11.0,1.0,2.0,1.0,3.0,A,1
2023-0421,Canada Masters,Hard,64,M,20230807,248,6-0 6-2,3,R64,63.0,200221,200670,,,,,Alejandro Davidovich Fokina,J J Wolf,R,R,183.0,183.0,ESP,USA,24.1,24.6,37.0,43.0,1140.0,1025.0,4.0,2.0,3.0,3.0,42.0,47.0,30.0,18.0,23.0,7.0,5.0,11.0,7.0,7.0,1.0,6.0,2.0,12.0,A,1
2023-0421,Canada Masters,Hard,64,M,20230807,247,7-5 3-6 7-6(2),3,R64,167.0,206909,208103,,,,,Brandon Nakashima,Jiri Lehecka,R,R,188.0,185.0,USA,CZE,22.0,21.7,74.0,36.0,805.0,1163.0,10.0,5.0,2.0,5.0,107.0,113.0,64.0,66.0,48.0,46.0,22.0,27.0,17.0,16.0,6.0,8.0,8.0,10.0,B,0
2023-0421,Canada Masters,Hard,64,M,20230807,244,4-6 6-3 6-4,3,R64,154.0,200005,111797,,,,,Ugo Humbert,Nicolas Jarry,L,R,188.0,201.0,FRA,CHI,25.1,27.8,34.0,27.0,1233.0,1384.0,8.0,4.0,3.0,3.0,76.0,107.0,54.0,64.0,43.0,47.0,14.0,18.0,15.0,14.0,3.0,10.0,5.0,13.0,A,1
2023-0421,Canada Masters,Hard,64,M,20230807,243,7-6(4) 7-5,3,R64,119.0,105554,209113,,,,,Daniel Evans,Gabriel Diallo,R,R,175.0,203.0,GBR,CAN,33.2,21.8,21.0,141.0,1731.0,443.0,8.0,8.0,8.0,3.0,78.0,69.0,43.0,44.0,34.0,34.0,14.0,14.0,12.0,12.0,2.0,2.0,5.0,4.0,B,0
2023-0421,Canada Masters,Hard,64,M,20230807,242,7-5 6-4,3,R64,103.0,111815,200282,11.0,,,,Cameron Norrie,Alex De Minaur,L,R,188.0,183.0,GBR,AUS,27.9,24.4,13.0,18.0,2505.0,2085.0,3.0,3.0,6.0,1.0,68.0,70.0,44.0,42.0,31.0,31.0,10.0,16.0,11.0,11.0,4.0,3.0,7.0,4.0,B,0
2023-0421,Canada Masters,Hard,64,M,20230807,241,6-4 6-1,3,R64,91.0,106415,207518,,16.0,,,Yoshihito Nishioka,Lorenzo Musetti,L,R,170.0,185.0,JPN,ITA,27.8,21.4,45.0,19.0,1015.0,1950.0,0.0,11.0,2.0,0.0,50.0,52.0,26.0,28.0,17.0,24.0,12.0,14.0,8.0,9.0,2.0,2.0,5.0,2.0,B,0
2023-0421,Canada Masters,Hard,64,M,20230807,240,7-5 6-4,3,R64,87.0,111190,106423,,,,Q,Zhizhen Zhang,Thanasi Kokkinakis,R,R,193.0,193.0,CHN,AUS,26.8,27.3,63.0,86.0,851.0,696.0,6.0,14.0,1.0,0.0,60.0,61.0,34.0,41.0,27.0,33.0,13.0,13.0,11.0,11.0,0.0,0.0,2.0,0.0,B,0
2023-0421,Canada Masters,Hard,64,M,20230807,239,6-4 6-4,3,R64,91.0,105577,208286,,,WC,Q,Vasek Pospisil,Matteo Arnaldi,R,R,193.0,185.0,CAN,ITA,33.1,22.4,165.0,66.0,361.0,840.0,7.0,10.0,9.0,5.0,59.0,68.0,22.0,39.0,16.0,30.0,17.0,14.0,10.0,10.0,4.0,6.0,7.0,7.0,B,0
2023-0422,Cincinnati Masters,Hard,64,M,20230814,300,5-7 7-6(7) 7-6(4),3,F,229.0,104925,207989,2.0,1.0,,,Novak Djokovic,Carlos Alcaraz,R,R,188.0,183.0,SRB,ESP,36.2,20.2,2.0,1.0,8795.0,9395.0,2.0,11.0,5.0,5.0,128.0,133.0,73.0,85.0,49.0,61.0,35.0,23.0,18.0,18.0,6.0,13.0,10.0,16.0,A,1
2023-0422,Cincinnati Masters,Hard,64,M,20230814,299,2-6 7-6(4) 6-3,3,SF,138.0,207989,128034,1.0,,,,Carlos Alcaraz,Hubert Hurkacz,R,R,183.0,196.0,ESP,POL,20.2,26.5,1.0,20.0,9395.0,1685.0,2.0,10.0,0.0,1.0,91.0,107.0,60.0,68.0,41.0,50.0,20.0,20.0,15.0,14.0,2.0,10.0,4.0,11.0,A,1
2023-0422,Cincinnati Masters,Hard,64,M,20230814,298,7-6(5) 7-5,3,SF,124.0,104925,100644,2.0,16.0,,,Novak Djokovic,Alexander Zverev,R,R,188.0,198.0,SRB,GER,36.2,26.3,2.0,17.0,8795.0,2310.0,4.0,10.0,3.0,3.0,80.0,80.0,51.0,55.0,41.0,44.0,16.0,10.0,12.0,12.0,3.0,4.0,4.0,6.0,A,1
2023-0422,Cincinnati Masters,Hard,64,M,20230814,297,4-6 6-3 6-4,3,QF,131.0,126845,207989,,1.0,Q,,Max Purcell,Carlos Alcaraz,R,R,185.0,183.0,AUS,ESP,25.3,20.2,70.0,1.0,816.0,9395.0,10.0,6.0,7.0,8.0,102.0,89.0,61.0,52.0,41.0,35.0,18.0,23.0,14.0,15.0,6.0,1.0,9.0,3.0,B,0
2023-0422,Cincinnati Masters,Hard,64,M,20230814,296,6-1 7-6(8),3,QF,77.0,200615,128034,,,LL,,Alexei Popyrin,Hubert Hurkacz,R,R,196.0,196.0,AUS,POL,24.0,26.5,58.0,20.0,869.0,1685.0,2.0,10.0,1.0,1.0,62.0,56.0,35.0,39.0,27.0,36.0,15.0,11.0,9.0,10.0,4.0,0.0,6.0,0.0,B,0
2023-0422,Cincinnati Masters,Hard,64,M,20230814,295,6-2 6-3,3,QF,72.0,105173,100644,,16.0,,,Adrian Mannarino,Alexander Zverev,L,R,180.0,198.0,FRA,GER,35.1,26.3,32.0,17.0,1276.0,2310.0,2.0,2.0,0.0,2.0,55.0,47.0,26.0,34.0,15.0,29.0,16.0,7.0,8.0,9.0,4.0,0.0,7.0,0.0,B,0
2023-0422,Cincinnati Masters,Hard,64,M,20230814,294,6-0 6-4,3,QF,61.0,104925,126203,2.0,9.0,,,Novak Djokovic,Taylor Fritz,R,R,188.0,196.0,SRB,USA,36.2,25.7,2.0,9.0,8795.0,3605.0,2.0,1.0,4.0,4.0,40.0,44.0,26.0,22.0,21.0,15.0,9.0,6.0,8.0,8.0,0.0,0.0,1.0,5.0,A,1
2023-0422,Cincinnati Masters,Hard,64,M,20230814,293,7-6(6) 6-7(0) 6-3,3,R16,189.0,126205,207989,14.0,1.0,,,Tommy Paul,Carlos Alcaraz,R,R,185.0,183.0,USA,ESP,26.2,20.2,13.0,1.0,2525.0,9395.0,11.0,6.0,6.0,4.0,152.0,103.0,99.0,67.0,61.0,48.0,23.0,17.0,17.0,16.0,17.0,2.0,23.0,6.0,B,0
2023-0422,Cincinnati Masters,Hard,64,M,20230814,292,6-4 6-2,3,R16,72.0,126845,104527,,,Q,WC,Max Purcell,Stan Wawrinka,R,R,185.0,183.0,AUS,SUI,25.3,38.3,70.0,51.0,816.0,924.0,7.0,4.0,2.0,1.0,54.0,60.0,31.0,39.0,22.0,24.0,16.0,9.0,9.0,9.0,2.0,6.0,2.0,9.0,A,1
2023-0422,Cincinnati Masters,Hard,64,M,20230814,291,6-3 6-4,3,R16,65.0,128034,126774,,4.0,,,Hubert Hurkacz,Stefanos Tsitsipas,R,R,196.0,193.0,POL,GRE,26.5,25.0,20.0,4.0,1685.0,5090.0,11.0,7.0,0.0,2.0,52.0,47.0,40.0,27.0,34.0,21.0,8.0,11.0,10.0,9.0,3.0,0.0,3.0,2.0,A,1
2023-0422,Cincinnati Masters,Hard,64,M,20230814,290,6-2 1-6 6-3,3,R16,101.0,200325,200615,,,,LL,Emil Ruusuvuori,Alexei Popyrin,R,R,188.0,196.0,FIN,AUS,24.3,24.0,60.0,58.0,866.0,869.0,6.0,3.0,4.0,6.0,61.0,74.0,33.0,40.0,28.0,29.0,12.0,18.0,12.0,12.0,0.0,2.0,3.0,4.0,B,0
2023-0422,Cincinnati Masters,Hard,64,M,20230814,289,6-4 3-0 RET,3,R16,71.0,111456,105173,,,WC,,Mackenzie Mcdonald,Adrian Mannarino,R,L,178.0,180.0,USA,FRA,28.3,35.1,43.0,32.0,1040.0,1276.0,1.0,1.0,5.0,4.0,48.0,41.0,26.0,18.0,14.0,15.0,8.0,10.0,7.0,6.0,1.0,2.0,5.0,3.0,B,0
2023-0422,Cincinnati Masters,Hard,64,M,20230814,288,6-4 5-7 6-4,3,R16,152.0,100644,106421,16.0,3.0,,,Alexander Zverev,Daniil Medvedev,R,R,198.0,198.0,GER,RUS,26.3,27.5,17.0,3.0,2310.0,6530.0,4.0,5.0,3.0,7.0,108.0,90.0,75.0,48.0,50.0,40.0,19.0,20.0,16.0,16.0,6.0,5.0,8.0,8.0,A,1
2023-0422,Cincinnati Masters,Hard,64,M,20230814,287,5-0 RET,3,R16,17.0,105583,126203,,9.0,Q,,Dusan Lajovic,Taylor Fritz,R,R,183.0,196.0,SRB,USA,33.1,25.7,66.0,9.0,839.0,3605.0,0.0,3.0,0.0,0.0,8.0,12.0,6.0,10.0,0.0,10.0,0.0,2.0,2.0,3.0,0.0,0.0,2.0,0.0,B,0
2023-0422,Cincinnati Masters,Hard,64,M,20230814,286,6-3 6-2,3,R16,68.0,104925,104792,2.0,,,PR,Novak Djokovic,Gael Monfils,R,R,188.0,193.0,SRB,FRA,36.2,36.9,2.0,211.0,8795.0,297.0,1.0,6.0,3.0,5.0,46.0,55.0,27.0,29.0,22.0,23.0,12.0,4.0,9.0,8.0,0.0,1.0,1.0,5.0,A,1
2023-0422,Cincinnati Masters,Hard,64,M,20230814,285,7-5 4-6 6-3,3,R32,182.0,111442,207989,,1.0,Q,,Jordan Thompson,Carlos Alcaraz,R,R,183.0,183.0,AUS,ESP,29.3,20.2,55.0,1.0,897.0,9395.0,4.0,3.0,5.0,5.0,126.0,86.0,62.0,47.0,37.0,31.0,35.0,25.0,16.0,15.0,12.0,4.0,17.0,7.0,B,0
2023-0422,Cincinnati Masters,Hard,64,M,20230814,284,6-1 7-6(4),3,R32,97.0,200005,126205,,14.0,,,Ugo Humbert,Tommy Paul,L,R,188.0,185.0,FRA,USA,25.1,26.2,33.0,13.0,1258.0,2525.0,7.0,5.0,6.0,0.0,71.0,56.0,43.0,33.0,26.0,26.0,12.0,14.0,10.0,9.0,3.0,2.0,7.0,3.0,B,0
2023-0422,Cincinnati Masters,Hard,64,M,20230814,283,6-3 6-4,3,R32,78.0,104527,126207,,10.0,WC,,Stan Wawrinka,Frances Tiafoe,R,R,183.0,188.0,SUI,USA,38.3,25.5,51.0,10.0,924.0,3050.0,11.0,7.0,1.0,1.0,50.0,59.0,24.0,29.0,23.0,24.0,16.0,10.0,10.0,9.0,2.0,2.0,3.0,5.0,A,1
2023-0422,Cincinnati Masters,Hard,64,M,20230814,282,6-4 3-6 6-4,3,R32,119.0,134770,126845,5.0,,,Q,Casper Ruud,Max Purcell,R,R,183.0,185.0,NOR,AUS,24.6,25.3,7.0,70.0,4715.0,816.0,12.0,12.0,3.0,4.0,83.0,91.0,59.0,42.0,46.0,31.0,11.0,31.0,15.0,14.0,1.0,6.0,3.0,7.0,B,0
2023-0422,Cincinnati Masters,Hard,64,M,20230814,281,7-6(3) 7-6(2),3,R32,103.0,126774,210097,4.0,,,,Stefanos Tsitsipas,Ben Shelton,R,L,193.0,193.0,GRE,USA,25.0,20.8,4.0,40.0,5090.0,1060.0,6.0,7.0,1.0,6.0,70.0,74.0,40.0,43.0,37.0,36.0,18.0,17.0,12.0,12.0,0.0,0.0,0.0,0.0,A,1
2023-0422,Cincinnati Masters,Hard,64,M,20230814,280,5-7 6-3 6-3,3,R32,135.0,106432,128034,15.0,,,,Borna Coric,Hubert Hurkacz,R,R,188.0,196.0,CRO,POL,26.7,26.5,16.0,20.0,2315.0,1685.0,2.0,10.0,2.0,2.0,86.0,87.0,45.0,47.0,33.0,31.0,22.0,28.0,15.0,15.0,6.0,3.0,10.0,5.0,B,0
2023-0422,Cincinnati Masters,Hard,64,M,20230814,279,W/O,3,R32,,200615,111797,,,LL,,Alexei Popyrin,Nicolas Jarry,R,R,196.0,201.0,AUS,CHI,24.0,27.8,58.0,26.0,869.0,1394.0,,,,,,,,,,,,,,,,,,,A,1
2023-0422,Cincinnati Masters,Hard,64,M,20230814,278,7-6(10) 5-7 7-6(3),3,R32,196.0,200325,126094,,7.0,,,Emil Ruusuvuori,Andrey Rublev,R,R,188.0,188.0,FIN,RUS,24.3,25.8,60.0,8.0,866.0,4595.0,6.0,8.0,7.0,8.0,145.0,134.0,91.0,68.0,56.0,48.0,28.0,29.0,18.0,18.0,9.0,7.0,16.0,13.0,A,1
2023-0422,Cincinnati Masters,Hard,64,M,20230814,277,6-4 2-0 RET,3,R32,50.0,208029,111456,6.0,,,WC,Holger Rune,Mackenzie Mcdonald,R,R,188.0,178.0,DEN,USA,20.2,28.3,5.0,43.0,4790.0,1040.0,1.0,3.0,4.0,1.0,40.0,29.0,28.0,19.0,19.0,18.0,4.0,6.0,6.0,6.0,1.0,0.0,3.0,0.0,B,0
2023-0422,Cincinnati Masters,Hard,64,M,20230814,276,6-4 6-4,3,R32,118.0,105173,200000,,12.0,,,Adrian Mannarino,Felix Auger Aliassime,L,R,180.0,193.0,FRA,CAN,35.1,23.0,32.0,14.0,1276.0,2510.0,2.0,1.0,2.0,9.0,62.0,68.0,26.0,35.0,19.0,27.0,24.0,11.0,10.0,10.0,5.0,3.0,6.0,6.0,A,1
2023-0422,Cincinnati Masters,Hard,64,M,20230814,275,7-5 6-4,3,R32,116.0,106415,100644,,16.0,,,Yoshihito Nishioka,Alexander Zverev,L,R,170.0,198.0,JPN,GER,27.8,26.3,45.0,17.0,980.0,2310.0,1.0,10.0,3.0,6.0,79.0,78.0,44.0,49.0,29.0,35.0,18.0,16.0,11.0,11.0,9.0,5.0,12.0,6.0,B,0
2023-0422,Cincinnati Masters,Hard,64,M,20230814,274,6-3 6-2,3,R32,77.0,207518,106421,,3.0,,,Lorenzo Musetti,Daniil Medvedev,R,R,185.0,198.0,ITA,RUS,21.4,27.5,18.0,3.0,1995.0,6530.0,0.0,3.0,4.0,5.0,58.0,54.0,34.0,34.0,23.0,28.0,5.0,8.0,8.0,9.0,4.0,0.0,8.0,1.0,B,0
2023-0422,Cincinnati Masters,Hard,64,M,20230814,273,6-4 7-6(4),3,R32,124.0,206173,105583,8.0,,,Q,Jannik Sinner,Dusan Lajovic,R,R,191.0,183.0,ITA,SRB,21.9,33.1,6.0,66.0,4725.0,839.0,6.0,4.0,0.0,0.0,80.0,81.0,41.0,58.0,30.0,44.0,22.0,12.0,11.0,11.0,3.0,5.0,4.0,5.0,B,0
2023-0422,Cincinnati Masters,Hard,64,M,20230814,272,6-4 7-6(1),3,R32,102.0,126203,132283,9.0,,,,Taylor Fritz,Lorenzo Sonego,R,R,196.0,191.0,USA,ITA,25.7,28.2,9.0,39.0,3605.0,1105.0,4.0,5.0,5.0,2.0,67.0,69.0,33.0,44.0,26.0,31.0,18.0,8.0,11.0,11.0,1.0,4.0,3.0,7.0,A,1
2023-0422,Cincinnati Masters,Hard,64,M,20230814,271,7-5 6-4,3,R32,122.0,104792,200282,,,PR,,Gael Monfils,Alex De Minaur,R,R,193.0,183.0,FRA,AUS,36.9,24.4,211.0,12.0,297.0,2595.0,3.0,2.0,5.0,6.0,71.0,84.0,35.0,45.0,27.0,32.0,23.0,19.0,11.0,11.0,2.0,7.0,2.0,9.0,A,1
2023-0422,Cincinnati Masters,Hard,64,M,20230814,270,6-4 0-0 RET,3,R32,46.0,200221,104925,,2.0,,,Alejandro Davidovich Fokina,Novak Djokovic,R,R,183.0,188.0,ESP,SRB,24.1,36.2,23.0,2.0,1490.0,8795.0,4.0,3.0,0.0,2.0,27.0,29.0,15.0,12.0,10.0,10.0,4.0,11.0,5.0,5.0,1.0,3.0,3.0,4.0,B,0
2023-0422,Cincinnati Masters,Hard,64,M,20230814,268,7-6(5) 7-6(2),3,R64,118.0,104545,111442,,,WC,Q,John Isner,Jordan Thompson,R,R,208.0,183.0,USA,AUS,38.2,29.3,106.0,55.0,580.0,897.0,20.0,5.0,5.0,3.0,81.0,74.0,55.0,42.0,40.0,37.0,13.0,20.0,12.0,12.0,2.0,1.0,2.0,1.0,B,0
2023-0422,Cincinnati Masters,Hard,64,M,20230814,267,6-4 3-6 6-2,3,R64,141.0,200005,209950,,,,Q,Ugo Humbert,Arthur Fils,L,R,188.0,185.0,FRA,FRA,25.1,19.1,33.0,46.0,1258.0,976.0,4.0,2.0,4.0,6.0,98.0,93.0,53.0,55.0,40.0,42.0,21.0,12.0,13.0,14.0,9.0,7.0,11.0,11.0,A,1
2023-0422,Cincinnati Masters,Hard,64,M,20230814,266,7-5 7-6(2),3,R64,112.0,200175,126205,,14.0,,,Miomir Kecmanovic,Tommy Paul,R,R,183.0,185.0,SRB,USA,23.9,26.2,41.0,13.0,1055.0,2525.0,1.0,6.0,2.0,2.0,86.0,75.0,50.0,44.0,36.0,38.0,20.0,19.0,12.0,12.0,7.0,2.0,8.0,2.0,B,0
2023-0422,Cincinnati Masters,Hard,64,M,20230814,265,6-4 6-7(7) 6-4,3,R64,146.0,134868,126207,,10.0,,,Tallon Griekspoor,Frances Tiafoe,R,R,188.0,188.0,NED,USA,27.1,25.5,25.0,10.0,1439.0,3050.0,16.0,11.0,8.0,7.0,102.0,104.0,58.0,54.0,44.0,40.0,21.0,29.0,16.0,16.0,5.0,6.0,9.0,8.0,B,0
2023-0422,Cincinnati Masters,Hard,64,M,20230814,264,6-3 6-7(5) 6-3,3,R64,156.0,104527,206909,,,WC,WC,Stan Wawrinka,Brandon Nakashima,R,R,183.0,188.0,SUI,USA,38.3,22.0,51.0,73.0,924.0,805.0,13.0,2.0,6.0,4.0,115.0,83.0,53.0,48.0,44.0,36.0,35.0,20.0,16.0,14.0,8.0,3.0,8.0,5.0,A,1
2023-0422,Cincinnati Masters,Hard,64,M,20230814,263,6-4 6-4,3,R64,74.0,144750,126845,,,PR,Q,Lloyd Harris,Max Purcell,R,R,193.0,185.0,RSA,AUS,26.4,25.3,182.0,70.0,337.0,816.0,6.0,5.0,3.0,2.0,51.0,61.0,30.0,40.0,28.0,32.0,8.0,12.0,10.0,10.0,2.0,5.0,4.0,5.0,B,0
2023-0422,Cincinnati Masters,Hard,64,M,20230814,260,5-7 6-4 6-4,3,R64,122.0,210097,111153,,,,,Ben Shelton,Christopher Eubanks,L,R,193.0,201.0,USA,USA,20.8,27.2,40.0,29.0,1060.0,1348.0,9.0,8.0,3.0,3.0,89.0,88.0,60.0,60.0,47.0,39.0,20.0,21.0,16.0,16.0,5.0,1.0,6.0,3.0,A,1
2023-0422,Cincinnati Masters,Hard,64,M,20230814,259,7-6(2) 3-6 7-6(1),3,R64,188.0,106423,128034,,,Q,,Thanasi Kokkinakis,Hubert Hurkacz,R,R,193.0,196.0,AUS,POL,27.3,26.5,78.0,20.0,766.0,1685.0,4.0,13.0,5.0,3.0,141.0,112.0,81.0,67.0,60.0,55.0,30.0,26.0,17.0,16.0,8.0,6.0,8.0,7.0,B,0
2023-0422,Cincinnati Masters,Hard,64,M,20230814,258,7-6(5) 6-4,3,R64,96.0,106432,200624,15.0,,,,Borna Coric,Sebastian Korda,R,R,188.0,196.0,CRO,USA,26.7,23.1,16.0,30.0,2315.0,1320.0,5.0,6.0,0.0,3.0,68.0,62.0,37.0,36.0,29.0,27.0,15.0,13.0,11.0,11.0,1.0,0.0,3.0,3.0,A,1
2023-0422,Cincinnati Masters,Hard,64,M,20230814,257,6-7(5) 6-4 6-4,3,R64,163.0,127157,200615,,,LL,LL,Daniel Altmaier,Alexei Popyrin,R,R,188.0,196.0,GER,AUS,24.9,24.0,52.0,58.0,920.0,869.0,6.0,9.0,4.0,7.0,113.0,109.0,66.0,66.0,46.0,51.0,27.0,22.0,16.0,16.0,8.0,5.0,11.0,6.0,B,0
2023-0422,Cincinnati Masters,Hard,64,M,20230814,256,4-6 6-3 6-3,3,R64,156.0,126128,111797,,,,,Roman Safiullin,Nicolas Jarry,R,R,185.0,201.0,RUS,CHI,26.0,27.8,63.0,26.0,847.0,1394.0,5.0,5.0,6.0,5.0,85.0,86.0,41.0,54.0,26.0,40.0,23.0,13.0,14.0,14.0,3.0,3.0,8.0,6.0,B,0
2023-0422,Cincinnati Masters,Hard,64,M,20230814,255,6-4 6-2,3,R64,90.0,200325,144895,,,,Q,Emil Ruusuvuori,Corentin Moutet,R,L,188.0,180.0,FIN,FRA,24.3,24.3,60.0,77.0,866.0,766.0,1.0,1.0,2.0,5.0,49.0,56.0,28.0,30.0,23.0,18.0,13.0,13.0,9.0,9.0,0.0,2.0,0.0,5.0,A,1
2023-0422,Cincinnati Masters,Hard,64,M,20230814,252,7-5 6-1,3,R64,104.0,105870,111456,,,,WC,Yannick Hanfmann,Mackenzie Mcdonald,R,R,193.0,178.0,GER,USA,31.7,28.3,50.0,43.0,929.0,1040.0,2.0,2.0,4.0,1.0,74.0,55.0,44.0,28.0,24.0,21.0,11.0,14.0,10.0,9.0,6.0,4.0,12.0,6.0,B,0
2023-0422,Cincinnati Masters,Hard,64,M,20230814,251,6-4 6-3,3,R64,87.0,105173,104755,,,,,Adrian Mannarino,Richard Gasquet,L,R,180.0,183.0,FRA,FRA,35.1,37.1,32.0,53.0,1276.0,915.0,3.0,3.0,0.0,3.0,56.0,53.0,31.0,28.0,21.0,18.0,19.0,11.0,10.0,9.0,3.0,5.0,4.0,8.0,A,1
2023-0422,Cincinnati Masters,Hard,64,M,20230814,250,4-6 6-2 6-3,3,R64,145.0,126610,200000,,12.0,,,Matteo Berrettini,Felix Auger Aliassime,R,R,196.0,193.0,ITA,CAN,27.3,23.0,38.0,14.0,1147.0,2510.0,3.0,9.0,3.0,6.0,77.0,89.0,47.0,54.0,35.0,45.0,15.0,16.0,13.0,14.0,3.0,3.0,6.0,4.0,B,0
2023-0422,Cincinnati Masters,Hard,64,M,20230814,249,6-2 6-2,3,R64,71.0,100644,105777,16.0,,,,Alexander Zverev,Grigor Dimitrov,R,R,198.0,191.0,GER,BUL,26.3,32.2,17.0,19.0,2310.0,1690.0,8.0,0.0,1.0,8.0,48.0,55.0,32.0,27.0,23.0,21.0,11.0,7.0,8.0,8.0,2.0,4.0,2.0,8.0,A,1
2023-0422,Cincinnati Masters,Hard,64,M,20230814,248,6-4 7-5,3,R64,91.0,106415,106296,,,,,Yoshihito Nishioka,Gregoire Barrere,L,R,170.0,183.0,JPN,FRA,27.8,29.4,45.0,57.0,980.0,874.0,1.0,4.0,2.0,5.0,64.0,68.0,37.0,31.0,29.0,22.0,15.0,19.0,11.0,11.0,1.0,7.0,3.0,11.0,A,1
2023-0422,Cincinnati Masters,Hard,64,M,20230814,247,6-4 6-3,3,R64,86.0,207518,105554,,,,,Lorenzo Musetti,Daniel Evans,R,R,185.0,175.0,ITA,GBR,21.4,33.2,18.0,28.0,1995.0,1381.0,3.0,1.0,2.0,3.0,50.0,55.0,34.0,27.0,26.0,18.0,11.0,13.0,9.0,10.0,4.0,3.0,5.0,7.0,A,1
2023-0422,Cincinnati Masters,Hard,64,M,20230814,244,6-3 6-4,3,R64,80.0,105583,202103,,,Q,,Dusan Lajovic,Francisco Cerundolo,R,R,183.0,185.0,SRB,ARG,33.1,25.0,66.0,21.0,839.0,1600.0,1.0,2.0,2.0,3.0,62.0,50.0,48.0,35.0,38.0,24.0,4.0,7.0,10.0,9.0,1.0,3.0,2.0,6.0,A,1
2023-0422,Cincinnati Masters,Hard,64,M,20230814,243,6-3 3-6 6-3,3,R64,125.0,207686,132283,,,Q,,Alexander Shevchenko,Lorenzo Sonego,R,R,185.0,191.0,KAZ,ITA,22.7,28.2,88.0,39.0,670.0,1105.0,0.0,3.0,4.0,4.0,79.0,80.0,45.0,48.0,29.0,39.0,17.0,15.0,13.0,14.0,4.0,2.0,8.0,5.0,B,0
2023-0422,Cincinnati Masters,Hard,64,M,20230814,242,7-6(14) 6-2,3,R64,105.0,208103,126203,,9.0,,,Jiri Lehecka,Taylor Fritz,R,R,185.0,196.0,CZE,USA,21.7,25.7,35.0,9.0,1198.0,3605.0,5.0,6.0,7.0,6.0,89.0,78.0,52.0,37.0,31.0,28.0,16.0,24.0,10.0,10.0,7.0,3.0,10.0,4.0,B,0
2023-0422,Cincinnati Masters,Hard,64,M,20230814,241,3-6 6-4 6-3,3,R64,130.0,104792,111815,,13.0,PR,,Gael Monfils,Cameron Norrie,R,L,193.0,188.0,FRA,GBR,36.9,27.9,211.0,15.0,297.0,2425.0,3.0,3.0,5.0,5.0,78.0,91.0,38.0,58.0,27.0,37.0,23.0,15.0,14.0,14.0,2.0,6.0,6.0,11.0,A,1
2023-0422,Cincinnati Masters,Hard,64,M,20230814,240,6-0 3-6 6-1,3,R64,118.0,200282,200670,,,,,Alex De Minaur,J J Wolf,R,R,183.0,183.0,AUS,USA,24.4,24.6,12.0,44.0,2595.0,1015.0,7.0,3.0,3.0,4.0,76.0,67.0,43.0,34.0,35.0,22.0,16.0,13.0,11.0,11.0,3.0,6.0,4.0,11.0,A,1
2023-0422,Cincinnati Masters,Hard,64,M,20230814,239,6-3 6-3,3,R64,78.0,200221,144869,,,,,Alejandro Davidovich Fokina,Tomas Martin Etcheverry,R,R,183.0,196.0,ESP,ARG,24.1,24.0,23.0,31.0,1490.0,1285.0,1.0,2.0,2.0,0.0,59.0,49.0,33.0,36.0,20.0,20.0,16.0,5.0,9.0,9.0,4.0,0.0,6.0,5.0,A,1
2023-6242,Winston-Salem,Hard,64,A,20230821,300,6-4 6-3,3,F,94.0,208103,202104,5.0,6.0,,,Jiri Lehecka,Sebastian Baez,R,R,185.0,170.0,CZE,ARG,21.7,22.6,35.0,42.0,1198.0,1055.0,4.0,5.0,5.0,1.0,73.0,59.0,36.0,42.0,21.0,31.0,17.0,5.0,10.0,9.0,6.0,5.0,11.0,7.0,B,0
2023-6242,Winston-Salem,Hard,64,A,20230821,299,6-3 6-7(4) 7-6(2),3,SF,199.0,106432,202104,1.0,6.0,,,Borna Coric,Sebastian Baez,R,R,188.0,170.0,CRO,ARG,26.7,22.6,29.0,42.0,1360.0,1055.0,9.0,4.0,7.0,1.0,117.0,96.0,68.0,62.0,43.0,44.0,24.0,20.0,17.0,16.0,6.0,2.0,11.0,5.0,B,0
2023-6242,Winston-Salem,Hard,64,A,20230821,298,W/O,3,SF,,200624,208103,3.0,5.0,,,Sebastian Korda,Jiri Lehecka,R,R,196.0,185.0,USA,CZE,23.1,21.7,33.0,35.0,1240.0,1198.0,,,,,,,,,,,,,,,,,,,B,0
2023-6242,Winston-Salem,Hard,64,A,20230821,297,6-3 6-1,3,QF,81.0,207678,106432,,1.0,Alt,,Juan Manuel Cerundolo,Borna Coric,L,R,183.0,188.0,ARG,CRO,21.7,26.7,100.0,29.0,591.0,1360.0,1.0,7.0,3.0,1.0,49.0,55.0,31.0,34.0,19.0,27.0,4.0,11.0,8.0,8.0,4.0,3.0,8.0,3.0,B,0
2023-6242,Winston-Salem,Hard,64,A,20230821,296,6-3 6-0,3,QF,73.0,202104,111513,6.0,4.0,,,Sebastian Baez,Laslo Djere,R,R,170.0,188.0,ARG,SRB,22.6,28.2,42.0,34.0,1055.0,1215.0,1.0,2.0,2.0,2.0,58.0,46.0,44.0,27.0,31.0,16.0,7.0,6.0,8.0,7.0,5.0,2.0,5.0,6.0,A,1
2023-6242,Winston-Salem,Hard,64,A,20230821,295,4-6 6-1 7-6(7),3,QF,151.0,200624,104755,3.0,12.0,,,Sebastian Korda,Richard Gasquet,R,R,196.0,183.0,USA,FRA,23.1,37.1,33.0,57.0,1240.0,910.0,16.0,7.0,5.0,7.0,102.0,97.0,51.0,52.0,44.0,38.0,21.0,22.0,15.0,14.0,4.0,9.0,7.0,13.0,A,1
2023-6242,Winston-Salem,Hard,64,A,20230821,294,7-6(4) 6-4,3,QF,86.0,208103,126845,5.0,,,,Jiri Lehecka,Max Purcell,R,R,185.0,185.0,CZE,AUS,21.7,25.3,35.0,47.0,1198.0,1013.0,9.0,8.0,3.0,7.0,66.0,69.0,44.0,37.0,37.0,28.0,11.0,17.0,11.0,11.0,0.0,0.0,1.0,2.0,A,1
2023-6242,Winston-Salem,Hard,64,A,20230821,293,6-4 6-7(3) 6-3,3,R16,167.0,111581,106432,,1.0,WC,,Michael Mmoh,Borna Coric,R,R,188.0,188.0,USA,CRO,25.6,26.7,94.0,29.0,624.0,1360.0,7.0,11.0,4.0,3.0,97.0,106.0,67.0,68.0,47.0,51.0,18.0,23.0,15.0,16.0,6.0,4.0,8.0,4.0,B,0
2023-6242,Winston-Salem,Hard,64,A,20230821,292,7-5 6-3,3,R16,97.0,208300,207678,,,LL,Alt,Omni Kumar,Juan Manuel Cerundolo,L,L,173.0,183.0,USA,ARG,21.8,21.7,385.0,100.0,126.0,591.0,3.0,3.0,2.0,5.0,61.0,69.0,33.0,44.0,21.0,35.0,15.0,11.0,10.0,11.0,4.0,4.0,7.0,5.0,B,0
2023-6242,Winston-Salem,Hard,64,A,20230821,291,6-4 6-4,3,R16,90.0,210506,111513,,4.0,WC,,Alex Michelsen,Laslo Djere,R,R,193.0,188.0,USA,SRB,18.9,28.2,133.0,34.0,465.0,1215.0,2.0,3.0,4.0,4.0,71.0,58.0,38.0,37.0,26.0,28.0,16.0,13.0,10.0,10.0,8.0,3.0,11.0,4.0,B,0
2023-6242,Winston-Salem,Hard,64,A,20230821,290,6-4 4-6 6-4,3,R16,129.0,202104,126846,6.0,9.0,,,Sebastian Baez,Aleksandar Vukic,R,R,170.0,188.0,ARG,AUS,22.6,27.3,42.0,51.0,1055.0,949.0,4.0,12.0,1.0,7.0,90.0,90.0,65.0,49.0,43.0,35.0,11.0,15.0,15.0,15.0,4.0,4.0,9.0,10.0,A,1
2023-6242,Winston-Salem,Hard,64,A,20230821,289,2-6 6-4 6-4,3,R16,123.0,104755,206909,12.0,,,,Richard Gasquet,Brandon Nakashima,R,R,183.0,188.0,FRA,USA,37.1,22.0,57.0,72.0,910.0,795.0,9.0,12.0,1.0,0.0,76.0,87.0,46.0,54.0,39.0,41.0,15.0,19.0,14.0,14.0,4.0,4.0,6.0,6.0,A,1
2023-6242,Winston-Salem,Hard,64,A,20230821,288,7-6(5) 6-3,3,R16,112.0,105916,200624,14.0,3.0,,,Marton Fucsovics,Sebastian Korda,R,R,188.0,196.0,HUN,USA,31.5,23.1,58.0,33.0,884.0,1240.0,2.0,8.0,1.0,3.0,69.0,76.0,37.0,45.0,24.0,34.0,16.0,14.0,10.0,11.0,2.0,3.0,5.0,5.0,B,0
2023-6242,Winston-Salem,Hard,64,A,20230821,287,6-3 3-6 6-4,3,R16,120.0,208103,136440,5.0,,,,Jiri Lehecka,Dominik Koepfer,R,L,185.0,180.0,CZE,GER,21.7,29.3,35.0,78.0,1198.0,757.0,7.0,2.0,4.0,2.0,88.0,86.0,50.0,48.0,38.0,34.0,22.0,25.0,14.0,14.0,3.0,2.0,4.0,4.0,A,1
2023-6242,Winston-Salem,Hard,64,A,20230821,286,7-6(4) 7-6(2),3,R16,113.0,134868,126845,2.0,,,,Tallon Griekspoor,Max Purcell,R,R,188.0,185.0,NED,AUS,27.1,25.3,25.0,47.0,1436.0,1013.0,8.0,11.0,9.0,4.0,85.0,79.0,47.0,48.0,33.0,38.0,18.0,16.0,12.0,12.0,5.0,2.0,7.0,4.0,B,0
2023-6242,Winston-Salem,Hard,64,A,20230821,285,6-2 7-6(2),3,R32,123.0,208014,106432,,1.0,Alt,,Rinky Hijikata,Borna Coric,R,R,178.0,188.0,AUS,CRO,22.4,26.7,111.0,29.0,544.0,1360.0,2.0,4.0,1.0,2.0,68.0,75.0,35.0,47.0,22.0,38.0,17.0,13.0,10.0,10.0,2.0,12.0,5.0,13.0,B,0
2023-6242,Winston-Salem,Hard,64,A,20230821,284,6-3 6-4,3,R32,93.0,111581,106218,,13.0,WC,,Michael Mmoh,Marcos Giron,R,R,188.0,180.0,USA,USA,25.6,30.0,94.0,63.0,624.0,850.0,2.0,3.0,3.0,1.0,61.0,57.0,42.0,29.0,27.0,18.0,7.0,10.0,10.0,9.0,5.0,2.0,8.0,7.0,A,1
2023-6242,Winston-Salem,Hard,64,A,20230821,283,7-6(3) 5-7 7-6(4),3,R32,204.0,105870,207678,10.0,,,Alt,Yannick Hanfmann,Juan Manuel Cerundolo,R,L,193.0,183.0,GER,ARG,31.7,21.7,54.0,100.0,929.0,591.0,8.0,4.0,6.0,11.0,125.0,124.0,75.0,61.0,45.0,44.0,29.0,29.0,18.0,18.0,9.0,7.0,14.0,13.0,B,0
2023-6242,Winston-Salem,Hard,64,A,20230821,282,6-3 7-5,3,R32,90.0,208300,122298,,8.0,LL,,Omni Kumar,Botic Van De Zandschulp,L,R,173.0,191.0,USA,NED,21.8,27.8,385.0,55.0,126.0,915.0,5.0,4.0,4.0,5.0,73.0,58.0,45.0,33.0,32.0,26.0,15.0,11.0,11.0,10.0,2.0,5.0,3.0,8.0,A,1
2023-6242,Winston-Salem,Hard,64,A,20230821,281,6-3 6-3,3,R32,90.0,207680,111513,,4.0,,,Facundo Diaz Acosta,Laslo Djere,L,R,183.0,188.0,ARG,SRB,22.6,28.2,93.0,34.0,626.0,1215.0,0.0,6.0,4.0,4.0,57.0,64.0,35.0,38.0,22.0,32.0,8.0,10.0,9.0,9.0,4.0,2.0,8.0,3.0,B,0
2023-6242,Winston-Salem,Hard,64,A,20230821,280,7-6(4) 7-5,3,R32,112.0,210506,124116,,15.0,WC,,Alex Michelsen,Sebastian Ofner,R,R,193.0,191.0,USA,AUT,18.9,27.2,133.0,59.0,465.0,868.0,2.0,5.0,1.0,5.0,94.0,72.0,64.0,39.0,40.0,28.0,17.0,16.0,12.0,12.0,5.0,4.0,7.0,7.0,A,1
2023-6242,Winston-Salem,Hard,64,A,20230821,279,6-3 6-7(5) 6-3,3,R32,153.0,126846,209414,9.0,,,,Aleksandar Vukic,Luca Van Assche,R,R,188.0,178.0,AUS,FRA,27.3,19.2,51.0,65.0,949.0,831.0,19.0,5.0,3.0,5.0,97.0,89.0,49.0,41.0,38.0,28.0,29.0,29.0,16.0,14.0,1.0,1.0,2.0,4.0,A,1
2023-6242,Winston-Salem,Hard,64,A,20230821,278,3-6 6-4 6-4,3,R32,131.0,202104,123755,6.0,,,,Sebastian Baez,Daniel Elahi Galan,R,R,170.0,191.0,ARG,COL,22.6,27.1,42.0,70.0,1055.0,804.0,2.0,9.0,2.0,2.0,81.0,93.0,63.0,61.0,41.0,45.0,11.0,15.0,14.0,15.0,4.0,5.0,7.0,9.0,A,1
2023-6242,Winston-Salem,Hard,64,A,20230821,277,6-7(5) 7-6(5) 6-2,3,R32,157.0,209950,206909,7.0,,,,Arthur Fils,Brandon Nakashima,R,R,185.0,188.0,FRA,USA,19.1,22.0,48.0,72.0,1007.0,795.0,10.0,18.0,7.0,2.0,120.0,98.0,74.0,58.0,58.0,52.0,22.0,24.0,16.0,16.0,6.0,3.0,8.0,3.0,B,0
2023-6242,Winston-Salem,Hard,64,A,20230821,276,6-4 6-4,3,R32,105.0,144817,104755,,12.0,,,Marc Andrea Huesler,Richard Gasquet,L,R,196.0,183.0,SUI,FRA,27.1,37.1,87.0,57.0,689.0,910.0,9.0,6.0,3.0,3.0,64.0,77.0,40.0,40.0,29.0,30.0,11.0,21.0,10.0,10.0,7.0,4.0,9.0,4.0,B,0
2023-6242,Winston-Salem,Hard,64,A,20230821,275,6-4 6-2,3,R32,89.0,105916,111190,14.0,,,,Marton Fucsovics,Zhizhen Zhang,R,R,188.0,193.0,HUN,CHN,31.5,26.8,58.0,67.0,884.0,815.0,3.0,1.0,3.0,3.0,61.0,49.0,35.0,36.0,27.0,26.0,16.0,5.0,9.0,9.0,2.0,3.0,2.0,6.0,A,1
2023-6242,Winston-Salem,Hard,64,A,20230821,274,6-2 6-3,3,R32,68.0,200624,126127,3.0,,,,Sebastian Korda,Benjamin Bonzi,R,R,196.0,183.0,USA,FRA,23.1,27.1,33.0,101.0,1240.0,590.0,13.0,3.0,0.0,5.0,61.0,51.0,39.0,33.0,32.0,23.0,10.0,4.0,8.0,9.0,4.0,4.0,4.0,8.0,A,1
2023-6242,Winston-Salem,Hard,64,A,20230821,273,2-6 6-2 6-3,3,R32,110.0,106283,208103,,5.0,Q,,Mitchell Krueger,Jiri Lehecka,R,R,188.0,185.0,USA,CZE,29.6,21.7,275.0,35.0,211.0,1198.0,2.0,10.0,1.0,4.0,78.0,75.0,52.0,39.0,32.0,29.0,12.0,16.0,12.0,13.0,9.0,3.0,13.0,6.0,B,0
2023-6242,Winston-Salem,Hard,64,A,20230821,272,6-3 6-2,3,R32,81.0,126177,136440,,,LL,,Strong Kirchheimer,Dominik Koepfer,R,L,185.0,180.0,USA,GER,28.3,29.3,416.0,78.0,110.0,757.0,4.0,6.0,2.0,1.0,64.0,54.0,42.0,32.0,21.0,22.0,13.0,18.0,8.0,9.0,6.0,3.0,10.0,4.0,B,0
2023-6242,Winston-Salem,Hard,64,A,20230821,271,6-4 6-1,3,R32,60.0,105723,126845,,,LL,,Andrey Kuznetsov,Max Purcell,R,R,183.0,185.0,RUS,AUS,32.4,25.3,,47.0,,1013.0,3.0,8.0,3.0,1.0,48.0,47.0,25.0,27.0,16.0,22.0,9.0,13.0,8.0,9.0,4.0,1.0,8.0,2.0,B,0
2023-6242,Winston-Salem,Hard,64,A,20230821,270,7-6(8) 0-0 RET,3,R32,58.0,134868,207733,2.0,,,,Tallon Griekspoor,Jack Draper,R,L,188.0,193.0,NED,GBR,27.1,21.6,25.0,118.0,1436.0,526.0,3.0,4.0,2.0,2.0,41.0,42.0,23.0,25.0,21.0,21.0,9.0,8.0,6.0,6.0,0.0,0.0,0.0,0.0,A,1
2023-6242,Winston-Salem,Hard,64,A,20230821,268,4-6 6-3 6-2,3,R64,151.0,105011,208014,,,Q,Alt,Illya Marchenko,Rinky Hijikata,R,R,185.0,178.0,UKR,AUS,35.9,22.4,267.0,111.0,221.0,544.0,2.0,8.0,3.0,7.0,71.0,106.0,36.0,60.0,21.0,42.0,17.0,18.0,13.0,14.0,4.0,9.0,10.0,13.0,B,0
2023-6242,Winston-Salem,Hard,64,A,20230821,267,6-2 3-6 6-3,3,R64,119.0,105985,111581,,,Q,WC,Darian King,Michael Mmoh,R,R,188.0,188.0,BAR,USA,31.3,25.6,497.0,94.0,81.0,624.0,1.0,10.0,0.0,9.0,70.0,89.0,58.0,63.0,32.0,41.0,6.0,10.0,13.0,13.0,5.0,7.0,11.0,11.0,B,0
2023-6242,Winston-Salem,Hard,64,A,20230821,264,7-6(5) 3-6 6-3,3,R64,156.0,207678,126128,,,Alt,,Juan Manuel Cerundolo,Roman Safiullin,L,R,183.0,185.0,ARG,RUS,21.7,26.0,100.0,61.0,591.0,857.0,9.0,7.0,8.0,11.0,107.0,110.0,62.0,66.0,46.0,47.0,22.0,22.0,15.0,15.0,5.0,12.0,7.0,14.0,A,1
2023-6242,Winston-Salem,Hard,64,A,20230821,263,6-3 7-6(3),3,R64,96.0,126239,208300,,,,LL,Arthur Rinderknech,Omni Kumar,R,L,196.0,173.0,FRA,USA,28.0,21.8,73.0,385.0,781.0,126.0,8.0,3.0,1.0,0.0,54.0,66.0,32.0,29.0,28.0,25.0,12.0,24.0,10.0,11.0,1.0,1.0,2.0,1.0,B,0
2023-6242,Winston-Salem,Hard,64,A,20230821,260,4-6 6-2 6-4,3,R64,132.0,111460,207680,,,,,Quentin Halys,Facundo Diaz Acosta,R,L,191.0,183.0,FRA,ARG,26.8,22.6,69.0,93.0,805.0,626.0,13.0,2.0,10.0,4.0,84.0,85.0,39.0,59.0,31.0,45.0,21.0,13.0,14.0,14.0,6.0,4.0,9.0,5.0,B,0
2023-6242,Winston-Salem,Hard,64,A,20230821,259,6-3 6-7(3) 6-0,3,R64,138.0,122669,210506,,,,WC,Juan Pablo Varillas,Alex Michelsen,R,R,185.0,193.0,PER,USA,27.8,18.9,74.0,133.0,779.0,465.0,7.0,7.0,1.0,3.0,94.0,79.0,52.0,48.0,31.0,40.0,21.0,17.0,13.0,14.0,7.0,1.0,12.0,2.0,B,0
2023-6242,Winston-Salem,Hard,64,A,20230821,256,3-6 6-3 6-2,3,R64,120.0,209414,111515,,,,Q,Luca Van Assche,Thai Son Kwiatkowski,R,R,178.0,188.0,FRA,USA,19.2,28.5,65.0,477.0,831.0,89.0,3.0,1.0,1.0,4.0,68.0,85.0,35.0,44.0,25.0,28.0,22.0,21.0,13.0,13.0,6.0,2.0,9.0,7.0,A,1
2023-6242,Winston-Salem,Hard,64,A,20230821,255,6-1 7-5,3,R64,90.0,123755,105430,,,,,Daniel Elahi Galan,Radu Albot,R,R,191.0,175.0,COL,MDA,27.1,33.7,70.0,105.0,804.0,576.0,9.0,5.0,0.0,4.0,61.0,62.0,39.0,38.0,28.0,21.0,10.0,9.0,10.0,9.0,2.0,5.0,4.0,10.0,A,1
2023-6242,Winston-Salem,Hard,64,A,20230821,252,6-1 3-6 7-6(3),3,R64,143.0,206909,106186,,,,,Brandon Nakashima,Jason Kubler,R,R,188.0,178.0,USA,AUS,22.0,30.2,72.0,86.0,795.0,693.0,7.0,7.0,3.0,4.0,95.0,93.0,60.0,57.0,39.0,37.0,19.0,15.0,14.0,14.0,2.0,6.0,5.0,10.0,A,1
2023-6242,Winston-Salem,Hard,64,A,20230821,251,6-3 4-6 4-0 RET,3,R64,93.0,144817,207686,,,,,Marc Andrea Huesler,Alexander Shevchenko,L,R,196.0,185.0,SUI,KAZ,27.1,22.7,87.0,84.0,689.0,699.0,7.0,6.0,3.0,6.0,63.0,69.0,33.0,36.0,25.0,25.0,21.0,15.0,12.0,11.0,2.0,3.0,3.0,6.0,A,1
2023-6242,Winston-Salem,Hard,64,A,20230821,248,4-6 7-6(7) 6-2,3,R64,141.0,111190,125802,,,,,Zhizhen Zhang,Ilya Ivashka,R,R,193.0,193.0,CHN,BLR,26.8,29.4,67.0,99.0,815.0,591.0,3.0,8.0,2.0,8.0,85.0,113.0,49.0,80.0,40.0,58.0,20.0,10.0,15.0,15.0,1.0,12.0,4.0,16.0,A,1
2023-6242,Winston-Salem,Hard,64,A,20230821,247,6-4 6-4,3,R64,91.0,126127,124186,,,,,Benjamin Bonzi,Alexandre Muller,R,R,183.0,183.0,FRA,FRA,27.1,26.5,101.0,85.0,590.0,697.0,8.0,5.0,3.0,2.0,60.0,71.0,36.0,43.0,28.0,28.0,13.0,15.0,10.0,10.0,4.0,9.0,5.0,12.0,A,1
2023-6242,Winston-Salem,Hard,64,A,20230821,244,6-3 6-4,3,R64,75.0,106283,200303,,,Q,,Mitchell Krueger,Pavel Kotov,R,R,188.0,191.0,USA,RUS,29.6,24.7,275.0,97.0,211.0,603.0,5.0,6.0,2.0,2.0,58.0,52.0,34.0,37.0,27.0,25.0,16.0,7.0,10.0,9.0,2.0,1.0,2.0,3.0,A,1
2023-6242,Winston-Salem,Hard,64,A,20230821,243,6-4 3-6 7-6(8),3,R64,160.0,106005,136440,,,,,Constant Lestienne,Dominik Koepfer,R,L,180.0,180.0,FRA,GER,31.2,29.3,103.0,78.0,582.0,757.0,14.0,10.0,5.0,15.0,110.0,109.0,59.0,61.0,45.0,45.0,19.0,23.0,16.0,15.0,3.0,8.0,7.0,12.0,B,0
2023-6242,Winston-Salem,Hard,64,A,20230821,240,6-4 6-1,3,R64,68.0,106065,126845,,,,,Marco Cecchinato,Max Purcell,R,R,185.0,185.0,ITA,AUS,30.8,25.3,109.0,47.0,549.0,1013.0,2.0,5.0,3.0,2.0,58.0,42.0,32.0,26.0,21.0,23.0,10.0,10.0,9.0,8.0,2.0,1.0,6.0,1.0,B,0
2023-6242,Winston-Salem,Hard,64,A,20230821,239,6-3 6-1,3,R64,55.0,207733,132686,,,,,Jack Draper,Nuno Borges,L,R,193.0,185.0,GBR,POR,21.6,26.4,118.0,79.0,526.0,754.0,11.0,0.0,0.0,4.0,37.0,41.0,27.0,30.0,26.0,20.0,6.0,2.0,8.0,8.0,0.0,1.0,0.0,5.0,A,1
2023-560,Us Open,Hard,128,G,20230828,100,6-2 3-2 RET,5,R128,60.0,136440,207989,,1.0,,,Dominik Koepfer,Carlos Alcaraz,L,R,180.0,183.0,GER,ESP,29.3,20.3,75.0,1.0,777.0,9815.0,1.0,4.0,2.0,0.0,55.0,33.0,36.0,24.0,22.0,20.0,6.0,6.0,7.0,6.0,8.0,2.0,11.0,2.0,B,0
2023-560,Us Open,Hard,128,G,20230828,101,7-6(5) 6-4 6-4,5,R128,126.0,105550,144750,,,,,Guido Pella,Lloyd Harris,L,R,183.0,193.0,ARG,RSA,33.2,26.5,203.0,177.0,305.0,347.0,7.0,26.0,5.0,2.0,92.0,94.0,46.0,69.0,38.0,55.0,28.0,17.0,16.0,17.0,2.0,2.0,4.0,2.0,B,0
2023-560,Us Open,Hard,128,G,20230828,102,6-3 RET,5,R128,53.0,122298,111442,,,,,Botic Van De Zandschulp,Jordan Thompson,R,R,191.0,183.0,NED,AUS,27.8,29.3,65.0,51.0,825.0,951.0,3.0,3.0,1.0,1.0,35.0,32.0,18.0,15.0,13.0,11.0,10.0,5.0,5.0,4.0,0.0,5.0,1.0,7.0,A,1
2023-560,Us Open,Hard,128,G,20230828,103,6-4 6-2 7-5,5,R128,158.0,123755,105554,,26.0,,,Daniel Elahi Galan,Daniel Evans,R,R,191.0,175.0,COL,GBR,27.1,33.2,71.0,28.0,804.0,1381.0,12.0,5.0,4.0,3.0,101.0,92.0,60.0,56.0,39.0,45.0,21.0,21.0,15.0,15.0,4.0,2.0,8.0,2.0,B,0
2023-560,Us Open,Hard,128,G,20230828,104,4-6 6-3 5-7 6-4 7-5,5,R128,238.0,134868,209950,24.0,,,,Tallon Griekspoor,Arthur Fils,R,R,188.0,185.0,NED,FRA,27.1,19.2,24.0,48.0,1446.0,1007.0,13.0,22.0,8.0,6.0,155.0,169.0,90.0,111.0,70.0,86.0,29.0,24.0,25.0,27.0,6.0,11.0,11.0,15.0,B,0
2023-560,Us Open,Hard,128,G,20230828,105,6-3 1-0 RET,5,R128,50.0,106186,208286,,,,,Jason Kubler,Matteo Arnaldi,R,R,178.0,185.0,AUS,ITA,30.2,22.5,87.0,61.0,678.0,855.0,1.0,7.0,1.0,1.0,30.0,29.0,14.0,22.0,9.0,18.0,7.0,4.0,5.0,5.0,0.0,0.0,2.0,0.0,B,0
2023-560,Us Open,Hard,128,G,20230828,106,6-3 6-4 3-6 6-3,5,R128,172.0,106423,200318,,,,Q,Thanasi Kokkinakis,Yu Hsiou Hsu,R,R,193.0,178.0,AUS,TPE,27.3,24.4,78.0,237.0,766.0,268.0,16.0,7.0,10.0,1.0,120.0,112.0,72.0,75.0,55.0,60.0,19.0,22.0,18.0,19.0,10.0,6.0,13.0,7.0,B,0
2023-560,Us Open,Hard,128,G,20230828,107,6-3 6-2 6-2,5,R128,91.0,207686,111815,,16.0,,,Alexander Shevchenko,Cameron Norrie,R,L,185.0,188.0,KAZ,GBR,22.7,28.0,83.0,16.0,699.0,2075.0,7.0,5.0,2.0,3.0,73.0,73.0,45.0,49.0,29.0,41.0,9.0,13.0,12.0,13.0,5.0,1.0,10.0,1.0,B,0
2023-560,Us Open,Hard,128,G,20230828,108,6-4 6-4 6-4,5,R128,129.0,100644,126846,12.0,,,,Alexander Zverev,Aleksandar Vukic,R,R,198.0,188.0,GER,AUS,26.3,27.3,12.0,50.0,2670.0,953.0,13.0,5.0,4.0,5.0,87.0,100.0,58.0,61.0,50.0,42.0,12.0,16.0,15.0,15.0,1.0,8.0,2.0,12.0,A,1
2023-560,Us Open,Hard,128,G,20230828,109,6-7(5) 6-3 6-1 6-2,5,R128,190.0,127157,106005,,,,,Daniel Altmaier,Constant Lestienne,R,R,188.0,180.0,GER,FRA,24.9,31.2,53.0,101.0,936.0,582.0,12.0,8.0,3.0,7.0,130.0,129.0,98.0,73.0,68.0,47.0,15.0,21.0,18.0,19.0,11.0,9.0,14.0,18.0,A,1
2023-560,Us Open,Hard,128,G,20230828,110,6-2 7-5 6-3,5,R128,178.0,104918,144895,,,,,Andy Murray,Corentin Moutet,R,L,191.0,180.0,GBR,FRA,36.2,24.3,37.0,72.0,1120.0,801.0,4.0,5.0,3.0,1.0,91.0,107.0,52.0,70.0,40.0,44.0,24.0,15.0,15.0,14.0,2.0,20.0,3.0,25.0,A,1
2023-560,Us Open,Hard,128,G,20230828,111,6-7(9) 6-7(5) 6-1 7-5 7-6(9),5,R128,278.0,144684,105777,,19.0,,,Alex Molcan,Grigor Dimitrov,L,R,178.0,191.0,SVK,BUL,25.7,32.2,115.0,19.0,530.0,1690.0,8.0,20.0,9.0,8.0,182.0,184.0,106.0,112.0,75.0,87.0,44.0,41.0,29.0,29.0,9.0,5.0,14.0,7.0,B,0
2023-560,Us Open,Hard,128,G,20230828,112,6-3 6-7(3) 1-6 6-4 7-6(5),5,R128,265.0,144869,202261,30.0,,,Q,Tomas Martin Etcheverry,Otto Virtanen,R,R,196.0,193.0,ARG,FIN,24.1,22.1,34.0,133.0,1250.0,456.0,8.0,12.0,1.0,10.0,171.0,179.0,128.0,96.0,84.0,72.0,26.0,39.0,28.0,24.0,8.0,10.0,13.0,14.0,A,1
2023-560,Us Open,Hard,128,G,20230828,113,7-6(5) 6-2 6-4,5,R128,145.0,106415,104527,,,,,Yoshihito Nishioka,Stan Wawrinka,L,R,170.0,183.0,JPN,SUI,27.9,38.4,44.0,49.0,1025.0,1004.0,2.0,12.0,3.0,0.0,107.0,90.0,55.0,49.0,35.0,41.0,27.0,22.0,15.0,16.0,7.0,0.0,11.0,1.0,B,0
2023-560,Us Open,Hard,128,G,20230828,114,6-3 6-4 6-2,5,R128,139.0,134457,132283,,,Q,,Nicolas Moreno De Alboran,Lorenzo Sonego,R,R,185.0,191.0,USA,ITA,26.1,28.2,131.0,39.0,470.0,1105.0,8.0,5.0,8.0,1.0,93.0,82.0,62.0,46.0,36.0,35.0,10.0,20.0,13.0,14.0,8.0,1.0,14.0,3.0,B,0
2023-560,Us Open,Hard,128,G,20230828,115,6-3 6-1 6-1,5,R128,138.0,105870,206173,,6.0,,,Yannick Hanfmann,Jannik Sinner,R,R,193.0,191.0,GER,ITA,31.7,22.0,54.0,6.0,929.0,4645.0,7.0,5.0,3.0,3.0,100.0,74.0,63.0,41.0,36.0,32.0,14.0,20.0,11.0,12.0,9.0,4.0,15.0,4.0,B,0
2023-560,Us Open,Hard,128,G,20230828,116,6-1 6-1 6-0,5,R128,74.0,105226,106421,,3.0,,,Attila Balazs,Daniil Medvedev,R,R,180.0,198.0,HUN,RUS,34.9,27.5,,3.0,,6260.0,0.0,8.0,5.0,3.0,63.0,54.0,45.0,36.0,17.0,31.0,5.0,9.0,10.0,10.0,6.0,0.0,14.0,0.0,B,0
2023-560,Us Open,Hard,128,G,20230828,117,6-4 6-3 3-6 7-6(5),5,R128,172.0,106331,126845,,,,,Christopher Oconnell,Max Purcell,R,R,183.0,185.0,AUS,AUS,29.2,25.4,69.0,43.0,811.0,1048.0,18.0,22.0,3.0,4.0,131.0,130.0,81.0,79.0,65.0,61.0,22.0,24.0,21.0,21.0,7.0,9.0,11.0,14.0,A,1
2023-560,Us Open,Hard,128,G,20230828,118,6-4 7-6(11) 6-3,5,R128,135.0,200335,105902,,,Q,LL,Felipe Meligeni Alves,James Duckworth,R,R,185.0,183.0,BRA,AUS,25.5,31.6,168.0,111.0,369.0,538.0,20.0,7.0,3.0,3.0,116.0,101.0,87.0,57.0,66.0,35.0,12.0,27.0,16.0,16.0,10.0,5.0,11.0,8.0,A,1
2023-560,Us Open,Hard,128,G,20230828,119,7-5 7-5 6-1,5,R128,155.0,106432,202104,27.0,,,,Borna Coric,Sebastian Baez,R,R,188.0,170.0,CRO,ARG,26.7,22.6,23.0,32.0,1450.0,1295.0,3.0,6.0,2.0,1.0,88.0,112.0,53.0,81.0,33.0,57.0,19.0,16.0,15.0,16.0,5.0,6.0,10.0,7.0,B,0
2023-560,Us Open,Hard,128,G,20230828,120,6-3 3-6 6-2 7-6(3),5,R128,215.0,111797,209414,23.0,,,,Nicolas Jarry,Luca Van Assche,R,R,201.0,178.0,CHI,FRA,27.8,19.2,25.0,64.0,1439.0,831.0,29.0,6.0,4.0,5.0,120.0,139.0,78.0,86.0,61.0,59.0,21.0,22.0,19.0,20.0,4.0,9.0,6.0,13.0,A,1
2023-560,Us Open,Hard,128,G,20230828,121,6-4 6-3 6-4,5,R128,120.0,105077,210506,,,,WC,Albert Ramos,Alex Michelsen,L,R,188.0,193.0,ESP,USA,35.6,19.0,88.0,127.0,653.0,481.0,3.0,6.0,1.0,3.0,91.0,82.0,64.0,55.0,40.0,43.0,11.0,12.0,15.0,14.0,3.0,2.0,9.0,4.0,B,0
2023-560,Us Open,Hard,128,G,20230828,122,3-6 6-4 2-6 6-4 6-2,5,R128,178.0,200059,105583,,,,,Yibing Wu,Dusan Lajovic,R,R,183.0,183.0,CHN,SRB,23.8,33.1,86.0,52.0,683.0,938.0,5.0,13.0,5.0,3.0,136.0,147.0,90.0,89.0,60.0,64.0,27.0,23.0,23.0,22.0,3.0,5.0,8.0,10.0,A,1
2023-560,Us Open,Hard,128,G,20230828,123,6-2 3-6 6-1 7-5,5,R128,162.0,200282,207608,13.0,,,Q,Alex De Minaur,Timofey Skatov,R,R,183.0,175.0,AUS,KAZ,24.5,22.5,13.0,129.0,2595.0,477.0,7.0,2.0,4.0,3.0,106.0,104.0,56.0,69.0,42.0,38.0,26.0,17.0,18.0,18.0,2.0,6.0,6.0,14.0,A,1
2023-560,Us Open,Hard,128,G,20230828,124,6-2 6-4 6-2,5,R128,140.0,111575,111581,11.0,,,WC,Karen Khachanov,Michael Mmoh,R,R,198.0,188.0,RUS,USA,27.2,25.6,11.0,89.0,2845.0,644.0,6.0,8.0,7.0,4.0,88.0,79.0,46.0,47.0,31.0,37.0,13.0,17.0,13.0,13.0,4.0,2.0,10.0,3.0,B,0
2023-560,Us Open,Hard,128,G,20230828,125,6-4 6-3 7-6(1),5,R128,156.0,104545,207680,,,WC,,John Isner,Facundo Diaz Acosta,R,L,208.0,183.0,USA,ARG,38.3,22.6,157.0,94.0,400.0,629.0,11.0,5.0,0.0,6.0,83.0,113.0,53.0,75.0,42.0,52.0,25.0,16.0,16.0,16.0,0.0,7.0,0.0,9.0,A,1
2023-560,Us Open,Hard,128,G,20230828,126,6-1 6-4 6-3,5,R128,123.0,105430,207733,,,,,Radu Albot,Jack Draper,R,L,175.0,193.0,MDA,GBR,33.7,21.6,102.0,123.0,576.0,491.0,1.0,9.0,4.0,2.0,89.0,75.0,54.0,44.0,32.0,37.0,18.0,19.0,13.0,13.0,6.0,3.0,11.0,3.0,B,0
2023-560,Us Open,Hard,128,G,20230828,127,4-6 5-7 7-6(0) 6-3 6-1,5,R128,192.0,128034,144817,17.0,,,,Hubert Hurkacz,Marc Andrea Huesler,R,L,196.0,196.0,POL,SUI,26.5,27.1,17.0,97.0,2035.0,604.0,19.0,11.0,4.0,8.0,141.0,147.0,93.0,90.0,75.0,67.0,23.0,23.0,25.0,26.0,3.0,7.0,7.0,13.0,A,1
2023-560,Us Open,Hard,128,G,20230828,128,6-4 6-2 6-2,5,R128,143.0,200005,126610,29.0,,,,Ugo Humbert,Matteo Berrettini,L,R,188.0,196.0,FRA,ITA,25.1,27.3,33.0,36.0,1258.0,1147.0,3.0,11.0,5.0,1.0,87.0,88.0,46.0,54.0,26.0,40.0,21.0,20.0,12.0,16.0,4.0,7.0,9.0,7.0,B,0
2023-560,Us Open,Hard,128,G,20230828,129,6-3 6-4 6-2,5,R128,128.0,106043,126239,,,,,Diego Schwartzman,Arthur Rinderknech,R,R,170.0,196.0,ARG,FRA,31.0,28.0,114.0,73.0,531.0,781.0,0.0,19.0,5.0,1.0,82.0,80.0,51.0,51.0,37.0,44.0,11.0,15.0,13.0,14.0,7.0,1.0,11.0,1.0,B,0
2023-560,Us Open,Hard,128,G,20230828,130,4-6 6-4 6-2 7-6(4),5,R128,190.0,104792,106121,,,,Q,Gael Monfils,Taro Daniel,R,R,193.0,191.0,FRA,JPN,36.9,30.5,162.0,95.0,387.0,618.0,23.0,5.0,12.0,12.0,123.0,131.0,76.0,61.0,64.0,43.0,17.0,38.0,20.0,21.0,4.0,8.0,7.0,13.0,A,1
2023-560,Us Open,Hard,128,G,20230828,131,6-4 7-6(5) 6-1,5,R128,152.0,126094,209070,8.0,,,LL,Andrey Rublev,Arthur Cazaux,R,R,188.0,183.0,RUS,FRA,25.8,21.0,8.0,119.0,4515.0,520.0,5.0,6.0,3.0,2.0,98.0,112.0,60.0,61.0,49.0,42.0,19.0,21.0,15.0,15.0,3.0,5.0,4.0,9.0,A,1
2023-560,Us Open,Hard,128,G,20230828,132,7-6(5) 3-6 6-4 7-6(5),5,R128,197.0,207182,134770,,5.0,Q,,Emilio Nava,Casper Ruud,R,R,185.0,183.0,USA,NOR,21.7,24.6,154.0,5.0,402.0,4715.0,13.0,4.0,3.0,3.0,128.0,138.0,93.0,88.0,71.0,64.0,20.0,30.0,22.0,23.0,5.0,8.0,8.0,11.0,B,0
2023-560,Us Open,Hard,128,G,20230828,133,7-5 7-5 6-7(5) 4-6 6-3,5,R128,269.0,111190,200670,,,,,Zhizhen Zhang,J J Wolf,R,R,193.0,183.0,CHN,USA,26.8,24.6,67.0,45.0,817.0,1025.0,15.0,16.0,7.0,7.0,195.0,167.0,116.0,103.0,83.0,72.0,35.0,31.0,28.0,28.0,14.0,15.0,21.0,24.0,A,1
2023-560,Us Open,Hard,128,G,20230828,134,7-5 5-7 6-3 7-5,5,R128,239.0,208014,200303,,,WC,,Rinky Hijikata,Pavel Kotov,R,R,178.0,191.0,AUS,RUS,22.5,24.7,110.0,98.0,547.0,603.0,5.0,8.0,4.0,6.0,143.0,164.0,72.0,95.0,51.0,59.0,34.0,32.0,23.0,22.0,8.0,17.0,15.0,26.0,A,1
2023-560,Us Open,Hard,128,G,20230828,135,7-6(4) 4-6 7-6(1) 4-6 6-4,5,R128,266.0,200624,105916,31.0,,,,Sebastian Korda,Marton Fucsovics,R,R,196.0,188.0,USA,HUN,23.1,31.5,31.0,57.0,1330.0,898.0,8.0,11.0,7.0,8.0,159.0,188.0,90.0,112.0,67.0,80.0,43.0,41.0,29.0,27.0,3.0,7.0,6.0,11.0,B,0
2023-560,Us Open,Hard,128,G,20230828,136,7-5 6-7(3) 6-3 7-5,5,R128,215.0,133297,105173,,22.0,,,Yosuke Watanuki,Adrian Mannarino,R,L,180.0,180.0,JPN,FRA,25.3,35.1,85.0,35.0,686.0,1206.0,16.0,8.0,8.0,2.0,159.0,132.0,85.0,86.0,61.0,64.0,39.0,29.0,24.0,22.0,7.0,5.0,12.0,6.0,B,0
2023-560,Us Open,Hard,128,G,20230828,137,6-3 6-1 6-7(5) 6-7(1) 6-2,5,R128,198.0,206681,104755,,,,,Fabian Marozsan,Richard Gasquet,R,R,193.0,183.0,HUN,FRA,23.8,37.1,92.0,55.0,635.0,915.0,15.0,13.0,3.0,5.0,161.0,144.0,108.0,90.0,75.0,62.0,27.0,25.0,25.0,25.0,9.0,7.0,12.0,16.0,A,1
2023-560,Us Open,Hard,128,G,20230828,138,7-6(5) 3-6 7-6(7) 6-4,5,R128,175.0,132686,124116,,,,,Nuno Borges,Sebastian Ofner,R,R,185.0,191.0,POR,AUT,26.5,27.2,79.0,58.0,754.0,868.0,9.0,19.0,7.0,5.0,142.0,147.0,99.0,94.0,66.0,69.0,22.0,24.0,22.0,23.0,4.0,5.0,9.0,10.0,B,0
2023-560,Us Open,Hard,128,G,20230828,139,6-2 7-5 6-1,5,R128,128.0,210530,126207,,10.0,WC,,Learner Tien,Frances Tiafoe,L,R,180.0,188.0,USA,USA,17.7,25.6,700.0,10.0,39.0,3050.0,4.0,10.0,6.0,2.0,116.0,80.0,71.0,47.0,38.0,37.0,17.0,16.0,14.0,13.0,17.0,2.0,25.0,4.0,B,0
2023-560,Us Open,Hard,128,G,20230828,140,6-2 6-3 4-6 6-1,5,R128,148.0,105882,126205,,14.0,Q,,Stefano Travaglia,Tommy Paul,R,R,185.0,185.0,ITA,USA,31.6,26.2,233.0,14.0,272.0,2570.0,0.0,14.0,2.0,2.0,109.0,94.0,59.0,60.0,35.0,44.0,20.0,19.0,17.0,17.0,11.0,3.0,20.0,7.0,B,0
2023-560,Us Open,Hard,128,G,20230828,141,6-4 6-2 6-0,5,R128,80.0,126128,106065,,,,,Roman Safiullin,Marco Cecchinato,R,R,185.0,185.0,RUS,ITA,26.0,30.9,60.0,109.0,857.0,549.0,12.0,3.0,3.0,6.0,61.0,71.0,44.0,38.0,36.0,19.0,10.0,15.0,12.0,12.0,0.0,4.0,1.0,11.0,A,1
2023-560,Us Open,Hard,128,G,20230828,142,2-6 6-7(4) 6-3 6-3 6-3,5,R128,214.0,207678,125802,,,,,Juan Manuel Cerundolo,Ilya Ivashka,L,R,183.0,193.0,ARG,BLR,21.7,29.5,93.0,103.0,630.0,571.0,9.0,10.0,8.0,9.0,155.0,145.0,85.0,89.0,64.0,62.0,27.0,21.0,25.0,23.0,7.0,9.0,13.0,17.0,A,1
2023-560,Us Open,Hard,128,G,20230828,143,6-4 6-4 6-2,5,R128,116.0,106218,200221,,21.0,,,Marcos Giron,Alejandro Davidovich Fokina,R,R,180.0,183.0,USA,ESP,30.0,24.2,62.0,21.0,850.0,1525.0,6.0,1.0,4.0,1.0,75.0,88.0,42.0,56.0,27.0,45.0,16.0,16.0,14.0,14.0,4.0,9.0,9.0,10.0,B,0
2023-560,Us Open,Hard,128,G,20230828,144,6-3 6-2 6-4,5,R128,112.0,106233,122330,,25.0,,,Dominic Thiem,Alexander Bublik,R,R,185.0,196.0,AUT,KAZ,29.9,26.1,81.0,27.0,726.0,1384.0,8.0,6.0,5.0,17.0,81.0,87.0,48.0,42.0,35.0,31.0,19.0,14.0,14.0,13.0,2.0,4.0,4.0,10.0,A,1
2023-560,Us Open,Hard,128,G,20230828,145,1-6 6-3 6-2 6-4,5,R128,127.0,106398,210097,,,,,Pedro Cachin,Ben Shelton,R,L,185.0,193.0,ARG,USA,28.3,20.8,66.0,47.0,822.0,1015.0,5.0,13.0,7.0,3.0,93.0,93.0,57.0,65.0,38.0,49.0,20.0,15.0,17.0,17.0,0.0,0.0,4.0,2.0,B,0
2023-560,Us Open,Hard,128,G,20230828,146,6-3 6-3 6-3,5,R128,120.0,106234,208103,,,,,Aslan Karatsev,Jiri Lehecka,R,R,185.0,185.0,RUS,CZE,29.9,21.8,77.0,29.0,773.0,1338.0,8.0,7.0,1.0,1.0,80.0,83.0,39.0,54.0,35.0,34.0,19.0,11.0,13.0,14.0,6.0,8.0,7.0,14.0,A,1
2023-560,Us Open,Hard,128,G,20230828,147,6-3 4-6 6-3 6-2,5,R128,162.0,208029,106148,4.0,,,,Holger Rune,Roberto Carballes Baena,R,R,188.0,183.0,DEN,ESP,20.3,30.4,4.0,63.0,4790.0,840.0,2.0,7.0,4.0,5.0,108.0,101.0,66.0,54.0,40.0,41.0,20.0,30.0,18.0,18.0,7.0,3.0,14.0,6.0,B,0
2023-560,Us Open,Hard,128,G,20230828,148,6-2 6-3 6-4,5,R128,116.0,105683,126774,,7.0,,,Milos Raonic,Stefanos Tsitsipas,R,R,196.0,193.0,CAN,GRE,32.6,25.0,337.0,7.0,155.0,4580.0,8.0,7.0,8.0,5.0,84.0,76.0,39.0,45.0,32.0,38.0,15.0,17.0,13.0,14.0,9.0,2.0,14.0,3.0,B,0
2023-560,Us Open,Hard,128,G,20230828,149,6-3 6-4 3-6 6-3,5,R128,160.0,208502,200615,,,Q,,Dominic Stricker,Alexei Popyrin,L,R,183.0,196.0,SUI,AUS,21.0,24.0,128.0,41.0,480.0,1065.0,9.0,16.0,4.0,4.0,100.0,140.0,54.0,89.0,43.0,58.0,30.0,26.0,19.0,18.0,6.0,14.0,8.0,18.0,A,1
2023-560,Us Open,Hard,128,G,20230828,150,5-7 6-4 6-4 6-4,5,R128,171.0,111460,126127,,,,WC,Quentin Halys,Benjamin Bonzi,R,R,191.0,183.0,FRA,FRA,26.8,27.2,70.0,108.0,805.0,555.0,23.0,13.0,9.0,5.0,121.0,142.0,73.0,90.0,58.0,68.0,23.0,29.0,21.0,21.0,7.0,8.0,10.0,9.0,B,0
2023-560,Us Open,Hard,128,G,20230828,151,6-3 6-4 0-6 6-4,5,R128,148.0,111153,126952,28.0,,,,Christopher Eubanks,Soon Woo Kwon,R,R,201.0,180.0,USA,KOR,27.3,25.7,30.0,104.0,1338.0,568.0,14.0,13.0,4.0,5.0,112.0,109.0,68.0,70.0,51.0,49.0,20.0,18.0,18.0,17.0,4.0,9.0,7.0,12.0,A,1
2023-560,Us Open,Hard,128,G,20230828,152,6-3 0-6 6-7(5) 6-3 6-2,5,R128,220.0,208169,207518,,18.0,Q,,Titouan Droguet,Lorenzo Musetti,R,R,191.0,185.0,FRA,ITA,22.2,21.4,171.0,18.0,359.0,2005.0,10.0,9.0,6.0,13.0,153.0,167.0,91.0,92.0,59.0,66.0,35.0,32.0,23.0,22.0,6.0,15.0,11.0,21.0,A,1
2023-560,Us Open,Hard,128,G,20230828,153,6-4 4-6 7-6(1) 6-2,5,R128,178.0,106296,210150,,,,Q,Gregoire Barrere,Jakub Mensik,R,R,183.0,193.0,FRA,CZE,29.5,17.9,59.0,206.0,864.0,305.0,3.0,13.0,4.0,4.0,127.0,129.0,76.0,70.0,54.0,56.0,28.0,34.0,21.0,20.0,5.0,2.0,9.0,4.0,B,0
2023-560,Us Open,Hard,128,G,20230828,154,1-6 7-5 7-5 6-4,5,R128,193.0,200175,122669,,,,,Miomir Kecmanovic,Juan Pablo Varillas,R,R,183.0,185.0,SRB,PER,23.9,27.8,46.0,74.0,1020.0,779.0,4.0,15.0,8.0,4.0,128.0,141.0,67.0,81.0,43.0,53.0,35.0,31.0,20.0,21.0,12.0,7.0,18.0,13.0,B,0
2023-560,Us Open,Hard,128,G,20230828,155,6-2 6-1 6-2,5,R128,80.0,126203,105449,9.0,,,WC,Taylor Fritz,Steve Johnson,R,R,196.0,188.0,USA,USA,25.8,33.6,9.0,205.0,3605.0,305.0,10.0,3.0,0.0,6.0,50.0,70.0,23.0,36.0,23.0,21.0,21.0,12.0,11.0,12.0,0.0,2.0,0.0,9.0,A,1
2023-560,Us Open,Hard,128,G,20230828,156,7-6(5) 4-6 6-1 6-4,5,R128,207.0,200000,111456,15.0,,,,Felix Auger Aliassime,Mackenzie Mcdonald,R,R,193.0,178.0,CAN,USA,23.0,28.3,15.0,40.0,2375.0,1085.0,13.0,8.0,11.0,1.0,126.0,152.0,76.0,89.0,57.0,61.0,23.0,37.0,20.0,20.0,5.0,12.0,8.0,13.0,B,0
2023-560,Us Open,Hard,128,G,20230828,157,6-3 6-3 6-1,5,R128,91.0,106198,127339,,,,Q,Hugo Dellien,Borna Gojo,R,R,180.0,196.0,BOL,CRO,30.1,25.4,147.0,105.0,422.0,559.0,2.0,13.0,5.0,0.0,83.0,66.0,51.0,48.0,34.0,40.0,12.0,13.0,12.0,13.0,7.0,0.0,12.0,0.0,B,0
2023-560,Us Open,Hard,128,G,20230828,158,5-7 6-3 6-2 3-6 6-4,5,R128,195.0,111505,106210,,,Q,,Enzo Couacaud,Jiri Vesely,R,L,183.0,198.0,FRA,CZE,28.4,30.1,180.0,437.0,340.0,104.0,21.0,23.0,9.0,9.0,139.0,125.0,81.0,79.0,66.0,63.0,26.0,24.0,24.0,24.0,5.0,4.0,11.0,8.0,B,0
2023-560,Us Open,Hard,128,G,20230828,159,5-7 6-4 6-4 6-3,5,R128,177.0,208260,202103,,20.0,Q,,Zachary Svajda,Francisco Cerundolo,R,R,175.0,185.0,USA,ARG,20.7,25.0,234.0,20.0,271.0,1600.0,5.0,6.0,3.0,2.0,132.0,132.0,75.0,88.0,52.0,58.0,25.0,27.0,21.0,20.0,12.0,8.0,18.0,11.0,B,0
2023-560,Us Open,Hard,128,G,20230828,160,7-5 6-4 6-4,5,R128,141.0,206909,111513,,32.0,,,Brandon Nakashima,Laslo Djere,R,R,188.0,188.0,USA,SRB,22.0,28.2,68.0,38.0,815.0,1110.0,3.0,9.0,4.0,4.0,100.0,91.0,61.0,49.0,40.0,38.0,17.0,24.0,16.0,16.0,0.0,0.0,5.0,2.0,B,0
2023-560,Us Open,Hard,128,G,20230828,161,6-2 6-1 7-6(4),5,R128,113.0,200384,200647,,,Q,Q,Hugo Gaston,Sho Shimabukuro,L,R,173.0,180.0,FRA,JPN,22.9,26.0,99.0,158.0,598.0,400.0,5.0,1.0,1.0,2.0,87.0,80.0,38.0,32.0,26.0,17.0,33.0,24.0,15.0,13.0,4.0,2.0,6.0,8.0,A,1
2023-560,Us Open,Hard,128,G,20230828,162,6-4 6-4 6-3,5,R128,133.0,126523,210319,,,,WC,Bernabe Zapata Miralles,Ethan Quinn,R,R,183.0,191.0,ESP,USA,26.6,19.4,76.0,475.0,776.0,90.0,2.0,7.0,0.0,3.0,85.0,101.0,56.0,60.0,37.0,37.0,19.0,16.0,14.0,15.0,3.0,5.0,5.0,11.0,A,1
2023-560,Us Open,Hard,128,G,20230828,163,6-0 6-2 6-3,5,R128,95.0,124186,104925,,2.0,,,Alexandre Muller,Novak Djokovic,R,R,183.0,188.0,FRA,SRB,26.5,36.2,84.0,2.0,697.0,9795.0,4.0,6.0,5.0,5.0,68.0,60.0,45.0,32.0,26.0,27.0,7.0,16.0,12.0,11.0,5.0,0.0,13.0,1.0,B,0
2023-560,Us Open,Hard,128,G,20230828,164,6-3 6-1 7-6(4),5,R64,148.0,144750,207989,,1.0,,,Lloyd Harris,Carlos Alcaraz,R,R,193.0,183.0,RSA,ESP,26.5,20.3,177.0,1.0,347.0,9815.0,6.0,4.0,6.0,1.0,92.0,104.0,63.0,67.0,43.0,46.0,9.0,23.0,14.0,15.0,5.0,9.0,10.0,10.0,B,0
2023-560,Us Open,Hard,128,G,20230828,165,1-6 6-1 6-3 6-3,5,R64,161.0,122298,105554,,26.0,,,Botic Van De Zandschulp,Daniel Evans,R,R,191.0,175.0,NED,GBR,27.8,33.2,65.0,28.0,825.0,1381.0,6.0,5.0,7.0,3.0,107.0,93.0,61.0,50.0,41.0,40.0,20.0,26.0,16.0,16.0,8.0,4.0,13.0,6.0,B,0
2023-560,Us Open,Hard,128,G,20230828,166,3-6 7-5 7-6(5) 5-7 6-4,5,R64,235.0,208286,209950,,,,,Matteo Arnaldi,Arthur Fils,R,R,185.0,185.0,ITA,FRA,22.5,19.2,61.0,48.0,855.0,1007.0,8.0,13.0,5.0,6.0,162.0,177.0,103.0,110.0,72.0,84.0,34.0,29.0,28.0,28.0,5.0,7.0,9.0,11.0,A,1
2023-560,Us Open,Hard,128,G,20230828,167,7-5 6-4 6-4,5,R64,148.0,200318,111815,,16.0,Q,,Yu Hsiou Hsu,Cameron Norrie,R,L,178.0,188.0,TPE,GBR,24.4,28.0,237.0,16.0,268.0,2075.0,5.0,15.0,4.0,6.0,103.0,106.0,75.0,70.0,46.0,48.0,14.0,21.0,16.0,16.0,7.0,15.0,13.0,18.0,B,0
2023-560,Us Open,Hard,128,G,20230828,168,7-6(1) 3-6 6-4 6-3,5,R64,223.0,100644,127157,12.0,,,,Alexander Zverev,Daniel Altmaier,R,R,198.0,188.0,GER,GER,26.3,24.9,12.0,53.0,2670.0,936.0,7.0,5.0,7.0,7.0,114.0,153.0,79.0,99.0,55.0,60.0,19.0,24.0,20.0,21.0,3.0,20.0,8.0,26.0,A,1
2023-560,Us Open,Hard,128,G,20230828,169,6-3 6-4 6-1,5,R64,166.0,105777,104918,19.0,,,,Grigor Dimitrov,Andy Murray,R,R,191.0,191.0,BUL,GBR,32.2,36.2,19.0,37.0,1690.0,1120.0,6.0,2.0,6.0,7.0,99.0,87.0,60.0,50.0,40.0,30.0,20.0,12.0,13.0,13.0,7.0,7.0,9.0,14.0,A,1
2023-560,Us Open,Hard,128,G,20230828,170,7-6(6) 6-7(7) 6-3 6-2,5,R64,219.0,104527,144869,,30.0,,,Stan Wawrinka,Tomas Martin Etcheverry,R,R,183.0,196.0,SUI,ARG,38.4,24.1,49.0,34.0,1004.0,1250.0,17.0,16.0,2.0,2.0,137.0,142.0,67.0,90.0,53.0,58.0,39.0,26.0,21.0,22.0,7.0,6.0,9.0,11.0,A,1
2023-560,Us Open,Hard,128,G,20230828,171,6-4 6-2 6-4,5,R64,125.0,132283,206173,,6.0,,,Lorenzo Sonego,Jannik Sinner,R,R,191.0,191.0,ITA,ITA,28.2,22.0,39.0,6.0,1105.0,4645.0,4.0,4.0,1.0,1.0,89.0,66.0,57.0,36.0,36.0,32.0,18.0,24.0,14.0,14.0,4.0,0.0,8.0,0.0,B,0
2023-560,Us Open,Hard,128,G,20230828,172,6-2 6-2 6-7(6) 6-2,5,R64,184.0,106421,106331,3.0,,,,Daniil Medvedev,Christopher Oconnell,R,R,198.0,183.0,RUS,AUS,27.5,29.2,3.0,69.0,6260.0,811.0,12.0,3.0,10.0,1.0,109.0,132.0,59.0,81.0,48.0,47.0,27.0,24.0,19.0,18.0,3.0,12.0,5.0,20.0,A,1
2023-560,Us Open,Hard,128,G,20230828,173,6-7(7) 6-4 6-4 RET,5,R64,151.0,200335,202104,,,Q,,Felipe Meligeni Alves,Sebastian Baez,R,R,185.0,170.0,BRA,ARG,25.5,22.6,168.0,32.0,369.0,1295.0,4.0,4.0,3.0,1.0,105.0,115.0,64.0,87.0,45.0,58.0,22.0,18.0,16.0,17.0,4.0,11.0,8.0,13.0,B,0
2023-560,Us Open,Hard,128,G,20230828,174,4-6 6-3 6-3 6-3,5,R64,167.0,111797,210506,23.0,,,WC,Nicolas Jarry,Alex Michelsen,R,R,201.0,193.0,CHI,USA,27.8,19.0,25.0,127.0,1439.0,481.0,12.0,6.0,1.0,1.0,110.0,109.0,74.0,81.0,55.0,47.0,22.0,15.0,19.0,18.0,6.0,5.0,9.0,11.0,A,1
2023-560,Us Open,Hard,128,G,20230828,175,6-1 6-2 6-1,5,R64,87.0,200059,200282,,13.0,,,Yibing Wu,Alex De Minaur,R,R,183.0,183.0,CHN,AUS,23.8,24.5,86.0,13.0,683.0,2595.0,1.0,2.0,7.0,2.0,79.0,61.0,40.0,29.0,20.0,24.0,17.0,22.0,11.0,11.0,11.0,1.0,18.0,1.0,B,0
2023-560,Us Open,Hard,128,G,20230828,176,3-6 4-6 7-6(3) 6-4 7-6(7),5,R64,237.0,111581,104545,,,WC,WC,Michael Mmoh,John Isner,R,R,188.0,208.0,USA,USA,25.6,38.3,89.0,157.0,644.0,400.0,19.0,48.0,5.0,5.0,160.0,162.0,115.0,111.0,91.0,96.0,28.0,26.0,26.0,29.0,3.0,3.0,5.0,4.0,A,1
2023-560,Us Open,Hard,128,G,20230828,177,6-2 6-4 7-5,5,R64,132.0,128034,207733,17.0,,,,Hubert Hurkacz,Jack Draper,R,L,196.0,193.0,POL,GBR,26.5,21.6,17.0,123.0,2035.0,491.0,8.0,4.0,0.0,5.0,103.0,87.0,58.0,51.0,39.0,39.0,19.0,23.0,15.0,15.0,6.0,2.0,11.0,3.0,B,0
2023-560,Us Open,Hard,128,G,20230828,178,6-4 5-3 RET,5,R64,108.0,126239,126610,,,,,Arthur Rinderknech,Matteo Berrettini,R,R,196.0,196.0,FRA,ITA,28.0,27.3,73.0,36.0,781.0,1147.0,7.0,8.0,2.0,0.0,64.0,77.0,48.0,48.0,40.0,32.0,5.0,13.0,9.0,9.0,1.0,8.0,1.0,10.0,A,1
2023-560,Us Open,Hard,128,G,20230828,179,6-4 6-3 3-6 6-1,5,R64,140.0,104792,126094,,8.0,,,Gael Monfils,Andrey Rublev,R,R,193.0,188.0,FRA,RUS,36.9,25.8,162.0,8.0,387.0,4515.0,8.0,3.0,13.0,2.0,112.0,96.0,55.0,60.0,39.0,45.0,23.0,21.0,17.0,18.0,8.0,2.0,14.0,5.0,B,0
2023-560,Us Open,Hard,128,G,20230828,180,6-4 5-7 6-2 0-6 6-2,5,R64,199.0,134770,111190,5.0,,,,Casper Ruud,Zhizhen Zhang,R,R,183.0,193.0,NOR,CHN,24.6,26.8,5.0,67.0,4715.0,817.0,7.0,18.0,2.0,3.0,145.0,119.0,93.0,78.0,65.0,58.0,24.0,23.0,22.0,22.0,12.0,1.0,17.0,5.0,B,0
2023-560,Us Open,Hard,128,G,20230828,181,6-1 6-2 6-1,5,R64,119.0,105916,208014,,,,WC,Marton Fucsovics,Rinky Hijikata,R,R,188.0,178.0,HUN,AUS,31.5,22.5,57.0,110.0,898.0,547.0,2.0,2.0,5.0,7.0,72.0,79.0,40.0,45.0,24.0,37.0,8.0,16.0,11.0,11.0,4.0,2.0,11.0,2.0,B,0
2023-560,Us Open,Hard,128,G,20230828,182,3-6 6-3 6-4 6-1,5,R64,133.0,206681,105173,,22.0,,,Fabian Marozsan,Adrian Mannarino,R,L,193.0,180.0,HUN,FRA,23.8,35.1,92.0,35.0,635.0,1206.0,10.0,10.0,4.0,2.0,110.0,104.0,69.0,62.0,48.0,45.0,14.0,22.0,19.0,17.0,7.0,5.0,14.0,8.0,B,0
2023-560,Us Open,Hard,128,G,20230828,183,6-3 6-1 6-4,5,R64,92.0,126207,124116,10.0,,,,Frances Tiafoe,Sebastian Ofner,R,R,188.0,191.0,USA,AUT,25.6,27.2,10.0,58.0,3050.0,868.0,5.0,5.0,1.0,3.0,71.0,68.0,40.0,42.0,35.0,27.0,20.0,11.0,13.0,13.0,1.0,1.0,1.0,6.0,A,1
2023-560,Us Open,Hard,128,G,20230828,184,3-6 2-6 6-2 6-4 6-3,5,R64,192.0,126205,126128,14.0,,,,Tommy Paul,Roman Safiullin,R,R,185.0,185.0,USA,RUS,26.2,26.0,14.0,60.0,2570.0,857.0,10.0,8.0,5.0,5.0,130.0,129.0,88.0,74.0,66.0,53.0,19.0,31.0,22.0,22.0,5.0,4.0,9.0,9.0,A,1
2023-560,Us Open,Hard,128,G,20230828,185,6-1 6-4 6-3,5,R64,102.0,207678,200221,,21.0,,,Juan Manuel Cerundolo,Alejandro Davidovich Fokina,L,R,183.0,183.0,ARG,ESP,21.7,24.2,93.0,21.0,630.0,1525.0,1.0,7.0,2.0,1.0,87.0,68.0,47.0,50.0,25.0,37.0,15.0,12.0,13.0,13.0,3.0,0.0,10.0,2.0,B,0
2023-560,Us Open,Hard,128,G,20230828,186,7-6(1) 1-0 RET,5,R64,67.0,210097,106233,,,,,Ben Shelton,Dominic Thiem,L,R,193.0,185.0,USA,AUT,20.8,29.9,47.0,81.0,1015.0,726.0,7.0,2.0,2.0,2.0,42.0,46.0,30.0,30.0,22.0,20.0,8.0,7.0,7.0,7.0,1.0,4.0,2.0,5.0,A,1
2023-560,Us Open,Hard,128,G,20230828,187,6-2 4-6 6-3 7-6(4),5,R64,204.0,106148,106234,,,,,Roberto Carballes Baena,Aslan Karatsev,R,R,183.0,185.0,ESP,RUS,30.4,29.9,63.0,77.0,840.0,773.0,1.0,10.0,1.0,14.0,119.0,134.0,76.0,75.0,52.0,59.0,22.0,30.0,19.0,21.0,3.0,6.0,8.0,9.0,B,0
2023-560,Us Open,Hard,128,G,20230828,188,7-5 6-7(2) 6-7(5) 7-6(6) 6-3,5,R64,244.0,126774,208502,7.0,,,Q,Stefanos Tsitsipas,Dominic Stricker,R,L,193.0,183.0,GRE,SUI,25.0,21.0,7.0,128.0,4580.0,480.0,22.0,11.0,6.0,6.0,186.0,182.0,111.0,103.0,90.0,78.0,31.0,44.0,29.0,31.0,7.0,4.0,13.0,8.0,B,0
2023-560,Us Open,Hard,128,G,20230828,189,7-6(6) 2-6 6-2 7-6(7),5,R64,182.0,126127,111153,,28.0,WC,,Benjamin Bonzi,Christopher Eubanks,R,R,183.0,201.0,FRA,USA,27.2,27.3,108.0,30.0,555.0,1338.0,19.0,15.0,3.0,7.0,121.0,133.0,76.0,80.0,61.0,59.0,26.0,30.0,22.0,20.0,0.0,6.0,2.0,8.0,A,1
2023-560,Us Open,Hard,128,G,20230828,190,3-6 6-2 7-6(1) 6-3,5,R64,171.0,208169,210150,,,Q,Q,Titouan Droguet,Jakub Mensik,R,R,191.0,193.0,FRA,CZE,22.2,17.9,171.0,206.0,359.0,305.0,12.0,9.0,4.0,3.0,136.0,107.0,81.0,47.0,61.0,40.0,24.0,37.0,20.0,19.0,7.0,2.0,11.0,3.0,B,0
2023-560,Us Open,Hard,128,G,20230828,191,6-1 6-2 6-2,5,R64,101.0,122669,126203,,9.0,,,Juan Pablo Varillas,Taylor Fritz,R,R,185.0,196.0,PER,USA,27.8,25.8,74.0,9.0,779.0,3605.0,1.0,10.0,2.0,3.0,59.0,79.0,34.0,45.0,21.0,37.0,10.0,17.0,11.0,12.0,1.0,3.0,7.0,3.0,B,0
2023-560,Us Open,Hard,128,G,20230828,192,6-3 6-4 6-4,5,R64,136.0,127339,111456,,,Q,,Borna Gojo,Mackenzie Mcdonald,R,R,196.0,178.0,CRO,USA,25.4,28.3,105.0,40.0,559.0,1085.0,13.0,5.0,2.0,2.0,84.0,93.0,54.0,66.0,38.0,44.0,21.0,10.0,15.0,14.0,1.0,12.0,3.0,17.0,A,1
2023-560,Us Open,Hard,128,G,20230828,193,7-6(5) 6-2 3-6 2-6 7-6(6),5,R64,247.0,202103,106210,20.0,,,,Francisco Cerundolo,Jiri Vesely,R,L,185.0,198.0,ARG,CZE,25.0,30.1,20.0,437.0,1600.0,104.0,16.0,13.0,10.0,11.0,173.0,156.0,114.0,93.0,75.0,71.0,33.0,29.0,25.0,26.0,7.0,4.0,12.0,10.0,B,0
2023-560,Us Open,Hard,128,G,20230828,194,6-1 6-2 6-3,5,R64,92.0,200384,111513,,32.0,Q,,Hugo Gaston,Laslo Djere,L,R,173.0,188.0,FRA,SRB,22.9,28.2,99.0,38.0,598.0,1110.0,1.0,8.0,4.0,0.0,84.0,64.0,49.0,42.0,27.0,35.0,13.0,14.0,12.0,12.0,11.0,4.0,18.0,5.0,B,0
2023-560,Us Open,Hard,128,G,20230828,195,6-4 6-1 6-1,5,R64,120.0,126523,104925,,2.0,,,Bernabe Zapata Miralles,Novak Djokovic,R,R,183.0,188.0,ESP,SRB,26.6,36.2,76.0,2.0,776.0,9795.0,2.0,5.0,2.0,0.0,80.0,72.0,55.0,42.0,31.0,32.0,10.0,22.0,12.0,12.0,5.0,6.0,11.0,6.0,B,0
2023-560,Us Open,Hard,128,G,20230828,196,6-2 6-3 4-6 6-3,5,R32,191.0,105554,207989,26.0,1.0,,,Daniel Evans,Carlos Alcaraz,R,R,175.0,183.0,GBR,ESP,33.2,20.3,28.0,1.0,1381.0,9815.0,8.0,6.0,5.0,4.0,132.0,106.0,77.0,60.0,53.0,44.0,23.0,32.0,18.0,18.0,11.0,5.0,17.0,7.0,B,0
2023-560,Us Open,Hard,128,G,20230828,197,6-3 6-4 6-3,5,R32,117.0,208286,111815,,16.0,,,Matteo Arnaldi,Cameron Norrie,R,L,185.0,188.0,ITA,GBR,22.5,28.0,61.0,16.0,855.0,2075.0,5.0,3.0,1.0,3.0,92.0,77.0,60.0,52.0,41.0,31.0,20.0,11.0,14.0,14.0,4.0,1.0,5.0,6.0,A,1
2023-560,Us Open,Hard,128,G,20230828,198,6-7(2) 7-6(8) 6-1 6-1,5,R32,222.0,100644,105777,12.0,19.0,,,Alexander Zverev,Grigor Dimitrov,R,R,198.0,191.0,GER,BUL,26.3,32.2,12.0,19.0,2670.0,1690.0,15.0,7.0,1.0,7.0,122.0,134.0,85.0,78.0,60.0,47.0,26.0,33.0,19.0,21.0,3.0,9.0,5.0,16.0,A,1
2023-560,Us Open,Hard,128,G,20230828,199,6-3 2-6 6-4 6-2,5,R32,178.0,206173,104527,6.0,,,,Jannik Sinner,Stan Wawrinka,R,R,191.0,183.0,ITA,SUI,22.0,38.4,6.0,49.0,4645.0,1004.0,12.0,8.0,5.0,4.0,124.0,107.0,73.0,53.0,53.0,32.0,23.0,29.0,18.0,17.0,9.0,8.0,12.0,13.0,A,1
2023-560,Us Open,Hard,128,G,20230828,200,6-2 6-2 7-6(6),5,R32,160.0,202104,106421,,3.0,,,Sebastian Baez,Daniil Medvedev,R,R,170.0,198.0,ARG,RUS,22.6,27.5,32.0,3.0,1295.0,6260.0,0.0,12.0,3.0,7.0,86.0,120.0,57.0,74.0,32.0,53.0,11.0,19.0,14.0,15.0,3.0,10.0,9.0,12.0,B,0
2023-560,Us Open,Hard,128,G,20230828,201,6-1 6-3 6-2,5,R32,105.0,111797,200282,23.0,13.0,,,Nicolas Jarry,Alex De Minaur,R,R,201.0,183.0,CHI,AUS,27.8,24.5,25.0,13.0,1439.0,2595.0,4.0,2.0,3.0,4.0,71.0,69.0,44.0,34.0,28.0,29.0,8.0,22.0,12.0,12.0,3.0,1.0,9.0,1.0,B,0
2023-560,Us Open,Hard,128,G,20230828,202,6-4 6-2 3-6 6-3,5,R32,184.0,207733,111581,,,,WC,Jack Draper,Michael Mmoh,L,R,193.0,188.0,GBR,USA,21.6,25.6,123.0,89.0,491.0,644.0,13.0,10.0,5.0,7.0,111.0,115.0,64.0,73.0,55.0,56.0,20.0,13.0,18.0,18.0,4.0,4.0,6.0,9.0,A,1
2023-560,Us Open,Hard,128,G,20230828,203,3-6 6-3 6-1 7-5,5,R32,154.0,126239,126094,,8.0,,,Arthur Rinderknech,Andrey Rublev,R,R,196.0,188.0,FRA,RUS,28.0,25.8,73.0,8.0,781.0,4515.0,16.0,10.0,5.0,4.0,120.0,103.0,80.0,54.0,55.0,43.0,16.0,29.0,19.0,18.0,5.0,3.0,11.0,5.0,B,0
2023-560,Us Open,Hard,128,G,20230828,204,6-3 6-3 4-6 6-3,5,R32,190.0,111190,208014,,,,WC,Zhizhen Zhang,Rinky Hijikata,R,R,193.0,178.0,CHN,AUS,26.8,22.5,67.0,110.0,817.0,547.0,10.0,13.0,3.0,5.0,133.0,120.0,78.0,70.0,48.0,50.0,24.0,23.0,18.0,19.0,12.0,4.0,19.0,8.0,B,0
2023-560,Us Open,Hard,128,G,20230828,205,4-6 6-2 6-3 7-6(6),5,R32,175.0,105173,126207,22.0,10.0,,,Adrian Mannarino,Frances Tiafoe,L,R,180.0,188.0,FRA,USA,35.1,25.6,35.0,10.0,1206.0,3050.0,12.0,15.0,2.0,1.0,129.0,116.0,81.0,62.0,51.0,52.0,24.0,29.0,19.0,21.0,10.0,1.0,15.0,4.0,B,0
2023-560,Us Open,Hard,128,G,20230828,206,6-1 6-0 3-6 6-3,5,R32,139.0,200221,126205,21.0,14.0,,,Alejandro Davidovich Fokina,Tommy Paul,R,R,183.0,185.0,ESP,USA,24.2,26.2,21.0,14.0,1525.0,2570.0,3.0,15.0,6.0,3.0,88.0,110.0,54.0,63.0,32.0,51.0,15.0,20.0,15.0,16.0,2.0,5.0,8.0,6.0,B,0
2023-560,Us Open,Hard,128,G,20230828,207,6-4 3-6 6-2 6-0,5,R32,138.0,210097,106234,,,,,Ben Shelton,Aslan Karatsev,L,R,193.0,185.0,USA,RUS,20.8,29.9,47.0,77.0,1015.0,773.0,26.0,2.0,4.0,15.0,85.0,106.0,57.0,55.0,49.0,41.0,15.0,22.0,16.0,17.0,1.0,4.0,2.0,10.0,A,1
2023-560,Us Open,Hard,128,G,20230828,208,2-6 7-5 7-6(4) 3-6 6-2,5,R32,207.0,208502,126127,,,Q,WC,Dominic Stricker,Benjamin Bonzi,L,R,183.0,183.0,SUI,FRA,21.0,27.2,128.0,108.0,480.0,555.0,14.0,10.0,3.0,4.0,161.0,142.0,82.0,76.0,57.0,53.0,38.0,34.0,24.0,26.0,8.0,2.0,15.0,9.0,A,1
2023-560,Us Open,Hard,128,G,20230828,209,6-1 6-2 6-0,5,R32,90.0,126203,210150,9.0,,,Q,Taylor Fritz,Jakub Mensik,R,R,196.0,193.0,USA,CZE,25.8,17.9,9.0,206.0,3605.0,305.0,10.0,1.0,1.0,3.0,58.0,57.0,33.0,32.0,30.0,15.0,15.0,7.0,11.0,10.0,0.0,2.0,0.0,9.0,A,1
2023-560,Us Open,Hard,128,G,20230828,210,6-4 6-3 6-2,5,R32,126.0,106210,127339,,,,Q,Jiri Vesely,Borna Gojo,L,R,198.0,196.0,CZE,CRO,30.1,25.4,437.0,105.0,104.0,559.0,8.0,12.0,6.0,0.0,95.0,68.0,54.0,53.0,37.0,48.0,17.0,9.0,13.0,14.0,7.0,0.0,11.0,0.0,B,0
2023-560,Us Open,Hard,128,G,20230828,211,4-6 4-6 6-1 6-1 6-3,5,R32,225.0,104925,111513,2.0,32.0,,,Novak Djokovic,Laslo Djere,R,R,188.0,188.0,SRB,SRB,36.2,28.2,2.0,38.0,9795.0,1110.0,12.0,8.0,4.0,2.0,127.0,143.0,83.0,100.0,64.0,66.0,24.0,18.0,22.0,21.0,8.0,7.0,11.0,14.0,A,1
2023-560,Us Open,Hard,128,G,20230828,212,6-3 6-3 6-4,5,R16,117.0,207989,208286,1.0,,,,Carlos Alcaraz,Matteo Arnaldi,R,R,183.0,185.0,ESP,ITA,20.3,22.5,1.0,61.0,9815.0,855.0,2.0,4.0,3.0,3.0,74.0,90.0,49.0,57.0,38.0,37.0,15.0,14.0,14.0,14.0,0.0,7.0,1.0,12.0,A,1
2023-560,Us Open,Hard,128,G,20230828,213,6-4 3-6 6-2 4-6 6-3,5,R16,281.0,206173,100644,6.0,12.0,,,Jannik Sinner,Alexander Zverev,R,R,191.0,198.0,ITA,GER,22.0,26.3,6.0,12.0,4645.0,2670.0,12.0,16.0,7.0,6.0,160.0,162.0,86.0,113.0,59.0,79.0,37.0,24.0,23.0,23.0,8.0,8.0,14.0,12.0,B,0
2023-560,Us Open,Hard,128,G,20230828,214,2-6 6-4 6-1 6-2,5,R16,160.0,200282,106421,13.0,3.0,,,Alex De Minaur,Daniil Medvedev,R,R,183.0,198.0,AUS,RUS,24.5,27.5,13.0,3.0,2595.0,6260.0,1.0,11.0,2.0,6.0,95.0,104.0,52.0,67.0,36.0,54.0,20.0,15.0,16.0,17.0,5.0,4.0,10.0,6.0,B,0
2023-560,Us Open,Hard,128,G,20230828,215,6-3 3-6 6-3 6-4,5,R16,165.0,126094,207733,8.0,,,,Andrey Rublev,Jack Draper,R,L,188.0,193.0,RUS,GBR,25.8,21.6,8.0,123.0,4515.0,491.0,14.0,18.0,2.0,5.0,95.0,129.0,63.0,73.0,53.0,57.0,21.0,20.0,19.0,18.0,2.0,13.0,4.0,17.0,A,1
2023-560,Us Open,Hard,128,G,20230828,216,6-4 6-1 6-4,5,R16,120.0,126207,208014,10.0,,,WC,Frances Tiafoe,Rinky Hijikata,R,R,188.0,178.0,USA,AUS,25.6,22.5,10.0,110.0,3050.0,547.0,15.0,0.0,3.0,4.0,65.0,89.0,36.0,44.0,30.0,25.0,16.0,20.0,13.0,14.0,1.0,7.0,3.0,14.0,A,1
2023-560,Us Open,Hard,128,G,20230828,217,6-4 6-3 4-6 6-4,5,R16,169.0,210097,126205,,14.0,,,Ben Shelton,Tommy Paul,L,R,193.0,185.0,USA,USA,20.8,26.2,47.0,14.0,1015.0,2570.0,16.0,6.0,9.0,8.0,123.0,108.0,83.0,64.0,62.0,49.0,19.0,19.0,19.0,20.0,11.0,2.0,14.0,8.0,A,1
2023-560,Us Open,Hard,128,G,20230828,218,7-6(2) 6-4 6-4,5,R16,133.0,126203,208502,9.0,,,Q,Taylor Fritz,Dominic Stricker,R,L,196.0,183.0,USA,SUI,25.8,21.0,9.0,128.0,3605.0,480.0,17.0,13.0,5.0,7.0,98.0,92.0,54.0,49.0,45.0,40.0,24.0,19.0,17.0,16.0,3.0,1.0,4.0,4.0,A,1
2023-560,Us Open,Hard,128,G,20230828,219,6-2 7-5 6-4,5,R16,146.0,127339,104925,,2.0,Q,,Borna Gojo,Novak Djokovic,R,R,196.0,188.0,CRO,SRB,25.4,36.2,105.0,2.0,559.0,9795.0,14.0,12.0,8.0,3.0,114.0,76.0,73.0,51.0,48.0,45.0,16.0,13.0,15.0,15.0,8.0,0.0,13.0,1.0,B,0
2023-560,Us Open,Hard,128,G,20230828,220,6-3 6-2 6-4,5,QF,150.0,207989,100644,1.0,12.0,,,Carlos Alcaraz,Alexander Zverev,R,R,183.0,198.0,ESP,GER,20.3,26.3,1.0,12.0,9815.0,2670.0,3.0,6.0,3.0,4.0,97.0,77.0,55.0,52.0,42.0,38.0,24.0,7.0,14.0,13.0,5.0,0.0,5.0,4.0,A,1
2023-560,Us Open,Hard,128,G,20230828,221,6-4 6-3 6-4,5,QF,168.0,106421,126094,3.0,8.0,,,Daniil Medvedev,Andrey Rublev,R,R,198.0,188.0,RUS,RUS,27.5,25.8,3.0,8.0,6260.0,4515.0,8.0,4.0,9.0,5.0,100.0,98.0,55.0,59.0,41.0,38.0,13.0,11.0,14.0,15.0,8.0,10.0,13.0,19.0,A,1
2023-560,Us Open,Hard,128,G,20230828,222,6-2 3-6 7-6(7) 6-2,5,QF,187.0,126207,210097,10.0,,,,Frances Tiafoe,Ben Shelton,R,L,188.0,193.0,USA,USA,25.6,20.8,10.0,47.0,3050.0,1015.0,7.0,14.0,4.0,11.0,122.0,108.0,68.0,64.0,43.0,49.0,27.0,22.0,19.0,19.0,8.0,2.0,15.0,6.0,B,0
2023-560,Us Open,Hard,128,G,20230828,223,6-1 6-4 6-4,5,QF,155.0,104925,126203,2.0,9.0,,,Novak Djokovic,Taylor Fritz,R,R,188.0,196.0,SRB,USA,36.2,25.8,2.0,9.0,9795.0,3605.0,7.0,8.0,5.0,2.0,94.0,89.0,57.0,49.0,39.0,36.0,21.0,11.0,14.0,13.0,10.0,3.0,12.0,9.0,A,1
2023-560,Us Open,Hard,128,G,20230828,224,7-6(3) 6-1 3-6 6-3,5,SF,199.0,207989,106421,1.0,3.0,,,Carlos Alcaraz,Daniil Medvedev,R,R,183.0,198.0,ESP,RUS,20.3,27.5,1.0,3.0,9815.0,6260.0,0.0,9.0,0.0,10.0,133.0,129.0,93.0,83.0,64.0,68.0,19.0,23.0,18.0,20.0,4.0,8.0,7.0,9.0,B,0
2023-560,Us Open,Hard,128,G,20230828,225,6-3 6-2 7-6(4),5,SF,161.0,210097,104925,,2.0,,,Ben Shelton,Novak Djokovic,L,R,193.0,188.0,USA,SRB,20.8,36.2,47.0,2.0,1015.0,9795.0,5.0,5.0,5.0,3.0,102.0,99.0,72.0,67.0,43.0,56.0,14.0,11.0,14.0,16.0,9.0,4.0,14.0,6.0,B,0
2023-560,Us Open,Hard,128,G,20230828,226,6-3 7-6(5) 6-3,5,F,197.0,106421,104925,3.0,2.0,,,Daniil Medvedev,Novak Djokovic,R,R,198.0,188.0,RUS,SRB,27.5,36.2,3.0,2.0,6260.0,9795.0,6.0,4.0,6.0,6.0,106.0,109.0,69.0,59.0,49.0,48.0,14.0,27.0,15.0,16.0,3.0,2.0,6.0,3.0,B,0
2023-7581,Chengdu,Hard,32,A,20230920,300,6-7(2) 7-6(5) 6-3,3,F,176.0,100644,126128,1.0,,,,Alexander Zverev,Roman Safiullin,R,R,198.0,185.0,GER,RUS,26.4,26.1,10.0,55.0,3030.0,902.0,10.0,8.0,1.0,4.0,106.0,109.0,81.0,68.0,62.0,49.0,13.0,24.0,17.0,16.0,1.0,8.0,2.0,10.0,A,1
2023-7581,Chengdu,Hard,32,A,20230920,299,6-3 7-6(2),3,SF,110.0,100644,105777,1.0,3.0,,,Alexander Zverev,Grigor Dimitrov,R,R,198.0,191.0,GER,BUL,26.4,32.3,10.0,20.0,3030.0,1735.0,9.0,0.0,0.0,2.0,66.0,74.0,57.0,49.0,44.0,34.0,6.0,14.0,10.0,11.0,5.0,5.0,5.0,7.0,A,1
2023-7581,Chengdu,Hard,32,A,20230920,298,6-3 6-4,3,SF,89.0,207518,126128,2.0,,,,Lorenzo Musetti,Roman Safiullin,R,R,185.0,185.0,ITA,RUS,21.5,26.1,18.0,55.0,1925.0,902.0,1.0,9.0,4.0,1.0,57.0,57.0,34.0,35.0,26.0,29.0,9.0,15.0,9.0,10.0,2.0,0.0,4.0,0.0,B,0
2023-7581,Chengdu,Hard,32,A,20230920,297,5-7 7-5 6-2,3,QF,178.0,100644,200175,1.0,7.0,,,Alexander Zverev,Miomir Kecmanovic,R,R,198.0,183.0,GER,SRB,26.4,24.0,10.0,47.0,3030.0,985.0,13.0,4.0,3.0,3.0,103.0,112.0,81.0,59.0,55.0,38.0,12.0,25.0,16.0,16.0,7.0,12.0,10.0,17.0,A,1
2023-7581,Chengdu,Hard,32,A,20230920,296,6-4 6-1,3,QF,84.0,105777,106331,3.0,,,,Grigor Dimitrov,Christopher Oconnell,R,R,191.0,183.0,BUL,AUS,32.3,29.2,20.0,53.0,1735.0,930.0,3.0,4.0,2.0,2.0,52.0,62.0,27.0,43.0,21.0,27.0,17.0,7.0,9.0,8.0,2.0,5.0,2.0,8.0,A,1
2023-7581,Chengdu,Hard,32,A,20230920,295,7-6(1) 0-0 RET,3,QF,79.0,111442,126128,,,,,Jordan Thompson,Roman Safiullin,R,R,183.0,185.0,AUS,RUS,29.4,26.1,56.0,55.0,902.0,902.0,5.0,2.0,0.0,1.0,43.0,46.0,24.0,34.0,19.0,28.0,11.0,5.0,6.0,6.0,1.0,4.0,1.0,4.0,B,0
2023-7581,Chengdu,Hard,32,A,20230920,294,6-3 6-3,3,QF,87.0,126239,207518,,2.0,,,Arthur Rinderknech,Lorenzo Musetti,R,R,196.0,185.0,FRA,ITA,28.1,21.5,67.0,18.0,826.0,1925.0,7.0,1.0,3.0,2.0,60.0,51.0,35.0,30.0,25.0,24.0,10.0,14.0,9.0,9.0,4.0,0.0,7.0,0.0,B,0
2023-7581,Chengdu,Hard,32,A,20230920,293,7-6(5) 4-6 6-1,3,R16,145.0,100644,200303,1.0,,,Q,Alexander Zverev,Pavel Kotov,R,R,198.0,191.0,GER,RUS,26.4,24.8,10.0,106.0,3030.0,578.0,8.0,4.0,2.0,5.0,80.0,102.0,50.0,66.0,43.0,48.0,17.0,17.0,14.0,15.0,1.0,3.0,2.0,6.0,A,1
2023-7581,Chengdu,Hard,32,A,20230920,292,6-2 6-4,3,R16,95.0,144895,200175,,7.0,,,Corentin Moutet,Miomir Kecmanovic,L,R,180.0,183.0,FRA,SRB,24.4,24.0,122.0,47.0,499.0,985.0,1.0,1.0,3.0,0.0,65.0,46.0,37.0,33.0,20.0,24.0,11.0,9.0,9.0,9.0,7.0,3.0,12.0,5.0,B,0
2023-7581,Chengdu,Hard,32,A,20230920,291,6-3 6-4,3,R16,85.0,105777,122669,3.0,,,,Grigor Dimitrov,Juan Pablo Varillas,R,R,191.0,185.0,BUL,PER,32.3,27.9,20.0,70.0,1735.0,815.0,6.0,2.0,3.0,1.0,54.0,52.0,39.0,21.0,30.0,15.0,4.0,10.0,10.0,9.0,0.0,2.0,3.0,7.0,A,1
2023-7581,Chengdu,Hard,32,A,20230920,290,7-6(10) 6-4,3,R16,156.0,106331,106121,,,,,Christopher Oconnell,Taro Daniel,R,R,183.0,191.0,AUS,JPN,29.2,30.6,53.0,95.0,930.0,643.0,9.0,3.0,2.0,5.0,97.0,91.0,55.0,48.0,44.0,34.0,21.0,22.0,11.0,11.0,9.0,8.0,10.0,10.0,A,1
2023-7581,Chengdu,Hard,32,A,20230920,289,6-1 7-6(1),3,R16,88.0,111442,105583,,,,,Jordan Thompson,Dusan Lajovic,R,R,183.0,183.0,AUS,SRB,29.4,33.2,56.0,52.0,902.0,938.0,9.0,2.0,0.0,0.0,47.0,69.0,30.0,51.0,26.0,30.0,14.0,8.0,9.0,10.0,0.0,5.0,0.0,8.0,A,1
2023-7581,Chengdu,Hard,32,A,20230920,288,6-3 6-3,3,R16,83.0,126128,105554,,4.0,,,Roman Safiullin,Daniel Evans,R,R,185.0,175.0,RUS,GBR,26.1,33.3,55.0,27.0,902.0,1381.0,5.0,6.0,2.0,5.0,58.0,50.0,38.0,28.0,27.0,20.0,11.0,8.0,9.0,9.0,3.0,2.0,4.0,6.0,A,1
2023-7581,Chengdu,Hard,32,A,20230920,287,7-6(2) 6-4,3,R16,100.0,106218,126239,,,,,Marcos Giron,Arthur Rinderknech,R,R,180.0,196.0,USA,FRA,30.1,28.1,64.0,67.0,850.0,826.0,7.0,9.0,2.0,1.0,59.0,71.0,30.0,46.0,23.0,36.0,15.0,10.0,11.0,11.0,1.0,3.0,4.0,5.0,B,0
2023-7581,Chengdu,Hard,32,A,20230920,286,7-6(3) 6-7(4) 6-0,3,R16,174.0,210340,207518,,2.0,Q,,Philip Sekulic,Lorenzo Musetti,R,R,191.0,185.0,AUS,ITA,20.0,21.5,325.0,18.0,163.0,1925.0,6.0,11.0,2.0,5.0,105.0,93.0,72.0,52.0,46.0,38.0,14.0,24.0,15.0,15.0,9.0,0.0,15.0,3.0,B,0
2023-7581,Chengdu,Hard,32,A,20230920,284,7-5 7-5,3,R32,113.0,123755,200303,,,,Q,Daniel Elahi Galan,Pavel Kotov,R,R,191.0,191.0,COL,RUS,27.2,24.8,87.0,106.0,699.0,578.0,10.0,2.0,1.0,0.0,78.0,72.0,48.0,40.0,33.0,30.0,14.0,21.0,12.0,12.0,5.0,7.0,8.0,8.0,B,0
2023-7581,Chengdu,Hard,32,A,20230920,283,6-2 6-2,3,R32,78.0,200307,144895,,,WC,,Tao Mu,Corentin Moutet,R,L,180.0,180.0,CHN,FRA,23.3,24.4,573.0,122.0,63.0,499.0,1.0,0.0,7.0,1.0,46.0,51.0,29.0,35.0,16.0,28.0,3.0,6.0,8.0,8.0,4.0,3.0,9.0,4.0,B,0
2023-7581,Chengdu,Hard,32,A,20230920,282,6-2 6-3,3,R32,88.0,200175,111761,7.0,,,Q,Miomir Kecmanovic,Benjamin Lock,R,R,183.0,198.0,SRB,ZIM,24.0,30.5,47.0,346.0,985.0,145.0,6.0,0.0,1.0,3.0,57.0,62.0,32.0,38.0,24.0,21.0,15.0,10.0,9.0,8.0,7.0,6.0,8.0,10.0,A,1
2023-7581,Chengdu,Hard,32,A,20230920,280,6-1 6-3,3,R32,77.0,122669,200666,,,,WC,Juan Pablo Varillas,Jie Cui,R,R,185.0,183.0,PER,CHN,27.9,25.6,70.0,583.0,815.0,60.0,5.0,5.0,0.0,1.0,50.0,42.0,31.0,25.0,25.0,15.0,10.0,8.0,8.0,8.0,0.0,2.0,0.0,6.0,A,1
2023-7581,Chengdu,Hard,32,A,20230920,279,7-6(3) 6-4,3,R32,128.0,208230,106331,,,Q,,Alibek Kachmazov,Christopher Oconnell,R,R,185.0,183.0,RUS,AUS,21.0,29.2,319.0,53.0,168.0,930.0,3.0,6.0,6.0,1.0,84.0,73.0,42.0,44.0,30.0,30.0,18.0,18.0,11.0,11.0,6.0,6.0,9.0,8.0,B,0
2023-7581,Chengdu,Hard,32,A,20230920,278,4-6 6-4 6-2,3,R32,134.0,106121,126846,,8.0,,,Taro Daniel,Aleksandar Vukic,R,R,191.0,188.0,JPN,AUS,30.6,27.4,95.0,50.0,643.0,947.0,7.0,6.0,5.0,2.0,79.0,91.0,41.0,53.0,30.0,33.0,20.0,18.0,14.0,14.0,4.0,9.0,7.0,14.0,A,1
2023-7581,Chengdu,Hard,32,A,20230920,277,6-2 7-6(8),3,R32,111.0,111442,126845,,6.0,,,Jordan Thompson,Max Purcell,R,R,183.0,185.0,AUS,AUS,29.4,25.4,56.0,43.0,902.0,1047.0,13.0,6.0,0.0,2.0,66.0,69.0,34.0,36.0,27.0,31.0,20.0,12.0,10.0,10.0,1.0,6.0,2.0,9.0,A,1
2023-7581,Chengdu,Hard,32,A,20230920,276,6-4 1-6 6-3,3,R32,102.0,105583,200267,,,,WC,Dusan Lajovic,Zizou Bergs,R,R,183.0,185.0,SRB,BEL,33.2,24.2,52.0,172.0,938.0,354.0,0.0,10.0,1.0,4.0,69.0,68.0,61.0,40.0,44.0,34.0,5.0,15.0,13.0,13.0,2.0,2.0,4.0,4.0,A,1
2023-7581,Chengdu,Hard,32,A,20230920,275,6-4 6-4,3,R32,88.0,206909,126128,,,,,Brandon Nakashima,Roman Safiullin,R,R,188.0,185.0,USA,RUS,22.1,26.1,81.0,55.0,735.0,902.0,9.0,5.0,1.0,2.0,58.0,55.0,40.0,34.0,27.0,28.0,10.0,13.0,10.0,10.0,1.0,0.0,3.0,0.0,B,0
2023-7581,Chengdu,Hard,32,A,20230920,273,7-6(6) 6-3,3,R32,101.0,122330,106218,5.0,,,,Alexander Bublik,Marcos Giron,R,R,196.0,180.0,KAZ,USA,26.2,30.1,29.0,64.0,1349.0,850.0,4.0,1.0,7.0,1.0,65.0,84.0,37.0,47.0,25.0,34.0,13.0,17.0,10.0,11.0,2.0,5.0,5.0,7.0,B,0
2023-7581,Chengdu,Hard,32,A,20230920,272,7-6(5) 7-6(6),3,R32,116.0,111454,126239,,,LL,,Li Tu,Arthur Rinderknech,R,R,183.0,196.0,AUS,FRA,27.3,28.1,203.0,67.0,306.0,826.0,5.0,11.0,2.0,5.0,74.0,85.0,42.0,51.0,33.0,43.0,21.0,16.0,12.0,12.0,5.0,1.0,6.0,2.0,B,0
2023-7581,Chengdu,Hard,32,A,20230920,271,7-5 5-7 6-3,3,R32,155.0,210340,132686,,,Q,,Philip Sekulic,Nuno Borges,R,R,191.0,185.0,AUS,POR,20.0,26.5,325.0,88.0,163.0,694.0,5.0,13.0,6.0,3.0,101.0,111.0,56.0,74.0,42.0,52.0,22.0,13.0,17.0,16.0,6.0,11.0,10.0,16.0,A,1
2023-9164,Zhuhai,Hard,32,A,20230920,300,7-6(2) 6-1,3,F,102.0,106415,111575,8.0,1.0,,,Yoshihito Nishioka,Karen Khachanov,L,R,170.0,198.0,JPN,RUS,27.9,27.3,46.0,15.0,1025.0,2135.0,2.0,9.0,0.0,3.0,62.0,61.0,31.0,39.0,17.0,30.0,15.0,12.0,9.0,10.0,5.0,5.0,8.0,6.0,B,0
2023-9164,Zhuhai,Hard,32,A,20230920,299,7-5 6-4,3,SF,110.0,200624,111575,4.0,1.0,,,Sebastian Korda,Karen Khachanov,R,R,196.0,198.0,USA,RUS,23.2,27.3,33.0,15.0,1295.0,2135.0,9.0,4.0,5.0,2.0,70.0,61.0,40.0,36.0,27.0,30.0,13.0,12.0,11.0,11.0,5.0,4.0,9.0,6.0,B,0
2023-9164,Zhuhai,Hard,32,A,20230920,298,6-4 6-4,3,SF,119.0,106234,106415,,8.0,,,Aslan Karatsev,Yoshihito Nishioka,R,L,185.0,170.0,RUS,JPN,30.0,27.9,63.0,46.0,853.0,1025.0,8.0,3.0,5.0,2.0,59.0,70.0,33.0,48.0,24.0,31.0,9.0,13.0,10.0,10.0,3.0,2.0,7.0,4.0,B,0
2023-9164,Zhuhai,Hard,32,A,20230920,297,4-6 6-4 6-4,3,QF,156.0,111456,111575,6.0,1.0,,,Mackenzie Mcdonald,Karen Khachanov,R,R,178.0,198.0,USA,RUS,28.4,27.3,39.0,15.0,1120.0,2135.0,5.0,4.0,2.0,7.0,92.0,91.0,59.0,49.0,37.0,37.0,15.0,17.0,15.0,15.0,3.0,2.0,8.0,6.0,B,0
2023-9164,Zhuhai,Hard,32,A,20230920,296,6-1 6-2,3,QF,71.0,144869,200624,5.0,4.0,,,Tomas Martin Etcheverry,Sebastian Korda,R,R,196.0,196.0,ARG,USA,24.1,23.2,35.0,33.0,1285.0,1295.0,3.0,9.0,2.0,1.0,50.0,46.0,31.0,30.0,18.0,23.0,6.0,12.0,7.0,8.0,3.0,0.0,7.0,0.0,B,0
2023-9164,Zhuhai,Hard,32,A,20230920,295,6-4 7-5,3,QF,90.0,105526,106415,3.0,8.0,,,Jan Lennard Struff,Yoshihito Nishioka,R,L,193.0,170.0,GER,JPN,33.3,27.9,23.0,46.0,1474.0,1025.0,11.0,0.0,2.0,0.0,59.0,62.0,37.0,44.0,28.0,37.0,8.0,10.0,11.0,11.0,2.0,4.0,5.0,5.0,B,0
2023-9164,Zhuhai,Hard,32,A,20230920,294,7-6(5) 7-6(5),3,QF,141.0,106234,111815,,2.0,,,Aslan Karatsev,Cameron Norrie,R,L,185.0,188.0,RUS,GBR,30.0,28.0,63.0,17.0,853.0,1985.0,9.0,9.0,5.0,0.0,83.0,77.0,52.0,54.0,40.0,41.0,20.0,14.0,12.0,12.0,0.0,3.0,1.0,4.0,A,1
2023-9164,Zhuhai,Hard,32,A,20230920,293,6-4 6-4,3,R16,109.0,111575,106109,1.0,,,Q,Karen Khachanov,Alex Bolt,R,L,198.0,183.0,RUS,AUS,27.3,30.6,15.0,323.0,2135.0,165.0,8.0,6.0,1.0,0.0,72.0,65.0,47.0,35.0,35.0,26.0,14.0,15.0,10.0,10.0,10.0,3.0,10.0,5.0,A,1
2023-9164,Zhuhai,Hard,32,A,20230920,292,4-6 6-3 6-2,3,R16,129.0,106293,111456,,6.0,,,Kimmer Coppejans,Mackenzie Mcdonald,R,R,178.0,178.0,BEL,USA,29.6,28.4,186.0,39.0,326.0,1120.0,11.0,6.0,3.0,2.0,88.0,77.0,46.0,48.0,31.0,38.0,19.0,16.0,13.0,14.0,12.0,0.0,16.0,2.0,B,0
2023-9164,Zhuhai,Hard,32,A,20230920,291,6-1 2-6 6-3,3,R16,115.0,124186,200624,,4.0,,,Alexandre Muller,Sebastian Korda,R,R,183.0,196.0,FRA,USA,26.6,23.2,84.0,33.0,722.0,1295.0,2.0,9.0,0.0,1.0,64.0,84.0,36.0,49.0,25.0,36.0,14.0,17.0,12.0,12.0,1.0,4.0,5.0,6.0,B,0
2023-9164,Zhuhai,Hard,32,A,20230920,290,6-2 6-3,3,R16,96.0,144869,207494,5.0,,,,Tomas Martin Etcheverry,Dalibor Svrcina,R,R,196.0,178.0,ARG,CZE,24.1,20.9,35.0,167.0,1285.0,378.0,6.0,1.0,1.0,5.0,50.0,61.0,31.0,37.0,20.0,19.0,11.0,8.0,8.0,9.0,5.0,5.0,7.0,11.0,A,1
2023-9164,Zhuhai,Hard,32,A,20230920,289,7-6(4) 7-6(5),3,R16,125.0,106415,144750,8.0,,,,Yoshihito Nishioka,Lloyd Harris,L,R,170.0,193.0,JPN,RSA,27.9,26.5,46.0,162.0,1025.0,392.0,2.0,16.0,1.0,2.0,74.0,81.0,52.0,45.0,42.0,40.0,16.0,19.0,12.0,12.0,0.0,1.0,0.0,1.0,A,1
2023-9164,Zhuhai,Hard,32,A,20230920,288,6-3 1-6 6-4,3,R16,124.0,106426,105526,,3.0,,,Cristian Garin,Jan Lennard Struff,R,R,185.0,193.0,CHI,GER,27.3,33.3,102.0,23.0,596.0,1474.0,6.0,12.0,9.0,5.0,76.0,77.0,42.0,46.0,30.0,36.0,19.0,13.0,13.0,13.0,7.0,2.0,10.0,5.0,B,0
2023-9164,Zhuhai,Hard,32,A,20230920,287,4-6 6-3 6-2,3,R16,175.0,104918,106234,7.0,,,,Andy Murray,Aslan Karatsev,R,R,191.0,185.0,GBR,RUS,36.3,30.0,41.0,63.0,1075.0,853.0,7.0,9.0,1.0,4.0,92.0,88.0,52.0,51.0,35.0,41.0,16.0,15.0,13.0,14.0,8.0,3.0,13.0,6.0,B,0
2023-9164,Zhuhai,Hard,32,A,20230920,286,6-0 6-3,3,R16,76.0,117360,111815,,2.0,Q,,Marc Polmans,Cameron Norrie,R,L,188.0,188.0,AUS,GBR,26.3,28.0,152.0,17.0,410.0,1985.0,2.0,5.0,2.0,2.0,46.0,44.0,30.0,28.0,16.0,22.0,6.0,11.0,7.0,8.0,3.0,0.0,7.0,0.0,B,0
2023-9164,Zhuhai,Hard,32,A,20230920,284,6-3 4-2 RET,3,R32,54.0,106043,106109,,,,Q,Diego Schwartzman,Alex Bolt,R,L,170.0,183.0,ARG,AUS,31.0,30.6,136.0,323.0,451.0,165.0,0.0,5.0,3.0,3.0,39.0,38.0,24.0,19.0,15.0,17.0,7.0,11.0,7.0,8.0,2.0,0.0,5.0,1.0,B,0
2023-9164,Zhuhai,Hard,32,A,20230920,283,7-6(4) 6-1,3,R32,83.0,106293,206499,,,,,Kimmer Coppejans,Aleksandar Kovacevic,R,R,178.0,183.0,BEL,USA,29.6,25.0,186.0,116.0,326.0,524.0,12.0,7.0,1.0,3.0,54.0,48.0,35.0,26.0,30.0,25.0,15.0,9.0,10.0,9.0,0.0,0.0,0.0,2.0,A,1
2023-9164,Zhuhai,Hard,32,A,20230920,282,6-4 6-7(3) 6-3,3,R32,156.0,209992,111456,,6.0,,,Juncheng Shang,Mackenzie Mcdonald,L,R,180.0,178.0,CHN,USA,18.6,28.4,158.0,39.0,397.0,1120.0,5.0,8.0,5.0,1.0,96.0,90.0,53.0,63.0,41.0,51.0,20.0,13.0,15.0,16.0,3.0,1.0,7.0,3.0,B,0
2023-9164,Zhuhai,Hard,32,A,20230920,280,6-3 6-2,3,R32,95.0,208014,124186,,,,,Rinky Hijikata,Alexandre Muller,R,R,178.0,183.0,AUS,FRA,22.5,26.6,72.0,84.0,769.0,722.0,0.0,1.0,2.0,2.0,56.0,62.0,32.0,39.0,15.0,28.0,10.0,10.0,8.0,9.0,2.0,2.0,7.0,4.0,B,0
2023-9164,Zhuhai,Hard,32,A,20230920,279,6-4 6-3,3,R32,91.0,104810,207494,,,WC,,Zhe Li,Dalibor Svrcina,R,R,183.0,178.0,CHN,CZE,36.9,20.9,602.0,167.0,55.0,378.0,4.0,1.0,0.0,1.0,53.0,51.0,25.0,40.0,17.0,30.0,14.0,7.0,10.0,9.0,1.0,7.0,5.0,8.0,B,0
2023-9164,Zhuhai,Hard,32,A,20230920,278,6-4 6-4,3,R32,121.0,106291,144869,,5.0,Q,,Luke Saville,Tomas Martin Etcheverry,R,R,188.0,196.0,AUS,ARG,29.7,24.1,313.0,35.0,176.0,1285.0,6.0,4.0,2.0,1.0,83.0,51.0,51.0,29.0,35.0,26.0,13.0,16.0,10.0,10.0,9.0,1.0,11.0,1.0,B,0
2023-9164,Zhuhai,Hard,32,A,20230920,277,0-6 6-4 6-2,3,R32,115.0,106415,209279,8.0,,,,Yoshihito Nishioka,Terence Atmane,L,L,170.0,193.0,JPN,FRA,27.9,21.6,46.0,149.0,1025.0,417.0,1.0,10.0,2.0,4.0,70.0,72.0,49.0,45.0,29.0,34.0,15.0,11.0,12.0,12.0,2.0,1.0,5.0,4.0,A,1
2023-9164,Zhuhai,Hard,32,A,20230920,276,6-4 6-2,3,R32,70.0,144750,106210,,,,PR,Lloyd Harris,Jiri Vesely,R,L,193.0,198.0,RSA,CZE,26.5,30.1,162.0,300.0,392.0,184.0,19.0,8.0,2.0,5.0,42.0,47.0,28.0,27.0,26.0,20.0,10.0,8.0,9.0,9.0,0.0,1.0,0.0,4.0,A,1
2023-9164,Zhuhai,Hard,32,A,20230920,275,4-6 6-4 6-2,3,R32,142.0,106426,212044,,,,WC,Cristian Garin,Yi Zhou,R,R,185.0,193.0,CHI,CHN,27.3,18.5,102.0,903.0,596.0,18.0,8.0,10.0,9.0,3.0,81.0,75.0,41.0,44.0,36.0,30.0,21.0,18.0,14.0,14.0,7.0,2.0,9.0,6.0,A,1
2023-9164,Zhuhai,Hard,32,A,20230920,273,7-5 6-3,3,R32,102.0,202168,104918,,7.0,WC,,Ye Cong Mo,Andy Murray,R,R,183.0,191.0,CHN,GBR,23.2,36.3,668.0,41.0,46.0,1075.0,1.0,10.0,3.0,1.0,57.0,74.0,36.0,49.0,26.0,39.0,9.0,14.0,10.0,11.0,1.0,5.0,3.0,5.0,B,0
2023-9164,Zhuhai,Hard,32,A,20230920,272,6-7(5) 7-6(5) 6-2,3,R32,189.0,208286,106234,,,,,Matteo Arnaldi,Aslan Karatsev,R,R,185.0,185.0,ITA,RUS,22.5,30.0,48.0,63.0,983.0,853.0,7.0,17.0,4.0,9.0,126.0,95.0,78.0,60.0,52.0,50.0,24.0,20.0,16.0,16.0,7.0,2.0,11.0,4.0,B,0
2023-9164,Zhuhai,Hard,32,A,20230920,271,6-3 6-1,3,R32,92.0,117360,208013,,,Q,Q,Marc Polmans,Dane Sweeny,R,R,188.0,170.0,AUS,AUS,26.3,22.5,152.0,247.0,410.0,249.0,9.0,0.0,2.0,3.0,47.0,51.0,36.0,24.0,30.0,15.0,5.0,10.0,8.0,8.0,2.0,2.0,2.0,6.0,A,1
2023-9410,Astana,Hard,32,A,20230925,300,4-6 6-3 6-2,3,F,129.0,200624,105173,5.0,6.0,,,Sebastian Korda,Adrian Mannarino,R,L,196.0,180.0,USA,FRA,23.2,35.2,28.0,34.0,1340.0,1286.0,9.0,5.0,2.0,7.0,77.0,89.0,48.0,48.0,30.0,34.0,15.0,23.0,13.0,14.0,4.0,2.0,8.0,4.0,B,0
2023-9410,Astana,Hard,32,A,20230925,299,6-7(8) 7-6(2) 7-6(3),3,SF,172.0,209098,200624,,5.0,WC,,Hamad Medjedovic,Sebastian Korda,R,R,188.0,196.0,SRB,USA,20.1,23.2,120.0,28.0,503.0,1340.0,16.0,18.0,1.0,1.0,121.0,114.0,80.0,76.0,60.0,66.0,27.0,23.0,18.0,18.0,3.0,2.0,3.0,2.0,B,0
2023-9410,Astana,Hard,32,A,20230925,298,6-4 6-2,3,SF,70.0,105173,124116,6.0,,,,Adrian Mannarino,Sebastian Ofner,L,R,180.0,191.0,FRA,AUT,35.2,27.3,34.0,58.0,1286.0,885.0,6.0,4.0,3.0,3.0,53.0,49.0,32.0,25.0,24.0,18.0,11.0,8.0,9.0,9.0,1.0,0.0,2.0,4.0,A,1
2023-9410,Astana,Hard,32,A,20230925,297,6-4 4-6 6-3,3,QF,101.0,200624,134868,5.0,1.0,,,Sebastian Korda,Tallon Griekspoor,R,R,196.0,188.0,USA,NED,23.2,27.2,28.0,24.0,1340.0,1446.0,12.0,11.0,2.0,5.0,82.0,77.0,54.0,47.0,40.0,40.0,20.0,16.0,15.0,14.0,2.0,5.0,3.0,7.0,A,1
2023-9410,Astana,Hard,32,A,20230925,296,6-3 6-4,3,QF,75.0,209098,208103,,4.0,WC,,Hamad Medjedovic,Jiri Lehecka,R,R,188.0,185.0,SRB,CZE,20.1,21.8,120.0,29.0,503.0,1338.0,7.0,4.0,2.0,3.0,72.0,50.0,49.0,38.0,35.0,27.0,13.0,6.0,10.0,9.0,4.0,0.0,4.0,2.0,A,1
2023-9410,Astana,Hard,32,A,20230925,295,5-7 6-4 6-2,3,QF,146.0,124116,106233,,,,,Sebastian Ofner,Dominic Thiem,R,R,191.0,185.0,AUT,AUT,27.3,30.0,58.0,81.0,885.0,731.0,4.0,5.0,2.0,2.0,82.0,108.0,53.0,71.0,45.0,48.0,16.0,18.0,15.0,15.0,2.0,12.0,3.0,15.0,A,1
2023-9410,Astana,Hard,32,A,20230925,294,6-1 7-6(6),3,QF,104.0,200514,105173,,6.0,Q,,Jurij Rodionov,Adrian Mannarino,L,L,191.0,180.0,AUT,FRA,24.3,35.2,107.0,34.0,572.0,1286.0,3.0,3.0,1.0,5.0,61.0,71.0,35.0,38.0,22.0,28.0,11.0,17.0,9.0,10.0,0.0,8.0,4.0,10.0,B,0
2023-9410,Astana,Hard,32,A,20230925,293,7-6(5) 6-7(4) 6-1,3,R16,133.0,200647,134868,,1.0,Q,,Sho Shimabukuro,Tallon Griekspoor,R,R,180.0,188.0,JPN,NED,26.1,27.2,148.0,24.0,416.0,1446.0,5.0,17.0,9.0,2.0,107.0,89.0,57.0,58.0,43.0,50.0,24.0,17.0,16.0,15.0,3.0,2.0,6.0,2.0,B,0
2023-9410,Astana,Hard,32,A,20230925,292,6-4 7-6(4),3,R16,84.0,200624,132686,5.0,,,,Sebastian Korda,Nuno Borges,R,R,196.0,185.0,USA,POR,23.2,26.5,28.0,86.0,1340.0,694.0,12.0,3.0,2.0,0.0,62.0,65.0,37.0,43.0,30.0,29.0,18.0,14.0,11.0,11.0,2.0,1.0,3.0,3.0,A,1
2023-9410,Astana,Hard,32,A,20230925,291,6-2 7-6(3),3,R16,86.0,106078,208103,,4.0,Q,,Egor Gerasimov,Jiri Lehecka,R,R,196.0,185.0,BLR,CZE,30.8,21.8,661.0,29.0,46.0,1338.0,2.0,4.0,0.0,1.0,62.0,64.0,38.0,45.0,26.0,36.0,12.0,12.0,10.0,10.0,0.0,5.0,3.0,6.0,B,0
2023-9410,Astana,Hard,32,A,20230925,290,6-4 6-4,3,R16,69.0,209098,207686,,,WC,WC,Hamad Medjedovic,Alexander Shevchenko,R,R,188.0,185.0,SRB,KAZ,20.1,22.8,120.0,85.0,503.0,697.0,9.0,5.0,0.0,2.0,53.0,61.0,38.0,42.0,32.0,28.0,9.0,11.0,10.0,10.0,1.0,4.0,1.0,6.0,A,1
2023-9410,Astana,Hard,32,A,20230925,289,6-3 4-6 7-6(2),3,R16,140.0,106233,106218,,,,,Dominic Thiem,Marcos Giron,R,R,185.0,180.0,AUT,USA,30.0,30.1,81.0,82.0,731.0,720.0,7.0,11.0,3.0,0.0,92.0,100.0,59.0,61.0,45.0,42.0,19.0,24.0,16.0,15.0,7.0,5.0,9.0,7.0,A,1
2023-9410,Astana,Hard,32,A,20230925,288,6-4 6-2,3,R16,70.0,122330,124116,3.0,,,,Alexander Bublik,Sebastian Ofner,R,R,196.0,191.0,KAZ,AUT,26.2,27.3,35.0,58.0,1209.0,885.0,2.0,5.0,4.0,1.0,52.0,57.0,31.0,32.0,22.0,25.0,9.0,16.0,9.0,9.0,3.0,2.0,6.0,2.0,B,0
2023-9410,Astana,Hard,32,A,20230925,287,6-2 5-7 6-3,3,R16,139.0,105173,208230,6.0,,,Q,Adrian Mannarino,Alibek Kachmazov,L,R,180.0,185.0,FRA,RUS,35.2,21.1,34.0,315.0,1286.0,178.0,2.0,9.0,3.0,3.0,94.0,88.0,55.0,49.0,35.0,32.0,19.0,14.0,14.0,15.0,5.0,5.0,10.0,13.0,A,1
2023-9410,Astana,Hard,32,A,20230925,286,6-2 6-4,3,R16,94.0,202104,200514,2.0,,,Q,Sebastian Baez,Jurij Rodionov,R,L,170.0,191.0,ARG,AUT,22.7,24.3,27.0,107.0,1375.0,572.0,0.0,5.0,0.0,3.0,75.0,52.0,63.0,34.0,33.0,26.0,5.0,11.0,9.0,9.0,6.0,2.0,10.0,3.0,B,0
2023-9410,Astana,Hard,32,A,20230925,284,6-2 6-4,3,R32,89.0,106148,200647,,,,Q,Roberto Carballes Baena,Sho Shimabukuro,R,R,183.0,180.0,ESP,JPN,30.5,26.1,61.0,148.0,870.0,416.0,4.0,4.0,7.0,1.0,74.0,52.0,39.0,31.0,24.0,26.0,15.0,9.0,9.0,9.0,3.0,0.0,7.0,1.0,B,0
2023-9410,Astana,Hard,32,A,20230925,283,5-7 7-6(6) 6-4,3,R32,170.0,105062,132686,,,WC,,Mikhail Kukushkin,Nuno Borges,R,R,183.0,185.0,KAZ,POR,35.7,26.5,246.0,86.0,250.0,694.0,4.0,5.0,3.0,3.0,109.0,114.0,70.0,84.0,50.0,57.0,23.0,19.0,17.0,17.0,5.0,2.0,7.0,4.0,B,0
2023-9410,Astana,Hard,32,A,20230925,282,7-6(5) 6-7(4) 6-4,3,R32,174.0,200615,200624,,5.0,,,Alexei Popyrin,Sebastian Korda,R,R,196.0,196.0,AUS,USA,24.1,23.2,45.0,28.0,1030.0,1340.0,12.0,19.0,5.0,4.0,126.0,118.0,79.0,83.0,59.0,65.0,20.0,15.0,17.0,17.0,1.0,7.0,3.0,8.0,B,0
2023-9410,Astana,Hard,32,A,20230925,280,7-6(5) 6-3,3,R32,108.0,106078,126523,,,Q,,Egor Gerasimov,Bernabe Zapata Miralles,R,R,196.0,183.0,BLR,ESP,30.8,26.6,661.0,72.0,46.0,766.0,7.0,1.0,2.0,2.0,72.0,70.0,44.0,34.0,35.0,23.0,10.0,17.0,11.0,10.0,1.0,6.0,3.0,9.0,A,1
2023-9410,Astana,Hard,32,A,20230925,279,6-4 6-3,3,R32,97.0,122298,207686,,,,WC,Botic Van De Zandschulp,Alexander Shevchenko,R,R,191.0,185.0,NED,KAZ,27.9,22.8,68.0,85.0,825.0,697.0,5.0,5.0,1.0,1.0,67.0,64.0,36.0,44.0,23.0,29.0,12.0,10.0,9.0,10.0,4.0,3.0,8.0,5.0,B,0
2023-9410,Astana,Hard,32,A,20230925,278,6-3 2-1 RET,3,R32,47.0,209098,111513,,7.0,WC,,Hamad Medjedovic,Laslo Djere,R,R,188.0,188.0,SRB,SRB,20.1,28.3,120.0,37.0,503.0,1190.0,5.0,0.0,1.0,3.0,33.0,34.0,25.0,21.0,21.0,16.0,4.0,5.0,6.0,6.0,1.0,4.0,1.0,6.0,A,1
2023-9410,Astana,Hard,32,A,20230925,277,6-7(6) 7-6(4) 7-6(6),3,R32,167.0,106218,104527,,8.0,,,Marcos Giron,Stan Wawrinka,R,R,180.0,183.0,USA,SUI,30.1,38.4,82.0,47.0,720.0,982.0,8.0,15.0,0.0,6.0,118.0,114.0,68.0,54.0,55.0,49.0,34.0,37.0,18.0,18.0,0.0,0.0,0.0,0.0,A,1
2023-9410,Astana,Hard,32,A,20230925,276,6-3 7-6(8),3,R32,131.0,106233,122669,,,,,Dominic Thiem,Juan Pablo Varillas,R,R,185.0,185.0,AUT,PER,30.0,27.9,81.0,67.0,731.0,825.0,6.0,5.0,4.0,2.0,78.0,77.0,44.0,47.0,35.0,32.0,16.0,15.0,11.0,10.0,3.0,5.0,4.0,7.0,A,1
2023-9410,Astana,Hard,32,A,20230925,275,2-6 6-2 6-3,3,R32,111.0,124116,105916,,,,,Sebastian Ofner,Marton Fucsovics,R,R,191.0,188.0,AUT,HUN,27.3,31.6,58.0,57.0,885.0,898.0,1.0,3.0,1.0,2.0,76.0,66.0,40.0,33.0,30.0,28.0,21.0,13.0,13.0,12.0,4.0,0.0,6.0,3.0,A,1
2023-9410,Astana,Hard,32,A,20230925,273,7-6(4) 6-2,3,R32,116.0,126239,105173,,6.0,,,Arthur Rinderknech,Adrian Mannarino,R,L,196.0,180.0,FRA,FRA,28.1,35.2,66.0,34.0,826.0,1286.0,6.0,1.0,2.0,3.0,68.0,78.0,39.0,47.0,26.0,34.0,14.0,17.0,10.0,10.0,6.0,6.0,9.0,7.0,B,0
2023-9410,Astana,Hard,32,A,20230925,272,6-3 7-6(5),3,R32,132.0,144895,208230,,,,Q,Corentin Moutet,Alibek Kachmazov,L,R,180.0,185.0,FRA,RUS,24.4,21.1,119.0,315.0,508.0,178.0,2.0,2.0,3.0,1.0,89.0,62.0,44.0,37.0,28.0,26.0,19.0,13.0,11.0,10.0,6.0,2.0,11.0,5.0,B,0
2023-9410,Astana,Hard,32,A,20230925,271,2-6 6-4 7-6(5),3,R32,141.0,200514,106296,,,Q,,Jurij Rodionov,Gregoire Barrere,L,R,191.0,183.0,AUT,FRA,24.3,29.6,107.0,63.0,572.0,858.0,4.0,4.0,1.0,1.0,98.0,94.0,58.0,58.0,41.0,45.0,23.0,20.0,15.0,15.0,5.0,2.0,8.0,4.0,A,1
2023-0747,Beijing,Hard,32,A,20230927,300,7-6(2) 7-6(2),3,F,121.0,206173,106421,6.0,2.0,,,Jannik Sinner,Daniil Medvedev,R,R,191.0,198.0,ITA,RUS,22.1,27.6,7.0,3.0,4465.0,7280.0,3.0,6.0,0.0,4.0,75.0,78.0,51.0,57.0,42.0,43.0,17.0,11.0,12.0,12.0,1.0,5.0,1.0,5.0,A,1
2023-0747,Beijing,Hard,32,A,20230927,299,7-6(4) 6-1,3,SF,115.0,207989,206173,1.0,6.0,,,Carlos Alcaraz,Jannik Sinner,R,R,183.0,191.0,ESP,ITA,20.3,22.1,2.0,7.0,8535.0,4465.0,4.0,1.0,0.0,0.0,63.0,75.0,45.0,44.0,27.0,29.0,5.0,15.0,10.0,9.0,3.0,7.0,8.0,9.0,B,0
2023-0747,Beijing,Hard,32,A,20230927,298,6-4 6-3,3,SF,85.0,106421,100644,2.0,8.0,,,Daniil Medvedev,Alexander Zverev,R,R,198.0,198.0,RUS,GER,27.6,26.4,3.0,10.0,7280.0,3280.0,8.0,1.0,1.0,1.0,57.0,51.0,41.0,38.0,33.0,27.0,11.0,6.0,10.0,9.0,4.0,2.0,4.0,4.0,A,1
2023-0747,Beijing,Hard,32,A,20230927,297,6-4 6-2,3,QF,104.0,134770,207989,7.0,1.0,,,Casper Ruud,Carlos Alcaraz,R,R,183.0,183.0,NOR,ESP,24.7,20.3,9.0,2.0,3560.0,8535.0,1.0,6.0,4.0,1.0,77.0,55.0,50.0,38.0,31.0,27.0,8.0,11.0,9.0,9.0,11.0,1.0,15.0,2.0,B,0
2023-0747,Beijing,Hard,32,A,20230927,296,6-4 3-6 6-2,3,QF,151.0,206173,105777,6.0,,,,Jannik Sinner,Grigor Dimitrov,R,R,191.0,191.0,ITA,BUL,22.1,32.3,7.0,19.0,4465.0,1815.0,3.0,2.0,1.0,3.0,85.0,97.0,50.0,57.0,34.0,40.0,23.0,20.0,13.0,14.0,7.0,12.0,8.0,15.0,A,1
2023-0747,Beijing,Hard,32,A,20230927,295,6-1 6-7(5) 6-3,3,QF,138.0,111797,100644,,8.0,,,Nicolas Jarry,Alexander Zverev,R,R,201.0,198.0,CHI,GER,27.9,26.4,23.0,10.0,1494.0,3280.0,8.0,13.0,0.0,1.0,75.0,98.0,45.0,83.0,36.0,64.0,13.0,7.0,13.0,15.0,1.0,1.0,4.0,1.0,B,0
2023-0747,Beijing,Hard,32,A,20230927,294,6-4 3-6 6-1,3,QF,126.0,106421,200005,2.0,,,,Daniil Medvedev,Ugo Humbert,R,L,198.0,188.0,RUS,FRA,27.6,25.2,3.0,36.0,7280.0,1198.0,7.0,0.0,9.0,5.0,82.0,81.0,54.0,45.0,37.0,25.0,13.0,17.0,13.0,13.0,1.0,6.0,5.0,12.0,A,1
2023-0747,Beijing,Hard,32,A,20230927,293,6-2 6-2,3,R16,81.0,207989,207518,1.0,,,,Carlos Alcaraz,Lorenzo Musetti,R,R,183.0,185.0,ESP,ITA,20.3,21.5,2.0,18.0,8535.0,1970.0,1.0,2.0,3.0,1.0,53.0,42.0,36.0,22.0,24.0,15.0,11.0,7.0,8.0,8.0,3.0,1.0,3.0,5.0,A,1
2023-0747,Beijing,Hard,32,A,20230927,292,1-6 7-5 7-6(7),3,R16,177.0,144869,134770,,7.0,,,Tomas Martin Etcheverry,Casper Ruud,R,R,196.0,183.0,ARG,NOR,24.1,24.7,31.0,9.0,1316.0,3560.0,8.0,8.0,2.0,7.0,100.0,109.0,52.0,63.0,40.0,40.0,24.0,24.0,15.0,16.0,7.0,6.0,10.0,11.0,B,0
2023-0747,Beijing,Hard,32,A,20230927,291,6-3 7-5,3,R16,92.0,105777,208029,,3.0,,,Grigor Dimitrov,Holger Rune,R,R,191.0,188.0,BUL,DEN,32.3,20.4,19.0,4.0,1815.0,4710.0,5.0,3.0,1.0,3.0,55.0,74.0,33.0,48.0,26.0,32.0,13.0,9.0,10.0,11.0,1.0,7.0,2.0,11.0,A,1
2023-0747,Beijing,Hard,32,A,20230927,290,6-2 6-0,3,R16,67.0,206173,106415,6.0,,,SE,Jannik Sinner,Yoshihito Nishioka,R,L,191.0,170.0,ITA,JPN,22.1,27.9,7.0,38.0,4465.0,1175.0,8.0,0.0,1.0,1.0,43.0,51.0,21.0,33.0,19.0,13.0,11.0,8.0,7.0,7.0,1.0,5.0,2.0,11.0,A,1
2023-0747,Beijing,Hard,32,A,20230927,289,6-7(4) 6-2 6-1,3,R16,154.0,200221,100644,,8.0,,,Alejandro Davidovich Fokina,Alexander Zverev,R,R,183.0,198.0,ESP,GER,24.3,26.4,25.0,10.0,1435.0,3280.0,4.0,9.0,1.0,1.0,103.0,90.0,69.0,69.0,36.0,42.0,15.0,13.0,14.0,13.0,10.0,3.0,18.0,6.0,B,0
2023-0747,Beijing,Hard,32,A,20230927,288,6-7(4) 7-6(4) 6-3,3,R16,178.0,111797,208286,,,,Q,Nicolas Jarry,Matteo Arnaldi,R,R,201.0,185.0,CHI,ITA,27.9,22.5,23.0,48.0,1494.0,980.0,12.0,9.0,2.0,5.0,108.0,111.0,78.0,68.0,57.0,48.0,15.0,22.0,17.0,16.0,5.0,6.0,7.0,9.0,A,1
2023-0747,Beijing,Hard,32,A,20230927,287,5-7 6-3 7-6(3),3,R16,168.0,126094,200005,5.0,,,,Andrey Rublev,Ugo Humbert,R,L,188.0,188.0,RUS,FRA,25.9,25.2,6.0,36.0,4515.0,1198.0,6.0,11.0,2.0,1.0,103.0,131.0,57.0,73.0,38.0,52.0,22.0,25.0,16.0,17.0,5.0,10.0,10.0,15.0,B,0
2023-0747,Beijing,Hard,32,A,20230927,286,7-6(3) 6-3,3,R16,117.0,200282,106421,,2.0,,,Alex De Minaur,Daniil Medvedev,R,R,183.0,198.0,AUS,RUS,24.6,27.6,12.0,3.0,2685.0,7280.0,5.0,3.0,2.0,8.0,83.0,74.0,43.0,47.0,27.0,35.0,19.0,11.0,10.0,11.0,6.0,1.0,9.0,3.0,B,0
2023-0747,Beijing,Hard,32,A,20230927,285,6-4 6-3,3,R32,97.0,207989,105870,1.0,,,Q,Carlos Alcaraz,Yannick Hanfmann,R,R,183.0,193.0,ESP,GER,20.3,31.8,2.0,53.0,8535.0,923.0,2.0,1.0,4.0,3.0,47.0,79.0,30.0,50.0,24.0,31.0,8.0,10.0,9.0,10.0,1.0,11.0,3.0,16.0,A,1
2023-0747,Beijing,Hard,32,A,20230927,284,6-3 1-6 6-2,3,R32,116.0,207518,111575,,,,,Lorenzo Musetti,Karen Khachanov,R,R,185.0,198.0,ITA,RUS,21.5,27.3,18.0,14.0,1970.0,2385.0,5.0,2.0,4.0,2.0,79.0,70.0,46.0,46.0,30.0,33.0,17.0,10.0,12.0,12.0,2.0,1.0,5.0,5.0,A,1
2023-0747,Beijing,Hard,32,A,20230927,283,6-7(5) 7-6(4) 6-3,3,R32,172.0,144869,144750,,,,Q,Tomas Martin Etcheverry,Lloyd Harris,R,R,196.0,193.0,ARG,RSA,24.1,26.5,31.0,149.0,1316.0,412.0,9.0,12.0,1.0,6.0,106.0,106.0,66.0,62.0,55.0,50.0,24.0,24.0,17.0,16.0,1.0,1.0,1.0,2.0,A,1
2023-0747,Beijing,Hard,32,A,20230927,282,7-6(5) 6-3,3,R32,104.0,134770,105526,7.0,,,,Casper Ruud,Jan Lennard Struff,R,R,183.0,193.0,NOR,GER,24.7,33.4,9.0,22.0,3560.0,1494.0,8.0,6.0,3.0,5.0,75.0,84.0,48.0,44.0,35.0,28.0,15.0,22.0,10.0,11.0,5.0,6.0,6.0,9.0,A,1
2023-0747,Beijing,Hard,32,A,20230927,281,6-4 6-4,3,R32,83.0,208029,200000,3.0,,,,Holger Rune,Felix Auger Aliassime,R,R,188.0,193.0,DEN,CAN,20.4,23.1,4.0,15.0,4710.0,2340.0,7.0,4.0,1.0,3.0,52.0,56.0,32.0,39.0,28.0,27.0,13.0,9.0,10.0,10.0,0.0,2.0,0.0,4.0,A,1
2023-0747,Beijing,Hard,32,A,20230927,280,2-6 7-6(4) 6-1,3,R32,129.0,105777,111456,,,,WC,Grigor Dimitrov,Mackenzie Mcdonald,R,R,191.0,178.0,BUL,USA,32.3,28.4,19.0,39.0,1815.0,1145.0,6.0,2.0,4.0,1.0,84.0,88.0,57.0,52.0,36.0,30.0,14.0,17.0,13.0,14.0,3.0,3.0,7.0,8.0,A,1
2023-0747,Beijing,Hard,32,A,20230927,279,5-7 7-5 6-1,3,R32,141.0,106415,209992,,,SE,WC,Yoshihito Nishioka,Juncheng Shang,L,L,170.0,180.0,JPN,CHN,27.9,18.6,38.0,160.0,1175.0,397.0,2.0,1.0,0.0,3.0,89.0,96.0,53.0,67.0,37.0,36.0,20.0,16.0,16.0,15.0,2.0,7.0,6.0,13.0,A,1
2023-0747,Beijing,Hard,32,A,20230927,278,6-4 6-7(2) 6-3,3,R32,170.0,105554,206173,,6.0,,,Daniel Evans,Jannik Sinner,R,R,175.0,191.0,GBR,ITA,33.3,22.1,33.0,7.0,1301.0,4465.0,2.0,11.0,2.0,2.0,100.0,100.0,50.0,55.0,32.0,37.0,29.0,28.0,15.0,16.0,2.0,2.0,6.0,4.0,B,0
2023-0747,Beijing,Hard,32,A,20230927,277,6-7(2) 6-1 6-4,3,R32,146.0,100644,106043,8.0,,,,Alexander Zverev,Diego Schwartzman,R,R,198.0,170.0,GER,ARG,26.4,31.1,10.0,133.0,3280.0,451.0,7.0,0.0,2.0,1.0,86.0,86.0,66.0,61.0,47.0,40.0,10.0,10.0,15.0,14.0,1.0,5.0,3.0,10.0,A,1
2023-0747,Beijing,Hard,32,A,20230927,276,6-2 6-2,3,R32,70.0,212044,200221,,,WC,,Yi Zhou,Alejandro Davidovich Fokina,R,R,193.0,183.0,CHN,ESP,18.5,24.3,905.0,25.0,18.0,1435.0,2.0,6.0,1.0,0.0,69.0,38.0,44.0,22.0,22.0,18.0,12.0,13.0,8.0,8.0,4.0,0.0,9.0,1.0,B,0
2023-0747,Beijing,Hard,32,A,20230927,275,6-2 6-2,3,R32,79.0,208286,200670,,,Q,Q,Matteo Arnaldi,J J Wolf,R,R,185.0,183.0,ITA,USA,22.5,24.7,48.0,51.0,980.0,945.0,4.0,3.0,3.0,1.0,41.0,56.0,21.0,28.0,17.0,18.0,15.0,11.0,8.0,8.0,0.0,2.0,0.0,6.0,A,1
2023-0747,Beijing,Hard,32,A,20230927,274,6-4 6-4,3,R32,90.0,111797,126774,,4.0,,,Nicolas Jarry,Stefanos Tsitsipas,R,R,201.0,193.0,CHI,GRE,27.9,25.1,23.0,5.0,1494.0,4615.0,9.0,6.0,3.0,3.0,61.0,55.0,35.0,34.0,29.0,29.0,15.0,8.0,10.0,10.0,2.0,2.0,2.0,4.0,A,1
2023-0747,Beijing,Hard,32,A,20230927,273,4-6 6-1 6-4,3,R32,127.0,111815,126094,,5.0,,,Cameron Norrie,Andrey Rublev,L,R,188.0,188.0,GBR,RUS,28.0,25.9,16.0,6.0,2020.0,4515.0,3.0,8.0,3.0,2.0,92.0,88.0,54.0,52.0,39.0,45.0,16.0,15.0,13.0,14.0,6.0,4.0,9.0,5.0,B,0
2023-0747,Beijing,Hard,32,A,20230927,272,7-5 3-6 6-0,3,R32,145.0,200005,132283,,,,,Ugo Humbert,Lorenzo Sonego,L,R,188.0,191.0,FRA,ITA,25.2,28.3,36.0,56.0,1198.0,900.0,2.0,2.0,3.0,3.0,80.0,88.0,45.0,51.0,34.0,30.0,17.0,21.0,13.0,14.0,3.0,7.0,5.0,12.0,A,1
2023-0747,Beijing,Hard,32,A,20230927,271,6-3 5-7 7-6(6),3,R32,171.0,200282,104918,,,,,Alex De Minaur,Andy Murray,R,R,183.0,191.0,AUS,GBR,24.6,36.3,12.0,40.0,2685.0,1085.0,8.0,3.0,0.0,0.0,107.0,101.0,60.0,59.0,46.0,46.0,29.0,19.0,17.0,16.0,4.0,6.0,7.0,9.0,A,1
2023-0747,Beijing,Hard,32,A,20230927,270,6-2 6-1,3,R32,80.0,126205,106421,,2.0,,,Tommy Paul,Daniil Medvedev,R,R,185.0,198.0,USA,RUS,26.3,27.6,13.0,3.0,2660.0,7280.0,0.0,9.0,2.0,3.0,53.0,50.0,32.0,34.0,15.0,29.0,8.0,7.0,7.0,8.0,6.0,3.0,11.0,4.0,B,0
2023-5014,Shanghai Masters,Hard,128,M,20231002,300,6-3 3-6 7-6(8),3,F,126.0,128034,126094,16.0,5.0,,,Hubert Hurkacz,Andrey Rublev,R,R,196.0,188.0,POL,RUS,26.6,25.9,17.0,7.0,1990.0,4550.0,21.0,13.0,0.0,0.0,93.0,96.0,70.0,70.0,57.0,53.0,11.0,17.0,15.0,15.0,1.0,3.0,2.0,4.0,A,1
2023-5014,Shanghai Masters,Hard,128,M,20231002,299,7-6(7) 6-3,3,SF,109.0,126094,105777,5.0,18.0,,,Andrey Rublev,Grigor Dimitrov,R,R,188.0,191.0,RUS,BUL,25.9,32.3,7.0,19.0,4550.0,1880.0,9.0,0.0,1.0,3.0,76.0,71.0,56.0,43.0,40.0,27.0,10.0,14.0,11.0,10.0,4.0,1.0,6.0,4.0,A,1
2023-5014,Shanghai Masters,Hard,128,M,20231002,298,6-3 6-4,3,SF,76.0,128034,200624,16.0,26.0,,,Hubert Hurkacz,Sebastian Korda,R,R,196.0,196.0,POL,USA,26.6,23.2,17.0,26.0,1990.0,1470.0,14.0,9.0,0.0,0.0,63.0,57.0,47.0,43.0,40.0,32.0,6.0,4.0,10.0,9.0,0.0,2.0,0.0,4.0,A,1
2023-5014,Shanghai Masters,Hard,128,M,20231002,297,7-6(2) 6-4,3,QF,99.0,111797,105777,22.0,18.0,,,Nicolas Jarry,Grigor Dimitrov,R,R,201.0,191.0,CHI,BUL,27.9,32.3,22.0,19.0,1552.0,1880.0,13.0,11.0,1.0,2.0,64.0,62.0,44.0,42.0,39.0,38.0,8.0,11.0,11.0,11.0,4.0,0.0,5.0,0.0,B,0
2023-5014,Shanghai Masters,Hard,128,M,20231002,296,6-2 6-3,3,QF,90.0,126094,200005,5.0,32.0,,,Andrey Rublev,Ugo Humbert,R,L,188.0,188.0,RUS,FRA,25.9,25.2,7.0,34.0,4550.0,1256.0,2.0,2.0,0.0,1.0,51.0,71.0,32.0,40.0,23.0,21.0,12.0,14.0,8.0,9.0,3.0,5.0,4.0,10.0,A,1
2023-5014,Shanghai Masters,Hard,128,M,20231002,295,4-6 6-1 6-3,3,QF,103.0,128034,206681,16.0,,,,Hubert Hurkacz,Fabian Marozsan,R,R,196.0,193.0,POL,HUN,26.6,23.9,17.0,91.0,1990.0,662.0,18.0,4.0,1.0,0.0,74.0,82.0,50.0,49.0,41.0,30.0,10.0,15.0,13.0,13.0,2.0,6.0,4.0,11.0,A,1
2023-5014,Shanghai Masters,Hard,128,M,20231002,294,6-7(10) 6-2 7-6(6),3,QF,174.0,200624,210097,26.0,19.0,,,Sebastian Korda,Ben Shelton,R,L,196.0,193.0,USA,USA,23.2,20.9,26.0,20.0,1470.0,1735.0,5.0,17.0,2.0,5.0,105.0,119.0,66.0,75.0,44.0,53.0,26.0,18.0,16.0,16.0,4.0,11.0,7.0,16.0,A,1
2023-5014,Shanghai Masters,Hard,128,M,20231002,293,5-7 6-2 6-4,3,R16,130.0,105777,207989,18.0,1.0,,,Grigor Dimitrov,Carlos Alcaraz,R,R,191.0,183.0,BUL,ESP,32.3,20.4,19.0,2.0,1880.0,8715.0,10.0,4.0,4.0,0.0,86.0,78.0,62.0,53.0,45.0,38.0,13.0,14.0,15.0,15.0,3.0,1.0,5.0,5.0,A,1
2023-5014,Shanghai Masters,Hard,128,M,20231002,292,6-3 5-7 6-3,3,R16,144.0,106043,111797,,22.0,WC,,Diego Schwartzman,Nicolas Jarry,R,R,170.0,201.0,ARG,CHI,31.1,27.9,130.0,22.0,451.0,1552.0,3.0,15.0,3.0,0.0,96.0,81.0,70.0,52.0,44.0,41.0,15.0,20.0,15.0,15.0,4.0,3.0,7.0,4.0,B,0
2023-5014,Shanghai Masters,Hard,128,M,20231002,291,6-1 6-2,3,R16,57.0,200670,200005,,32.0,,,J J Wolf,Ugo Humbert,R,L,183.0,188.0,USA,FRA,24.7,25.2,51.0,34.0,955.0,1256.0,0.0,6.0,4.0,0.0,41.0,35.0,22.0,26.0,12.0,24.0,5.0,8.0,7.0,8.0,2.0,0.0,6.0,0.0,B,0
2023-5014,Shanghai Masters,Hard,128,M,20231002,290,7-5 7-5,3,R16,95.0,126094,126205,5.0,12.0,,,Andrey Rublev,Tommy Paul,R,R,188.0,185.0,RUS,USA,25.9,26.3,7.0,12.0,4550.0,2660.0,4.0,6.0,1.0,0.0,58.0,77.0,36.0,49.0,29.0,30.0,16.0,16.0,12.0,12.0,0.0,3.0,1.0,6.0,A,1
2023-5014,Shanghai Masters,Hard,128,M,20231002,289,7-6(3) 3-6 6-4,3,R16,159.0,206681,134770,,8.0,,,Fabian Marozsan,Casper Ruud,R,R,193.0,183.0,HUN,NOR,23.9,24.7,91.0,9.0,662.0,3605.0,6.0,14.0,1.0,3.0,113.0,123.0,80.0,82.0,58.0,60.0,15.0,17.0,16.0,15.0,8.0,12.0,11.0,14.0,A,1
2023-5014,Shanghai Masters,Hard,128,M,20231002,288,7-6(6) 4-6 7-6(4),3,R16,158.0,111190,128034,,16.0,,,Zhizhen Zhang,Hubert Hurkacz,R,R,193.0,196.0,CHN,POL,26.9,26.6,60.0,17.0,872.0,1990.0,5.0,16.0,2.0,0.0,118.0,94.0,78.0,66.0,55.0,58.0,22.0,14.0,17.0,17.0,2.0,3.0,4.0,6.0,B,0
2023-5014,Shanghai Masters,Hard,128,M,20231002,287,2-6 6-3 7-6(5),3,R16,150.0,206173,210097,6.0,19.0,,,Jannik Sinner,Ben Shelton,R,L,191.0,193.0,ITA,USA,22.1,20.9,4.0,20.0,4910.0,1735.0,8.0,15.0,1.0,4.0,97.0,101.0,71.0,74.0,49.0,54.0,14.0,13.0,14.0,15.0,9.0,3.0,10.0,5.0,B,0
2023-5014,Shanghai Masters,Hard,128,M,20231002,286,7-5 7-6(6),3,R16,98.0,200624,202103,26.0,20.0,,,Sebastian Korda,Francisco Cerundolo,R,R,196.0,185.0,USA,ARG,23.2,25.1,26.0,21.0,1470.0,1635.0,7.0,5.0,0.0,1.0,74.0,68.0,49.0,51.0,40.0,40.0,15.0,7.0,12.0,12.0,3.0,0.0,4.0,2.0,A,1
2023-5014,Shanghai Masters,Hard,128,M,20231002,285,7-6(1) 6-4,3,R32,143.0,105554,207989,30.0,1.0,,,Daniel Evans,Carlos Alcaraz,R,R,175.0,183.0,GBR,ESP,33.3,20.4,33.0,2.0,1301.0,8715.0,2.0,6.0,4.0,1.0,107.0,65.0,59.0,41.0,39.0,29.0,19.0,16.0,11.0,11.0,12.0,4.0,15.0,6.0,B,0
2023-5014,Shanghai Masters,Hard,128,M,20231002,284,7-6(6) 6-4,3,R32,118.0,105777,111575,18.0,13.0,,,Grigor Dimitrov,Karen Khachanov,R,R,191.0,198.0,BUL,RUS,32.3,27.3,19.0,14.0,1880.0,2385.0,10.0,4.0,1.0,3.0,70.0,75.0,47.0,49.0,40.0,38.0,12.0,12.0,11.0,11.0,2.0,5.0,2.0,6.0,A,1
2023-5014,Shanghai Masters,Hard,128,M,20231002,283,7-6(4) 6-2,3,R32,102.0,132283,111797,,22.0,,,Lorenzo Sonego,Nicolas Jarry,R,R,191.0,201.0,ITA,CHI,28.3,27.9,59.0,22.0,880.0,1552.0,2.0,6.0,1.0,1.0,64.0,61.0,46.0,36.0,28.0,31.0,13.0,15.0,10.0,10.0,5.0,1.0,7.0,1.0,B,0
2023-5014,Shanghai Masters,Hard,128,M,20231002,282,6-4 3-6 7-6(5),3,R32,164.0,126203,106043,7.0,,,WC,Taylor Fritz,Diego Schwartzman,R,R,196.0,170.0,USA,ARG,25.9,31.1,8.0,130.0,3865.0,451.0,17.0,3.0,2.0,1.0,107.0,90.0,66.0,60.0,49.0,39.0,19.0,20.0,16.0,15.0,6.0,1.0,9.0,4.0,B,0
2023-5014,Shanghai Masters,Hard,128,M,20231002,281,6-4 3-6 7-5,3,R32,129.0,126774,200005,4.0,32.0,,,Stefanos Tsitsipas,Ugo Humbert,R,L,193.0,188.0,GRE,FRA,25.1,25.2,6.0,34.0,4615.0,1256.0,7.0,8.0,1.0,1.0,83.0,85.0,59.0,55.0,47.0,46.0,13.0,14.0,16.0,15.0,3.0,6.0,6.0,8.0,B,0
2023-5014,Shanghai Masters,Hard,128,M,20231002,280,2-6 6-3 7-6(4),3,R32,163.0,208286,200670,,,,,Matteo Arnaldi,J J Wolf,R,R,185.0,183.0,ITA,USA,22.6,24.7,42.0,51.0,1037.0,955.0,8.0,3.0,6.0,2.0,119.0,101.0,76.0,53.0,52.0,37.0,18.0,25.0,15.0,14.0,12.0,7.0,15.0,10.0,B,0
2023-5014,Shanghai Masters,Hard,128,M,20231002,279,6-4 6-7(7) 6-4,3,R32,166.0,126205,209950,12.0,,,,Tommy Paul,Arthur Fils,R,R,185.0,185.0,USA,FRA,26.3,19.3,12.0,44.0,2660.0,1020.0,6.0,5.0,4.0,4.0,99.0,106.0,56.0,67.0,40.0,50.0,30.0,19.0,16.0,16.0,3.0,5.0,4.0,8.0,A,1
2023-5014,Shanghai Masters,Hard,128,M,20231002,278,6-3 6-0,3,R32,62.0,105173,126094,31.0,5.0,,,Adrian Mannarino,Andrey Rublev,L,R,180.0,188.0,FRA,RUS,35.2,25.9,23.0,7.0,1526.0,4550.0,3.0,6.0,0.0,0.0,40.0,51.0,30.0,34.0,15.0,27.0,4.0,9.0,7.0,8.0,1.0,2.0,5.0,2.0,B,0
2023-5014,Shanghai Masters,Hard,128,M,20231002,277,6-4 6-2,3,R32,71.0,111153,134770,29.0,8.0,,,Christopher Eubanks,Casper Ruud,R,R,201.0,183.0,USA,NOR,27.4,24.7,32.0,9.0,1313.0,3605.0,8.0,1.0,1.0,2.0,55.0,46.0,35.0,31.0,21.0,26.0,11.0,11.0,9.0,9.0,4.0,3.0,7.0,3.0,B,0
2023-5014,Shanghai Masters,Hard,128,M,20231002,276,6-3 6-3,3,R32,72.0,206681,105583,,,,,Fabian Marozsan,Dusan Lajovic,R,R,193.0,183.0,HUN,SRB,23.9,33.2,91.0,55.0,662.0,913.0,6.0,3.0,2.0,2.0,49.0,66.0,31.0,47.0,24.0,26.0,10.0,7.0,9.0,9.0,2.0,10.0,3.0,14.0,A,1
2023-5014,Shanghai Masters,Hard,128,M,20231002,275,6-4 6-4,3,R32,92.0,200318,128034,,16.0,Q,,Yu Hsiou Hsu,Hubert Hurkacz,R,R,178.0,196.0,TPE,POL,24.5,26.6,184.0,17.0,338.0,1990.0,3.0,12.0,0.0,0.0,74.0,62.0,54.0,46.0,34.0,33.0,10.0,10.0,10.0,10.0,3.0,4.0,5.0,4.0,B,0
2023-5014,Shanghai Masters,Hard,128,M,20231002,274,7-6(2) 6-2,3,R32,84.0,206909,111190,,,,,Brandon Nakashima,Zhizhen Zhang,R,R,188.0,193.0,USA,CHN,22.1,26.9,122.0,60.0,495.0,872.0,5.0,3.0,1.0,0.0,56.0,61.0,38.0,46.0,28.0,37.0,9.0,9.0,10.0,10.0,1.0,1.0,3.0,1.0,B,0
2023-5014,Shanghai Masters,Hard,128,M,20231002,273,3-6 6-3 6-2,3,R32,119.0,206173,202104,6.0,25.0,,,Jannik Sinner,Sebastian Baez,R,R,191.0,170.0,ITA,ARG,22.1,22.7,4.0,29.0,4910.0,1375.0,8.0,5.0,0.0,1.0,85.0,72.0,49.0,52.0,40.0,36.0,18.0,9.0,13.0,13.0,3.0,1.0,4.0,4.0,A,1
2023-5014,Shanghai Masters,Hard,128,M,20231002,272,3-6 6-3 6-4,3,R32,128.0,126128,210097,,19.0,,,Roman Safiullin,Ben Shelton,R,L,185.0,193.0,RUS,USA,26.1,20.9,50.0,20.0,962.0,1735.0,4.0,5.0,3.0,3.0,91.0,86.0,54.0,59.0,38.0,48.0,22.0,14.0,14.0,14.0,8.0,5.0,10.0,6.0,B,0
2023-5014,Shanghai Masters,Hard,128,M,20231002,271,3-6 6-4 7-5,3,R32,142.0,202103,105916,20.0,,,,Francisco Cerundolo,Marton Fucsovics,R,R,185.0,188.0,ARG,HUN,25.1,31.6,21.0,57.0,1635.0,887.0,2.0,3.0,4.0,0.0,93.0,84.0,66.0,59.0,51.0,42.0,9.0,13.0,15.0,16.0,2.0,2.0,5.0,6.0,A,1
2023-5014,Shanghai Masters,Hard,128,M,20231002,270,7-6(8) 6-2,3,R32,88.0,200624,106421,26.0,2.0,,,Sebastian Korda,Daniil Medvedev,R,R,196.0,198.0,USA,RUS,23.2,27.6,26.0,3.0,1470.0,7490.0,4.0,6.0,0.0,4.0,70.0,60.0,53.0,41.0,38.0,33.0,13.0,9.0,10.0,10.0,1.0,1.0,1.0,3.0,A,1
2023-5014,Shanghai Masters,Hard,128,M,20231002,269,6-2 7-5,3,R64,102.0,207989,106296,1.0,,,,Carlos Alcaraz,Gregoire Barrere,R,R,183.0,183.0,ESP,FRA,20.4,29.6,2.0,73.0,8715.0,753.0,4.0,5.0,2.0,5.0,66.0,79.0,50.0,42.0,35.0,26.0,8.0,17.0,10.0,10.0,6.0,2.0,7.0,6.0,A,1
2023-5014,Shanghai Masters,Hard,128,M,20231002,268,6-2 3-0 RET,3,R64,52.0,105554,105062,30.0,,,Q,Daniel Evans,Mikhail Kukushkin,R,R,175.0,183.0,GBR,KAZ,33.3,35.7,33.0,245.0,1301.0,250.0,6.0,0.0,1.0,0.0,27.0,36.0,15.0,24.0,14.0,12.0,9.0,3.0,5.0,6.0,0.0,1.0,0.0,5.0,A,1
2023-5014,Shanghai Masters,Hard,128,M,20231002,267,6-4 6-3,3,R64,84.0,126846,105777,,18.0,,,Aleksandar Vukic,Grigor Dimitrov,R,R,188.0,191.0,AUS,BUL,27.4,32.3,54.0,19.0,918.0,1880.0,7.0,5.0,1.0,1.0,77.0,48.0,47.0,35.0,30.0,30.0,15.0,7.0,10.0,9.0,5.0,0.0,8.0,0.0,B,0
2023-5014,Shanghai Masters,Hard,128,M,20231002,266,7-6(1) 4-6 6-2,3,R64,122.0,111575,202320,13.0,,,Q,Karen Khachanov,Beibit Zhukayev,R,R,198.0,198.0,RUS,KAZ,27.3,22.9,14.0,302.0,2385.0,186.0,9.0,20.0,1.0,4.0,73.0,90.0,47.0,60.0,41.0,51.0,19.0,9.0,15.0,15.0,0.0,2.0,1.0,4.0,A,1
2023-5014,Shanghai Masters,Hard,128,M,20231002,265,2-6 6-2 6-3,3,R64,122.0,126207,132283,10.0,,,,Frances Tiafoe,Lorenzo Sonego,R,R,188.0,191.0,USA,ITA,25.6,28.3,13.0,59.0,2645.0,880.0,1.0,9.0,3.0,2.0,77.0,76.0,52.0,54.0,35.0,43.0,11.0,8.0,12.0,13.0,2.0,6.0,5.0,8.0,B,0
2023-5014,Shanghai Masters,Hard,128,M,20231002,264,7-5 6-2,3,R64,102.0,209279,111797,,22.0,Q,,Terence Atmane,Nicolas Jarry,L,R,193.0,201.0,FRA,CHI,21.7,27.9,148.0,22.0,417.0,1552.0,6.0,3.0,1.0,1.0,58.0,47.0,41.0,32.0,26.0,30.0,9.0,11.0,10.0,10.0,1.0,0.0,4.0,0.0,B,0
2023-5014,Shanghai Masters,Hard,128,M,20231002,263,6-4 3-6 6-2,3,R64,139.0,208103,106043,27.0,,,WC,Jiri Lehecka,Diego Schwartzman,R,R,185.0,170.0,CZE,ARG,21.8,31.1,30.0,130.0,1367.0,451.0,7.0,1.0,1.0,2.0,109.0,83.0,64.0,60.0,41.0,43.0,20.0,12.0,14.0,13.0,10.0,6.0,14.0,8.0,B,0
2023-5014,Shanghai Masters,Hard,128,M,20231002,262,7-6(2) 6-7(6) 6-4,3,R64,153.0,133297,126203,,7.0,,,Yosuke Watanuki,Taylor Fritz,R,R,180.0,196.0,JPN,USA,25.4,25.9,79.0,8.0,731.0,3865.0,19.0,15.0,3.0,4.0,111.0,108.0,62.0,66.0,53.0,50.0,21.0,25.0,17.0,17.0,2.0,4.0,5.0,6.0,B,0
2023-5014,Shanghai Masters,Hard,128,M,20231002,261,6-4 6-2,3,R64,82.0,208014,126774,,4.0,Q,,Rinky Hijikata,Stefanos Tsitsipas,R,R,178.0,193.0,AUS,GRE,22.6,25.1,75.0,6.0,747.0,4615.0,3.0,4.0,1.0,1.0,57.0,49.0,29.0,32.0,18.0,26.0,11.0,9.0,9.0,9.0,5.0,4.0,9.0,5.0,B,0
2023-5014,Shanghai Masters,Hard,128,M,20231002,260,6-4 1-6 6-2,3,R64,117.0,122298,200005,,32.0,,,Botic Van De Zandschulp,Ugo Humbert,R,L,191.0,188.0,NED,FRA,27.9,25.2,67.0,34.0,805.0,1256.0,2.0,1.0,3.0,2.0,66.0,75.0,40.0,44.0,28.0,26.0,9.0,15.0,12.0,13.0,3.0,4.0,8.0,9.0,B,0
2023-5014,Shanghai Masters,Hard,128,M,20231002,259,6-3 3-6 6-4,3,R64,139.0,105526,208286,21.0,,,,Jan Lennard Struff,Matteo Arnaldi,R,R,193.0,185.0,GER,ITA,33.4,22.6,27.0,42.0,1462.0,1037.0,6.0,8.0,3.0,2.0,84.0,92.0,52.0,58.0,36.0,41.0,14.0,19.0,14.0,14.0,5.0,8.0,9.0,11.0,B,0
2023-5014,Shanghai Masters,Hard,128,M,20231002,258,6-3 5-7 7-6(4),3,R64,192.0,111815,200670,15.0,,,,Cameron Norrie,J J Wolf,L,R,188.0,183.0,GBR,USA,28.1,24.7,16.0,51.0,2020.0,955.0,4.0,13.0,1.0,4.0,110.0,109.0,76.0,63.0,44.0,43.0,19.0,22.0,17.0,16.0,14.0,7.0,19.0,11.0,B,0
2023-5014,Shanghai Masters,Hard,128,M,20231002,257,6-3 6-0,3,R64,70.0,124116,126205,,12.0,,,Sebastian Ofner,Tommy Paul,R,R,191.0,185.0,AUT,USA,27.3,26.3,49.0,12.0,967.0,2660.0,0.0,4.0,2.0,1.0,59.0,35.0,40.0,18.0,19.0,16.0,9.0,12.0,8.0,7.0,1.0,0.0,6.0,0.0,B,0
2023-5014,Shanghai Masters,Hard,128,M,20231002,256,6-2 7-5,3,R64,82.0,200221,209950,24.0,,,,Alejandro Davidovich Fokina,Arthur Fils,R,R,183.0,185.0,ESP,FRA,24.3,19.3,25.0,44.0,1470.0,1020.0,2.0,7.0,0.0,3.0,65.0,55.0,46.0,32.0,31.0,27.0,7.0,11.0,10.0,10.0,2.0,1.0,6.0,2.0,B,0
2023-5014,Shanghai Masters,Hard,128,M,20231002,255,6-2 6-2,3,R64,92.0,105173,202358,31.0,,,Q,Adrian Mannarino,Chun Hsin Tseng,L,R,180.0,175.0,FRA,TPE,35.2,22.1,23.0,380.0,1526.0,129.0,6.0,5.0,2.0,2.0,54.0,62.0,34.0,41.0,27.0,23.0,9.0,8.0,8.0,8.0,3.0,5.0,3.0,9.0,A,1
2023-5014,Shanghai Masters,Hard,128,M,20231002,254,6-4 7-5,3,R64,66.0,126094,111460,5.0,,,,Andrey Rublev,Quentin Halys,R,R,188.0,191.0,RUS,FRA,25.9,26.9,7.0,76.0,4550.0,740.0,14.0,17.0,1.0,5.0,55.0,65.0,38.0,41.0,35.0,32.0,9.0,9.0,11.0,11.0,0.0,2.0,0.0,4.0,A,1
2023-5014,Shanghai Masters,Hard,128,M,20231002,253,7-5 6-0,3,R64,74.0,134770,106415,8.0,,,,Casper Ruud,Yoshihito Nishioka,R,L,183.0,170.0,NOR,JPN,24.7,28.0,9.0,48.0,3605.0,970.0,9.0,2.0,0.0,1.0,39.0,60.0,34.0,36.0,29.0,20.0,3.0,8.0,9.0,9.0,0.0,4.0,1.0,9.0,A,1
2023-5014,Shanghai Masters,Hard,128,M,20231002,252,4-6 6-3 6-2,3,R64,127.0,105870,111153,,29.0,,,Yannick Hanfmann,Christopher Eubanks,R,R,193.0,201.0,GER,USA,31.8,27.4,53.0,32.0,933.0,1313.0,8.0,14.0,1.0,1.0,91.0,85.0,63.0,66.0,40.0,43.0,15.0,12.0,13.0,14.0,7.0,1.0,11.0,3.0,B,0
2023-5014,Shanghai Masters,Hard,128,M,20231002,251,6-4 3-2 RET,3,R64,62.0,105583,134868,,23.0,,,Dusan Lajovic,Tallon Griekspoor,R,R,183.0,188.0,SRB,NED,33.2,27.2,55.0,24.0,913.0,1481.0,5.0,3.0,1.0,4.0,38.0,56.0,26.0,32.0,22.0,23.0,7.0,9.0,7.0,8.0,1.0,3.0,1.0,5.0,A,1
2023-5014,Shanghai Masters,Hard,128,M,20231002,250,6-3 7-5,3,R64,85.0,206681,200282,,11.0,,,Fabian Marozsan,Alex De Minaur,R,R,193.0,183.0,HUN,AUS,23.9,24.6,91.0,11.0,662.0,2685.0,5.0,5.0,2.0,2.0,65.0,62.0,45.0,35.0,33.0,25.0,12.0,11.0,11.0,10.0,2.0,2.0,3.0,5.0,A,1
2023-5014,Shanghai Masters,Hard,128,M,20231002,249,7-6(5) 6-4,3,R64,101.0,128034,106423,16.0,,,,Hubert Hurkacz,Thanasi Kokkinakis,R,R,196.0,193.0,POL,AUS,26.6,27.4,17.0,69.0,1990.0,766.0,17.0,6.0,1.0,0.0,70.0,64.0,49.0,38.0,42.0,30.0,11.0,18.0,11.0,11.0,1.0,0.0,1.0,1.0,A,1
2023-5014,Shanghai Masters,Hard,128,M,20231002,248,6-3 6-4,3,R64,84.0,207518,200318,17.0,,,Q,Lorenzo Musetti,Yu Hsiou Hsu,R,R,185.0,178.0,ITA,TPE,21.5,24.5,18.0,184.0,1925.0,338.0,3.0,2.0,4.0,1.0,70.0,45.0,46.0,30.0,30.0,25.0,8.0,10.0,10.0,9.0,6.0,2.0,10.0,3.0,B,0
2023-5014,Shanghai Masters,Hard,128,M,20231002,247,4-6 6-3 6-4,3,R64,147.0,144869,111190,28.0,,,,Tomas Martin Etcheverry,Zhizhen Zhang,R,R,196.0,193.0,ARG,CHN,24.2,26.9,31.0,60.0,1346.0,872.0,7.0,6.0,1.0,0.0,77.0,89.0,51.0,63.0,38.0,47.0,15.0,14.0,14.0,15.0,1.0,5.0,3.0,6.0,B,0
2023-5014,Shanghai Masters,Hard,128,M,20231002,246,6-0 6-2,3,R64,69.0,208029,206909,3.0,,,,Holger Rune,Brandon Nakashima,R,R,188.0,188.0,DEN,USA,20.4,22.1,5.0,122.0,4640.0,495.0,4.0,5.0,3.0,0.0,54.0,44.0,39.0,32.0,19.0,26.0,5.0,5.0,7.0,7.0,9.0,1.0,14.0,1.0,B,0
2023-5014,Shanghai Masters,Hard,128,M,20231002,245,7-6(7) 6-2,3,R64,105.0,106218,206173,,6.0,,,Marcos Giron,Jannik Sinner,R,R,180.0,191.0,USA,ITA,30.1,22.1,80.0,4.0,730.0,4910.0,2.0,4.0,2.0,2.0,78.0,61.0,44.0,43.0,31.0,34.0,10.0,10.0,10.0,10.0,4.0,1.0,8.0,3.0,B,0
2023-5014,Shanghai Masters,Hard,128,M,20231002,244,6-2 6-4,3,R64,66.0,202104,208013,25.0,,,Q,Sebastian Baez,Dane Sweeny,R,R,170.0,170.0,ARG,AUS,22.7,22.6,29.0,273.0,1375.0,214.0,2.0,1.0,1.0,1.0,47.0,46.0,34.0,32.0,26.0,21.0,11.0,7.0,9.0,9.0,1.0,0.0,1.0,3.0,A,1
2023-5014,Shanghai Masters,Hard,128,M,20231002,243,6-4 6-4,3,R64,95.0,210097,144719,19.0,,,,Ben Shelton,Jaume Munar,L,R,193.0,183.0,USA,ESP,20.9,26.4,20.0,82.0,1735.0,721.0,3.0,2.0,3.0,3.0,62.0,59.0,47.0,37.0,37.0,25.0,8.0,12.0,10.0,10.0,3.0,3.0,3.0,5.0,A,1
2023-5014,Shanghai Masters,Hard,128,M,20231002,242,6-3 6-1,3,R64,74.0,126128,100644,,9.0,,,Roman Safiullin,Alexander Zverev,R,R,185.0,198.0,RUS,GER,26.1,26.4,50.0,10.0,962.0,3450.0,7.0,7.0,0.0,0.0,47.0,55.0,28.0,42.0,25.0,20.0,10.0,8.0,8.0,8.0,1.0,2.0,1.0,6.0,A,1
2023-5014,Shanghai Masters,Hard,128,M,20231002,241,7-6(3) 4-6 6-3,3,R64,202.0,105916,200000,,14.0,,,Marton Fucsovics,Felix Auger Aliassime,R,R,188.0,193.0,HUN,CAN,31.6,23.1,57.0,15.0,887.0,2340.0,5.0,8.0,5.0,6.0,133.0,94.0,69.0,62.0,43.0,48.0,38.0,11.0,16.0,15.0,9.0,1.0,12.0,4.0,A,1
2023-5014,Shanghai Masters,Hard,128,M,20231002,240,7-6(4) 7-6(5),3,R64,133.0,111456,202103,,20.0,,,Mackenzie Mcdonald,Francisco Cerundolo,R,R,178.0,185.0,USA,ARG,28.4,25.1,38.0,21.0,1120.0,1635.0,5.0,3.0,0.0,4.0,91.0,91.0,65.0,55.0,47.0,42.0,12.0,15.0,12.0,12.0,8.0,1.0,10.0,3.0,B,0
2023-5014,Shanghai Masters,Hard,128,M,20231002,239,6-1 6-4,3,R64,72.0,207352,200624,,26.0,WC,,Bu Yunchaokete,Sebastian Korda,R,R,185.0,196.0,CHN,USA,21.7,23.2,186.0,26.0,331.0,1470.0,1.0,9.0,2.0,2.0,47.0,58.0,30.0,35.0,20.0,28.0,7.0,12.0,8.0,9.0,3.0,0.0,6.0,0.0,B,0
2023-5014,Shanghai Masters,Hard,128,M,20231002,238,6-3 6-3,3,R64,91.0,106426,106421,,2.0,,,Cristian Garin,Daniil Medvedev,R,R,185.0,198.0,CHI,RUS,27.3,27.6,98.0,3.0,626.0,7490.0,4.0,7.0,3.0,6.0,61.0,55.0,38.0,36.0,26.0,29.0,5.0,7.0,9.0,9.0,4.0,7.0,9.0,9.0,B,0
2023-5014,Shanghai Masters,Hard,128,M,20231002,236,6-2 6-2,3,R128,62.0,106296,132686,,,,,Gregoire Barrere,Nuno Borges,R,R,183.0,185.0,FRA,POR,29.6,26.6,73.0,85.0,753.0,694.0,2.0,0.0,2.0,1.0,53.0,43.0,38.0,27.0,28.0,17.0,10.0,6.0,8.0,8.0,7.0,2.0,7.0,6.0,A,1
2023-5014,Shanghai Masters,Hard,128,M,20231002,235,6-7(6) 6-3 6-2,3,R128,160.0,124186,105062,,,,Q,Alexandre Muller,Mikhail Kukushkin,R,R,183.0,183.0,FRA,KAZ,26.6,35.7,81.0,245.0,726.0,250.0,10.0,0.0,1.0,1.0,94.0,108.0,57.0,78.0,43.0,50.0,14.0,21.0,14.0,15.0,0.0,7.0,4.0,8.0,B,0
2023-5014,Shanghai Masters,Hard,128,M,20231002,232,6-4 7-6(7),3,R128,134.0,106148,126846,,,,,Roberto Carballes Baena,Aleksandar Vukic,R,R,183.0,188.0,ESP,AUS,30.5,27.4,61.0,54.0,870.0,918.0,2.0,9.0,2.0,0.0,91.0,64.0,52.0,37.0,35.0,32.0,21.0,16.0,11.0,11.0,4.0,0.0,6.0,1.0,B,0
2023-5014,Shanghai Masters,Hard,128,M,20231002,231,7-5 7-5,3,R128,114.0,202320,109303,,,Q,Q,Beibit Zhukayev,Stefano Napolitano,R,R,198.0,196.0,KAZ,ITA,22.9,28.4,302.0,252.0,186.0,238.0,6.0,9.0,2.0,4.0,67.0,89.0,44.0,58.0,36.0,39.0,15.0,17.0,12.0,12.0,3.0,10.0,3.0,12.0,A,1
2023-5014,Shanghai Masters,Hard,128,M,20231002,228,6-3 6-2,3,R128,87.0,132283,210340,,,,Q,Lorenzo Sonego,Philip Sekulic,R,R,191.0,191.0,ITA,AUS,28.3,20.0,59.0,298.0,880.0,189.0,13.0,0.0,0.0,0.0,59.0,51.0,38.0,36.0,31.0,22.0,11.0,6.0,9.0,8.0,4.0,5.0,4.0,8.0,A,1
2023-5014,Shanghai Masters,Hard,128,M,20231002,227,6-3 3-6 6-1,3,R128,94.0,111442,209279,,,,Q,Jordan Thompson,Terence Atmane,R,L,183.0,193.0,AUS,FRA,29.4,21.7,62.0,148.0,867.0,417.0,5.0,7.0,0.0,4.0,61.0,70.0,44.0,43.0,30.0,31.0,7.0,16.0,12.0,13.0,2.0,5.0,6.0,7.0,B,0
2023-5014,Shanghai Masters,Hard,128,M,20231002,224,5-7 6-3 6-2,3,R128,168.0,209414,106043,,,,WC,Luca Van Assche,Diego Schwartzman,R,R,178.0,170.0,FRA,ARG,19.3,31.1,66.0,130.0,816.0,451.0,8.0,0.0,2.0,2.0,79.0,114.0,52.0,76.0,27.0,46.0,14.0,18.0,14.0,15.0,3.0,13.0,10.0,18.0,B,0
2023-5014,Shanghai Masters,Hard,128,M,20231002,223,7-6(7) 4-6 6-4,3,R128,177.0,209992,133297,,,WC,,Juncheng Shang,Yosuke Watanuki,L,R,180.0,180.0,CHN,JPN,18.6,25.4,156.0,79.0,397.0,731.0,2.0,13.0,1.0,4.0,125.0,103.0,78.0,59.0,50.0,43.0,27.0,26.0,16.0,16.0,9.0,7.0,12.0,10.0,B,0
2023-5014,Shanghai Masters,Hard,128,M,20231002,220,7-6(4) 7-5,3,R128,137.0,111513,208014,,,,Q,Laslo Djere,Rinky Hijikata,R,R,188.0,178.0,SRB,AUS,28.3,22.6,36.0,75.0,1190.0,747.0,7.0,2.0,5.0,3.0,86.0,96.0,54.0,61.0,38.0,48.0,17.0,16.0,12.0,12.0,3.0,7.0,5.0,8.0,B,0
2023-5014,Shanghai Masters,Hard,128,M,20231002,219,6-2 6-7(2) 6-4,3,R128,136.0,106331,122298,,,,,Christopher Oconnell,Botic Van De Zandschulp,R,R,183.0,191.0,AUS,NED,29.3,27.9,58.0,67.0,885.0,805.0,4.0,10.0,1.0,2.0,97.0,83.0,64.0,63.0,47.0,48.0,10.0,13.0,15.0,15.0,4.0,2.0,9.0,4.0,B,0
2023-5014,Shanghai Masters,Hard,128,M,20231002,216,4-6 6-3 6-4,3,R128,134.0,200615,208286,,,,,Alexei Popyrin,Matteo Arnaldi,R,R,196.0,185.0,AUS,ITA,24.1,22.6,43.0,42.0,1030.0,1037.0,6.0,2.0,1.0,2.0,85.0,89.0,55.0,45.0,37.0,34.0,14.0,23.0,14.0,15.0,4.0,2.0,8.0,5.0,B,0
2023-5014,Shanghai Masters,Hard,128,M,20231002,215,3-6 6-3 6-4,3,R128,124.0,200670,106398,,,,,J J Wolf,Pedro Cachin,R,R,183.0,185.0,USA,ARG,24.7,28.4,51.0,71.0,955.0,757.0,12.0,7.0,3.0,4.0,91.0,82.0,49.0,56.0,42.0,41.0,19.0,11.0,14.0,14.0,7.0,2.0,9.0,5.0,A,1
2023-5014,Shanghai Masters,Hard,128,M,20231002,212,7-6(3) 7-6(6),3,R128,125.0,124116,122669,,,,,Sebastian Ofner,Juan Pablo Varillas,R,R,191.0,185.0,AUT,PER,27.3,27.9,49.0,65.0,967.0,825.0,12.0,6.0,2.0,0.0,87.0,95.0,50.0,62.0,41.0,45.0,18.0,14.0,12.0,12.0,3.0,2.0,5.0,4.0,A,1
2023-5014,Shanghai Masters,Hard,128,M,20231002,211,6-1 6-4,3,R128,77.0,209950,200303,,,,,Arthur Fils,Pavel Kotov,R,R,185.0,191.0,FRA,RUS,19.3,24.8,44.0,103.0,1020.0,610.0,5.0,3.0,5.0,1.0,55.0,53.0,32.0,38.0,26.0,19.0,10.0,9.0,9.0,8.0,0.0,6.0,1.0,10.0,A,1
2023-5014,Shanghai Masters,Hard,128,M,20231002,208,3-6 6-3 6-2,3,R128,111.0,207686,202358,,,,Q,Alexander Shevchenko,Chun Hsin Tseng,R,R,185.0,175.0,KAZ,TPE,22.8,22.1,84.0,380.0,709.0,129.0,2.0,3.0,3.0,3.0,70.0,79.0,37.0,49.0,26.0,36.0,17.0,16.0,13.0,13.0,2.0,3.0,6.0,5.0,B,0
2023-5014,Shanghai Masters,Hard,128,M,20231002,207,7-6(4) 3-6 6-2,3,R128,127.0,111460,106234,,,,,Quentin Halys,Aslan Karatsev,R,R,191.0,185.0,FRA,RUS,26.9,30.0,76.0,52.0,740.0,943.0,5.0,8.0,6.0,5.0,86.0,95.0,45.0,57.0,35.0,46.0,23.0,16.0,14.0,15.0,5.0,5.0,7.0,8.0,A,1
2023-5014,Shanghai Masters,Hard,128,M,20231002,204,6-4 3-6 7-6(2),3,R128,173.0,127157,106415,,,,,Daniel Altmaier,Yoshihito Nishioka,R,L,188.0,170.0,GER,JPN,25.0,28.0,47.0,48.0,971.0,970.0,15.0,1.0,2.0,0.0,92.0,91.0,60.0,60.0,47.0,44.0,19.0,21.0,16.0,15.0,1.0,4.0,2.0,5.0,B,0
2023-5014,Shanghai Masters,Hard,128,M,20231002,203,6-4 6-7(10) 6-3,3,R128,147.0,105902,105870,,,Q,,James Duckworth,Yannick Hanfmann,R,R,183.0,193.0,AUS,GER,31.6,31.8,139.0,53.0,438.0,933.0,10.0,12.0,1.0,1.0,99.0,93.0,63.0,68.0,48.0,57.0,22.0,16.0,15.0,16.0,5.0,1.0,7.0,1.0,B,0
2023-5014,Shanghai Masters,Hard,128,M,20231002,200,6-4 7-6(7),3,R128,113.0,105583,104527,,,,,Dusan Lajovic,Stan Wawrinka,R,R,183.0,183.0,SRB,SUI,33.2,38.5,55.0,46.0,913.0,982.0,6.0,10.0,1.0,1.0,72.0,75.0,50.0,46.0,36.0,35.0,11.0,10.0,11.0,11.0,2.0,4.0,5.0,8.0,A,1
2023-5014,Shanghai Masters,Hard,128,M,20231002,199,7-6(6) 6-2,3,R128,83.0,126239,206681,,,,,Arthur Rinderknech,Fabian Marozsan,R,R,196.0,193.0,FRA,HUN,28.1,23.9,68.0,91.0,791.0,662.0,2.0,1.0,3.0,2.0,63.0,61.0,41.0,42.0,33.0,35.0,9.0,11.0,10.0,10.0,2.0,0.0,4.0,0.0,B,0
2023-5014,Shanghai Masters,Hard,128,M,20231002,196,6-2 6-4,3,R128,79.0,104926,106423,,,WC,,Fabio Fognini,Thanasi Kokkinakis,R,R,178.0,193.0,ITA,AUS,36.3,27.4,128.0,69.0,474.0,766.0,2.0,6.0,3.0,2.0,54.0,53.0,39.0,37.0,26.0,31.0,7.0,8.0,9.0,9.0,2.0,2.0,5.0,2.0,B,0
2023-5014,Shanghai Masters,Hard,128,M,20231002,195,7-6(5) 4-6 6-4,3,R128,168.0,200318,126845,,,Q,,Yu Hsiou Hsu,Max Purcell,R,R,178.0,185.0,TPE,AUS,24.5,25.4,184.0,41.0,338.0,1047.0,3.0,11.0,7.0,3.0,123.0,104.0,76.0,63.0,45.0,44.0,20.0,13.0,16.0,16.0,8.0,9.0,15.0,16.0,A,1
2023-5014,Shanghai Masters,Hard,128,M,20231002,192,6-1 6-2,3,R128,54.0,111190,104755,,,,,Zhizhen Zhang,Richard Gasquet,R,R,193.0,183.0,CHN,FRA,26.9,37.2,60.0,63.0,872.0,860.0,11.0,0.0,1.0,3.0,33.0,55.0,23.0,38.0,22.0,17.0,6.0,7.0,7.0,8.0,0.0,6.0,0.0,11.0,A,1
2023-5014,Shanghai Masters,Hard,128,M,20231002,191,6-1 7-6(3),3,R128,94.0,206909,126523,,,,,Brandon Nakashima,Bernabe Zapata Miralles,R,R,188.0,183.0,USA,ESP,22.1,26.7,122.0,70.0,495.0,766.0,9.0,0.0,1.0,1.0,54.0,53.0,37.0,31.0,35.0,23.0,9.0,9.0,10.0,9.0,0.0,0.0,0.0,2.0,A,1
2023-5014,Shanghai Masters,Hard,128,M,20231002,188,6-4 6-2,3,R128,69.0,123755,106218,,,,,Daniel Elahi Galan,Marcos Giron,R,R,191.0,180.0,COL,USA,27.2,30.1,90.0,80.0,664.0,730.0,5.0,5.0,0.0,1.0,51.0,48.0,39.0,29.0,25.0,25.0,6.0,13.0,9.0,9.0,0.0,2.0,3.0,2.0,B,0
2023-5014,Shanghai Masters,Hard,128,M,20231002,187,6-2 6-3,3,R128,96.0,208013,106121,,,Q,,Dane Sweeny,Taro Daniel,R,R,170.0,191.0,AUS,JPN,22.6,30.6,273.0,97.0,214.0,629.0,1.0,3.0,0.0,2.0,66.0,47.0,37.0,24.0,24.0,13.0,17.0,12.0,9.0,8.0,5.0,1.0,6.0,5.0,A,1
2023-5014,Shanghai Masters,Hard,128,M,20231002,184,6-2 6-4,3,R128,86.0,144719,144751,,,,WC,Jaume Munar,Rigele Te,R,R,183.0,188.0,ESP,CHN,26.4,25.9,82.0,489.0,721.0,82.0,11.0,4.0,0.0,3.0,48.0,65.0,38.0,36.0,30.0,21.0,6.0,17.0,9.0,9.0,0.0,7.0,0.0,10.0,A,1
2023-5014,Shanghai Masters,Hard,128,M,20231002,183,6-3 6-2,3,R128,99.0,104918,126128,,,,,Andy Murray,Roman Safiullin,R,R,191.0,185.0,GBR,RUS,36.3,26.1,39.0,50.0,1085.0,962.0,2.0,4.0,5.0,3.0,63.0,64.0,32.0,41.0,23.0,28.0,9.0,11.0,9.0,8.0,3.0,6.0,8.0,7.0,B,0
2023-5014,Shanghai Masters,Hard,128,M,20231002,180,6-4 6-2,3,R128,86.0,105916,106187,,,,Q,Marton Fucsovics,Denis Yevseyev,R,R,188.0,188.0,HUN,KAZ,31.6,30.3,57.0,260.0,887.0,229.0,1.0,1.0,1.0,1.0,54.0,47.0,32.0,28.0,23.0,20.0,16.0,10.0,9.0,9.0,2.0,2.0,2.0,5.0,A,1
2023-5014,Shanghai Masters,Hard,128,M,20231002,179,6-2 6-3,3,R128,83.0,111456,144895,,,,,Mackenzie Mcdonald,Corentin Moutet,R,L,178.0,180.0,USA,FRA,28.4,24.4,38.0,119.0,1120.0,497.0,0.0,0.0,2.0,0.0,63.0,51.0,43.0,41.0,34.0,23.0,10.0,5.0,9.0,8.0,4.0,0.0,4.0,3.0,A,1
2023-5014,Shanghai Masters,Hard,128,M,20231002,176,6-7(6) 6-2 2-1 RET,3,R128,140.0,207352,200175,,,WC,,Bu Yunchaokete,Miomir Kecmanovic,R,R,185.0,183.0,CHN,SRB,21.7,24.0,186.0,45.0,331.0,1010.0,17.0,10.0,1.0,3.0,74.0,86.0,43.0,61.0,36.0,39.0,15.0,10.0,11.0,12.0,3.0,3.0,4.0,7.0,A,1
2023-5014,Shanghai Masters,Hard,128,M,20231002,175,6-4 7-6(10),3,R128,114.0,206499,106426,,,Q,,Aleksandar Kovacevic,Cristian Garin,R,R,183.0,185.0,USA,CHI,25.0,27.3,146.0,98.0,422.0,626.0,1.0,6.0,1.0,0.0,76.0,76.0,53.0,50.0,36.0,37.0,13.0,16.0,11.0,11.0,2.0,2.0,4.0,3.0,B,0
2023-0429,Stockholm,Hard,32,A,20231016,300,4-6 7-6(6) 6-3,3,F,157.0,200303,104792,,,Q,PR,Pavel Kotov,Gael Monfils,R,R,191.0,193.0,RUS,FRA,24.9,37.1,109.0,140.0,565.0,432.0,2.0,7.0,7.0,8.0,105.0,94.0,72.0,59.0,49.0,45.0,15.0,17.0,16.0,15.0,5.0,3.0,9.0,6.0,B,0
2023-0429,Stockholm,Hard,32,A,20231016,299,6-3 6-4,3,SF,91.0,200175,200303,,,,Q,Miomir Kecmanovic,Pavel Kotov,R,R,183.0,191.0,SRB,RUS,24.1,24.9,53.0,109.0,930.0,565.0,2.0,3.0,0.0,1.0,57.0,66.0,37.0,47.0,23.0,37.0,13.0,10.0,9.0,10.0,1.0,2.0,3.0,2.0,B,0
2023-0429,Stockholm,Hard,32,A,20231016,298,7-5 6-2,3,SF,75.0,111513,104792,,,,PR,Laslo Djere,Gael Monfils,R,R,188.0,193.0,SRB,FRA,28.3,37.1,35.0,140.0,1180.0,432.0,3.0,9.0,2.0,3.0,59.0,55.0,43.0,35.0,22.0,29.0,6.0,11.0,10.0,10.0,2.0,5.0,7.0,7.0,B,0
2023-0429,Stockholm,Hard,32,A,20231016,297,6-0 3-2 RET,3,QF,54.0,200175,111200,,,,WC,Miomir Kecmanovic,Elias Ymer,R,R,183.0,185.0,SRB,SWE,24.1,27.5,53.0,168.0,930.0,369.0,0.0,1.0,0.0,2.0,22.0,40.0,9.0,23.0,8.0,13.0,12.0,6.0,5.0,6.0,0.0,3.0,0.0,7.0,A,1
2023-0429,Stockholm,Hard,32,A,20231016,296,7-6(4) 6-2,3,QF,93.0,134868,200303,3.0,,,Q,Tallon Griekspoor,Pavel Kotov,R,R,188.0,191.0,NED,RUS,27.2,24.9,25.0,109.0,1475.0,565.0,5.0,3.0,4.0,2.0,63.0,74.0,39.0,52.0,28.0,36.0,11.0,13.0,10.0,10.0,2.0,7.0,4.0,7.0,B,0
2023-0429,Stockholm,Hard,32,A,20231016,295,5-7 7-6(5) 6-4,3,QF,188.0,207830,111513,,,LL,,Tomas Machac,Laslo Djere,R,R,183.0,188.0,CZE,SRB,23.0,28.3,81.0,35.0,712.0,1180.0,6.0,5.0,7.0,5.0,126.0,123.0,67.0,78.0,43.0,50.0,28.0,20.0,17.0,17.0,10.0,12.0,16.0,18.0,B,0
2023-0429,Stockholm,Hard,32,A,20231016,294,7-5 7-6(3),3,QF,105.0,104792,105173,,2.0,PR,,Gael Monfils,Adrian Mannarino,R,L,193.0,180.0,FRA,FRA,37.1,35.2,140.0,24.0,432.0,1481.0,5.0,2.0,1.0,0.0,68.0,68.0,51.0,47.0,38.0,31.0,12.0,14.0,12.0,12.0,1.0,3.0,3.0,6.0,A,1
2023-0429,Stockholm,Hard,32,A,20231016,293,7-6(3) 6-2,3,R16,104.0,200175,208029,,1.0,,,Miomir Kecmanovic,Holger Rune,R,R,183.0,188.0,SRB,DEN,24.1,20.4,53.0,6.0,930.0,4605.0,2.0,4.0,1.0,2.0,73.0,73.0,45.0,42.0,33.0,27.0,18.0,16.0,10.0,10.0,3.0,5.0,4.0,8.0,A,1
2023-0429,Stockholm,Hard,32,A,20231016,292,6-3 3-6 6-2,3,R16,160.0,111200,209976,,,WC,Q,Elias Ymer,Dino Prizmic,R,R,185.0,188.0,SWE,CRO,27.5,18.1,168.0,165.0,369.0,374.0,4.0,2.0,1.0,2.0,76.0,85.0,45.0,51.0,31.0,31.0,16.0,12.0,13.0,13.0,1.0,3.0,5.0,9.0,A,1
2023-0429,Stockholm,Hard,32,A,20231016,291,7-6(3) 6-4,3,R16,114.0,200325,134868,,3.0,,,Emil Ruusuvuori,Tallon Griekspoor,R,R,188.0,188.0,FIN,NED,24.5,27.2,61.0,25.0,856.0,1475.0,4.0,8.0,2.0,3.0,72.0,85.0,44.0,43.0,29.0,32.0,17.0,23.0,11.0,11.0,1.0,5.0,3.0,6.0,B,0
2023-0429,Stockholm,Hard,32,A,20231016,290,6-4 7-5,3,R16,108.0,132283,200303,,,,Q,Lorenzo Sonego,Pavel Kotov,R,R,191.0,191.0,ITA,RUS,28.4,24.9,55.0,109.0,925.0,565.0,1.0,0.0,2.0,3.0,66.0,61.0,39.0,40.0,25.0,31.0,13.0,9.0,11.0,11.0,2.0,1.0,6.0,3.0,B,0
2023-0429,Stockholm,Hard,32,A,20231016,289,7-5 6-4,3,R16,98.0,200670,111513,,,,,J J Wolf,Laslo Djere,R,R,183.0,188.0,USA,SRB,24.8,28.3,58.0,35.0,895.0,1180.0,3.0,14.0,3.0,0.0,59.0,70.0,29.0,46.0,21.0,33.0,14.0,13.0,11.0,11.0,1.0,2.0,5.0,4.0,B,0
2023-0429,Stockholm,Hard,32,A,20231016,288,6-4 6-1,3,R16,65.0,207830,104527,,,LL,,Tomas Machac,Stan Wawrinka,R,R,183.0,183.0,CZE,SUI,23.0,38.5,81.0,46.0,712.0,992.0,3.0,1.0,0.0,1.0,50.0,43.0,31.0,27.0,26.0,17.0,13.0,8.0,9.0,8.0,3.0,1.0,3.0,4.0,A,1
2023-0429,Stockholm,Hard,32,A,20231016,287,6-4 6-3,3,R16,73.0,104792,209209,,,PR,Q,Gael Monfils,Filip Misolic,R,R,193.0,180.0,FRA,AUT,37.1,22.1,140.0,181.0,432.0,350.0,11.0,2.0,2.0,2.0,53.0,66.0,35.0,37.0,31.0,28.0,7.0,10.0,9.0,10.0,1.0,4.0,1.0,7.0,A,1
2023-0429,Stockholm,Hard,32,A,20231016,286,6-4 6-4,3,R16,91.0,126128,105173,,2.0,,,Roman Safiullin,Adrian Mannarino,R,L,185.0,180.0,RUS,FRA,26.1,35.2,42.0,24.0,1007.0,1481.0,3.0,3.0,6.0,3.0,61.0,58.0,38.0,32.0,25.0,24.0,8.0,12.0,10.0,10.0,2.0,0.0,6.0,2.0,B,0
2023-0429,Stockholm,Hard,32,A,20231016,284,6-4 6-2,3,R32,84.0,200175,200418,,,,WC,Miomir Kecmanovic,Karl Friberg,R,R,183.0,191.0,SRB,SWE,24.1,24.5,53.0,433.0,930.0,103.0,3.0,6.0,1.0,0.0,57.0,56.0,35.0,37.0,27.0,25.0,14.0,7.0,9.0,9.0,7.0,4.0,7.0,7.0,A,1
2023-0429,Stockholm,Hard,32,A,20231016,283,6-4 6-4,3,R32,86.0,111200,105138,,,WC,,Elias Ymer,Roberto Bautista Agut,R,R,185.0,183.0,SWE,ESP,27.5,35.5,168.0,49.0,369.0,961.0,7.0,1.0,0.0,4.0,46.0,65.0,28.0,40.0,23.0,25.0,14.0,11.0,10.0,10.0,0.0,3.0,1.0,6.0,A,1
2023-0429,Stockholm,Hard,32,A,20231016,282,6-3 7-5,3,R32,101.0,209976,208103,,6.0,Q,,Dino Prizmic,Jiri Lehecka,R,R,188.0,185.0,CRO,CZE,18.1,21.9,165.0,30.0,374.0,1357.0,2.0,4.0,1.0,1.0,61.0,70.0,41.0,46.0,34.0,30.0,10.0,11.0,11.0,10.0,0.0,4.0,1.0,7.0,A,1
2023-0429,Stockholm,Hard,32,A,20231016,280,6-2 6-1,3,R32,56.0,133975,200325,,,Q,,Benjamin Hassan,Emil Ruusuvuori,R,R,183.0,188.0,LBN,FIN,28.6,24.5,161.0,61.0,382.0,856.0,1.0,2.0,4.0,1.0,36.0,48.0,17.0,31.0,10.0,24.0,6.0,11.0,7.0,8.0,1.0,0.0,5.0,0.0,B,0
2023-0429,Stockholm,Hard,32,A,20231016,279,4-6 6-3 6-4,3,R32,139.0,132283,105583,,,,,Lorenzo Sonego,Dusan Lajovic,R,R,191.0,183.0,ITA,SRB,28.4,33.2,55.0,51.0,925.0,933.0,14.0,0.0,2.0,0.0,99.0,82.0,62.0,63.0,44.0,44.0,24.0,11.0,15.0,14.0,5.0,3.0,6.0,5.0,A,1
2023-0429,Stockholm,Hard,32,A,20231016,278,6-7(2) 6-3 7-6(5),3,R32,147.0,200303,111153,,7.0,Q,,Pavel Kotov,Christopher Eubanks,R,R,191.0,201.0,RUS,USA,24.9,27.4,109.0,32.0,565.0,1328.0,4.0,12.0,6.0,3.0,108.0,99.0,70.0,66.0,57.0,55.0,19.0,15.0,17.0,16.0,3.0,3.0,3.0,4.0,A,1
2023-0429,Stockholm,Hard,32,A,20231016,277,7-6(5) 6-2,3,R32,104.0,202104,200670,5.0,,,,Sebastian Baez,J J Wolf,R,R,170.0,183.0,ARG,USA,22.7,24.8,28.0,58.0,1410.0,895.0,2.0,4.0,0.0,0.0,81.0,58.0,56.0,29.0,35.0,22.0,10.0,20.0,10.0,10.0,4.0,1.0,7.0,2.0,B,0
2023-0429,Stockholm,Hard,32,A,20231016,276,6-3 6-3,3,R32,80.0,209863,111513,,,WC,,Leo Borg,Laslo Djere,R,R,183.0,188.0,SWE,SRB,20.4,28.3,359.0,35.0,140.0,1180.0,2.0,3.0,6.0,2.0,59.0,59.0,38.0,37.0,28.0,26.0,4.0,12.0,9.0,9.0,5.0,4.0,9.0,5.0,B,0
2023-0429,Stockholm,Hard,32,A,20231016,275,7-5 6-4,3,R32,90.0,104527,127339,,,,,Stan Wawrinka,Borna Gojo,R,R,183.0,196.0,SUI,CRO,38.5,25.6,46.0,76.0,992.0,747.0,7.0,10.0,3.0,6.0,69.0,67.0,41.0,41.0,30.0,30.0,18.0,13.0,11.0,11.0,5.0,7.0,6.0,10.0,A,1
2023-0429,Stockholm,Hard,32,A,20231016,273,6-4 7-6(1),3,R32,100.0,209209,105554,,8.0,Q,,Filip Misolic,Daniel Evans,R,R,180.0,175.0,AUT,GBR,22.1,33.3,181.0,34.0,350.0,1301.0,8.0,5.0,1.0,3.0,67.0,66.0,36.0,34.0,29.0,25.0,17.0,16.0,11.0,11.0,1.0,4.0,3.0,7.0,A,1
2023-0429,Stockholm,Hard,32,A,20231016,272,2-6 6-2 7-5,3,R32,138.0,105916,104792,,,,PR,Marton Fucsovics,Gael Monfils,R,R,188.0,193.0,HUN,FRA,31.6,37.1,52.0,140.0,932.0,432.0,3.0,9.0,7.0,6.0,89.0,96.0,55.0,49.0,40.0,37.0,14.0,22.0,14.0,14.0,8.0,5.0,12.0,8.0,B,0
2023-0429,Stockholm,Hard,32,A,20231016,271,6-3 6-2,3,R32,70.0,205734,126128,,,,,Thiago Seyboth Wild,Roman Safiullin,R,R,185.0,185.0,BRA,RUS,23.6,26.1,77.0,42.0,738.0,1007.0,2.0,6.0,2.0,2.0,46.0,60.0,29.0,41.0,16.0,32.0,9.0,11.0,8.0,9.0,2.0,6.0,5.0,6.0,B,0
2023-0329,Tokyo,Hard,32,A,20231016,300,7-5 6-1,3,F,82.0,210097,106234,,,,,Ben Shelton,Aslan Karatsev,L,R,193.0,185.0,USA,RUS,21.0,30.1,19.0,50.0,1865.0,933.0,3.0,2.0,1.0,4.0,50.0,63.0,40.0,36.0,32.0,22.0,7.0,13.0,9.0,10.0,1.0,2.0,1.0,6.0,A,1
2023-0329,Tokyo,Hard,32,A,20231016,299,6-3 6-4,3,SF,93.0,106234,208278,,,,WC,Aslan Karatsev,Shintaro Mochizuki,R,R,185.0,175.0,RUS,JPN,30.1,20.3,50.0,215.0,933.0,284.0,6.0,3.0,0.0,1.0,59.0,54.0,34.0,30.0,29.0,21.0,15.0,13.0,10.0,9.0,1.0,4.0,1.0,6.0,A,1
2023-0329,Tokyo,Hard,32,A,20231016,298,6-7(2) 7-6(5) 6-4,3,SF,170.0,210097,106218,,,,Q,Ben Shelton,Marcos Giron,L,R,193.0,180.0,USA,USA,21.0,30.2,19.0,79.0,1865.0,735.0,13.0,8.0,3.0,3.0,119.0,106.0,88.0,71.0,59.0,55.0,16.0,17.0,17.0,17.0,7.0,4.0,10.0,8.0,A,1
2023-0329,Tokyo,Hard,32,A,20231016,297,7-5 2-6 7-5,3,QF,142.0,208278,200615,,,WC,,Shintaro Mochizuki,Alexei Popyrin,R,R,175.0,196.0,JPN,AUS,20.3,24.1,215.0,41.0,284.0,1030.0,4.0,21.0,3.0,2.0,99.0,98.0,59.0,71.0,41.0,54.0,19.0,10.0,16.0,16.0,6.0,4.0,9.0,7.0,A,1
2023-0329,Tokyo,Hard,32,A,20231016,296,6-3 6-2,3,QF,96.0,200282,106234,4.0,,,,Alex De Minaur,Aslan Karatsev,R,R,183.0,185.0,AUS,RUS,24.6,30.1,13.0,50.0,2650.0,933.0,3.0,3.0,1.0,3.0,48.0,69.0,30.0,43.0,20.0,31.0,9.0,14.0,8.0,9.0,2.0,5.0,5.0,5.0,B,0
2023-0329,Tokyo,Hard,32,A,20231016,295,7-6(4) 6-3,3,QF,98.0,210097,126205,,5.0,,,Ben Shelton,Tommy Paul,L,R,193.0,185.0,USA,USA,21.0,26.4,19.0,12.0,1865.0,2705.0,14.0,2.0,5.0,1.0,73.0,56.0,42.0,34.0,34.0,23.0,18.0,15.0,11.0,10.0,6.0,0.0,7.0,2.0,A,1
2023-0329,Tokyo,Hard,32,A,20231016,294,6-1 6-4,3,QF,80.0,106218,200000,,8.0,Q,,Marcos Giron,Felix Auger Aliassime,R,R,180.0,193.0,USA,CAN,30.2,23.1,79.0,17.0,735.0,2100.0,3.0,4.0,1.0,5.0,45.0,54.0,28.0,28.0,20.0,19.0,10.0,8.0,8.0,9.0,1.0,3.0,2.0,8.0,A,1
2023-0329,Tokyo,Hard,32,A,20231016,293,0-6 6-4 7-6(2),3,R16,121.0,126203,208278,1.0,,,WC,Taylor Fritz,Shintaro Mochizuki,R,R,196.0,175.0,USA,JPN,25.9,20.3,10.0,215.0,3410.0,284.0,9.0,5.0,4.0,3.0,80.0,95.0,45.0,58.0,31.0,40.0,21.0,20.0,14.0,14.0,3.0,5.0,5.0,9.0,B,0
2023-0329,Tokyo,Hard,32,A,20231016,292,4-6 7-6(3) 6-2,3,R16,177.0,200615,106426,,,,Q,Alexei Popyrin,Cristian Garin,R,R,196.0,185.0,AUS,CHI,24.1,27.3,41.0,94.0,1030.0,651.0,8.0,3.0,4.0,9.0,109.0,117.0,68.0,69.0,51.0,45.0,21.0,25.0,15.0,15.0,7.0,6.0,9.0,9.0,A,1
2023-0329,Tokyo,Hard,32,A,20231016,291,6-0 7-5,3,R16,89.0,106043,200282,,4.0,,,Diego Schwartzman,Alex De Minaur,R,R,170.0,183.0,ARG,AUS,31.1,24.6,113.0,13.0,541.0,2650.0,1.0,3.0,2.0,1.0,68.0,48.0,48.0,31.0,28.0,22.0,5.0,12.0,9.0,9.0,6.0,0.0,11.0,1.0,B,0
2023-0329,Tokyo,Hard,32,A,20231016,290,6-3 6-4,3,R16,80.0,106234,111190,,,,,Aslan Karatsev,Zhizhen Zhang,R,R,185.0,193.0,RUS,CHN,30.1,26.9,50.0,57.0,933.0,897.0,4.0,3.0,5.0,2.0,49.0,61.0,24.0,38.0,23.0,25.0,17.0,11.0,10.0,9.0,0.0,2.0,0.0,4.0,A,1
2023-0329,Tokyo,Hard,32,A,20231016,289,6-4 6-2,3,R16,75.0,126205,111456,5.0,,,,Tommy Paul,Mackenzie Mcdonald,R,R,185.0,178.0,USA,USA,26.4,28.5,12.0,37.0,2705.0,1075.0,6.0,4.0,2.0,1.0,41.0,60.0,22.0,44.0,21.0,27.0,15.0,7.0,9.0,9.0,0.0,6.0,0.0,9.0,A,1
2023-0329,Tokyo,Hard,32,A,20231016,288,6-7(5) 6-4 6-3,3,R16,169.0,111442,210097,,,,,Jordan Thompson,Ben Shelton,R,L,183.0,193.0,AUS,USA,29.4,21.0,60.0,19.0,861.0,1865.0,9.0,13.0,0.0,4.0,120.0,96.0,72.0,62.0,51.0,50.0,21.0,19.0,15.0,16.0,8.0,1.0,11.0,2.0,B,0
2023-0329,Tokyo,Hard,32,A,20231016,287,6-4 6-1,3,R16,95.0,124116,200000,,8.0,,,Sebastian Ofner,Felix Auger Aliassime,R,R,191.0,193.0,AUT,CAN,27.4,23.1,47.0,17.0,981.0,2100.0,4.0,5.0,3.0,4.0,72.0,59.0,41.0,45.0,23.0,34.0,13.0,3.0,8.0,9.0,11.0,5.0,16.0,7.0,B,0
2023-0329,Tokyo,Hard,32,A,20231016,286,6-3 6-4,3,R16,80.0,106218,134770,,2.0,Q,,Marcos Giron,Casper Ruud,R,R,180.0,183.0,USA,NOR,30.2,24.8,79.0,8.0,735.0,3685.0,9.0,8.0,0.0,2.0,53.0,59.0,38.0,37.0,30.0,25.0,6.0,8.0,9.0,10.0,0.0,3.0,1.0,7.0,A,1
2023-0329,Tokyo,Hard,32,A,20231016,285,6-4 6-3,3,R32,80.0,126203,111815,1.0,,,,Taylor Fritz,Cameron Norrie,R,L,196.0,188.0,USA,GBR,25.9,28.1,10.0,18.0,3410.0,1985.0,13.0,3.0,1.0,1.0,53.0,64.0,34.0,44.0,27.0,26.0,13.0,8.0,10.0,9.0,2.0,5.0,3.0,8.0,A,1
2023-0329,Tokyo,Hard,32,A,20231016,284,6-4 7-6(5),3,R32,122.0,208278,144869,,,WC,,Shintaro Mochizuki,Tomas Martin Etcheverry,R,R,175.0,196.0,JPN,ARG,20.3,24.2,215.0,31.0,284.0,1341.0,2.0,4.0,3.0,3.0,79.0,73.0,49.0,50.0,32.0,36.0,20.0,11.0,11.0,11.0,3.0,6.0,4.0,8.0,A,1
2023-0329,Tokyo,Hard,32,A,20231016,283,6-4 3-6 6-3,3,R32,136.0,200647,106426,,,WC,Q,Sho Shimabukuro,Cristian Garin,R,R,180.0,185.0,JPN,CHI,26.2,27.3,143.0,94.0,426.0,651.0,8.0,4.0,0.0,4.0,100.0,83.0,64.0,48.0,44.0,37.0,18.0,20.0,14.0,14.0,4.0,4.0,7.0,6.0,B,0
2023-0329,Tokyo,Hard,32,A,20231016,282,6-4 6-2,3,R32,91.0,200615,111575,,7.0,,,Alexei Popyrin,Karen Khachanov,R,R,196.0,198.0,AUS,RUS,24.1,27.4,41.0,15.0,1030.0,2340.0,11.0,7.0,2.0,3.0,71.0,57.0,45.0,32.0,35.0,22.0,9.0,10.0,9.0,9.0,7.0,6.0,8.0,10.0,A,1
2023-0329,Tokyo,Hard,32,A,20231016,281,4-6 7-6(4) 7-6(1),3,R32,184.0,207733,200282,,4.0,Q,,Jack Draper,Alex De Minaur,L,R,193.0,183.0,GBR,AUS,21.8,24.6,88.0,13.0,676.0,2650.0,7.0,9.0,0.0,6.0,116.0,111.0,67.0,64.0,49.0,48.0,20.0,25.0,17.0,17.0,3.0,3.0,6.0,7.0,B,0
2023-0329,Tokyo,Hard,32,A,20231016,280,6-4 6-1,3,R32,80.0,202103,106043,,,,,Francisco Cerundolo,Diego Schwartzman,R,R,185.0,170.0,ARG,ARG,25.1,31.1,22.0,113.0,1680.0,541.0,0.0,1.0,2.0,1.0,53.0,54.0,31.0,39.0,18.0,25.0,5.0,9.0,8.0,9.0,6.0,5.0,11.0,7.0,B,0
2023-0329,Tokyo,Hard,32,A,20231016,279,3-6 6-4 7-6(4),3,R32,134.0,111190,128034,,,,,Zhizhen Zhang,Hubert Hurkacz,R,R,193.0,196.0,CHN,POL,26.9,26.6,57.0,11.0,897.0,2900.0,10.0,5.0,2.0,1.0,88.0,106.0,51.0,67.0,39.0,47.0,19.0,17.0,15.0,16.0,6.0,3.0,9.0,6.0,A,1
2023-0329,Tokyo,Hard,32,A,20231016,278,6-3 7-6(4),3,R32,99.0,126207,106234,6.0,,,,Frances Tiafoe,Aslan Karatsev,R,R,188.0,185.0,USA,RUS,25.7,30.1,14.0,50.0,2355.0,933.0,4.0,10.0,4.0,5.0,60.0,82.0,30.0,52.0,26.0,37.0,13.0,16.0,10.0,11.0,1.0,5.0,3.0,6.0,B,0
2023-0329,Tokyo,Hard,32,A,20231016,277,3-6 6-1 6-3,3,R32,129.0,126205,127157,5.0,,,,Tommy Paul,Daniel Altmaier,R,R,185.0,188.0,USA,GER,26.4,25.0,12.0,48.0,2705.0,961.0,7.0,5.0,2.0,2.0,80.0,91.0,47.0,65.0,37.0,40.0,16.0,10.0,13.0,12.0,2.0,5.0,4.0,9.0,A,1
2023-0329,Tokyo,Hard,32,A,20231016,276,7-5 6-4,3,R32,104.0,111456,126845,,,,,Mackenzie Mcdonald,Max Purcell,R,R,178.0,185.0,USA,AUS,28.5,25.5,37.0,40.0,1075.0,1041.0,4.0,11.0,2.0,3.0,62.0,82.0,34.0,50.0,27.0,35.0,15.0,11.0,11.0,11.0,2.0,7.0,3.0,10.0,A,1
2023-0329,Tokyo,Hard,32,A,20231016,275,3-6 6-4 7-6(2),3,R32,152.0,210097,106121,,,,Q,Ben Shelton,Taro Daniel,L,R,193.0,191.0,USA,JPN,21.0,30.7,19.0,97.0,1865.0,633.0,5.0,6.0,7.0,1.0,90.0,95.0,60.0,56.0,44.0,40.0,16.0,22.0,15.0,16.0,2.0,3.0,4.0,5.0,A,1
2023-0329,Tokyo,Hard,32,A,20231016,274,6-3 6-4,3,R32,95.0,111442,100644,,3.0,,,Jordan Thompson,Alexander Zverev,R,R,183.0,198.0,AUS,GER,29.4,26.4,60.0,9.0,861.0,3460.0,6.0,2.0,0.0,3.0,63.0,53.0,41.0,35.0,28.0,22.0,13.0,11.0,10.0,9.0,4.0,3.0,5.0,6.0,A,1
2023-0329,Tokyo,Hard,32,A,20231016,273,7-6(3) 6-7(2) 6-2,3,R32,171.0,200000,126846,8.0,,,,Felix Auger Aliassime,Aleksandar Vukic,R,R,193.0,188.0,CAN,AUS,23.1,27.5,17.0,54.0,2100.0,927.0,13.0,5.0,6.0,2.0,99.0,136.0,62.0,86.0,45.0,57.0,20.0,20.0,16.0,16.0,4.0,11.0,7.0,16.0,A,1
2023-0329,Tokyo,Hard,32,A,20231016,272,6-7(2) 7-6(5) 7-5,3,R32,168.0,106331,124116,,,,,Christopher Oconnell,Sebastian Ofner,R,R,183.0,191.0,AUS,AUT,29.3,27.4,59.0,47.0,873.0,981.0,10.0,17.0,4.0,1.0,127.0,116.0,83.0,67.0,65.0,55.0,15.0,24.0,18.0,18.0,8.0,3.0,11.0,5.0,B,0
2023-0329,Tokyo,Hard,32,A,20231016,271,7-6(14) 4-6 6-1,3,R32,164.0,106415,106218,,,,Q,Yoshihito Nishioka,Marcos Giron,L,R,170.0,180.0,JPN,USA,28.0,30.2,44.0,79.0,995.0,735.0,6.0,13.0,1.0,1.0,114.0,109.0,67.0,72.0,48.0,58.0,25.0,20.0,14.0,15.0,5.0,5.0,7.0,6.0,B,0
2023-0329,Tokyo,Hard,32,A,20231016,270,7-6(6) 6-3,3,R32,106.0,134770,133297,2.0,,,WC,Casper Ruud,Yosuke Watanuki,R,R,183.0,180.0,NOR,JPN,24.8,25.5,8.0,73.0,3685.0,756.0,8.0,9.0,2.0,7.0,64.0,77.0,42.0,33.0,33.0,28.0,16.0,19.0,10.0,11.0,3.0,3.0,3.0,5.0,A,1
2023-7485,Antwerp,Hard,32,A,20231016,300,6-4 6-4,3,F,75.0,122330,209950,3.0,4.0,,,Alexander Bublik,Arthur Fils,R,R,196.0,185.0,KAZ,FRA,26.3,19.3,36.0,38.0,1129.0,1061.0,11.0,6.0,11.0,2.0,63.0,56.0,37.0,37.0,36.0,24.0,9.0,11.0,10.0,10.0,3.0,1.0,3.0,3.0,A,1
2023-7485,Antwerp,Hard,32,A,20231016,299,7-6(5) 7-6(4),3,SF,120.0,126774,209950,1.0,4.0,,,Stefanos Tsitsipas,Arthur Fils,R,R,193.0,185.0,GRE,FRA,25.1,19.3,7.0,38.0,4360.0,1061.0,10.0,9.0,2.0,1.0,78.0,93.0,54.0,56.0,41.0,41.0,14.0,23.0,12.0,12.0,3.0,8.0,4.0,9.0,B,0
2023-7485,Antwerp,Hard,32,A,20231016,298,6-4 6-4,3,SF,84.0,109739,122330,,3.0,Q,,Maximilian Marterer,Alexander Bublik,L,R,188.0,196.0,GER,KAZ,28.3,26.3,127.0,36.0,482.0,1129.0,1.0,12.0,2.0,7.0,71.0,61.0,45.0,38.0,26.0,35.0,17.0,9.0,10.0,10.0,3.0,5.0,5.0,5.0,B,0
2023-7485,Antwerp,Hard,32,A,20231016,297,6-3 6-3,3,QF,70.0,105870,126774,5.0,1.0,,,Yannick Hanfmann,Stefanos Tsitsipas,R,R,193.0,193.0,GER,GRE,31.9,25.1,56.0,7.0,908.0,4360.0,2.0,7.0,0.0,0.0,49.0,50.0,34.0,35.0,22.0,28.0,8.0,10.0,9.0,9.0,4.0,2.0,7.0,2.0,B,0
2023-7485,Antwerp,Hard,32,A,20231016,296,6-0 6-3,3,QF,57.0,122669,209950,8.0,4.0,,,Juan Pablo Varillas,Arthur Fils,R,R,185.0,185.0,PER,FRA,28.0,19.3,69.0,38.0,779.0,1061.0,4.0,9.0,1.0,1.0,38.0,43.0,22.0,30.0,15.0,24.0,5.0,10.0,7.0,8.0,0.0,2.0,4.0,2.0,B,0
2023-7485,Antwerp,Hard,32,A,20231016,295,6-4 4-6 6-2,3,QF,87.0,122330,208659,3.0,,,Q,Alexander Bublik,Giovanni Mpetshi Perricard,R,R,196.0,203.0,KAZ,FRA,26.3,20.2,36.0,226.0,1129.0,272.0,8.0,18.0,7.0,3.0,72.0,71.0,43.0,52.0,39.0,37.0,13.0,10.0,14.0,14.0,1.0,2.0,3.0,6.0,A,1
2023-7485,Antwerp,Hard,32,A,20231016,294,6-3 6-2,3,QF,61.0,109739,200384,,,Q,,Maximilian Marterer,Hugo Gaston,L,L,188.0,173.0,GER,FRA,28.3,23.0,127.0,96.0,482.0,634.0,9.0,2.0,0.0,0.0,48.0,44.0,34.0,27.0,31.0,20.0,8.0,6.0,9.0,8.0,3.0,1.0,3.0,4.0,A,1
2023-7485,Antwerp,Hard,32,A,20231016,293,7-5 6-3,3,R16,96.0,122298,126774,,1.0,,,Botic Van De Zandschulp,Stefanos Tsitsipas,R,R,191.0,193.0,NED,GRE,28.0,25.1,67.0,7.0,785.0,4360.0,5.0,6.0,2.0,4.0,70.0,69.0,43.0,40.0,31.0,30.0,10.0,16.0,10.0,11.0,7.0,4.0,10.0,5.0,B,0
2023-7485,Antwerp,Hard,32,A,20231016,292,6-4 5-7 6-4,3,R16,161.0,105870,106233,5.0,,,,Yannick Hanfmann,Dominic Thiem,R,R,193.0,185.0,GER,AUT,31.9,30.1,56.0,86.0,908.0,688.0,6.0,14.0,4.0,3.0,117.0,91.0,81.0,62.0,57.0,46.0,15.0,16.0,16.0,16.0,13.0,0.0,15.0,3.0,A,1
2023-7485,Antwerp,Hard,32,A,20231016,291,7-6(4) 7-6(2),3,R16,107.0,210136,209950,,4.0,WC,,Mark Lajal,Arthur Fils,R,R,191.0,185.0,EST,FRA,20.4,19.3,229.0,38.0,271.0,1061.0,7.0,6.0,2.0,4.0,75.0,94.0,50.0,52.0,40.0,45.0,13.0,19.0,12.0,12.0,1.0,8.0,1.0,8.0,B,0
2023-7485,Antwerp,Hard,32,A,20231016,290,3-6 6-3 6-2,3,R16,106.0,122669,207686,8.0,,,,Juan Pablo Varillas,Alexander Shevchenko,R,R,185.0,185.0,PER,KAZ,28.0,22.8,69.0,84.0,779.0,699.0,1.0,6.0,1.0,1.0,78.0,78.0,52.0,44.0,35.0,31.0,14.0,12.0,13.0,13.0,3.0,1.0,6.0,6.0,A,1
2023-7485,Antwerp,Hard,32,A,20231016,289,7-5 6-3,3,R16,71.0,105676,208659,,,WC,Q,David Goffin,Giovanni Mpetshi Perricard,R,R,180.0,203.0,BEL,FRA,32.8,20.2,105.0,226.0,579.0,272.0,6.0,11.0,1.0,2.0,57.0,53.0,34.0,38.0,25.0,33.0,13.0,11.0,10.0,11.0,3.0,0.0,5.0,0.0,B,0
2023-7485,Antwerp,Hard,32,A,20231016,288,6-4 6-2,3,R16,66.0,122330,106296,3.0,,,,Alexander Bublik,Gregoire Barrere,R,R,196.0,183.0,KAZ,FRA,26.3,29.6,36.0,72.0,1129.0,758.0,11.0,1.0,6.0,0.0,52.0,50.0,30.0,28.0,26.0,18.0,12.0,11.0,9.0,9.0,3.0,0.0,3.0,3.0,A,1
2023-7485,Antwerp,Hard,32,A,20231016,287,6-3 7-6(3),3,R16,79.0,132686,109739,,,,Q,Nuno Borges,Maximilian Marterer,R,L,185.0,188.0,POR,GER,26.6,28.3,74.0,127.0,748.0,482.0,9.0,11.0,0.0,2.0,64.0,59.0,49.0,39.0,37.0,35.0,3.0,11.0,10.0,11.0,3.0,1.0,5.0,2.0,B,0
2023-7485,Antwerp,Hard,32,A,20231016,286,5-7 7-6(5) 7-6(11),3,R16,169.0,105526,200384,2.0,,,,Jan Lennard Struff,Hugo Gaston,R,L,193.0,173.0,GER,FRA,33.4,23.0,27.0,96.0,1447.0,634.0,15.0,9.0,2.0,3.0,120.0,146.0,78.0,90.0,60.0,62.0,19.0,28.0,18.0,18.0,5.0,12.0,8.0,16.0,B,0
2023-7485,Antwerp,Hard,32,A,20231016,284,6-7(4) 6-3 6-3,3,R32,135.0,122298,208502,,,,,Botic Van De Zandschulp,Dominic Stricker,R,L,191.0,183.0,NED,SUI,28.0,21.1,67.0,90.0,785.0,669.0,10.0,10.0,2.0,2.0,92.0,101.0,66.0,58.0,55.0,39.0,11.0,25.0,15.0,15.0,2.0,5.0,2.0,8.0,A,1
2023-7485,Antwerp,Hard,32,A,20231016,283,3-6 7-6(7) 6-2,3,R32,147.0,208134,106233,,,WC,,Luca Nardi,Dominic Thiem,R,R,185.0,185.0,ITA,AUT,20.1,30.1,133.0,86.0,451.0,688.0,7.0,5.0,3.0,5.0,97.0,102.0,65.0,63.0,48.0,51.0,17.0,16.0,15.0,14.0,3.0,4.0,6.0,6.0,B,0
2023-7485,Antwerp,Hard,32,A,20231016,282,6-4 7-6(3),3,R32,98.0,105870,210696,5.0,,,Q,Yannick Hanfmann,Alexander Blockx,R,R,193.0,191.0,GER,BEL,31.9,18.5,56.0,646.0,908.0,49.0,4.0,8.0,1.0,1.0,71.0,69.0,47.0,48.0,35.0,37.0,16.0,10.0,11.0,11.0,3.0,5.0,3.0,6.0,A,1
2023-7485,Antwerp,Hard,32,A,20231016,280,6-3 6-4,3,R32,69.0,210136,144719,,,WC,,Mark Lajal,Jaume Munar,R,R,191.0,183.0,EST,ESP,20.4,26.4,229.0,83.0,271.0,701.0,8.0,4.0,1.0,0.0,53.0,49.0,33.0,32.0,28.0,22.0,13.0,10.0,10.0,9.0,2.0,0.0,2.0,2.0,A,1
2023-7485,Antwerp,Hard,32,A,20231016,279,6-7(5) 7-6(5) 6-3,3,R32,149.0,126127,207686,,,Q,,Benjamin Bonzi,Alexander Shevchenko,R,R,183.0,185.0,FRA,KAZ,27.3,22.8,89.0,84.0,674.0,699.0,7.0,10.0,4.0,4.0,112.0,120.0,66.0,74.0,51.0,57.0,25.0,23.0,17.0,16.0,7.0,3.0,10.0,4.0,B,0
2023-7485,Antwerp,Hard,32,A,20231016,278,7-6(7) 6-4,3,R32,111.0,122669,206681,8.0,,,,Juan Pablo Varillas,Fabian Marozsan,R,R,185.0,193.0,PER,HUN,28.0,24.0,69.0,65.0,779.0,812.0,11.0,5.0,3.0,2.0,99.0,73.0,59.0,52.0,39.0,37.0,19.0,5.0,11.0,11.0,9.0,2.0,11.0,5.0,A,1
2023-7485,Antwerp,Hard,32,A,20231016,277,0-6 6-3 7-6(4),3,R32,119.0,208659,106148,,6.0,Q,,Giovanni Mpetshi Perricard,Roberto Carballes Baena,R,R,203.0,183.0,FRA,ESP,20.2,30.5,226.0,64.0,272.0,820.0,13.0,4.0,5.0,0.0,101.0,70.0,66.0,54.0,47.0,42.0,16.0,12.0,14.0,13.0,7.0,2.0,10.0,3.0,A,1
2023-7485,Antwerp,Hard,32,A,20231016,276,6-4 6-1,3,R32,56.0,105676,111460,,,WC,,David Goffin,Quentin Halys,R,R,180.0,191.0,BEL,FRA,32.8,26.9,105.0,87.0,579.0,685.0,9.0,5.0,0.0,2.0,37.0,56.0,24.0,38.0,22.0,23.0,8.0,4.0,8.0,9.0,1.0,4.0,2.0,9.0,A,1
2023-7485,Antwerp,Hard,32,A,20231016,275,6-1 7-6(5),3,R32,71.0,106296,123755,,,,,Gregoire Barrere,Daniel Elahi Galan,R,R,183.0,191.0,FRA,COL,29.6,27.3,72.0,92.0,758.0,665.0,6.0,7.0,0.0,2.0,61.0,59.0,42.0,38.0,34.0,28.0,13.0,10.0,9.0,10.0,2.0,2.0,2.0,5.0,A,1
2023-7485,Antwerp,Hard,32,A,20231016,273,6-3 6-4,3,R32,69.0,109739,104755,,7.0,Q,,Maximilian Marterer,Richard Gasquet,L,R,188.0,183.0,GER,FRA,28.3,37.3,127.0,62.0,482.0,850.0,11.0,6.0,1.0,2.0,59.0,52.0,35.0,32.0,27.0,24.0,16.0,11.0,10.0,9.0,1.0,0.0,1.0,2.0,A,1
2023-7485,Antwerp,Hard,32,A,20231016,272,7-6(6) 6-4,3,R32,97.0,136440,132686,,,,,Dominik Koepfer,Nuno Borges,L,R,180.0,185.0,GER,POR,29.4,26.6,78.0,74.0,737.0,748.0,7.0,4.0,2.0,2.0,81.0,68.0,55.0,40.0,37.0,31.0,13.0,17.0,11.0,11.0,4.0,4.0,7.0,6.0,B,0
2023-7485,Antwerp,Hard,32,A,20231016,271,7-6(7) 6-4,3,R32,122.0,200384,126239,,,,,Hugo Gaston,Arthur Rinderknech,L,R,173.0,196.0,FRA,FRA,23.0,28.2,96.0,82.0,634.0,711.0,3.0,11.0,4.0,0.0,90.0,79.0,43.0,57.0,29.0,39.0,29.0,12.0,11.0,11.0,3.0,3.0,4.0,5.0,A,1
2023-0328,Basel,Hard,32,A,20231023,300,6-3 6-2,3,SF,82.0,200000,208029,6.0,1.0,,,Felix Auger Aliassime,Holger Rune,R,R,193.0,188.0,CAN,DEN,23.2,20.4,19.0,6.0,1940.0,4400.0,5.0,3.0,0.0,2.0,50.0,57.0,28.0,46.0,23.0,27.0,15.0,4.0,9.0,8.0,2.0,4.0,2.0,7.0,A,1
2023-0328,Basel,Hard,32,A,20231023,299,6-4 3-6 7-6(5),3,SF,157.0,128034,200005,4.0,,,,Hubert Hurkacz,Ugo Humbert,R,L,196.0,188.0,POL,FRA,26.6,25.3,11.0,28.0,2900.0,1400.0,8.0,4.0,1.0,0.0,92.0,111.0,61.0,67.0,51.0,48.0,14.0,25.0,15.0,16.0,2.0,5.0,4.0,7.0,A,1
2023-0328,Basel,Hard,32,A,20231023,298,6-1 3-6 7-6(6),3,QF,159.0,208029,144869,1.0,,,,Holger Rune,Tomas Martin Etcheverry,R,R,188.0,196.0,DEN,ARG,20.4,24.2,6.0,32.0,4400.0,1340.0,11.0,6.0,2.0,1.0,112.0,83.0,62.0,62.0,49.0,45.0,24.0,14.0,14.0,14.0,9.0,3.0,10.0,5.0,A,1
2023-0328,Basel,Hard,32,A,20231023,297,7-6(2) 3-6 7-6(1),3,QF,154.0,200000,207686,6.0,,,Q,Felix Auger Aliassime,Alexander Shevchenko,R,R,193.0,185.0,CAN,KAZ,23.2,22.8,19.0,83.0,1940.0,707.0,16.0,8.0,3.0,0.0,109.0,99.0,66.0,63.0,49.0,45.0,21.0,23.0,16.0,17.0,4.0,5.0,8.0,8.0,A,1
2023-0328,Basel,Hard,32,A,20231023,296,6-7(6) 6-4 6-4,3,QF,139.0,134868,128034,,4.0,,,Tallon Griekspoor,Hubert Hurkacz,R,R,188.0,196.0,NED,POL,27.3,26.6,25.0,11.0,1500.0,2900.0,7.0,23.0,3.0,0.0,113.0,99.0,71.0,60.0,50.0,50.0,25.0,24.0,16.0,16.0,8.0,2.0,10.0,2.0,B,0
2023-0328,Basel,Hard,32,A,20231023,295,6-4 2-6 6-2,3,QF,116.0,200005,208502,,,,WC,Ugo Humbert,Dominic Stricker,L,L,188.0,183.0,FRA,SUI,25.3,21.1,28.0,96.0,1400.0,637.0,6.0,5.0,1.0,3.0,75.0,71.0,43.0,34.0,30.0,32.0,16.0,10.0,13.0,13.0,4.0,2.0,8.0,7.0,A,1
2023-0328,Basel,Hard,32,A,20231023,294,7-6(2) 6-1,3,R16,89.0,202104,208029,,1.0,,,Sebastian Baez,Holger Rune,R,R,170.0,188.0,ARG,DEN,22.8,20.4,29.0,6.0,1400.0,4400.0,3.0,7.0,1.0,1.0,62.0,59.0,50.0,36.0,34.0,28.0,4.0,18.0,9.0,10.0,4.0,1.0,6.0,1.0,B,0
2023-0328,Basel,Hard,32,A,20231023,293,6-7(5) 6-3 6-2,3,R16,187.0,104918,144869,,,,,Andy Murray,Tomas Martin Etcheverry,R,R,191.0,196.0,GBR,ARG,36.4,24.2,40.0,32.0,1050.0,1340.0,2.0,2.0,4.0,2.0,104.0,113.0,61.0,80.0,42.0,51.0,20.0,21.0,14.0,15.0,8.0,5.0,12.0,6.0,B,0
2023-0328,Basel,Hard,32,A,20231023,292,6-7(7) 7-6(6) 7-6(5),3,R16,173.0,126203,207686,3.0,,,Q,Taylor Fritz,Alexander Shevchenko,R,R,196.0,185.0,USA,KAZ,25.9,22.8,9.0,83.0,3500.0,707.0,22.0,6.0,2.0,1.0,118.0,150.0,73.0,100.0,67.0,77.0,24.0,25.0,18.0,18.0,3.0,15.0,3.0,15.0,B,0
2023-0328,Basel,Hard,32,A,20231023,291,6-4 6-2,3,R16,81.0,122298,200000,,6.0,Q,,Botic Van De Zandschulp,Felix Auger Aliassime,R,R,191.0,193.0,NED,CAN,28.0,23.2,65.0,19.0,805.0,1940.0,3.0,5.0,2.0,2.0,54.0,54.0,31.0,38.0,20.0,29.0,10.0,8.0,9.0,9.0,2.0,2.0,6.0,3.0,B,0
2023-0328,Basel,Hard,32,A,20231023,290,6-4 6-3,3,R16,84.0,134868,200282,,5.0,,,Tallon Griekspoor,Alex De Minaur,R,R,188.0,183.0,NED,AUS,27.3,24.6,25.0,13.0,1500.0,2650.0,3.0,2.0,3.0,0.0,58.0,64.0,41.0,43.0,31.0,28.0,10.0,10.0,10.0,9.0,3.0,4.0,4.0,7.0,A,1
2023-0328,Basel,Hard,32,A,20231023,289,6-1 6-4,3,R16,66.0,105526,128034,,4.0,,,Jan Lennard Struff,Hubert Hurkacz,R,R,193.0,196.0,GER,POL,33.4,26.6,27.0,11.0,1447.0,2900.0,5.0,11.0,2.0,0.0,65.0,47.0,39.0,32.0,23.0,24.0,10.0,9.0,8.0,9.0,5.0,0.0,9.0,1.0,B,0
2023-0328,Basel,Hard,32,A,20231023,288,7-6(3) 7-6(4),3,R16,122.0,111797,200005,7.0,,,,Nicolas Jarry,Ugo Humbert,R,L,201.0,188.0,CHI,FRA,28.0,25.3,20.0,28.0,1720.0,1400.0,7.0,4.0,0.0,0.0,80.0,76.0,55.0,52.0,43.0,45.0,15.0,16.0,12.0,12.0,5.0,4.0,5.0,4.0,B,0
2023-0328,Basel,Hard,32,A,20231023,287,6-4 3-6 7-6(1),3,R16,145.0,208502,134770,,2.0,WC,,Dominic Stricker,Casper Ruud,L,R,183.0,183.0,SUI,NOR,21.1,24.8,96.0,8.0,637.0,3705.0,13.0,4.0,2.0,5.0,82.0,122.0,55.0,78.0,45.0,53.0,17.0,23.0,15.0,16.0,4.0,11.0,5.0,12.0,A,1
2023-0328,Basel,Hard,32,A,20231023,286,1-6 7-5 6-3,3,R32,120.0,208029,200175,1.0,,,,Holger Rune,Miomir Kecmanovic,R,R,188.0,183.0,DEN,SRB,20.4,24.1,6.0,55.0,4400.0,930.0,3.0,3.0,4.0,0.0,77.0,91.0,43.0,58.0,30.0,41.0,20.0,16.0,14.0,14.0,0.0,6.0,3.0,9.0,A,1
2023-0328,Basel,Hard,32,A,20231023,285,6-7(3) 6-4 6-3,3,R32,137.0,202104,106331,,,,Q,Sebastian Baez,Christopher Oconnell,R,R,170.0,183.0,ARG,AUS,22.8,29.3,29.0,61.0,1400.0,844.0,7.0,12.0,3.0,1.0,89.0,97.0,69.0,57.0,50.0,38.0,9.0,21.0,15.0,16.0,1.0,7.0,3.0,12.0,A,1
2023-0328,Basel,Hard,32,A,20231023,284,7-5 6-4,3,R32,138.0,105870,104918,,,,,Yannick Hanfmann,Andy Murray,R,R,193.0,191.0,GER,GBR,31.9,36.4,51.0,40.0,941.0,1050.0,1.0,7.0,0.0,1.0,79.0,91.0,60.0,57.0,36.0,38.0,9.0,18.0,11.0,11.0,2.0,6.0,6.0,8.0,B,0
2023-0328,Basel,Hard,32,A,20231023,283,6-3 1-6 6-3,3,R32,114.0,144869,200624,,8.0,,,Tomas Martin Etcheverry,Sebastian Korda,R,R,196.0,196.0,ARG,USA,24.2,23.2,32.0,23.0,1340.0,1530.0,2.0,8.0,1.0,2.0,89.0,69.0,63.0,39.0,43.0,33.0,14.0,14.0,13.0,12.0,4.0,1.0,6.0,3.0,A,1
2023-0328,Basel,Hard,32,A,20231023,282,7-6(7) 7-6(4),3,R32,119.0,126203,126845,3.0,,,,Taylor Fritz,Max Purcell,R,R,196.0,185.0,USA,AUS,25.9,25.5,9.0,41.0,3500.0,1041.0,12.0,13.0,1.0,6.0,87.0,99.0,58.0,60.0,41.0,45.0,17.0,15.0,12.0,12.0,3.0,4.0,5.0,6.0,A,1
2023-0328,Basel,Hard,32,A,20231023,281,6-3 7-6(8),3,R32,105.0,104527,207686,,,,Q,Stan Wawrinka,Alexander Shevchenko,R,R,183.0,185.0,SUI,KAZ,38.5,22.8,45.0,83.0,1012.0,707.0,11.0,3.0,0.0,1.0,76.0,74.0,49.0,40.0,33.0,28.0,15.0,22.0,11.0,10.0,2.0,3.0,5.0,4.0,B,0
2023-0328,Basel,Hard,32,A,20231023,280,7-5 6-7(3) 6-2,3,R32,183.0,122298,105138,,,Q,,Botic Van De Zandschulp,Roberto Bautista Agut,R,R,191.0,183.0,NED,ESP,28.0,35.5,65.0,48.0,805.0,961.0,12.0,5.0,4.0,2.0,110.0,116.0,68.0,89.0,52.0,50.0,16.0,13.0,16.0,16.0,3.0,10.0,6.0,16.0,A,1
2023-0328,Basel,Hard,32,A,20231023,279,6-3 6-2,3,R32,75.0,200000,209857,6.0,,,WC,Felix Auger Aliassime,Leandro Riedi,R,R,193.0,191.0,CAN,SUI,23.2,21.7,19.0,162.0,1940.0,391.0,6.0,2.0,3.0,5.0,55.0,46.0,30.0,27.0,21.0,17.0,15.0,6.0,9.0,8.0,1.0,2.0,2.0,6.0,A,1
2023-0328,Basel,Hard,32,A,20231023,278,6-4 6-4,3,R32,105.0,200282,106043,5.0,,,,Alex De Minaur,Diego Schwartzman,R,R,183.0,170.0,AUS,ARG,24.6,31.1,13.0,104.0,2650.0,586.0,5.0,2.0,2.0,3.0,59.0,75.0,38.0,44.0,29.0,24.0,12.0,19.0,10.0,10.0,3.0,4.0,4.0,7.0,A,1
2023-0328,Basel,Hard,32,A,20231023,277,7-6(4) 2-6 6-3,3,R32,122.0,134868,205734,,,,LL,Tallon Griekspoor,Thiago Seyboth Wild,R,R,188.0,185.0,NED,BRA,27.3,23.6,25.0,78.0,1500.0,738.0,14.0,11.0,6.0,3.0,95.0,93.0,67.0,61.0,52.0,49.0,14.0,15.0,15.0,14.0,7.0,0.0,9.0,1.0,A,1
2023-0328,Basel,Hard,32,A,20231023,276,7-6(7) 6-4,3,R32,95.0,111153,105526,,,,,Christopher Eubanks,Jan Lennard Struff,R,R,201.0,193.0,USA,GER,27.4,33.4,34.0,27.0,1323.0,1447.0,12.0,8.0,3.0,1.0,82.0,73.0,57.0,45.0,42.0,38.0,13.0,16.0,11.0,11.0,5.0,4.0,6.0,4.0,B,0
2023-0328,Basel,Hard,32,A,20231023,275,7-6(2) 6-3,3,R32,86.0,128034,105583,4.0,,,,Hubert Hurkacz,Dusan Lajovic,R,R,196.0,183.0,POL,SRB,26.6,33.3,11.0,53.0,2900.0,933.0,18.0,1.0,1.0,1.0,73.0,66.0,51.0,48.0,41.0,31.0,10.0,10.0,10.0,11.0,6.0,1.0,7.0,4.0,A,1
2023-0328,Basel,Hard,32,A,20231023,274,7-6(6) 6-7(2) 6-4,3,R32,194.0,111797,105173,7.0,,,,Nicolas Jarry,Adrian Mannarino,R,L,201.0,180.0,CHI,FRA,28.0,35.3,20.0,24.0,1720.0,1515.0,23.0,11.0,1.0,2.0,123.0,105.0,83.0,64.0,61.0,53.0,20.0,20.0,17.0,17.0,6.0,1.0,7.0,3.0,A,1
2023-0328,Basel,Hard,32,A,20231023,273,6-3 4-6 7-6(3),3,R32,136.0,106218,200005,,,SE,,Marcos Giron,Ugo Humbert,R,L,180.0,188.0,USA,FRA,30.2,25.3,57.0,28.0,915.0,1400.0,7.0,9.0,1.0,2.0,91.0,95.0,65.0,60.0,50.0,47.0,13.0,22.0,15.0,16.0,3.0,4.0,5.0,6.0,B,0
2023-0328,Basel,Hard,32,A,20231023,272,7-6(2) 6-2,3,R32,89.0,208502,133975,,,WC,Q,Dominic Stricker,Benjamin Hassan,L,R,183.0,183.0,SUI,LBN,21.1,28.7,96.0,163.0,637.0,387.0,4.0,3.0,2.0,1.0,72.0,61.0,39.0,35.0,30.0,24.0,20.0,15.0,10.0,10.0,3.0,4.0,3.0,6.0,A,1
2023-0328,Basel,Hard,32,A,20231023,271,7-6(5) 6-2,3,R32,108.0,122330,134770,,2.0,,,Alexander Bublik,Casper Ruud,R,R,196.0,183.0,KAZ,NOR,26.3,24.8,30.0,8.0,1369.0,3705.0,14.0,6.0,12.0,2.0,73.0,81.0,44.0,48.0,35.0,36.0,6.0,13.0,10.0,10.0,6.0,4.0,10.0,6.0,B,0
2023-0328,Basel,Hard,32,A,20231023,270,7-6(3) 7-6(5),3,F,115.0,200000,128034,6.0,4.0,,,Felix Auger Aliassime,Hubert Hurkacz,R,R,193.0,196.0,CAN,POL,23.2,26.6,19.0,11.0,1940.0,2900.0,13.0,12.0,2.0,2.0,66.0,92.0,45.0,54.0,42.0,44.0,15.0,17.0,12.0,12.0,0.0,5.0,0.0,5.0,A,1
2023-0337,Vienna,Hard,32,A,20231023,300,6-4 7-6(6),3,SF,104.0,126774,106421,4.0,1.0,,,Stefanos Tsitsipas,Daniil Medvedev,R,R,193.0,198.0,GRE,RUS,25.1,27.6,7.0,3.0,4300.0,7355.0,6.0,5.0,2.0,2.0,71.0,68.0,42.0,49.0,33.0,41.0,17.0,11.0,11.0,11.0,4.0,3.0,5.0,3.0,B,0
2023-0337,Vienna,Hard,32,A,20231023,299,7-5 7-6(5),3,SF,109.0,126094,206173,3.0,2.0,,,Andrey Rublev,Jannik Sinner,R,R,188.0,191.0,RUS,ITA,26.0,22.1,5.0,4.0,4765.0,5000.0,4.0,10.0,2.0,4.0,77.0,73.0,55.0,45.0,39.0,37.0,9.0,15.0,12.0,12.0,2.0,4.0,5.0,6.0,B,0
2023-0337,Vienna,Hard,32,A,20231023,298,6-3 3-6 6-3,3,QF,135.0,111575,106421,8.0,1.0,,,Karen Khachanov,Daniil Medvedev,R,R,198.0,198.0,RUS,RUS,27.4,27.6,16.0,3.0,2340.0,7355.0,9.0,6.0,0.0,4.0,89.0,89.0,59.0,56.0,46.0,45.0,11.0,16.0,13.0,14.0,4.0,0.0,6.0,1.0,B,0
2023-0337,Vienna,Hard,32,A,20231023,297,7-6(4) 7-5,3,QF,109.0,127339,126774,,4.0,WC,,Borna Gojo,Stefanos Tsitsipas,R,R,196.0,193.0,CRO,GRE,25.6,25.1,77.0,7.0,741.0,4300.0,14.0,12.0,3.0,1.0,76.0,84.0,51.0,51.0,37.0,40.0,13.0,18.0,12.0,12.0,2.0,5.0,4.0,6.0,B,0
2023-0337,Vienna,Hard,32,A,20231023,296,6-1 6-7(5) 6-3,3,QF,150.0,126094,100644,3.0,5.0,,,Andrey Rublev,Alexander Zverev,R,R,188.0,198.0,RUS,GER,26.0,26.5,5.0,10.0,4765.0,3460.0,6.0,12.0,0.0,1.0,106.0,90.0,70.0,65.0,55.0,48.0,16.0,11.0,15.0,13.0,6.0,7.0,6.0,10.0,A,1
2023-0337,Vienna,Hard,32,A,20231023,295,6-3 6-4,3,QF,79.0,126207,206173,7.0,2.0,,,Frances Tiafoe,Jannik Sinner,R,R,188.0,191.0,USA,ITA,25.7,22.1,14.0,4.0,2400.0,5000.0,6.0,5.0,2.0,1.0,56.0,55.0,31.0,38.0,20.0,32.0,14.0,12.0,9.0,10.0,2.0,3.0,4.0,3.0,B,0
2023-0337,Vienna,Hard,32,A,20231023,294,3-6 6-2 6-4,3,R16,126.0,106421,105777,1.0,,,,Daniil Medvedev,Grigor Dimitrov,R,R,198.0,191.0,RUS,BUL,27.6,32.4,3.0,17.0,7355.0,2195.0,14.0,5.0,4.0,2.0,91.0,73.0,54.0,41.0,40.0,33.0,17.0,12.0,14.0,13.0,6.0,4.0,9.0,8.0,A,1
2023-0337,Vienna,Hard,32,A,20231023,293,6-3 6-1,3,R16,65.0,208103,111575,,8.0,,,Jiri Lehecka,Karen Khachanov,R,R,185.0,198.0,CZE,RUS,21.9,27.4,31.0,16.0,1357.0,2340.0,5.0,6.0,1.0,0.0,56.0,40.0,38.0,29.0,21.0,25.0,7.0,8.0,8.0,8.0,4.0,0.0,8.0,0.0,B,0
2023-0337,Vienna,Hard,32,A,20231023,292,6-3 4-6 7-5,3,R16,118.0,207830,126774,,4.0,Q,,Tomas Machac,Stefanos Tsitsipas,R,R,183.0,193.0,CZE,GRE,23.0,25.1,74.0,7.0,755.0,4300.0,5.0,10.0,2.0,0.0,85.0,79.0,51.0,51.0,36.0,41.0,20.0,17.0,15.0,16.0,6.0,1.0,9.0,3.0,B,0
2023-0337,Vienna,Hard,32,A,20231023,291,6-3 6-4,3,R16,84.0,126205,127339,6.0,,,WC,Tommy Paul,Borna Gojo,R,R,185.0,196.0,USA,CRO,26.4,25.6,12.0,77.0,2775.0,741.0,9.0,7.0,2.0,2.0,64.0,58.0,39.0,43.0,25.0,33.0,14.0,10.0,9.0,10.0,4.0,2.0,6.0,2.0,B,0
2023-0337,Vienna,Hard,32,A,20231023,290,6-2 6-4,3,R16,79.0,100644,111815,5.0,,,,Alexander Zverev,Cameron Norrie,R,L,198.0,188.0,GER,GBR,26.5,28.1,10.0,18.0,3460.0,1985.0,9.0,1.0,0.0,2.0,55.0,52.0,45.0,28.0,36.0,19.0,3.0,12.0,9.0,9.0,5.0,1.0,5.0,4.0,A,1
2023-0337,Vienna,Hard,32,A,20231023,289,7-5 6-3,3,R16,86.0,208286,126094,,3.0,,,Matteo Arnaldi,Andrey Rublev,R,R,185.0,188.0,ITA,RUS,22.6,26.0,46.0,5.0,1000.0,4765.0,4.0,6.0,4.0,0.0,72.0,61.0,38.0,42.0,25.0,35.0,20.0,12.0,10.0,11.0,7.0,1.0,9.0,1.0,B,0
2023-0337,Vienna,Hard,32,A,20231023,288,5-7 6-1 6-4,3,R16,131.0,126207,104792,7.0,,,PR,Frances Tiafoe,Gael Monfils,R,R,188.0,193.0,USA,FRA,25.7,37.1,14.0,89.0,2400.0,682.0,3.0,10.0,3.0,5.0,92.0,90.0,61.0,48.0,46.0,36.0,19.0,17.0,15.0,14.0,5.0,4.0,6.0,7.0,A,1
2023-0337,Vienna,Hard,32,A,20231023,287,6-2 6-4,3,R16,93.0,206173,132283,2.0,,,LL,Jannik Sinner,Lorenzo Sonego,R,R,191.0,191.0,ITA,ITA,22.1,28.4,4.0,52.0,5000.0,935.0,1.0,6.0,0.0,2.0,58.0,64.0,48.0,41.0,35.0,25.0,6.0,11.0,9.0,9.0,2.0,4.0,2.0,7.0,A,1
2023-0337,Vienna,Hard,32,A,20231023,286,6-4 6-2,3,R32,75.0,106421,209950,1.0,,,,Daniil Medvedev,Arthur Fils,R,R,198.0,185.0,RUS,FRA,27.6,19.3,3.0,38.0,7355.0,1203.0,5.0,4.0,0.0,1.0,41.0,63.0,31.0,43.0,28.0,29.0,8.0,6.0,9.0,9.0,0.0,2.0,0.0,5.0,A,1
2023-0337,Vienna,Hard,32,A,20231023,285,6-3 6-4,3,R32,93.0,105777,207518,,,,,Grigor Dimitrov,Lorenzo Musetti,R,R,191.0,185.0,BUL,ITA,32.4,21.6,17.0,22.0,2195.0,1640.0,8.0,2.0,3.0,0.0,59.0,64.0,41.0,42.0,33.0,27.0,10.0,13.0,10.0,9.0,1.0,7.0,1.0,9.0,A,1
2023-0337,Vienna,Hard,32,A,20231023,284,6-4 6-4,3,R32,84.0,208103,200670,,,,,Jiri Lehecka,J J Wolf,R,R,185.0,183.0,CZE,USA,21.9,24.8,31.0,59.0,1357.0,895.0,6.0,3.0,1.0,4.0,51.0,66.0,36.0,36.0,26.0,26.0,12.0,12.0,10.0,10.0,0.0,3.0,1.0,6.0,A,1
2023-0337,Vienna,Hard,32,A,20231023,283,6-4 6-4,3,R32,95.0,111575,126128,8.0,,,,Karen Khachanov,Roman Safiullin,R,R,198.0,185.0,RUS,RUS,27.4,26.2,16.0,43.0,2340.0,1027.0,6.0,7.0,1.0,1.0,66.0,62.0,44.0,40.0,32.0,31.0,13.0,10.0,10.0,10.0,1.0,5.0,1.0,7.0,A,1
2023-0337,Vienna,Hard,32,A,20231023,282,7-6(5) 6-4,3,R32,118.0,126774,106233,4.0,,,WC,Stefanos Tsitsipas,Dominic Thiem,R,R,193.0,185.0,GRE,AUT,25.1,30.1,7.0,99.0,4300.0,618.0,10.0,3.0,1.0,0.0,80.0,68.0,48.0,40.0,39.0,29.0,18.0,19.0,11.0,11.0,3.0,3.0,3.0,4.0,A,1
2023-0337,Vienna,Hard,32,A,20231023,281,6-3 6-1,3,R32,55.0,207830,126846,,,Q,,Tomas Machac,Aleksandar Vukic,R,R,183.0,188.0,CZE,AUS,23.0,27.5,74.0,56.0,755.0,927.0,7.0,1.0,0.0,2.0,39.0,51.0,29.0,31.0,25.0,19.0,8.0,8.0,8.0,8.0,1.0,2.0,1.0,6.0,A,1
2023-0337,Vienna,Hard,32,A,20231023,280,6-3 6-3,3,R32,72.0,127339,106234,,,WC,SE,Borna Gojo,Aslan Karatsev,R,R,196.0,185.0,CRO,RUS,25.6,30.1,77.0,37.0,741.0,1213.0,6.0,3.0,0.0,4.0,48.0,55.0,38.0,27.0,31.0,19.0,6.0,11.0,9.0,9.0,2.0,6.0,2.0,9.0,A,1
2023-0337,Vienna,Hard,32,A,20231023,279,6-3 6-1,3,R32,70.0,124186,126205,,6.0,Q,,Alexandre Muller,Tommy Paul,R,R,183.0,185.0,FRA,USA,26.7,26.4,84.0,12.0,701.0,2775.0,2.0,5.0,1.0,1.0,71.0,45.0,49.0,26.0,25.0,21.0,11.0,12.0,8.0,8.0,7.0,0.0,11.0,0.0,B,0
2023-0337,Vienna,Hard,32,A,20231023,278,6-4 6-1,3,R32,78.0,124116,100644,,5.0,WC,,Sebastian Ofner,Alexander Zverev,R,R,191.0,198.0,AUT,GER,27.4,26.5,44.0,10.0,1015.0,3460.0,5.0,4.0,1.0,3.0,57.0,43.0,32.0,26.0,20.0,23.0,10.0,9.0,9.0,8.0,3.0,0.0,7.0,0.0,B,0
2023-0337,Vienna,Hard,32,A,20231023,277,7-6(7) 4-6 6-3,3,R32,144.0,209209,111815,,,Q,,Filip Misolic,Cameron Norrie,R,L,180.0,188.0,AUT,GBR,22.2,28.1,169.0,18.0,376.0,1985.0,7.0,4.0,1.0,2.0,93.0,99.0,61.0,67.0,43.0,50.0,20.0,20.0,15.0,16.0,3.0,4.0,5.0,6.0,B,0
2023-0337,Vienna,Hard,32,A,20231023,276,7-6(4) 7-6(2),3,R32,135.0,105077,208286,,,Q,,Albert Ramos,Matteo Arnaldi,L,R,188.0,185.0,ESP,ITA,35.7,22.6,93.0,46.0,669.0,1000.0,3.0,11.0,3.0,2.0,81.0,95.0,50.0,60.0,37.0,43.0,13.0,17.0,12.0,12.0,2.0,1.0,4.0,3.0,B,0
2023-0337,Vienna,Hard,32,A,20231023,275,7-6(5) 6-4,3,R32,96.0,200615,126094,,3.0,,,Alexei Popyrin,Andrey Rublev,R,R,196.0,188.0,AUS,RUS,24.2,26.0,39.0,5.0,1110.0,4765.0,8.0,8.0,3.0,1.0,65.0,77.0,43.0,48.0,29.0,33.0,10.0,15.0,11.0,11.0,3.0,3.0,7.0,6.0,B,0
2023-0337,Vienna,Hard,32,A,20231023,274,1-4 RET,3,R32,31.0,126207,105554,7.0,,,,Frances Tiafoe,Daniel Evans,R,R,188.0,175.0,USA,GBR,25.7,33.4,14.0,35.0,2400.0,1266.0,3.0,1.0,0.0,0.0,22.0,17.0,15.0,10.0,9.0,9.0,1.0,3.0,2.0,3.0,3.0,0.0,4.0,0.0,A,1
2023-0337,Vienna,Hard,32,A,20231023,273,6-4 6-4,3,R32,86.0,104792,127157,,,PR,,Gael Monfils,Daniel Altmaier,R,R,193.0,188.0,FRA,GER,37.1,25.1,89.0,47.0,682.0,961.0,8.0,4.0,1.0,0.0,68.0,55.0,45.0,38.0,37.0,26.0,9.0,10.0,10.0,10.0,5.0,1.0,5.0,3.0,A,1
2023-0337,Vienna,Hard,32,A,20231023,272,6-4 5-7 6-2,3,R32,139.0,132283,202103,,,LL,,Lorenzo Sonego,Francisco Cerundolo,R,R,191.0,185.0,ITA,ARG,28.4,25.1,52.0,21.0,935.0,1680.0,8.0,0.0,0.0,1.0,83.0,105.0,58.0,69.0,43.0,43.0,19.0,21.0,15.0,15.0,2.0,9.0,3.0,12.0,A,1
2023-0337,Vienna,Hard,32,A,20231023,271,7-6(2) 7-5,3,R32,104.0,206173,210097,2.0,,,,Jannik Sinner,Ben Shelton,R,L,191.0,193.0,ITA,USA,22.1,21.0,4.0,15.0,5000.0,2355.0,8.0,11.0,1.0,4.0,71.0,78.0,57.0,44.0,48.0,38.0,8.0,16.0,12.0,12.0,4.0,4.0,4.0,5.0,A,1
2023-0337,Vienna,Hard,32,A,20231023,270,7-6(7) 4-6 6-3,3,F,186.0,206173,106421,2.0,1.0,,,Jannik Sinner,Daniil Medvedev,R,R,191.0,198.0,ITA,RUS,22.1,27.6,4.0,3.0,5000.0,7355.0,5.0,13.0,0.0,8.0,118.0,132.0,86.0,88.0,55.0,57.0,16.0,18.0,16.0,15.0,9.0,12.0,13.0,16.0,A,1
2023-0352,Paris Masters,Hard,64,M,20231030,300,6-4 6-3,3,F,98.0,104925,105777,1.0,,,,Novak Djokovic,Grigor Dimitrov,R,R,188.0,191.0,SRB,BUL,36.4,32.4,1.0,17.0,11045.0,2060.0,6.0,5.0,1.0,2.0,48.0,68.0,32.0,35.0,26.0,25.0,11.0,14.0,9.0,10.0,0.0,1.0,0.0,4.0,A,1
2023-0352,Paris Masters,Hard,64,M,20231030,299,5-7 7-6(3) 7-5,3,SF,181.0,104925,126094,1.0,5.0,,,Novak Djokovic,Andrey Rublev,R,R,188.0,188.0,SRB,RUS,36.4,26.0,1.0,5.0,11045.0,4935.0,17.0,16.0,5.0,2.0,118.0,112.0,79.0,77.0,58.0,56.0,23.0,20.0,18.0,18.0,4.0,6.0,6.0,8.0,A,1
2023-0352,Paris Masters,Hard,64,M,20231030,298,6-3 6-7(1) 7-6(3),3,SF,151.0,126774,105777,7.0,,,,Stefanos Tsitsipas,Grigor Dimitrov,R,R,193.0,191.0,GRE,BUL,25.2,32.4,6.0,17.0,4435.0,2060.0,12.0,6.0,1.0,2.0,102.0,97.0,70.0,65.0,51.0,51.0,22.0,25.0,16.0,17.0,4.0,4.0,5.0,4.0,B,0
2023-0352,Paris Masters,Hard,64,M,20231030,297,7-5 6-7(3) 6-4,3,QF,174.0,208029,104925,6.0,1.0,,,Holger Rune,Novak Djokovic,R,R,188.0,188.0,DEN,SRB,20.5,36.4,7.0,1.0,4280.0,11045.0,8.0,10.0,3.0,4.0,98.0,91.0,69.0,47.0,50.0,39.0,18.0,28.0,17.0,17.0,1.0,0.0,4.0,1.0,B,0
2023-0352,Paris Masters,Hard,64,M,20231030,296,4-6 6-3 6-1,3,QF,121.0,200282,126094,13.0,5.0,,,Alex De Minaur,Andrey Rublev,R,R,183.0,188.0,AUS,RUS,24.6,26.0,13.0,5.0,2650.0,4935.0,5.0,4.0,3.0,2.0,96.0,79.0,58.0,43.0,37.0,31.0,16.0,21.0,13.0,13.0,10.0,2.0,15.0,4.0,B,0
2023-0352,Paris Masters,Hard,64,M,20231030,295,6-1 4-6 6-4,3,QF,98.0,128034,105777,11.0,,,,Hubert Hurkacz,Grigor Dimitrov,R,R,196.0,191.0,POL,BUL,26.7,32.4,11.0,17.0,3110.0,2060.0,19.0,9.0,2.0,2.0,74.0,71.0,46.0,49.0,35.0,40.0,13.0,14.0,13.0,14.0,0.0,1.0,3.0,2.0,B,0
2023-0352,Paris Masters,Hard,64,M,20231030,294,6-3 6-4,3,QF,80.0,126774,111575,7.0,16.0,,,Stefanos Tsitsipas,Karen Khachanov,R,R,193.0,198.0,GRE,RUS,25.2,27.4,6.0,15.0,4435.0,2385.0,4.0,3.0,2.0,1.0,53.0,50.0,33.0,30.0,26.0,22.0,10.0,7.0,10.0,9.0,0.0,0.0,1.0,3.0,A,1
2023-0352,Paris Masters,Hard,64,M,20231030,293,4-6 7-6(2) 6-4,3,R16,159.0,104925,134868,1.0,,,,Novak Djokovic,Tallon Griekspoor,R,R,188.0,188.0,SRB,NED,36.4,27.3,1.0,23.0,11045.0,1570.0,9.0,12.0,7.0,4.0,106.0,97.0,66.0,62.0,51.0,48.0,18.0,16.0,16.0,16.0,6.0,4.0,9.0,7.0,A,1
2023-0352,Paris Masters,Hard,64,M,20231030,292,6-3 6-3,3,R16,80.0,208029,127157,6.0,,,,Holger Rune,Daniel Altmaier,R,R,188.0,188.0,DEN,GER,20.5,25.1,7.0,54.0,4280.0,901.0,5.0,5.0,2.0,2.0,55.0,55.0,31.0,35.0,25.0,22.0,15.0,10.0,9.0,9.0,3.0,1.0,3.0,4.0,A,1
2023-0352,Paris Masters,Hard,64,M,20231030,291,W/O,3,R16,0.0,206173,200282,4.0,13.0,,,Jannik Sinner,Alex De Minaur,R,R,191.0,183.0,ITA,AUS,22.2,24.6,4.0,13.0,5410.0,2650.0,,,,,,,,,,,,,,,,,,,B,0
2023-0352,Paris Masters,Hard,64,M,20231030,290,6-3 6-3,3,R16,64.0,126094,122298,5.0,,,Q,Andrey Rublev,Botic Van De Zandschulp,R,R,188.0,191.0,RUS,NED,26.0,28.0,5.0,60.0,4935.0,825.0,4.0,5.0,4.0,2.0,50.0,50.0,32.0,36.0,28.0,25.0,10.0,5.0,9.0,9.0,1.0,1.0,1.0,4.0,A,1
2023-0352,Paris Masters,Hard,64,M,20231030,289,6-4 6-3,3,R16,68.0,128034,202103,11.0,,,,Hubert Hurkacz,Francisco Cerundolo,R,R,196.0,185.0,POL,ARG,26.7,25.2,11.0,21.0,3110.0,1680.0,8.0,1.0,1.0,5.0,50.0,64.0,30.0,41.0,21.0,28.0,13.0,6.0,9.0,10.0,2.0,6.0,4.0,11.0,A,1
2023-0352,Paris Masters,Hard,64,M,20231030,288,6-2 6-2,3,R16,67.0,105777,122330,,,,,Grigor Dimitrov,Alexander Bublik,R,R,191.0,196.0,BUL,KAZ,32.4,26.3,17.0,33.0,2060.0,1289.0,2.0,5.0,3.0,5.0,49.0,43.0,28.0,28.0,18.0,16.0,13.0,4.0,8.0,8.0,2.0,4.0,3.0,9.0,A,1
2023-0352,Paris Masters,Hard,64,M,20231030,287,7-6(2) 6-4,3,R16,119.0,100644,126774,10.0,7.0,,,Alexander Zverev,Stefanos Tsitsipas,R,R,198.0,193.0,GER,GRE,26.5,25.2,9.0,6.0,3540.0,4435.0,5.0,10.0,0.0,1.0,77.0,71.0,58.0,46.0,39.0,36.0,8.0,13.0,11.0,11.0,4.0,2.0,6.0,3.0,B,0
2023-0352,Paris Masters,Hard,64,M,20231030,286,4-6 6-4 6-2,3,R16,127.0,111575,126128,16.0,,,Q,Karen Khachanov,Roman Safiullin,R,R,198.0,185.0,RUS,RUS,27.4,26.2,15.0,45.0,2385.0,1007.0,11.0,14.0,3.0,4.0,89.0,89.0,51.0,62.0,46.0,47.0,16.0,11.0,14.0,14.0,5.0,1.0,6.0,4.0,A,1
2023-0352,Paris Masters,Hard,64,M,20231030,285,6-3 6-2,3,R32,84.0,144869,104925,,1.0,,,Tomas Martin Etcheverry,Novak Djokovic,R,R,196.0,188.0,ARG,SRB,24.2,36.4,31.0,1.0,1380.0,11045.0,5.0,6.0,0.0,3.0,50.0,52.0,40.0,32.0,26.0,26.0,4.0,12.0,8.0,9.0,4.0,1.0,7.0,1.0,B,0
2023-0352,Paris Masters,Hard,64,M,20231030,284,6-2 6-2,3,R32,62.0,200221,134868,,,,,Alejandro Davidovich Fokina,Tallon Griekspoor,R,R,183.0,188.0,ESP,NED,24.4,27.3,28.0,23.0,1460.0,1570.0,2.0,8.0,2.0,2.0,55.0,51.0,35.0,32.0,21.0,27.0,8.0,9.0,8.0,8.0,3.0,2.0,7.0,2.0,B,0
2023-0352,Paris Masters,Hard,64,M,20231030,283,W/O,3,R32,,126203,127157,9.0,,,,Taylor Fritz,Daniel Altmaier,R,R,196.0,188.0,USA,GER,26.0,25.1,10.0,54.0,3500.0,901.0,,,,,,,,,,,,,,,,,,,B,0
2023-0352,Paris Masters,Hard,64,M,20231030,282,6-4 6-2,3,R32,91.0,106233,208029,,6.0,Q,,Dominic Thiem,Holger Rune,R,R,185.0,188.0,AUT,DEN,30.1,20.5,108.0,7.0,573.0,4280.0,4.0,6.0,4.0,3.0,54.0,60.0,33.0,37.0,22.0,30.0,10.0,11.0,9.0,9.0,3.0,5.0,6.0,5.0,B,0
2023-0352,Paris Masters,Hard,64,M,20231030,281,6-7(6) 7-5 6-1,3,R32,136.0,206173,111456,4.0,,,,Jannik Sinner,Mackenzie Mcdonald,R,R,191.0,178.0,ITA,USA,22.2,28.5,4.0,42.0,5410.0,1030.0,4.0,8.0,2.0,2.0,83.0,90.0,48.0,60.0,41.0,38.0,23.0,18.0,16.0,15.0,0.0,4.0,1.0,8.0,A,1
2023-0352,Paris Masters,Hard,64,M,20231030,280,4-6 6-4 6-4,3,R32,130.0,105583,200282,,13.0,LL,,Dusan Lajovic,Alex De Minaur,R,R,183.0,183.0,SRB,AUS,33.3,24.6,48.0,13.0,933.0,2650.0,4.0,10.0,4.0,1.0,90.0,93.0,61.0,52.0,41.0,42.0,14.0,22.0,15.0,15.0,3.0,5.0,6.0,7.0,B,0
2023-0352,Paris Masters,Hard,64,M,20231030,279,6-4 2-6 6-3,3,R32,147.0,126205,122298,12.0,,,Q,Tommy Paul,Botic Van De Zandschulp,R,R,185.0,191.0,USA,NED,26.4,28.0,12.0,60.0,2800.0,825.0,9.0,4.0,2.0,3.0,105.0,97.0,59.0,66.0,46.0,38.0,20.0,24.0,13.0,14.0,11.0,14.0,13.0,16.0,B,0
2023-0352,Paris Masters,Hard,64,M,20231030,278,6-4 6-3,3,R32,66.0,126094,106415,5.0,,,Q,Andrey Rublev,Yoshihito Nishioka,R,L,188.0,170.0,RUS,JPN,26.0,28.0,5.0,49.0,4935.0,930.0,12.0,2.0,2.0,1.0,53.0,51.0,33.0,35.0,32.0,27.0,9.0,7.0,10.0,9.0,1.0,1.0,1.0,3.0,A,1
2023-0352,Paris Masters,Hard,64,M,20231030,277,7-5 6-4,3,R32,91.0,202103,134770,,8.0,,,Francisco Cerundolo,Casper Ruud,R,R,185.0,183.0,ARG,NOR,25.2,24.8,21.0,8.0,1680.0,3705.0,6.0,5.0,2.0,2.0,71.0,61.0,47.0,37.0,30.0,25.0,17.0,12.0,11.0,11.0,5.0,2.0,6.0,5.0,A,1
2023-0352,Paris Masters,Hard,64,M,20231030,276,6-3 6-2,3,R32,56.0,105138,128034,,11.0,,,Roberto Bautista Agut,Hubert Hurkacz,R,R,183.0,196.0,ESP,POL,35.5,26.7,66.0,11.0,791.0,3110.0,1.0,19.0,1.0,0.0,36.0,51.0,21.0,38.0,15.0,31.0,6.0,7.0,8.0,9.0,0.0,1.0,3.0,1.0,B,0
2023-0352,Paris Masters,Hard,64,M,20231030,275,7-6(3) 7-6(3),3,R32,118.0,122330,111797,,,,,Alexander Bublik,Nicolas Jarry,R,R,196.0,201.0,KAZ,CHI,26.3,28.0,33.0,20.0,1289.0,1765.0,10.0,6.0,8.0,6.0,83.0,80.0,46.0,46.0,40.0,37.0,21.0,20.0,12.0,12.0,4.0,6.0,4.0,6.0,A,1
2023-0352,Paris Masters,Hard,64,M,20231030,274,6-3 6-7(4) 7-6(2),3,R32,174.0,106421,105777,3.0,,,,Daniil Medvedev,Grigor Dimitrov,R,R,198.0,191.0,RUS,BUL,27.7,32.4,3.0,17.0,7200.0,2060.0,6.0,8.0,8.0,2.0,113.0,120.0,67.0,83.0,44.0,64.0,23.0,16.0,16.0,17.0,4.0,9.0,8.0,12.0,B,0
2023-0352,Paris Masters,Hard,64,M,20231030,273,6-3 7-6(4),3,R32,108.0,200000,126774,,7.0,,,Felix Auger Aliassime,Stefanos Tsitsipas,R,R,193.0,193.0,CAN,GRE,23.2,25.2,19.0,6.0,1940.0,4435.0,9.0,1.0,3.0,1.0,69.0,77.0,50.0,46.0,39.0,34.0,3.0,20.0,10.0,11.0,2.0,6.0,4.0,7.0,B,0
2023-0352,Paris Masters,Hard,64,M,20231030,272,6-4 6-7(3) 7-6(5),3,R32,209.0,200005,100644,,10.0,,,Ugo Humbert,Alexander Zverev,L,R,188.0,198.0,FRA,GER,25.3,26.5,26.0,9.0,1515.0,3540.0,14.0,11.0,1.0,2.0,121.0,132.0,79.0,100.0,61.0,70.0,19.0,17.0,17.0,17.0,10.0,11.0,13.0,13.0,B,0
2023-0352,Paris Masters,Hard,64,M,20231030,271,6-4 7-5,3,R32,110.0,111513,111575,,16.0,,,Laslo Djere,Karen Khachanov,R,R,188.0,198.0,SRB,RUS,28.4,27.4,34.0,15.0,1260.0,2385.0,7.0,4.0,2.0,1.0,91.0,60.0,50.0,39.0,35.0,30.0,18.0,14.0,11.0,11.0,7.0,2.0,10.0,3.0,B,0
2023-0352,Paris Masters,Hard,64,M,20231030,270,6-3 6-4,3,R32,97.0,126128,207989,,2.0,Q,,Roman Safiullin,Carlos Alcaraz,R,R,185.0,183.0,RUS,ESP,26.2,20.4,45.0,2.0,1007.0,8625.0,1.0,0.0,4.0,2.0,59.0,54.0,35.0,35.0,25.0,24.0,12.0,7.0,10.0,9.0,2.0,4.0,4.0,8.0,A,1
2023-0352,Paris Masters,Hard,64,M,20231030,268,4-6 7-6(6) 6-4,3,R64,168.0,200175,144869,,,,,Miomir Kecmanovic,Tomas Martin Etcheverry,R,R,183.0,196.0,SRB,ARG,24.1,24.2,53.0,31.0,905.0,1380.0,6.0,7.0,2.0,1.0,99.0,99.0,54.0,63.0,43.0,47.0,20.0,20.0,16.0,16.0,4.0,1.0,7.0,4.0,B,0
2023-0352,Paris Masters,Hard,64,M,20231030,267,6-7(2) 6-3 6-4,3,R64,122.0,134868,111153,,,,,Tallon Griekspoor,Christopher Eubanks,R,R,188.0,201.0,NED,USA,27.3,27.4,23.0,32.0,1570.0,1323.0,10.0,14.0,3.0,4.0,94.0,108.0,58.0,73.0,44.0,51.0,21.0,15.0,16.0,15.0,0.0,9.0,1.0,12.0,A,1
2023-0352,Paris Masters,Hard,64,M,20231030,266,7-6(4) 5-7 6-3,3,R64,148.0,200221,210097,,15.0,,,Alejandro Davidovich Fokina,Ben Shelton,R,L,183.0,193.0,ESP,USA,24.4,21.0,28.0,16.0,1460.0,2355.0,3.0,15.0,0.0,4.0,105.0,89.0,63.0,49.0,47.0,36.0,26.0,25.0,17.0,16.0,2.0,0.0,4.0,2.0,A,1
2023-0352,Paris Masters,Hard,64,M,20231030,265,6-1 6-4,3,R64,71.0,126203,202104,9.0,,,,Taylor Fritz,Sebastian Baez,R,R,196.0,170.0,USA,ARG,26.0,22.8,10.0,29.0,3500.0,1435.0,8.0,0.0,1.0,1.0,58.0,40.0,35.0,26.0,28.0,12.0,13.0,9.0,9.0,8.0,1.0,0.0,1.0,3.0,A,1
2023-0352,Paris Masters,Hard,64,M,20231030,264,6-2 6-4,3,R64,77.0,127157,209950,,,,,Daniel Altmaier,Arthur Fils,R,R,188.0,185.0,GER,FRA,25.1,19.3,54.0,36.0,901.0,1203.0,0.0,3.0,2.0,5.0,49.0,57.0,34.0,36.0,28.0,25.0,8.0,5.0,9.0,9.0,1.0,2.0,2.0,6.0,A,1
2023-0352,Paris Masters,Hard,64,M,20231030,263,3-6 6-3 7-5,3,R64,151.0,104527,106233,,,,Q,Stan Wawrinka,Dominic Thiem,R,R,183.0,185.0,SUI,AUT,38.5,30.1,51.0,108.0,922.0,573.0,10.0,8.0,6.0,2.0,84.0,100.0,46.0,58.0,36.0,41.0,17.0,22.0,15.0,15.0,1.0,10.0,5.0,13.0,B,0
2023-0352,Paris Masters,Hard,64,M,20231030,260,1-6 6-4 6-2,3,R64,112.0,111456,200670,,,,Q,Mackenzie Mcdonald,J J Wolf,R,R,178.0,183.0,USA,USA,28.5,24.8,42.0,57.0,1030.0,885.0,9.0,7.0,3.0,5.0,61.0,94.0,35.0,43.0,26.0,35.0,17.0,21.0,12.0,13.0,0.0,7.0,2.0,10.0,A,1
2023-0352,Paris Masters,Hard,64,M,20231030,259,7-5 6-3,3,R64,87.0,126127,105583,,,WC,LL,Benjamin Bonzi,Dusan Lajovic,R,R,183.0,183.0,FRA,SRB,27.3,33.3,77.0,48.0,738.0,933.0,8.0,6.0,2.0,1.0,65.0,72.0,36.0,48.0,24.0,35.0,11.0,11.0,10.0,11.0,4.0,5.0,8.0,7.0,B,0
2023-0352,Paris Masters,Hard,64,M,20231030,258,7-6(5) 4-6 7-5,3,R64,180.0,200282,104918,13.0,,,,Alex De Minaur,Andy Murray,R,R,183.0,191.0,AUS,GBR,24.6,36.4,13.0,40.0,2650.0,1050.0,7.0,3.0,3.0,2.0,112.0,107.0,64.0,63.0,44.0,45.0,21.0,20.0,17.0,17.0,6.0,1.0,11.0,6.0,A,1
2023-0352,Paris Masters,Hard,64,M,20231030,257,0-6 6-2 7-6(6),3,R64,126.0,126205,104755,12.0,,,WC,Tommy Paul,Richard Gasquet,R,R,185.0,183.0,USA,FRA,26.4,37.3,12.0,68.0,2800.0,780.0,12.0,5.0,1.0,3.0,77.0,89.0,47.0,54.0,36.0,35.0,10.0,18.0,13.0,13.0,6.0,1.0,11.0,5.0,A,1
2023-0352,Paris Masters,Hard,64,M,20231030,256,6-4 7-5,3,R64,118.0,105173,122298,,,,Q,Adrian Mannarino,Botic Van De Zandschulp,L,R,180.0,191.0,FRA,NED,35.3,28.0,25.0,60.0,1515.0,825.0,5.0,8.0,0.0,2.0,70.0,75.0,42.0,47.0,25.0,30.0,14.0,17.0,11.0,11.0,5.0,5.0,9.0,7.0,B,0
2023-0352,Paris Masters,Hard,64,M,20231030,255,7-6(5) 4-6 6-2,3,R64,150.0,111442,106415,,,LL,Q,Jordan Thompson,Yoshihito Nishioka,R,L,183.0,170.0,AUS,JPN,29.5,28.0,55.0,49.0,896.0,930.0,18.0,2.0,3.0,2.0,102.0,93.0,50.0,61.0,43.0,46.0,23.0,18.0,15.0,15.0,7.0,6.0,10.0,8.0,B,0
2023-0352,Paris Masters,Hard,64,M,20231030,252,4-6 7-6(2) 7-5,3,R64,161.0,104792,202103,,,PR,,Gael Monfils,Francisco Cerundolo,R,R,193.0,185.0,FRA,ARG,37.1,25.2,79.0,21.0,727.0,1680.0,8.0,1.0,6.0,4.0,98.0,127.0,63.0,85.0,44.0,50.0,17.0,24.0,17.0,17.0,7.0,10.0,12.0,15.0,B,0
2023-0352,Paris Masters,Hard,64,M,20231030,251,6-4 6-2,3,R64,71.0,105138,208103,,,,,Roberto Bautista Agut,Jiri Lehecka,R,R,183.0,185.0,ESP,CZE,35.5,21.9,66.0,30.0,791.0,1382.0,3.0,5.0,1.0,3.0,40.0,61.0,29.0,36.0,24.0,21.0,8.0,10.0,9.0,9.0,0.0,7.0,1.0,11.0,A,1
2023-0352,Paris Masters,Hard,64,M,20231030,250,6-3 6-7(6) 6-3,3,R64,129.0,128034,200624,11.0,,,,Hubert Hurkacz,Sebastian Korda,R,R,196.0,196.0,POL,USA,26.7,23.3,11.0,24.0,3110.0,1530.0,15.0,11.0,4.0,1.0,95.0,98.0,52.0,66.0,42.0,47.0,24.0,16.0,16.0,14.0,0.0,3.0,1.0,6.0,A,1
2023-0352,Paris Masters,Hard,64,M,20231030,249,6-3 6-4,3,R64,66.0,126207,122330,14.0,,,,Frances Tiafoe,Alexander Bublik,R,R,188.0,196.0,USA,KAZ,25.7,26.3,14.0,33.0,2480.0,1289.0,4.0,11.0,2.0,5.0,55.0,52.0,29.0,34.0,21.0,30.0,13.0,10.0,9.0,10.0,2.0,0.0,4.0,0.0,B,0
2023-0352,Paris Masters,Hard,64,M,20231030,248,7-5 7-6(6),3,R64,126.0,200615,111797,,,,,Alexei Popyrin,Nicolas Jarry,R,R,196.0,201.0,AUS,CHI,24.2,28.0,39.0,20.0,1110.0,1765.0,15.0,7.0,5.0,1.0,96.0,67.0,61.0,42.0,44.0,37.0,17.0,16.0,12.0,12.0,4.0,1.0,6.0,2.0,B,0
2023-0352,Paris Masters,Hard,64,M,20231030,247,6-2 6-7(4) 6-3,3,R64,138.0,207518,105777,,,,,Lorenzo Musetti,Grigor Dimitrov,R,R,185.0,191.0,ITA,BUL,21.6,32.4,22.0,17.0,1640.0,2060.0,2.0,7.0,0.0,2.0,98.0,86.0,65.0,55.0,39.0,45.0,18.0,17.0,14.0,15.0,5.0,2.0,9.0,3.0,B,0
2023-0352,Paris Masters,Hard,64,M,20231030,244,7-6(3) 6-4,3,R64,98.0,105526,200000,,,,,Jan Lennard Struff,Felix Auger Aliassime,R,R,193.0,193.0,GER,CAN,33.5,23.2,27.0,19.0,1482.0,1940.0,7.0,17.0,3.0,5.0,84.0,67.0,52.0,47.0,36.0,41.0,17.0,10.0,11.0,11.0,2.0,3.0,3.0,3.0,B,0
2023-0352,Paris Masters,Hard,64,M,20231030,243,6-4 6-3,3,R64,82.0,200005,106218,,,,Q,Ugo Humbert,Marcos Giron,L,R,188.0,180.0,FRA,USA,25.3,30.2,26.0,59.0,1515.0,845.0,4.0,1.0,0.0,0.0,51.0,60.0,33.0,33.0,30.0,22.0,12.0,15.0,10.0,9.0,1.0,8.0,1.0,10.0,A,1
2023-0352,Paris Masters,Hard,64,M,20231030,242,4-6 7-5 6-4,3,R64,157.0,105916,100644,,10.0,Q,,Marton Fucsovics,Alexander Zverev,R,R,188.0,198.0,HUN,GER,31.7,26.5,52.0,9.0,922.0,3540.0,3.0,5.0,3.0,2.0,101.0,81.0,63.0,60.0,45.0,42.0,21.0,15.0,16.0,16.0,10.0,1.0,13.0,3.0,B,0
2023-0352,Paris Masters,Hard,64,M,20231030,241,6-4 6-4,3,R64,87.0,126845,111575,,16.0,,,Max Purcell,Karen Khachanov,R,R,185.0,198.0,AUS,RUS,25.5,27.4,43.0,15.0,1022.0,2385.0,9.0,5.0,5.0,5.0,64.0,58.0,35.0,36.0,27.0,27.0,11.0,12.0,10.0,10.0,4.0,1.0,7.0,2.0,B,0
2023-0352,Paris Masters,Hard,64,M,20231030,240,6-7(6) 6-4 6-4,3,R64,159.0,209414,111513,,,WC,,Luca Van Assche,Laslo Djere,R,R,178.0,188.0,FRA,SRB,19.4,28.4,69.0,34.0,771.0,1260.0,4.0,14.0,4.0,2.0,99.0,114.0,59.0,71.0,41.0,50.0,21.0,24.0,16.0,16.0,3.0,7.0,7.0,9.0,B,0
2023-0352,Paris Masters,Hard,64,M,20231030,239,7-6(4) 6-3,3,R64,98.0,124186,126128,,,WC,Q,Alexandre Muller,Roman Safiullin,R,R,183.0,185.0,FRA,RUS,26.7,26.2,83.0,45.0,711.0,1007.0,6.0,2.0,2.0,2.0,71.0,76.0,45.0,48.0,31.0,36.0,12.0,14.0,10.0,11.0,9.0,4.0,11.0,5.0,B,0
2023-0341,Metz,Hard,32,A,20231106,300,6-3 6-3,3,F,67.0,200005,207686,4.0,,,,Ugo Humbert,Alexander Shevchenko,L,R,188.0,185.0,FRA,KAZ,25.3,22.9,23.0,63.0,1540.0,807.0,4.0,4.0,0.0,2.0,45.0,55.0,29.0,34.0,25.0,25.0,12.0,9.0,9.0,9.0,1.0,4.0,1.0,7.0,A,1
2023-0341,Metz,Hard,32,A,20231106,299,6-0 6-2,3,SF,67.0,104926,200005,,4.0,WC,,Fabio Fognini,Ugo Humbert,R,L,178.0,188.0,ITA,FRA,36.4,25.3,147.0,23.0,409.0,1540.0,2.0,8.0,1.0,0.0,56.0,38.0,39.0,24.0,20.0,21.0,4.0,9.0,7.0,7.0,6.0,0.0,11.0,0.0,B,0
2023-0341,Metz,Hard,32,A,20231106,298,6-4 6-4,3,SF,77.0,207686,105732,,,,WC,Alexander Shevchenko,Pierre Hugues Herbert,R,R,185.0,188.0,KAZ,FRA,22.9,32.6,63.0,344.0,807.0,148.0,8.0,10.0,0.0,3.0,59.0,62.0,39.0,45.0,32.0,31.0,9.0,5.0,10.0,10.0,2.0,4.0,3.0,7.0,A,1
2023-0341,Metz,Hard,32,A,20231106,297,6-1 6-2,3,QF,76.0,132283,104926,6.0,,,WC,Lorenzo Sonego,Fabio Fognini,R,R,191.0,178.0,ITA,ITA,28.4,36.4,49.0,147.0,955.0,409.0,4.0,1.0,1.0,2.0,51.0,46.0,30.0,21.0,16.0,17.0,8.0,17.0,7.0,8.0,2.0,2.0,6.0,2.0,B,0
2023-0341,Metz,Hard,32,A,20231106,296,6-3 7-5,3,QF,86.0,208004,200005,,4.0,Q,,Harold Mayot,Ugo Humbert,R,L,180.0,188.0,FRA,FRA,21.7,25.3,176.0,23.0,348.0,1540.0,3.0,5.0,0.0,0.0,68.0,56.0,43.0,41.0,29.0,33.0,14.0,12.0,10.0,11.0,5.0,1.0,7.0,1.0,B,0
2023-0341,Metz,Hard,32,A,20231106,295,6-4 6-4,3,QF,72.0,207686,111575,,3.0,,,Alexander Shevchenko,Karen Khachanov,R,R,185.0,198.0,KAZ,RUS,22.9,27.4,63.0,15.0,807.0,2475.0,3.0,10.0,2.0,0.0,56.0,48.0,30.0,27.0,26.0,23.0,17.0,11.0,10.0,10.0,3.0,1.0,3.0,3.0,A,1
2023-0341,Metz,Hard,32,A,20231106,294,4-6 6-3 7-5,3,QF,154.0,209414,105732,,,,WC,Luca Van Assche,Pierre Hugues Herbert,R,R,178.0,188.0,FRA,FRA,19.4,32.6,70.0,344.0,755.0,148.0,5.0,20.0,4.0,1.0,119.0,97.0,79.0,71.0,55.0,57.0,20.0,12.0,15.0,16.0,12.0,4.0,14.0,5.0,B,0
2023-0341,Metz,Hard,32,A,20231106,293,4-6 7-6(7) 7-6(5),3,R16,175.0,104926,122330,,5.0,WC,,Fabio Fognini,Alexander Bublik,R,R,178.0,196.0,ITA,KAZ,36.4,26.3,147.0,32.0,409.0,1369.0,1.0,19.0,6.0,13.0,119.0,129.0,64.0,78.0,45.0,58.0,26.0,23.0,17.0,17.0,5.0,8.0,9.0,11.0,A,1
2023-0341,Metz,Hard,32,A,20231106,292,6-3 7-5,3,R16,93.0,132283,209406,6.0,,,Q,Lorenzo Sonego,Abedallah Shelbayh,R,L,191.0,180.0,ITA,JOR,28.4,19.9,49.0,215.0,955.0,294.0,10.0,3.0,1.0,5.0,60.0,70.0,40.0,43.0,32.0,32.0,14.0,11.0,11.0,10.0,3.0,4.0,3.0,6.0,A,1
2023-0341,Metz,Hard,32,A,20231106,291,7-6(5) 4-6 6-3,3,R16,160.0,106233,200005,,4.0,,,Dominic Thiem,Ugo Humbert,R,L,185.0,188.0,AUT,FRA,30.1,25.3,95.0,23.0,643.0,1540.0,4.0,11.0,3.0,2.0,103.0,90.0,59.0,57.0,43.0,48.0,23.0,17.0,15.0,16.0,3.0,4.0,5.0,6.0,B,0
2023-0341,Metz,Hard,32,A,20231106,290,7-6(2) 2-6 7-6(5),3,R16,146.0,208004,106296,,,Q,,Harold Mayot,Gregoire Barrere,R,R,180.0,183.0,FRA,FRA,21.7,29.7,176.0,85.0,348.0,698.0,11.0,13.0,1.0,1.0,121.0,120.0,76.0,82.0,52.0,60.0,26.0,17.0,16.0,16.0,10.0,8.0,14.0,10.0,A,1
2023-0341,Metz,Hard,32,A,20231106,289,7-5 2-6 6-2,3,R16,102.0,207686,200218,,,,LL,Alexander Shevchenko,Mate Valkusz,R,R,185.0,183.0,KAZ,HUN,22.9,25.2,63.0,232.0,807.0,265.0,10.0,1.0,2.0,2.0,72.0,84.0,48.0,52.0,41.0,36.0,12.0,14.0,14.0,14.0,0.0,1.0,2.0,4.0,A,1
2023-0341,Metz,Hard,32,A,20231106,288,6-4 6-4,3,R16,88.0,111575,106005,3.0,,,,Karen Khachanov,Constant Lestienne,R,R,198.0,180.0,RUS,FRA,27.4,31.4,15.0,90.0,2475.0,689.0,3.0,9.0,0.0,3.0,59.0,68.0,40.0,42.0,29.0,26.0,13.0,14.0,10.0,10.0,1.0,3.0,2.0,6.0,A,1
2023-0341,Metz,Hard,32,A,20231106,287,3-6 7-6(6) 0-0 RET,3,R16,103.0,209414,104527,,8.0,,,Luca Van Assche,Stan Wawrinka,R,R,178.0,183.0,FRA,SUI,19.4,38.6,70.0,53.0,755.0,922.0,3.0,8.0,3.0,2.0,61.0,67.0,30.0,37.0,22.0,32.0,19.0,16.0,10.0,11.0,2.0,2.0,4.0,3.0,A,1
2023-0341,Metz,Hard,32,A,20231106,286,7-5 6-4,3,R16,87.0,105732,133835,,,WC,LL,Pierre Hugues Herbert,Gijs Brouwer,R,L,188.0,191.0,FRA,NED,32.6,27.6,344.0,163.0,148.0,381.0,9.0,4.0,4.0,3.0,67.0,73.0,45.0,43.0,33.0,31.0,12.0,12.0,11.0,11.0,2.0,6.0,3.0,9.0,A,1
2023-0341,Metz,Hard,32,A,20231106,284,7-6(3) 7-6(9),3,R32,127.0,104926,205734,,,WC,,Fabio Fognini,Thiago Seyboth Wild,R,R,178.0,185.0,ITA,BRA,36.4,23.6,147.0,74.0,409.0,742.0,6.0,10.0,13.0,5.0,99.0,85.0,47.0,57.0,39.0,41.0,24.0,13.0,12.0,12.0,6.0,2.0,8.0,4.0,A,1
2023-0341,Metz,Hard,32,A,20231106,283,7-6(5) 6-2,3,R32,111.0,209406,200384,,,Q,,Abedallah Shelbayh,Hugo Gaston,L,L,180.0,173.0,JOR,FRA,19.9,23.1,215.0,83.0,294.0,701.0,6.0,0.0,3.0,0.0,83.0,73.0,48.0,44.0,30.0,24.0,19.0,14.0,10.0,10.0,8.0,9.0,11.0,14.0,A,1
2023-0341,Metz,Hard,32,A,20231106,282,2-6 6-3 7-6(3),3,R32,134.0,132283,106218,6.0,,,,Lorenzo Sonego,Marcos Giron,R,R,191.0,180.0,ITA,USA,28.4,30.2,49.0,59.0,955.0,860.0,8.0,2.0,4.0,2.0,89.0,83.0,49.0,51.0,39.0,39.0,25.0,20.0,15.0,14.0,3.0,2.0,5.0,3.0,A,1
2023-0341,Metz,Hard,32,A,20231106,280,6-4 6-2,3,R32,83.0,200188,106233,,,LL,,Matteo Martineau,Dominic Thiem,R,R,183.0,185.0,FRA,AUT,24.8,30.1,299.0,95.0,184.0,643.0,4.0,6.0,3.0,2.0,59.0,49.0,38.0,35.0,26.0,28.0,9.0,9.0,9.0,9.0,6.0,1.0,9.0,1.0,B,0
2023-0341,Metz,Hard,32,A,20231106,279,6-4 1-6 6-4,3,R32,109.0,133297,208004,,,,Q,Yosuke Watanuki,Harold Mayot,R,R,180.0,180.0,JPN,FRA,25.5,21.7,79.0,176.0,722.0,348.0,13.0,6.0,1.0,1.0,76.0,91.0,42.0,64.0,31.0,40.0,16.0,12.0,13.0,14.0,7.0,10.0,11.0,15.0,B,0
2023-0341,Metz,Hard,32,A,20231106,278,7-6(5) 6-4,3,R32,99.0,106296,105870,,7.0,,,Gregoire Barrere,Yannick Hanfmann,R,R,183.0,193.0,FRA,GER,29.7,31.9,85.0,50.0,698.0,937.0,7.0,3.0,1.0,0.0,80.0,70.0,52.0,47.0,40.0,31.0,16.0,14.0,11.0,11.0,6.0,0.0,7.0,2.0,A,1
2023-0341,Metz,Hard,32,A,20231106,277,6-2 6-2,3,R32,71.0,127157,200218,9.0,,,LL,Daniel Altmaier,Mate Valkusz,R,R,188.0,183.0,GER,HUN,25.1,25.2,54.0,232.0,911.0,265.0,1.0,1.0,2.0,0.0,60.0,42.0,39.0,31.0,21.0,23.0,7.0,6.0,8.0,8.0,6.0,1.0,11.0,2.0,B,0
2023-0341,Metz,Hard,32,A,20231106,276,6-4 7-5,3,R32,85.0,207686,106288,,,,Q,Alexander Shevchenko,Mathias Bourgue,R,R,185.0,188.0,KAZ,FRA,22.9,29.7,63.0,271.0,807.0,212.0,2.0,4.0,0.0,1.0,57.0,79.0,41.0,52.0,30.0,36.0,12.0,11.0,11.0,11.0,1.0,7.0,2.0,10.0,A,1
2023-0341,Metz,Hard,32,A,20231106,275,6-3 6-2,3,R32,61.0,106005,123921,,,,Q,Constant Lestienne,Calvin Hemery,R,R,180.0,191.0,FRA,FRA,31.4,28.7,90.0,205.0,689.0,307.0,9.0,4.0,1.0,2.0,56.0,42.0,37.0,25.0,30.0,15.0,9.0,8.0,9.0,8.0,0.0,0.0,0.0,3.0,A,1
2023-0341,Metz,Hard,32,A,20231106,273,6-0 6-2,3,R32,51.0,126523,104527,,8.0,,,Bernabe Zapata Miralles,Stan Wawrinka,R,R,183.0,183.0,ESP,SUI,26.8,38.6,81.0,53.0,715.0,922.0,1.0,3.0,2.0,1.0,47.0,35.0,28.0,20.0,15.0,16.0,5.0,12.0,7.0,7.0,5.0,0.0,10.0,0.0,B,0
2023-0341,Metz,Hard,32,A,20231106,272,3-6 6-3 7-6(5),3,R32,162.0,209414,122298,,,,,Luca Van Assche,Botic Van De Zandschulp,R,R,178.0,191.0,FRA,NED,19.4,28.0,70.0,51.0,755.0,930.0,3.0,13.0,5.0,1.0,95.0,109.0,62.0,71.0,47.0,54.0,19.0,18.0,15.0,15.0,1.0,8.0,2.0,9.0,A,1
2023-0341,Metz,Hard,32,A,20231106,271,7-6(7) 6-4,3,R32,113.0,105732,209070,,,WC,WC,Pierre Hugues Herbert,Arthur Cazaux,R,R,188.0,183.0,FRA,FRA,32.6,21.2,344.0,123.0,148.0,508.0,8.0,12.0,1.0,0.0,78.0,84.0,52.0,59.0,41.0,44.0,14.0,12.0,11.0,11.0,2.0,7.0,2.0,8.0,A,1
2023-7434,Sofia,Hard,32,A,20231106,300,7-6(6) 2-6 6-3,3,F,137.0,105173,207733,2.0,,,,Adrian Mannarino,Jack Draper,L,L,180.0,193.0,FRA,GBR,35.3,21.8,25.0,82.0,1525.0,706.0,6.0,10.0,0.0,1.0,91.0,79.0,52.0,50.0,38.0,40.0,23.0,19.0,15.0,14.0,3.0,0.0,6.0,2.0,A,1
2023-7434,Sofia,Hard,32,A,20231106,299,6-3 6-4,3,SF,84.0,207733,105526,,3.0,,,Jack Draper,Jan Lennard Struff,L,R,193.0,193.0,GBR,GER,21.8,33.5,82.0,28.0,706.0,1442.0,10.0,10.0,2.0,2.0,67.0,53.0,37.0,30.0,29.0,22.0,15.0,10.0,10.0,9.0,7.0,1.0,8.0,4.0,A,1
2023-7434,Sofia,Hard,32,A,20231106,298,6-2 7-6(2),3,SF,85.0,200303,105173,,2.0,,,Pavel Kotov,Adrian Mannarino,R,L,191.0,180.0,RUS,FRA,24.9,35.3,80.0,25.0,721.0,1525.0,5.0,7.0,2.0,0.0,57.0,56.0,43.0,41.0,27.0,31.0,8.0,12.0,10.0,10.0,1.0,1.0,3.0,1.0,B,0
2023-7434,Sofia,Hard,32,A,20231106,297,6-2 6-2,3,QF,75.0,207733,117356,,,,WC,Jack Draper,Cem Ilkel,L,R,193.0,185.0,GBR,TUR,21.8,28.2,82.0,259.0,706.0,228.0,6.0,1.0,0.0,1.0,41.0,55.0,26.0,34.0,23.0,16.0,10.0,11.0,8.0,8.0,0.0,5.0,0.0,9.0,A,1
2023-7434,Sofia,Hard,32,A,20231106,296,7-6(3) 4-6 6-4,3,QF,118.0,105526,206681,3.0,,,,Jan Lennard Struff,Fabian Marozsan,R,R,193.0,193.0,GER,HUN,33.5,24.0,28.0,62.0,1442.0,815.0,13.0,6.0,4.0,4.0,89.0,101.0,63.0,69.0,49.0,51.0,11.0,11.0,16.0,16.0,3.0,4.0,7.0,8.0,A,1
2023-7434,Sofia,Hard,32,A,20231106,295,6-3 7-6(3),3,QF,112.0,200303,105916,,8.0,,,Pavel Kotov,Marton Fucsovics,R,R,191.0,188.0,RUS,HUN,24.9,31.7,80.0,47.0,721.0,957.0,2.0,1.0,3.0,5.0,77.0,70.0,51.0,36.0,36.0,22.0,15.0,19.0,11.0,10.0,7.0,0.0,8.0,2.0,A,1
2023-7434,Sofia,Hard,32,A,20231106,294,6-7(7) 6-4 6-3,3,QF,158.0,124116,105173,7.0,2.0,,,Sebastian Ofner,Adrian Mannarino,R,L,191.0,180.0,AUT,FRA,27.4,35.3,44.0,25.0,1019.0,1525.0,7.0,7.0,4.0,1.0,108.0,106.0,67.0,71.0,47.0,46.0,14.0,21.0,15.0,16.0,11.0,4.0,16.0,7.0,B,0
2023-7434,Sofia,Hard,32,A,20231106,293,7-5 6-2,3,R16,108.0,207733,207518,,1.0,,,Jack Draper,Lorenzo Musetti,L,R,193.0,185.0,GBR,ITA,21.8,21.6,82.0,27.0,706.0,1470.0,7.0,0.0,2.0,1.0,60.0,71.0,35.0,47.0,31.0,30.0,12.0,6.0,10.0,10.0,5.0,4.0,6.0,8.0,A,1
2023-7434,Sofia,Hard,32,A,20231106,292,6-3 4-6 6-4,3,R16,126.0,126845,117356,6.0,,,WC,Max Purcell,Cem Ilkel,R,R,185.0,185.0,AUS,TUR,25.5,28.2,45.0,259.0,1002.0,228.0,12.0,11.0,2.0,0.0,74.0,93.0,46.0,58.0,37.0,43.0,15.0,21.0,14.0,15.0,2.0,3.0,4.0,4.0,B,0
2023-7434,Sofia,Hard,32,A,20231106,291,7-6(5) 6-4,3,R16,97.0,126129,105526,,3.0,Q,,Billy Harris,Jan Lennard Struff,R,R,193.0,193.0,GBR,GER,28.7,33.5,221.0,28.0,277.0,1442.0,7.0,11.0,4.0,2.0,83.0,72.0,53.0,43.0,38.0,33.0,13.0,18.0,11.0,11.0,3.0,3.0,5.0,4.0,B,0
2023-7434,Sofia,Hard,32,A,20231106,290,6-3 3-6 7-6(4),3,R16,138.0,206681,105138,,,,,Fabian Marozsan,Roberto Bautista Agut,R,R,193.0,183.0,HUN,ESP,24.0,35.5,62.0,60.0,815.0,826.0,8.0,6.0,3.0,0.0,89.0,111.0,58.0,72.0,42.0,50.0,17.0,17.0,15.0,15.0,3.0,7.0,6.0,10.0,A,1
2023-7434,Sofia,Hard,32,A,20231106,289,3-6 6-4 6-1,3,R16,131.0,105916,200514,8.0,,,,Marton Fucsovics,Jurij Rodionov,R,L,188.0,191.0,HUN,AUT,31.7,24.4,47.0,110.0,957.0,571.0,6.0,6.0,2.0,1.0,81.0,86.0,40.0,55.0,33.0,35.0,21.0,14.0,13.0,13.0,2.0,7.0,4.0,11.0,A,1
2023-7434,Sofia,Hard,32,A,20231106,288,3-6 7-6(4) 0-0 RET,3,R16,97.0,202104,200303,4.0,,,,Sebastian Baez,Pavel Kotov,R,R,170.0,191.0,ARG,RUS,22.8,24.9,29.0,80.0,1435.0,721.0,1.0,6.0,1.0,1.0,71.0,61.0,57.0,43.0,34.0,31.0,9.0,6.0,11.0,10.0,3.0,2.0,5.0,5.0,B,0
2023-7434,Sofia,Hard,32,A,20231106,287,6-7(6) 6-4 6-2,3,R16,135.0,124116,106331,7.0,,,,Sebastian Ofner,Christopher Oconnell,R,R,191.0,183.0,AUT,AUS,27.4,29.4,44.0,66.0,1019.0,790.0,10.0,11.0,1.0,2.0,95.0,94.0,58.0,55.0,45.0,42.0,24.0,18.0,15.0,15.0,6.0,5.0,7.0,9.0,A,1
2023-7434,Sofia,Hard,32,A,20231106,286,6-4 6-4,3,R16,104.0,105077,105173,,2.0,,,Albert Ramos,Adrian Mannarino,L,L,188.0,180.0,ESP,FRA,35.8,35.3,94.0,25.0,644.0,1525.0,3.0,10.0,1.0,1.0,79.0,48.0,52.0,35.0,30.0,28.0,12.0,7.0,10.0,10.0,6.0,0.0,10.0,2.0,B,0
2023-7434,Sofia,Hard,32,A,20231106,284,6-3 6-2,3,R32,67.0,109739,207733,,,,,Maximilian Marterer,Jack Draper,L,L,188.0,193.0,GER,GBR,28.3,21.8,97.0,82.0,634.0,706.0,2.0,7.0,0.0,3.0,55.0,40.0,35.0,29.0,20.0,25.0,9.0,7.0,9.0,8.0,3.0,0.0,7.0,0.0,B,0
2023-7434,Sofia,Hard,32,A,20231106,283,6-0 6-3,3,R32,84.0,117356,106220,,,WC,WC,Cem Ilkel,Dimitar Kuzmanov,R,R,185.0,183.0,TUR,BUL,28.2,30.2,259.0,189.0,228.0,323.0,5.0,5.0,1.0,1.0,41.0,70.0,25.0,48.0,21.0,23.0,9.0,10.0,7.0,8.0,0.0,9.0,0.0,14.0,A,1
2023-7434,Sofia,Hard,32,A,20231106,282,6-3 6-3,3,R32,82.0,126845,208014,6.0,,,,Max Purcell,Rinky Hijikata,R,R,185.0,178.0,AUS,AUS,25.5,22.6,45.0,72.0,1002.0,744.0,7.0,3.0,1.0,0.0,57.0,54.0,31.0,37.0,24.0,25.0,13.0,4.0,9.0,9.0,6.0,5.0,7.0,9.0,A,1
2023-7434,Sofia,Hard,32,A,20231106,280,6-4 3-6 7-6(5),3,R32,150.0,144817,126129,,,Q,Q,Marc Andrea Huesler,Billy Harris,L,R,196.0,193.0,SUI,GBR,27.3,28.7,200.0,221.0,310.0,277.0,12.0,9.0,5.0,1.0,121.0,94.0,73.0,61.0,56.0,51.0,24.0,14.0,16.0,15.0,13.0,1.0,14.0,2.0,B,0
2023-7434,Sofia,Hard,32,A,20231106,279,6-3 6-1,3,R32,66.0,200436,206681,,,,,Zsombor Piros,Fabian Marozsan,R,R,180.0,193.0,HUN,HUN,24.0,24.0,121.0,62.0,514.0,815.0,5.0,1.0,1.0,1.0,54.0,47.0,34.0,30.0,15.0,19.0,6.0,9.0,8.0,8.0,4.0,1.0,10.0,3.0,B,0
2023-7434,Sofia,Hard,32,A,20231106,278,7-6(9) 6-7(2) 7-6(5),3,R32,196.0,200175,105138,9.0,,,,Miomir Kecmanovic,Roberto Bautista Agut,R,R,183.0,183.0,SRB,ESP,24.1,35.5,56.0,60.0,905.0,826.0,9.0,9.0,3.0,1.0,135.0,120.0,86.0,84.0,66.0,59.0,21.0,22.0,18.0,18.0,7.0,1.0,10.0,4.0,B,0
2023-7434,Sofia,Hard,32,A,20231106,277,7-6(4) 6-3,3,R32,92.0,209279,105916,,8.0,Q,,Terence Atmane,Marton Fucsovics,L,R,193.0,188.0,FRA,HUN,21.8,31.7,134.0,47.0,451.0,957.0,5.0,4.0,3.0,2.0,59.0,63.0,30.0,43.0,20.0,34.0,18.0,12.0,10.0,11.0,1.0,1.0,3.0,2.0,B,0
2023-7434,Sofia,Hard,32,A,20231106,276,7-6(4) 6-7(4) 6-4,3,R32,175.0,200514,134457,,,,LL,Jurij Rodionov,Nicolas Moreno De Alboran,L,R,191.0,185.0,AUT,USA,24.4,26.3,110.0,152.0,571.0,401.0,10.0,11.0,2.0,1.0,118.0,120.0,78.0,83.0,63.0,65.0,20.0,19.0,17.0,17.0,2.0,6.0,2.0,7.0,A,1
2023-7434,Sofia,Hard,32,A,20231106,275,3-6 6-1 6-2,3,R32,107.0,200303,200247,,,,WC,Pavel Kotov,Alexandar Lazarov,R,R,191.0,191.0,RUS,BUL,24.9,25.9,80.0,709.0,721.0,38.0,3.0,2.0,0.0,3.0,79.0,82.0,59.0,59.0,38.0,38.0,11.0,8.0,12.0,12.0,2.0,9.0,4.0,14.0,A,1
2023-7434,Sofia,Hard,32,A,20231106,273,6-4 3-6 6-2,3,R32,113.0,124116,126964,7.0,,,Q,Sebastian Ofner,Vitaliy Sachko,R,R,191.0,188.0,AUT,UKR,27.4,26.3,44.0,166.0,1019.0,378.0,10.0,6.0,4.0,1.0,82.0,77.0,48.0,50.0,36.0,38.0,20.0,12.0,13.0,14.0,4.0,5.0,5.0,8.0,A,1
2023-7434,Sofia,Hard,32,A,20231106,272,6-7(3) 6-1 7-6(2),3,R32,156.0,106331,209098,,,,,Christopher Oconnell,Hamad Medjedovic,R,R,183.0,188.0,AUS,SRB,29.4,20.3,66.0,107.0,790.0,580.0,15.0,14.0,1.0,3.0,109.0,114.0,71.0,78.0,55.0,51.0,22.0,21.0,16.0,15.0,4.0,8.0,4.0,10.0,A,1
2023-7434,Sofia,Hard,32,A,20231106,271,7-5 4-6 6-3,3,R32,168.0,105077,106148,,,,,Albert Ramos,Roberto Carballes Baena,L,R,188.0,183.0,ESP,ESP,35.8,30.6,94.0,61.0,644.0,816.0,5.0,5.0,2.0,2.0,111.0,81.0,66.0,50.0,46.0,37.0,19.0,13.0,16.0,15.0,5.0,3.0,9.0,8.0,A,1
2023-0605,Tour Finals,Hard,8,A,20231113,300,6-3 6-3,3,F,103.0,206173,104925,4.0,1.0,,,Jannik Sinner,Novak Djokovic,R,R,191.0,188.0,ITA,SRB,22.2,36.4,4.0,1.0,5490.0,9945.0,8.0,13.0,1.0,0.0,74.0,46.0,49.0,32.0,28.0,29.0,12.0,9.0,9.0,9.0,5.0,2.0,8.0,2.0,B,0
2023-0605,Tour Finals,Hard,8,A,20231113,299,6-3 6-7(4) 6-1,3,SF,149.0,206173,106421,4.0,3.0,,,Jannik Sinner,Daniil Medvedev,R,R,191.0,198.0,ITA,RUS,22.2,27.7,4.0,3.0,5490.0,7200.0,10.0,10.0,2.0,2.0,104.0,88.0,60.0,55.0,50.0,44.0,21.0,12.0,15.0,13.0,2.0,4.0,2.0,7.0,A,1
2023-0605,Tour Finals,Hard,8,A,20231113,298,6-3 6-2,3,SF,88.0,104925,207989,1.0,2.0,,,Novak Djokovic,Carlos Alcaraz,R,R,188.0,183.0,SRB,ESP,36.4,20.5,1.0,2.0,9945.0,8455.0,2.0,10.0,1.0,1.0,55.0,56.0,37.0,47.0,30.0,29.0,10.0,3.0,9.0,8.0,4.0,5.0,4.0,8.0,A,1
2023-0605,Tour Finals,Hard,8,A,20231113,297,7-5 6-7(5) 7-6(2),3,RR,189.0,206173,104925,4.0,1.0,,,Jannik Sinner,Novak Djokovic,R,R,191.0,188.0,ITA,SRB,22.2,36.4,4.0,1.0,5490.0,9945.0,15.0,20.0,2.0,1.0,118.0,100.0,71.0,63.0,56.0,51.0,26.0,22.0,18.0,18.0,2.0,1.0,3.0,3.0,A,1
2023-0605,Tour Finals,Hard,8,A,20231113,296,7-6(1) 4-6 6-1,3,RR,125.0,104925,128034,1.0,9.0,,,Novak Djokovic,Hubert Hurkacz,R,R,188.0,196.0,SRB,POL,36.4,26.7,1.0,9.0,9945.0,3245.0,6.0,24.0,1.0,6.0,81.0,89.0,51.0,52.0,38.0,44.0,22.0,12.0,15.0,14.0,0.0,5.0,1.0,7.0,A,1
2023-0605,Tour Finals,Hard,8,A,20231113,295,7-6(4) 6-7(1) 6-3,3,RR,184.0,104925,208029,1.0,8.0,,,Novak Djokovic,Holger Rune,R,R,188.0,188.0,SRB,DEN,36.4,20.5,1.0,8.0,9945.0,3460.0,10.0,18.0,4.0,7.0,108.0,109.0,74.0,66.0,55.0,49.0,14.0,18.0,17.0,16.0,3.0,4.0,6.0,8.0,A,1
2023-0605,Tour Finals,Hard,8,A,20231113,294,6-4 6-4,3,RR,85.0,126774,206173,,4.0,,,Stefanos Tsitsipas,Jannik Sinner,R,R,193.0,191.0,GRE,ITA,25.2,22.2,6.0,4.0,4235.0,5490.0,6.0,9.0,0.0,2.0,61.0,51.0,37.0,36.0,26.0,32.0,14.0,9.0,10.0,10.0,3.0,0.0,5.0,0.0,B,0
2023-0605,Tour Finals,Hard,8,A,20231113,293,6-2 5-7 6-4,3,RR,152.0,208029,206173,8.0,4.0,,,Holger Rune,Jannik Sinner,R,R,188.0,191.0,DEN,ITA,20.5,22.2,8.0,4.0,3460.0,5490.0,15.0,11.0,3.0,0.0,109.0,84.0,70.0,49.0,50.0,41.0,16.0,21.0,15.0,15.0,7.0,4.0,10.0,5.0,B,0
2023-0605,Tour Finals,Hard,8,A,20231113,292,2-1 RET,3,RR,17.0,126774,208029,,8.0,,,Stefanos Tsitsipas,Holger Rune,R,R,193.0,188.0,GRE,DEN,25.2,20.5,6.0,8.0,4235.0,3460.0,1.0,1.0,0.0,1.0,8.0,15.0,6.0,10.0,5.0,6.0,0.0,4.0,1.0,2.0,0.0,2.0,0.0,2.0,B,0
2023-0605,Tour Finals,Hard,8,A,20231113,291,6-4 6-4,3,RR,80.0,207989,106421,2.0,3.0,,,Carlos Alcaraz,Daniil Medvedev,R,R,183.0,198.0,ESP,RUS,20.5,27.7,2.0,3.0,8455.0,7200.0,3.0,3.0,1.0,3.0,56.0,56.0,41.0,38.0,31.0,28.0,10.0,8.0,10.0,10.0,2.0,3.0,2.0,5.0,A,1
2023-0605,Tour Finals,Hard,8,A,20231113,290,7-5 6-2,3,RR,74.0,126094,207989,5.0,2.0,,,Andrey Rublev,Carlos Alcaraz,R,R,188.0,183.0,RUS,ESP,26.0,20.5,5.0,2.0,4805.0,8455.0,4.0,5.0,2.0,0.0,61.0,47.0,45.0,34.0,28.0,32.0,8.0,8.0,10.0,10.0,3.0,0.0,6.0,0.0,B,0
2023-0605,Tour Finals,Hard,8,A,20231113,289,6-7(3) 6-3 6-4,3,RR,151.0,207989,100644,2.0,7.0,,,Carlos Alcaraz,Alexander Zverev,R,R,183.0,198.0,ESP,GER,20.5,26.5,2.0,7.0,8455.0,3585.0,11.0,16.0,2.0,2.0,92.0,97.0,64.0,75.0,47.0,59.0,15.0,11.0,15.0,16.0,5.0,5.0,8.0,6.0,B,0
2023-0605,Tour Finals,Hard,8,A,20231113,288,6-4 6-2,3,RR,91.0,106421,126094,3.0,5.0,,,Daniil Medvedev,Andrey Rublev,R,R,198.0,188.0,RUS,RUS,27.7,26.0,3.0,5.0,7200.0,4805.0,10.0,2.0,3.0,2.0,64.0,68.0,36.0,45.0,30.0,28.0,14.0,9.0,9.0,9.0,7.0,7.0,7.0,10.0,A,1
2023-0605,Tour Finals,Hard,8,A,20231113,287,7-6(7) 6-4,3,RR,105.0,106421,100644,3.0,7.0,,,Daniil Medvedev,Alexander Zverev,R,R,198.0,198.0,RUS,GER,27.7,26.5,3.0,7.0,7200.0,3585.0,4.0,9.0,2.0,0.0,70.0,67.0,51.0,51.0,40.0,34.0,10.0,10.0,11.0,11.0,3.0,0.0,4.0,2.0,A,1
2023-0605,Tour Finals,Hard,8,A,20231113,286,6-4 6-4,3,RR,101.0,100644,126094,7.0,5.0,,,Alexander Zverev,Andrey Rublev,R,R,198.0,188.0,GER,RUS,26.5,26.0,7.0,5.0,3585.0,4805.0,10.0,6.0,1.0,0.0,66.0,68.0,47.0,46.0,33.0,32.0,11.0,8.0,10.0,10.0,3.0,4.0,4.0,7.0,A,1
2023-7696,NextGen Finals,Hard,8,F,20231127,300,3-4(6) 4-1 4-2 3-4(9) 4-1,5,F,131.0,209950,209098,1.0,6.0,,,Arthur Fils,Hamad Medjedovic,R,R,185.0,188.0,FRA,SRB,19.4,20.3,36.0,110.0,1158.0,582.0,11.0,19.0,1.0,1.0,87.0,92.0,57.0,70.0,46.0,62.0,12.0,10.0,13.0,15.0,1.0,4.0,4.0,4.0,B,0
2023-7696,NextGen Finals,Hard,8,F,20231127,299,2-4 4-1 4-3(1) 4-3(6),5,SF,97.0,209414,209950,2.0,1.0,,,Luca Van Assche,Arthur Fils,R,R,178.0,185.0,FRA,FRA,19.5,19.4,70.0,36.0,756.0,1158.0,6.0,9.0,1.0,4.0,65.0,70.0,43.0,45.0,32.0,39.0,14.0,14.0,11.0,12.0,2.0,2.0,3.0,3.0,B,0
2023-7696,NextGen Finals,Hard,8,F,20231127,298,4-3(5) 2-1 RET,5,SF,32.0,209098,208502,6.0,3.0,,,Hamad Medjedovic,Dominic Stricker,R,L,188.0,183.0,SRB,SUI,20.3,21.2,110.0,94.0,582.0,673.0,5.0,6.0,0.0,0.0,25.0,33.0,19.0,18.0,17.0,15.0,5.0,8.0,4.0,5.0,0.0,0.0,0.0,1.0,A,1
2023-7696,NextGen Finals,Hard,8,F,20231127,297,4-2 3-4(3) 4-2 4-3(5),5,RR,104.0,209950,208502,1.0,3.0,,,Arthur Fils,Dominic Stricker,R,L,185.0,183.0,FRA,SUI,19.4,21.2,36.0,94.0,1158.0,673.0,8.0,6.0,3.0,3.0,77.0,82.0,46.0,56.0,35.0,39.0,18.0,12.0,12.0,12.0,2.0,8.0,3.0,11.0,A,1
2023-7696,NextGen Finals,Hard,8,F,20231127,296,4-1 4-2 4-2,5,RR,59.0,207925,209950,5.0,1.0,,,Flavio Cobolli,Arthur Fils,R,R,183.0,185.0,ITA,FRA,21.5,19.4,100.0,36.0,640.0,1158.0,5.0,5.0,3.0,1.0,39.0,48.0,19.0,32.0,11.0,23.0,8.0,11.0,8.0,9.0,1.0,1.0,5.0,2.0,B,0
2023-7696,NextGen Finals,Hard,8,F,20231127,295,2-4 4-3(6) 4-2 1-4 4-2,5,RR,122.0,208134,209950,7.0,1.0,,,Luca Nardi,Arthur Fils,R,R,185.0,185.0,ITA,FRA,20.3,19.4,115.0,36.0,549.0,1158.0,5.0,5.0,1.0,7.0,90.0,80.0,65.0,41.0,49.0,33.0,11.0,23.0,15.0,14.0,3.0,0.0,5.0,2.0,B,0
2023-7696,NextGen Finals,Hard,8,F,20231127,294,4-2 3-4(7) 4-1 4-2,5,RR,98.0,207925,208502,5.0,3.0,,,Flavio Cobolli,Dominic Stricker,R,L,183.0,183.0,ITA,SUI,21.5,21.2,100.0,94.0,640.0,673.0,6.0,5.0,3.0,1.0,81.0,70.0,44.0,42.0,33.0,29.0,16.0,15.0,12.0,11.0,11.0,1.0,12.0,5.0,A,1
2023-7696,NextGen Finals,Hard,8,F,20231127,293,4-1 4-1 4-2,5,RR,54.0,208502,208134,3.0,7.0,,,Dominic Stricker,Luca Nardi,L,R,183.0,185.0,SUI,ITA,21.2,20.3,94.0,115.0,673.0,549.0,3.0,1.0,0.0,3.0,44.0,48.0,28.0,35.0,22.0,22.0,10.0,4.0,8.0,8.0,4.0,2.0,4.0,6.0,A,1
2023-7696,NextGen Finals,Hard,8,F,20231127,292,3-4(4) 4-2 4-3(1) 1-4 4-3(3),5,RR,133.0,207925,208134,5.0,7.0,,,Flavio Cobolli,Luca Nardi,R,R,183.0,185.0,ITA,ITA,21.5,20.3,100.0,115.0,640.0,549.0,3.0,5.0,2.0,0.0,97.0,93.0,52.0,67.0,42.0,51.0,20.0,14.0,15.0,14.0,3.0,5.0,5.0,7.0,B,0
2023-7696,NextGen Finals,Hard,8,F,20231127,291,4-3(0) 3-4(4) 3-4(4) 4-1 4-3(6),5,RR,156.0,209414,210506,2.0,4.0,,,Luca Van Assche,Alex Michelsen,R,R,178.0,193.0,FRA,USA,19.5,19.2,70.0,97.0,756.0,653.0,4.0,3.0,0.0,2.0,104.0,97.0,68.0,66.0,54.0,44.0,18.0,19.0,15.0,14.0,7.0,8.0,9.0,11.0,A,1
2023-7696,NextGen Finals,Hard,8,F,20231127,290,4-2 2-4 4-3(7) 4-1,5,RR,108.0,209414,209098,2.0,6.0,,,Luca Van Assche,Hamad Medjedovic,R,R,178.0,188.0,FRA,SRB,19.5,20.3,70.0,110.0,756.0,582.0,4.0,13.0,3.0,2.0,70.0,74.0,43.0,45.0,29.0,35.0,13.0,15.0,11.0,12.0,9.0,6.0,11.0,7.0,B,0
2023-7696,NextGen Finals,Hard,8,F,20231127,289,4-3(5) 3-4(5) 4-1 4-1,5,RR,114.0,209406,209414,8.0,2.0,,,Abedallah Shelbayh,Luca Van Assche,L,R,180.0,178.0,JOR,FRA,20.0,19.5,185.0,70.0,326.0,756.0,5.0,9.0,3.0,3.0,76.0,81.0,41.0,62.0,28.0,40.0,11.0,5.0,11.0,11.0,5.0,15.0,10.0,17.0,B,0
2023-7696,NextGen Finals,Hard,8,F,20231127,288,4-2 4-3(3) 3-4(3) 3-4(5) 4-3(4),5,RR,149.0,210506,209098,4.0,6.0,,,Alex Michelsen,Hamad Medjedovic,R,R,193.0,188.0,USA,SRB,19.2,20.3,97.0,110.0,653.0,582.0,13.0,14.0,4.0,7.0,112.0,97.0,87.0,61.0,57.0,54.0,12.0,16.0,15.0,15.0,9.0,2.0,11.0,3.0,B,0
2023-7696,NextGen Finals,Hard,8,F,20231127,287,4-2 1-4 4-0 4-0,5,RR,67.0,210506,209406,4.0,8.0,,,Alex Michelsen,Abedallah Shelbayh,R,L,193.0,180.0,USA,JOR,19.2,20.0,97.0,185.0,653.0,326.0,2.0,7.0,1.0,2.0,55.0,51.0,37.0,34.0,22.0,25.0,8.0,10.0,10.0,9.0,5.0,3.0,10.0,4.0,B,0
2023-7696,NextGen Finals,Hard,8,F,20231127,286,3-4(6) 4-2 4-3(5) 4-2,5,RR,92.0,209098,209406,6.0,8.0,,,Hamad Medjedovic,Abedallah Shelbayh,R,L,188.0,180.0,SRB,JOR,20.3,20.0,110.0,185.0,582.0,326.0,18.0,9.0,1.0,2.0,71.0,76.0,56.0,50.0,49.0,36.0,8.0,14.0,12.0,12.0,3.0,0.0,3.0,2.0,A,1
2023-M-DC-2023-FLS-1-A-M-CAN-CHI-01,Davis Cup Finals RR: CAN vs CHI,Hard,2,D,20230916,1,6-3 7-6(5),3,RR,,200008,126214,,,,,Alexis Galarneau,Alejandro Tabilo,R,L,180.0,188.0,CAN,CHI,24.5,26.2,200.0,124.0,307.0,492.0,6.0,8.0,3.0,0.0,76.0,67.0,45.0,48.0,33.0,33.0,19.0,8.0,11.0,10.0,6.0,2.0,7.0,4.0,A,1
2023-M-DC-2023-FLS-1-A-M-CAN-CHI-01,Davis Cup Finals RR: CAN vs CHI,Hard,2,D,20230916,2,6-4 6-4,3,RR,,209113,111797,,,,,Gabriel Diallo,Nicolas Jarry,R,R,203.0,201.0,CAN,CHI,21.9,27.9,158.0,22.0,394.0,1494.0,3.0,10.0,0.0,2.0,56.0,59.0,37.0,46.0,26.0,38.0,11.0,6.0,10.0,10.0,1.0,1.0,3.0,1.0,B,0
2023-M-DC-2023-FLS-1-A-M-CAN-ITA-01,Davis Cup Finals RR: CAN vs ITA,Hard,2,D,20230913,1,7-6(8) 6-4,3,RR,,132283,200008,,,,,Lorenzo Sonego,Alexis Galarneau,R,R,191.0,180.0,ITA,CAN,28.3,24.5,38.0,200.0,1140.0,307.0,5.0,4.0,1.0,1.0,90.0,73.0,60.0,43.0,40.0,29.0,16.0,22.0,11.0,11.0,6.0,4.0,8.0,5.0,B,0
2023-M-DC-2023-FLS-1-A-M-CAN-ITA-01,Davis Cup Finals RR: CAN vs ITA,Hard,2,D,20230913,2,7-5 6-4,3,RR,,207518,209113,,,,,Lorenzo Musetti,Gabriel Diallo,R,R,185.0,203.0,ITA,CAN,21.5,21.9,18.0,158.0,1925.0,394.0,3.0,10.0,0.0,0.0,58.0,51.0,39.0,31.0,29.0,29.0,10.0,15.0,11.0,11.0,1.0,0.0,3.0,0.0,B,0
2023-M-DC-2023-FLS-1-A-M-CAN-SWE-01,Davis Cup Finals RR: CAN vs SWE,Hard,2,D,20230914,1,7-6(5) 5-7 6-2,3,RR,,209863,105577,,,,,Leo Borg,Vasek Pospisil,R,R,183.0,193.0,SWE,CAN,20.3,33.2,334.0,187.0,155.0,316.0,4.0,25.0,6.0,3.0,105.0,83.0,72.0,53.0,47.0,45.0,18.0,16.0,16.0,16.0,5.0,0.0,8.0,2.0,B,0
2023-M-DC-2023-FLS-1-A-M-CAN-SWE-01,Davis Cup Finals RR: CAN vs SWE,Hard,2,D,20230914,2,6-4 6-3,3,RR,,111200,209113,,,,,Elias Ymer,Gabriel Diallo,R,R,185.0,203.0,SWE,CAN,27.4,21.9,175.0,158.0,346.0,394.0,7.0,6.0,3.0,2.0,67.0,45.0,49.0,33.0,33.0,28.0,6.0,9.0,10.0,9.0,3.0,0.0,6.0,0.0,B,0
2023-M-DC-2023-FLS-1-A-M-ITA-CHI-01,Davis Cup Finals RR: ITA vs CHI,Hard,2,D,20230915,1,2-6 6-4 6-3,3,RR,,208286,106426,,,,,Matteo Arnaldi,Cristian Garin,R,R,185.0,185.0,ITA,CHI,22.5,27.2,47.0,103.0,999.0,596.0,6.0,5.0,2.0,2.0,86.0,92.0,53.0,57.0,37.0,42.0,19.0,16.0,14.0,13.0,1.0,10.0,3.0,12.0,A,1
2023-M-DC-2023-FLS-1-A-M-ITA-CHI-01,Davis Cup Finals RR: ITA vs CHI,Hard,2,D,20230915,2,3-6 7-5 6-4,3,RR,,132283,111797,,,,,Lorenzo Sonego,Nicolas Jarry,R,R,191.0,201.0,ITA,CHI,28.3,27.9,38.0,22.0,1140.0,1494.0,5.0,8.0,1.0,2.0,101.0,92.0,74.0,64.0,53.0,46.0,12.0,14.0,16.0,15.0,9.0,2.0,12.0,5.0,A,1
2023-M-DC-2023-FLS-1-A-M-ITA-SWE-01,Davis Cup Finals RR: ITA vs SWE,Hard,2,D,20230917,1,6-4 6-3,3,RR,,208286,209863,,,,,Matteo Arnaldi,Leo Borg,R,R,185.0,183.0,ITA,SWE,22.5,20.3,47.0,334.0,999.0,155.0,5.0,2.0,2.0,4.0,65.0,57.0,40.0,33.0,31.0,26.0,12.0,9.0,10.0,9.0,2.0,6.0,3.0,9.0,A,1
2023-M-DC-2023-FLS-1-A-M-ITA-SWE-01,Davis Cup Finals RR: ITA vs SWE,Hard,2,D,20230917,2,6-4 6-4,3,RR,,132283,111200,,,,,Lorenzo Sonego,Elias Ymer,R,R,191.0,185.0,ITA,SWE,28.3,27.4,38.0,175.0,1140.0,346.0,7.0,3.0,0.0,3.0,56.0,61.0,47.0,33.0,32.0,22.0,6.0,12.0,10.0,10.0,1.0,2.0,3.0,6.0,A,1
2023-M-DC-2023-FLS-1-A-M-SWE-CHI-01,Davis Cup Finals RR: SWE vs CHI,Hard,2,D,20230912,1,7-6(6) 3-6 7-5,3,RR,,209863,106426,,,,,Leo Borg,Cristian Garin,R,R,183.0,185.0,SWE,CHI,20.3,27.2,334.0,103.0,155.0,596.0,12.0,17.0,1.0,0.0,103.0,89.0,71.0,75.0,49.0,57.0,21.0,8.0,17.0,16.0,6.0,5.0,8.0,7.0,B,0
2023-M-DC-2023-FLS-1-A-M-SWE-CHI-01,Davis Cup Finals RR: SWE vs CHI,Hard,2,D,20230912,2,6-2 6-4,3,RR,,111200,111797,,,,,Elias Ymer,Nicolas Jarry,R,R,185.0,201.0,SWE,CHI,27.4,27.9,175.0,22.0,346.0,1494.0,5.0,6.0,3.0,0.0,49.0,49.0,32.0,35.0,24.0,29.0,6.0,8.0,9.0,9.0,1.0,3.0,4.0,3.0,B,0
2023-M-DC-2023-FLS-2-B-M-AUS-FRA-01,Davis Cup Finals RR: AUS vs FRA,Hard,2,D,20230914,1,7-6(4) 6-4,3,RR,,126845,105173,,,,,Max Purcell,Adrian Mannarino,R,L,185.0,180.0,AUS,FRA,25.4,35.2,43.0,34.0,1047.0,1286.0,14.0,7.0,4.0,2.0,76.0,63.0,50.0,44.0,37.0,32.0,8.0,10.0,11.0,11.0,1.0,1.0,4.0,3.0,B,0
2023-M-DC-2023-FLS-2-B-M-AUS-FRA-01,Davis Cup Finals RR: AUS vs FRA,Hard,2,D,20230914,2,7-6(2) 6-3,3,RR,,200005,200282,,,,,Ugo Humbert,Alex De Minaur,L,R,188.0,183.0,FRA,AUS,25.2,24.5,36.0,12.0,1268.0,2685.0,4.0,2.0,0.0,3.0,59.0,67.0,37.0,50.0,23.0,38.0,12.0,8.0,10.0,11.0,1.0,3.0,3.0,4.0,B,0
2023-M-DC-2023-FLS-2-B-M-AUS-GBR-01,Davis Cup Finals RR: AUS vs GBR,Hard,2,D,20230913,1,6-7(6) 6-3 7-6(4),3,RR,,106423,207733,,,,,Thanasi Kokkinakis,Jack Draper,R,L,193.0,193.0,AUS,GBR,27.4,21.7,74.0,106.0,766.0,581.0,17.0,24.0,2.0,2.0,108.0,97.0,82.0,66.0,63.0,54.0,8.0,19.0,17.0,16.0,3.0,3.0,6.0,4.0,B,0
2023-M-DC-2023-FLS-2-B-M-AUS-GBR-01,Davis Cup Finals RR: AUS vs GBR,Hard,2,D,20230913,2,6-1 2-6 6-4,3,RR,,105554,200282,,,,,Daniel Evans,Alex De Minaur,R,R,175.0,183.0,GBR,AUS,33.3,24.5,27.0,12.0,1381.0,2685.0,6.0,2.0,5.0,2.0,80.0,71.0,51.0,42.0,34.0,24.0,12.0,15.0,13.0,12.0,6.0,5.0,10.0,10.0,A,1
2023-M-DC-2023-FLS-2-B-M-AUS-SUI-01,Davis Cup Finals RR: AUS vs SUI,Hard,2,D,20230916,1,6-3 7-5,3,RR,,208502,106423,,,,,Dominic Stricker,Thanasi Kokkinakis,L,R,183.0,193.0,SUI,AUS,21.0,27.4,90.0,74.0,685.0,766.0,3.0,16.0,0.0,0.0,62.0,71.0,31.0,54.0,22.0,43.0,13.0,4.0,10.0,11.0,2.0,5.0,5.0,6.0,B,0
2023-M-DC-2023-FLS-2-B-M-AUS-SUI-01,Davis Cup Finals RR: AUS vs SUI,Hard,2,D,20230916,2,6-4 6-3,3,RR,,200282,144817,,,,,Alex De Minaur,Marc Andrea Huesler,R,L,183.0,196.0,AUS,SUI,24.5,27.2,12.0,101.0,2685.0,604.0,8.0,12.0,1.0,2.0,59.0,60.0,41.0,45.0,34.0,30.0,7.0,5.0,10.0,9.0,2.0,8.0,3.0,11.0,A,1
2023-M-DC-2023-FLS-2-B-M-FRA-SUI-01,Davis Cup Finals RR: FRA vs SUI,Hard,2,D,20230912,1,3-6 6-1 6-4,3,RR,,105173,208502,,,,,Adrian Mannarino,Dominic Stricker,L,L,180.0,183.0,FRA,SUI,35.2,21.0,34.0,90.0,1286.0,685.0,6.0,8.0,3.0,2.0,68.0,87.0,36.0,56.0,28.0,39.0,23.0,15.0,13.0,13.0,1.0,6.0,2.0,9.0,A,1
2023-M-DC-2023-FLS-2-B-M-FRA-SUI-01,Davis Cup Finals RR: FRA vs SUI,Hard,2,D,20230912,2,6-4 6-4,3,RR,,200005,104527,,,,,Ugo Humbert,Stan Wawrinka,L,R,188.0,183.0,FRA,SUI,25.2,38.4,36.0,40.0,1268.0,1084.0,5.0,7.0,1.0,1.0,58.0,65.0,37.0,40.0,29.0,26.0,13.0,10.0,10.0,10.0,4.0,4.0,5.0,7.0,A,1
2023-M-DC-2023-FLS-2-B-M-GBR-FRA-01,Davis Cup Finals RR: GBR vs FRA,Hard,2,D,20230917,1,3-6 6-3 6-4,3,RR,,105554,209950,,,,,Daniel Evans,Arthur Fils,R,R,175.0,185.0,GBR,FRA,33.3,19.2,27.0,44.0,1381.0,1032.0,4.0,8.0,3.0,2.0,80.0,75.0,46.0,52.0,38.0,38.0,19.0,12.0,14.0,14.0,1.0,3.0,3.0,6.0,A,1
2023-M-DC-2023-FLS-2-B-M-GBR-FRA-01,Davis Cup Finals RR: GBR vs FRA,Hard,2,D,20230917,2,7-6(5) 3-6 7-5,3,RR,,111815,200005,,,,,Cameron Norrie,Ugo Humbert,L,L,188.0,188.0,GBR,FRA,28.0,25.2,17.0,36.0,1985.0,1268.0,2.0,20.0,3.0,1.0,119.0,101.0,82.0,65.0,57.0,52.0,20.0,19.0,17.0,16.0,5.0,2.0,6.0,3.0,B,0
2023-M-DC-2023-FLS-2-B-M-GBR-SUI-01,Davis Cup Finals RR: GBR vs SUI,Hard,2,D,20230915,1,6-7(7) 6-4 6-4,3,RR,,104918,209857,,,,,Andy Murray,Leandro Riedi,R,R,191.0,191.0,GBR,SUI,36.3,21.6,41.0,152.0,1075.0,405.0,3.0,7.0,0.0,4.0,110.0,119.0,68.0,69.0,47.0,48.0,24.0,22.0,16.0,16.0,5.0,7.0,8.0,12.0,A,1
2023-M-DC-2023-FLS-2-B-M-GBR-SUI-01,Davis Cup Finals RR: GBR vs SUI,Hard,2,D,20230915,2,7-5 6-4,3,RR,,104527,111815,,,,,Stan Wawrinka,Cameron Norrie,R,L,183.0,188.0,SUI,GBR,38.4,28.0,40.0,17.0,1084.0,1985.0,18.0,1.0,2.0,1.0,67.0,66.0,39.0,41.0,32.0,26.0,14.0,13.0,11.0,11.0,3.0,2.0,4.0,5.0,A,1
2023-M-DC-2023-FLS-3-C-M-CZE-KOR-01,Davis Cup Finals RR: CZE vs KOR,Hard,2,D,20230914,1,7-6(8) 4-6 6-2,3,RR,,207830,111805,,,,,Tomas Machac,Seong Chan Hong,R,R,183.0,175.0,CZE,KOR,22.9,26.1,119.0,194.0,512.0,313.0,11.0,9.0,2.0,1.0,92.0,111.0,50.0,71.0,42.0,49.0,26.0,20.0,15.0,15.0,2.0,8.0,3.0,10.0,A,1
2023-M-DC-2023-FLS-3-C-M-CZE-KOR-01,Davis Cup Finals RR: CZE vs KOR,Hard,2,D,20230914,2,6-1 7-5,3,RR,,126952,208103,,,,,Soon Woo Kwon,Jiri Lehecka,R,R,180.0,185.0,KOR,CZE,25.7,21.8,112.0,30.0,533.0,1338.0,5.0,8.0,2.0,0.0,51.0,50.0,27.0,41.0,17.0,32.0,10.0,7.0,9.0,10.0,5.0,3.0,9.0,4.0,B,0
2023-M-DC-2023-FLS-3-C-M-ESP-CZE-01,Davis Cup Finals RR: ESP vs CZE,Hard,2,D,20230913,1,6-4 6-4,3,RR,,126523,207830,,,,,Bernabe Zapata Miralles,Tomas Machac,R,R,183.0,183.0,ESP,CZE,26.6,22.9,75.0,119.0,766.0,512.0,2.0,6.0,3.0,1.0,57.0,61.0,42.0,44.0,30.0,31.0,8.0,12.0,10.0,10.0,1.0,1.0,3.0,1.0,B,0
2023-M-DC-2023-FLS-3-C-M-ESP-CZE-01,Davis Cup Finals RR: ESP vs CZE,Hard,2,D,20230913,2,7-6(5) 7-5,3,RR,,200221,208103,,,,,Alejandro Davidovich Fokina,Jiri Lehecka,R,R,183.0,185.0,ESP,CZE,24.2,21.8,25.0,30.0,1435.0,1338.0,1.0,6.0,1.0,0.0,72.0,75.0,54.0,61.0,38.0,44.0,9.0,9.0,12.0,12.0,3.0,1.0,5.0,2.0,B,0
2023-M-DC-2023-FLS-3-C-M-ESP-KOR-01,Davis Cup Finals RR: ESP vs KOR,Hard,2,D,20230917,1,6-4 7-5,3,RR,,126523,111805,,,,,Bernabe Zapata Miralles,Seong Chan Hong,R,R,183.0,175.0,ESP,KOR,26.6,26.1,75.0,194.0,766.0,313.0,1.0,2.0,1.0,0.0,61.0,59.0,36.0,35.0,27.0,22.0,12.0,11.0,11.0,11.0,2.0,2.0,5.0,7.0,A,1
2023-M-DC-2023-FLS-3-C-M-ESP-KOR-01,Davis Cup Finals RR: ESP vs KOR,Hard,2,D,20230917,2,6-4 6-4,3,RR,,200221,126952,,,,,Alejandro Davidovich Fokina,Soon Woo Kwon,R,R,183.0,180.0,ESP,KOR,24.2,25.7,25.0,112.0,1435.0,533.0,6.0,5.0,0.0,3.0,53.0,61.0,41.0,32.0,35.0,22.0,6.0,16.0,10.0,10.0,1.0,1.0,1.0,3.0,A,1
2023-M-DC-2023-FLS-3-C-M-ESP-SRB-01,Davis Cup Finals RR: ESP vs SRB,Hard,2,D,20230915,1,6-4 6-4,3,RR,,105077,111513,,,,,Albert Ramos,Laslo Djere,L,R,188.0,188.0,ESP,SRB,35.6,28.2,95.0,37.0,628.0,1190.0,2.0,6.0,2.0,1.0,60.0,47.0,33.0,35.0,26.0,32.0,13.0,8.0,10.0,10.0,1.0,0.0,3.0,0.0,B,0
2023-M-DC-2023-FLS-3-C-M-ESP-SRB-01,Davis Cup Finals RR: ESP vs SRB,Hard,2,D,20230915,2,6-3 6-4,3,RR,,104925,200221,,,,,Novak Djokovic,Alejandro Davidovich Fokina,R,R,188.0,183.0,SRB,ESP,36.3,24.2,1.0,25.0,11795.0,1435.0,10.0,4.0,1.0,0.0,54.0,62.0,41.0,40.0,33.0,26.0,5.0,9.0,10.0,9.0,0.0,2.0,1.0,5.0,A,1
2023-M-DC-2023-FLS-3-C-M-SRB-CZE-01,Davis Cup Finals RR: SRB vs CZE,Hard,2,D,20230916,1,6-3 6-2,3,RR,,105583,210150,,,,,Dusan Lajovic,Jakub Mensik,R,R,183.0,193.0,SRB,CZE,33.1,18.0,52.0,151.0,938.0,405.0,1.0,11.0,1.0,0.0,46.0,41.0,25.0,32.0,19.0,30.0,10.0,6.0,8.0,9.0,2.0,0.0,5.0,0.0,B,0
2023-M-DC-2023-FLS-3-C-M-SRB-CZE-01,Davis Cup Finals RR: SRB vs CZE,Hard,2,D,20230916,2,7-6(7) 7-5,3,RR,,111513,208103,,,,,Laslo Djere,Jiri Lehecka,R,R,188.0,185.0,SRB,CZE,28.2,21.8,37.0,30.0,1190.0,1338.0,7.0,10.0,2.0,1.0,93.0,77.0,63.0,57.0,43.0,48.0,16.0,8.0,12.0,12.0,4.0,3.0,6.0,4.0,B,0
2023-M-DC-2023-FLS-3-C-M-SRB-KOR-01,Davis Cup Finals RR: SRB vs KOR,Hard,2,D,20230912,1,6-4 7-6(3),3,RR,,105583,111805,,,,,Dusan Lajovic,Seong Chan Hong,R,R,183.0,175.0,SRB,KOR,33.1,26.1,52.0,194.0,938.0,313.0,3.0,4.0,3.0,2.0,83.0,78.0,61.0,52.0,45.0,39.0,13.0,13.0,11.0,11.0,3.0,2.0,3.0,3.0,A,1
2023-M-DC-2023-FLS-3-C-M-SRB-KOR-01,Davis Cup Finals RR: SRB vs KOR,Hard,2,D,20230912,2,4-6 6-2 6-2,3,RR,,111513,126952,,,,,Laslo Djere,Soon Woo Kwon,R,R,188.0,180.0,SRB,KOR,28.2,25.7,37.0,112.0,1190.0,533.0,16.0,3.0,0.0,2.0,80.0,78.0,63.0,43.0,45.0,26.0,10.0,19.0,13.0,13.0,3.0,3.0,4.0,7.0,A,1
2023-M-DC-2023-FLS-4-D-M-CRO-FIN-01,Davis Cup Finals RR: CRO vs FIN,Hard,2,D,20230915,1,6-4 3-6 6-3,3,RR,,202261,209976,,,,,Otto Virtanen,Dino Prizmic,R,R,193.0,188.0,FIN,CRO,22.2,18.0,125.0,168.0,491.0,365.0,14.0,3.0,4.0,1.0,100.0,90.0,51.0,61.0,39.0,42.0,23.0,17.0,14.0,14.0,3.0,5.0,5.0,8.0,A,1
2023-M-DC-2023-FLS-4-D-M-CRO-FIN-01,Davis Cup Finals RR: CRO vs FIN,Hard,2,D,20230915,2,7-6(3) 6-4,3,RR,,200325,127339,,,,,Emil Ruusuvuori,Borna Gojo,R,R,188.0,196.0,FIN,CRO,24.4,25.5,57.0,77.0,901.0,747.0,11.0,8.0,1.0,1.0,69.0,66.0,46.0,47.0,41.0,37.0,11.0,11.0,11.0,11.0,2.0,3.0,2.0,4.0,A,1
2023-M-DC-2023-FLS-4-D-M-CRO-NED-01,Davis Cup Finals RR: CRO vs NED,Hard,2,D,20230917,1,6-3 3-6 7-5,3,RR,,207213,122298,,,,,Duje Ajdukovic,Botic Van De Zandschulp,R,R,188.0,191.0,CRO,NED,22.5,27.9,206.0,68.0,299.0,825.0,7.0,13.0,2.0,0.0,84.0,89.0,59.0,64.0,43.0,47.0,12.0,12.0,15.0,15.0,4.0,5.0,8.0,8.0,B,0
2023-M-DC-2023-FLS-4-D-M-CRO-NED-01,Davis Cup Finals RR: CRO vs NED,Hard,2,D,20230917,2,4-6 7-6(2) 6-4,3,RR,,134868,127339,,,,,Tallon Griekspoor,Borna Gojo,R,R,188.0,196.0,NED,CRO,27.1,25.5,24.0,77.0,1446.0,747.0,7.0,18.0,2.0,2.0,95.0,115.0,72.0,79.0,54.0,57.0,12.0,19.0,16.0,16.0,1.0,8.0,3.0,10.0,B,0
2023-M-DC-2023-FLS-4-D-M-CRO-USA-01,Davis Cup Finals RR: CRO vs USA,Hard,2,D,20230913,1,6-4 6-2,3,RR,,209976,111456,,,,,Dino Prizmic,Mackenzie Mcdonald,R,R,188.0,178.0,CRO,USA,18.0,28.4,168.0,39.0,365.0,1120.0,2.0,1.0,2.0,2.0,71.0,55.0,61.0,48.0,32.0,34.0,5.0,3.0,9.0,9.0,5.0,2.0,9.0,3.0,B,0
2023-M-DC-2023-FLS-4-D-M-CRO-USA-01,Davis Cup Finals RR: CRO vs USA,Hard,2,D,20230913,2,6-4 7-6(6),3,RR,,126207,127339,,,,,Frances Tiafoe,Borna Gojo,R,R,188.0,196.0,USA,CRO,25.6,25.5,11.0,77.0,2690.0,747.0,6.0,14.0,1.0,2.0,76.0,66.0,67.0,60.0,45.0,46.0,6.0,3.0,11.0,11.0,3.0,1.0,4.0,1.0,B,0
2023-M-DC-2023-FLS-4-D-M-NED-FIN-01,Davis Cup Finals RR: NED vs FIN,Hard,2,D,20230912,1,7-6(0) 6-4,3,RR,,122298,202261,,,,,Botic Van De Zandschulp,Otto Virtanen,R,R,191.0,193.0,NED,FIN,27.9,22.2,68.0,125.0,825.0,491.0,10.0,8.0,4.0,1.0,76.0,69.0,49.0,49.0,37.0,40.0,14.0,13.0,11.0,11.0,4.0,3.0,5.0,3.0,B,0
2023-M-DC-2023-FLS-4-D-M-NED-FIN-01,Davis Cup Finals RR: NED vs FIN,Hard,2,D,20230912,2,7-6(7) 6-3,3,RR,,134868,200325,,,,,Tallon Griekspoor,Emil Ruusuvuori,R,R,188.0,188.0,NED,FIN,27.1,24.4,24.0,57.0,1446.0,901.0,6.0,6.0,0.0,2.0,73.0,63.0,52.0,45.0,39.0,35.0,11.0,7.0,11.0,10.0,5.0,0.0,6.0,2.0,A,1
2023-M-DC-2023-FLS-4-D-M-NED-USA-01,Davis Cup Finals RR: NED vs USA,Hard,2,D,20230914,1,7-6(2) 6-2,3,RR,,126205,122298,,,,,Tommy Paul,Botic Van De Zandschulp,R,R,185.0,191.0,USA,NED,26.3,27.9,13.0,68.0,2660.0,825.0,5.0,4.0,1.0,4.0,68.0,65.0,44.0,46.0,31.0,34.0,11.0,13.0,10.0,10.0,2.0,0.0,4.0,0.0,B,0
2023-M-DC-2023-FLS-4-D-M-NED-USA-01,Davis Cup Finals RR: NED vs USA,Hard,2,D,20230914,2,6-3 6-7(7) 7-6(2),3,RR,,126207,134868,,,,,Frances Tiafoe,Tallon Griekspoor,R,R,188.0,188.0,USA,NED,25.6,27.1,11.0,24.0,2690.0,1446.0,16.0,14.0,4.0,1.0,108.0,98.0,67.0,63.0,54.0,53.0,22.0,23.0,16.0,17.0,7.0,0.0,9.0,1.0,B,0
2023-M-DC-2023-FLS-4-D-M-USA-FIN-01,Davis Cup Finals RR: USA vs FIN,Hard,2,D,20230916,1,7-6(5) 1-6 7-6(7),3,RR,,111456,202261,,,,,Mackenzie Mcdonald,Otto Virtanen,R,R,178.0,193.0,USA,FIN,28.4,22.2,39.0,125.0,1120.0,491.0,4.0,8.0,0.0,5.0,114.0,100.0,76.0,57.0,50.0,41.0,20.0,16.0,16.0,15.0,11.0,5.0,14.0,10.0,B,0
2023-M-DC-2023-FLS-4-D-M-USA-FIN-01,Davis Cup Finals RR: USA vs FIN,Hard,2,D,20230916,2,7-6(1) 6-4,3,RR,,200325,126205,,,,,Emil Ruusuvuori,Tommy Paul,R,R,188.0,185.0,FIN,USA,24.4,26.3,57.0,13.0,901.0,2660.0,1.0,11.0,2.0,1.0,84.0,85.0,54.0,52.0,35.0,30.0,13.0,13.0,11.0,11.0,5.0,5.0,9.0,10.0,A,1
2023-M-DC-2023-FLS-M-AUS-ITA-01,Davis Cup Finals F: AUS vs ITA,Hard,2,D,20231126,1,7-5 2-6 6-4,3,RR,,208286,200615,,,,,Matteo Arnaldi,Alexei Popyrin,R,R,185.0,196.0,ITA,AUS,22.7,24.2,44.0,40.0,1021.0,1084.0,5.0,12.0,9.0,3.0,107.0,106.0,53.0,64.0,37.0,47.0,26.0,18.0,15.0,15.0,13.0,8.0,16.0,11.0,A,1
2023-M-DC-2023-FLS-M-AUS-ITA-01,Davis Cup Finals F: AUS vs ITA,Hard,2,D,20231126,2,6-3 6-0,3,RR,,206173,200282,,,,,Jannik Sinner,Alex De Minaur,R,R,191.0,183.0,ITA,AUS,22.2,24.7,4.0,12.0,6490.0,2740.0,5.0,2.0,1.0,1.0,48.0,57.0,34.0,33.0,25.0,18.0,7.0,9.0,7.0,8.0,1.0,5.0,1.0,10.0,A,1
2023-M-DC-2023-FLS-M-CAN-FIN-01,Davis Cup Finals QF: CAN vs FIN,Hard,2,D,20231121,1,6-3 7-5,3,RR,,105683,134518,,,,,Milos Raonic,Patrick Kaukovalta,R,R,196.0,193.0,CAN,FIN,32.8,24.9,318.0,782.0,165.0,28.0,18.0,11.0,1.0,0.0,47.0,60.0,34.0,36.0,33.0,27.0,11.0,12.0,11.0,10.0,0.0,3.0,0.0,5.0,A,1
2023-M-DC-2023-FLS-M-CAN-FIN-01,Davis Cup Finals QF: CAN vs FIN,Hard,2,D,20231121,2,6-4 7-5,3,RR,,209113,202261,,,,,Gabriel Diallo,Otto Virtanen,R,R,203.0,193.0,CAN,FIN,22.1,22.4,139.0,171.0,446.0,365.0,2.0,14.0,2.0,2.0,67.0,63.0,41.0,39.0,28.0,33.0,16.0,12.0,11.0,11.0,3.0,1.0,5.0,1.0,B,0
2023-M-DC-2023-FLS-M-CZE-AUS-01,Davis Cup Finals QF: CZE vs AUS,Hard,2,D,20231122,1,6-4 7-5,3,RR,,111442,207830,,,,,Jordan Thompson,Tomas Machac,R,R,183.0,183.0,AUS,CZE,29.5,23.1,56.0,78.0,902.0,731.0,3.0,0.0,0.0,2.0,75.0,68.0,39.0,36.0,25.0,26.0,21.0,20.0,11.0,11.0,8.0,4.0,11.0,5.0,B,0
2023-M-DC-2023-FLS-M-CZE-AUS-01,Davis Cup Finals QF: CZE vs AUS,Hard,2,D,20231122,2,4-6 7-6(2) 7-5,3,RR,,200282,208103,,,,,Alex De Minaur,Jiri Lehecka,R,R,183.0,185.0,AUS,CZE,24.7,22.0,12.0,31.0,2740.0,1372.0,4.0,8.0,2.0,2.0,101.0,117.0,60.0,79.0,43.0,50.0,28.0,24.0,17.0,17.0,5.0,9.0,8.0,12.0,A,1
2023-M-DC-2023-FLS-M-FIN-AUS-01,Davis Cup Finals SF: FIN vs AUS,Hard,2,D,20231124,1,7-6(5) 6-2,3,RR,,200615,202261,,,,,Alexei Popyrin,Otto Virtanen,R,R,196.0,193.0,AUS,FIN,24.2,22.4,40.0,171.0,1084.0,365.0,4.0,8.0,1.0,5.0,66.0,64.0,44.0,33.0,34.0,23.0,14.0,19.0,10.0,10.0,1.0,1.0,1.0,3.0,A,1
2023-M-DC-2023-FLS-M-FIN-AUS-01,Davis Cup Finals SF: FIN vs AUS,Hard,2,D,20231124,2,6-4 6-3,3,RR,,200325,200282,,,,,Emil Ruusuvuori,Alex De Minaur,R,R,188.0,183.0,FIN,AUS,24.6,24.7,69.0,12.0,771.0,2740.0,1.0,1.0,2.0,3.0,81.0,53.0,58.0,32.0,30.0,24.0,12.0,10.0,10.0,9.0,13.0,2.0,18.0,4.0,B,0
2023-M-DC-2023-FLS-M-ITA-NED-01,Davis Cup Finals QF: ITA vs NED,Hard,2,D,20231123,1,6-7(6) 6-3 7-6(7),3,RR,,208286,122298,,,,,Matteo Arnaldi,Botic Van De Zandschulp,R,R,185.0,191.0,ITA,NED,22.7,28.1,44.0,51.0,1021.0,930.0,5.0,14.0,3.0,4.0,121.0,105.0,78.0,69.0,53.0,55.0,24.0,22.0,16.0,17.0,5.0,3.0,7.0,4.0,B,0
2023-M-DC-2023-FLS-M-ITA-NED-01,Davis Cup Finals QF: ITA vs NED,Hard,2,D,20231123,2,7-6(3) 6-1,3,RR,,206173,134868,,,,,Jannik Sinner,Tallon Griekspoor,R,R,191.0,188.0,ITA,NED,22.2,27.3,4.0,23.0,6490.0,1640.0,9.0,7.0,1.0,1.0,50.0,60.0,32.0,42.0,29.0,26.0,15.0,11.0,10.0,9.0,0.0,3.0,0.0,5.0,A,1
2023-M-DC-2023-FLS-M-ITA-SRB-01,Davis Cup Finals SF: ITA vs SRB,Hard,2,D,20231125,1,6-7(7) 6-2 6-1,3,RR,,200175,207518,,,,,Miomir Kecmanovic,Lorenzo Musetti,R,R,183.0,185.0,SRB,ITA,24.2,21.7,55.0,27.0,905.0,1470.0,5.0,9.0,0.0,3.0,81.0,103.0,56.0,65.0,42.0,41.0,17.0,14.0,14.0,13.0,2.0,7.0,3.0,12.0,A,1
2023-M-DC-2023-FLS-M-ITA-SRB-01,Davis Cup Finals SF: ITA vs SRB,Hard,2,D,20231125,2,6-2 2-6 7-5,3,RR,,206173,104925,,,,,Jannik Sinner,Novak Djokovic,R,R,191.0,188.0,ITA,SRB,22.2,36.4,4.0,1.0,6490.0,11245.0,12.0,6.0,5.0,1.0,105.0,77.0,67.0,46.0,48.0,35.0,17.0,18.0,14.0,14.0,7.0,1.0,9.0,4.0,A,1
2023-M-DC-2023-FLS-M-SRB-GBR-01,Davis Cup Finals QF: SRB vs GBR,Hard,2,D,20231123,1,7-6(2) 7-6(6),3,RR,,200175,207733,,,,,Miomir Kecmanovic,Jack Draper,R,L,183.0,193.0,SRB,GBR,24.2,21.9,55.0,60.0,905.0,856.0,4.0,10.0,0.0,4.0,74.0,89.0,50.0,55.0,41.0,43.0,17.0,17.0,12.0,12.0,0.0,4.0,0.0,4.0,A,1
2023-M-DC-2023-FLS-M-SRB-GBR-01,Davis Cup Finals QF: SRB vs GBR,Hard,2,D,20231123,2,6-4 6-4,3,RR,,111815,104925,,,,,Cameron Norrie,Novak Djokovic,L,R,188.0,188.0,GBR,SRB,28.2,36.4,18.0,1.0,1940.0,11245.0,4.0,8.0,1.0,1.0,75.0,48.0,53.0,27.0,35.0,24.0,10.0,16.0,10.0,10.0,10.0,0.0,12.0,0.0,B,0
2023-M-DC-2023-QLS-M-ARG-FIN-01,Davis Cup QLS R1: ARG vs FIN,Hard,4,D,20230204,1,7-5 6-3,3,RR,,106398,200325,,,,,Pedro Cachin,Emil Ruusuvuori,R,R,185.0,188.0,ARG,FIN,27.8,23.8,68.0,43.0,777.0,976.0,,,,,,,,,,,,,,,,,,,B,0
2023-M-DC-2023-QLS-M-ARG-FIN-01,Davis Cup QLS R1: ARG vs FIN,Hard,4,D,20230204,2,6-3 3-6 7-6(3),3,RR,,202261,202103,,,,,Otto Virtanen,Francisco Cerundolo,R,R,193.0,185.0,FIN,ARG,21.6,24.4,181.0,31.0,330.0,1377.0,,,,,,,,,,,,,,,,,,,B,0
2023-M-DC-2023-QLS-M-ARG-FIN-01,Davis Cup QLS R1: ARG vs FIN,Hard,4,D,20230204,4,7-5 6-1,3,RR,,200325,105487,,,,,Emil Ruusuvuori,Facundo Bagnis,R,L,188.0,183.0,FIN,ARG,23.8,32.9,43.0,88.0,976.0,595.0,,,,,,,,,,,,,,,,,,,A,1
2023-M-DC-2023-QLS-M-BEL-KOR-01,Davis Cup QLS R1: BEL vs KOR,Hard,4,D,20230204,1,1-6 6-4 7-6(6),3,RR,,200267,126952,,,,,Zizou Bergs,Soon Woo Kwon,R,R,185.0,180.0,BEL,KOR,23.6,25.1,115.0,61.0,463.0,827.0,,,,,,,,,,,,,,,,,,,A,1
2023-M-DC-2023-QLS-M-BEL-KOR-01,Davis Cup QLS R1: BEL vs KOR,Hard,4,D,20230204,2,6-4 6-2,3,RR,,111805,105676,,,,,Seong Chan Hong,David Goffin,R,R,175.0,180.0,KOR,BEL,25.5,32.1,237.0,41.0,229.0,985.0,,,,,,,,,,,,,,,,,,,B,0
2023-M-DC-2023-QLS-M-BEL-KOR-01,Davis Cup QLS R1: BEL vs KOR,Hard,4,D,20230204,4,3-6 6-1 6-3,3,RR,,105676,126952,,,,,David Goffin,Soon Woo Kwon,R,R,180.0,180.0,BEL,KOR,32.1,25.1,41.0,61.0,985.0,827.0,,,,,,,,,,,,,,,,,,,B,0
2023-M-DC-2023-QLS-M-BEL-KOR-01,Davis Cup QLS R1: BEL vs KOR,Hard,4,D,20230204,5,6-3 7-6(4),3,RR,,200267,111805,,,,,Zizou Bergs,Seong Chan Hong,R,R,185.0,175.0,BEL,KOR,23.6,25.5,115.0,237.0,463.0,229.0,,,,,,,,,,,,,,,,,,,B,0
2023-M-DC-2023-QLS-M-CRO-AUT-01,Davis Cup QLS R1: CRO vs AUT,Hard,4,D,20230204,1,6-3 7-5,3,RR,,110602,106432,,,,,Dennis Novak,Borna Coric,R,R,183.0,188.0,AUT,CRO,29.4,26.2,144.0,23.0,402.0,1770.0,,,,,,,,,,,,,,,,,,,B,0
2023-M-DC-2023-QLS-M-CRO-AUT-01,Davis Cup QLS R1: CRO vs AUT,Hard,4,D,20230204,2,6-3 7-6(2),3,RR,,127339,106233,,,,,Borna Gojo,Dominic Thiem,R,R,196.0,185.0,CRO,AUT,24.9,29.4,121.0,99.0,454.0,550.0,,,,,,,,,,,,,,,,,,,A,1
2023-M-DC-2023-QLS-M-CRO-AUT-01,Davis Cup QLS R1: CRO vs AUT,Hard,4,D,20230204,4,7-6(3) 6-2,3,RR,,106233,106432,,,,,Dominic Thiem,Borna Coric,R,R,185.0,188.0,AUT,CRO,29.4,26.2,99.0,23.0,550.0,1770.0,,,,,,,,,,,,,,,,,,,B,0
2023-M-DC-2023-QLS-M-CZE-POR-01,Davis Cup QLS R1: CZE vs POR,Clay,4,D,20230204,1,6-4 6-4,3,RR,,132686,208103,,,,,Nuno Borges,Jiri Lehecka,R,R,185.0,185.0,POR,CZE,25.9,21.2,105.0,39.0,514.0,1042.0,,,,,,,,,,,,,,,,,,,B,0
2023-M-DC-2023-QLS-M-CZE-POR-01,Davis Cup QLS R1: CZE vs POR,Clay,4,D,20230204,2,7-6(6) 3-6 6-2,3,RR,,105311,207830,,,,,Joao Sousa,Tomas Machac,R,R,185.0,183.0,POR,CZE,33.8,22.2,84.0,122.0,612.0,452.0,,,,,,,,,,,,,,,,,,,B,0
2023-M-DC-2023-QLS-M-CZE-POR-01,Davis Cup QLS R1: CZE vs POR,Clay,4,D,20230204,4,6-4 6-1,3,RR,,105311,208103,,,,,Joao Sousa,Jiri Lehecka,R,R,185.0,185.0,POR,CZE,33.8,21.2,84.0,39.0,612.0,1042.0,,,,,,,,,,,,,,,,,,,B,0
2023-M-DC-2023-QLS-M-FRA-HUN-01,Davis Cup QLS R1: FRA vs HUN,Hard,4,D,20230203,1,7-6(4) 6-3,3,RR,,126127,200436,,,,,Benjamin Bonzi,Zsombor Piros,R,R,183.0,180.0,FRA,HUN,26.6,23.2,45.0,182.0,956.0,327.0,,,,,,,,,,,,,,,,,,,B,0
2023-M-DC-2023-QLS-M-FRA-HUN-01,Davis Cup QLS R1: FRA vs HUN,Hard,4,D,20230203,2,6-3 6-2,3,RR,,105916,200005,,,,,Marton Fucsovics,Ugo Humbert,R,L,188.0,188.0,HUN,FRA,30.9,24.5,71.0,86.0,767.0,603.0,,,,,,,,,,,,,,,,,,,B,0
2023-M-DC-2023-QLS-M-FRA-HUN-01,Davis Cup QLS R1: FRA vs HUN,Hard,4,D,20230203,4,7-6(6) 6-2,3,RR,,105916,105173,,,,,Marton Fucsovics,Adrian Mannarino,R,L,188.0,180.0,HUN,FRA,30.9,34.5,71.0,58.0,767.0,836.0,,,,,,,,,,,,,,,,,,,B,0
2023-M-DC-2023-QLS-M-FRA-HUN-01,Davis Cup QLS R1: FRA vs HUN,Hard,4,D,20230203,5,6-3 6-3,3,RR,,200005,206681,,,,,Ugo Humbert,Fabian Marozsan,L,R,188.0,193.0,FRA,HUN,24.5,23.3,86.0,161.0,603.0,366.0,,,,,,,,,,,,,,,,,,,A,1
2023-M-DC-2023-QLS-M-GBR-COL-01,Davis Cup QLS R1: GBR vs COL,Clay,4,D,20230203,1,6-2 2-6 6-4,3,RR,,200711,105554,,,,,Nicolas Mejia,Daniel Evans,R,R,183.0,175.0,COL,GBR,22.9,32.6,253.0,30.0,219.0,1380.0,,,,,,,,,,,,,,,,,,,A,1
2023-M-DC-2023-QLS-M-GBR-COL-01,Davis Cup QLS R1: GBR vs COL,Clay,4,D,20230203,2,6-2 7-5,3,RR,,111815,104905,,,,,Cameron Norrie,Nicolas Barrientos,L,R,188.0,175.0,GBR,COL,27.4,35.7,11.0,510.0,2760.0,68.0,10.0,2.0,1.0,3.0,78.0,51.0,55.0,32.0,40.0,22.0,10.0,8.0,10.0,10.0,7.0,1.0,8.0,5.0,A,1
2023-M-DC-2023-QLS-M-GBR-COL-01,Davis Cup QLS R1: GBR vs COL,Clay,4,D,20230203,4,6-4 6-4,3,RR,,111815,200711,,,,,Cameron Norrie,Nicolas Mejia,L,R,188.0,183.0,GBR,COL,27.4,22.9,11.0,253.0,2760.0,219.0,5.0,2.0,3.0,5.0,63.0,76.0,42.0,40.0,35.0,26.0,9.0,17.0,10.0,10.0,4.0,4.0,5.0,7.0,A,1
2023-M-DC-2023-QLS-M-GER-SUI-01,Davis Cup QLS R1: GER vs SUI,Hard,4,D,20230203,1,2-6 6-2 6-4,3,RR,,106214,144817,,,,,Oscar Otte,Marc Andrea Huesler,R,L,193.0,196.0,GER,SUI,29.5,26.6,80.0,53.0,666.0,876.0,,,,,,,,,,,,,,,,,,,B,0
2023-M-DC-2023-QLS-M-GER-SUI-01,Davis Cup QLS R1: GER vs SUI,Hard,4,D,20230203,2,6-4 6-1,3,RR,,100644,104527,,,,,Alexander Zverev,Stan Wawrinka,R,R,198.0,183.0,GER,SUI,25.7,37.8,14.0,135.0,2425.0,422.0,8.0,0.0,1.0,0.0,67.0,50.0,45.0,30.0,29.0,17.0,14.0,8.0,9.0,8.0,2.0,2.0,3.0,6.0,A,1
2023-M-DC-2023-QLS-M-GER-SUI-01,Davis Cup QLS R1: GER vs SUI,Hard,4,D,20230203,4,6-2 7-6(4),3,RR,,144817,100644,,,,,Marc Andrea Huesler,Alexander Zverev,L,R,196.0,198.0,SUI,GER,26.6,25.7,53.0,14.0,876.0,2425.0,6.0,7.0,1.0,4.0,62.0,70.0,34.0,48.0,20.0,33.0,18.0,7.0,10.0,10.0,1.0,2.0,3.0,6.0,A,1
2023-M-DC-2023-QLS-M-GER-SUI-01,Davis Cup QLS R1: GER vs SUI,Hard,4,D,20230203,5,6-3 5-7 6-4,3,RR,,127157,104527,,,,,Daniel Altmaier,Stan Wawrinka,R,R,188.0,183.0,GER,SUI,24.3,37.8,91.0,135.0,584.0,422.0,,,,,,,,,,,,,,,,,,,B,0
2023-M-DC-2023-QLS-M-KAZ-CHI-01,Davis Cup QLS R1: KAZ vs CHI,Clay,4,D,20230204,1,6-1 6-3,3,RR,,106426,207608,,,,,Cristian Garin,Timofey Skatov,R,R,185.0,175.0,CHI,KAZ,26.6,22.0,102.0,129.0,526.0,431.0,,,,,,,,,,,,,,,,,,,B,0
2023-M-DC-2023-QLS-M-KAZ-CHI-01,Davis Cup QLS R1: KAZ vs CHI,Clay,4,D,20230204,2,6-2 6-2,3,RR,,111797,122330,,,,,Nicolas Jarry,Alexander Bublik,R,R,201.0,196.0,CHI,KAZ,27.3,25.6,126.0,36.0,440.0,1095.0,,,,,,,,,,,,,,,,,,,A,1
2023-M-DC-2023-QLS-M-KAZ-CHI-01,Davis Cup QLS R1: KAZ vs CHI,Clay,4,D,20230204,4,6-4 3-6 6-3,3,RR,,106426,122330,,,,,Cristian Garin,Alexander Bublik,R,R,185.0,196.0,CHI,KAZ,26.6,25.6,102.0,36.0,526.0,1095.0,,,,,,,,,,,,,,,,,,,A,1
2023-M-DC-2023-QLS-M-NED-SVK-01,Davis Cup QLS R1: NED vs SVK,Hard,4,D,20230204,1,7-6(6) 2-6 6-4,3,RR,,127760,134868,,,,,Lukas Klein,Tallon Griekspoor,R,R,193.0,188.0,SVK,NED,24.8,26.5,143.0,59.0,405.0,834.0,,,,,,,,,,,,,,,,,,,B,0
2023-M-DC-2023-QLS-M-NED-SVK-01,Davis Cup QLS R1: NED vs SVK,Hard,4,D,20230204,2,7-6(6) 5-7 6-3,3,RR,,126646,144684,,,,,Tim Van Rijthoven,Alex Molcan,R,L,188.0,178.0,NED,SVK,25.7,25.1,107.0,55.0,504.0,850.0,,,,,,,,,,,,,,,,,,,A,1
2023-M-DC-2023-QLS-M-NED-SVK-01,Davis Cup QLS R1: NED vs SVK,Hard,4,D,20230204,4,6-4 6-4,3,RR,,106075,104235,,,,,Jozef Kovalik,Matwe Middelkoop,R,R,183.0,191.0,SVK,NED,30.2,39.4,134.0,,424.0,,,,,,,,,,,,,,,,,,,,B,0
2023-M-DC-2023-QLS-M-SRB-NOR-01,Davis Cup QLS R1: SRB vs NOR,Hard,4,D,20230203,1,6-1 6-3,3,RR,,209914,200175,,,,,Andreja Petrovic,Miomir Kecmanovic,R,R,188.0,183.0,NOR,SRB,22.9,23.4,1265.0,34.0,4.0,1275.0,,,,,,,,,,,,,,,,,,,B,0
2023-M-DC-2023-QLS-M-SRB-NOR-01,Davis Cup QLS R1: SRB vs NOR,Hard,4,D,20230203,2,6-3 4-6 7-6(8),3,RR,,126340,111513,,,,,Viktor Durasovic,Laslo Djere,R,R,185.0,188.0,NOR,SRB,25.8,27.6,362.0,65.0,133.0,793.0,,,,,,,,,,,,,,,,,,,B,0
2023-M-DC-2023-QLS-M-SRB-NOR-01,Davis Cup QLS R1: SRB vs NOR,Hard,4,D,20230203,4,6-4 6-7(4) [10-4],3,RR,,126340,209098,,,,,Viktor Durasovic,Hamad Medjedovic,R,R,185.0,188.0,NOR,SRB,25.8,19.5,362.0,258.0,133.0,215.0,,,,,,,,,,,,,,,,,,,B,0
2023-M-DC-2023-QLS-M-SWE-BIH-01,Davis Cup QLS R1: SWE vs BIH,Hard,4,D,20230203,1,6-4 7-5,3,RR,,144707,105806,,,,,Mikael Ymer,Mirza Basic,R,R,183.0,188.0,SWE,BIH,24.3,31.5,60.0,394.0,831.0,117.0,,,,,,,,,,,,,,,,,,,A,1
2023-M-DC-2023-QLS-M-SWE-BIH-01,Davis Cup QLS R1: SWE vs BIH,Hard,4,D,20230203,2,6-1 6-4,3,RR,,106000,111200,,,,,Damir Dzumhur,Elias Ymer,R,R,175.0,185.0,BIH,SWE,30.6,26.8,197.0,120.0,299.0,459.0,,,,,,,,,,,,,,,,,,,B,0
2023-M-DC-2023-QLS-M-SWE-BIH-01,Davis Cup QLS R1: SWE vs BIH,Hard,4,D,20230203,4,6-1 1-6 6-3,3,RR,,106000,144707,,,,,Damir Dzumhur,Mikael Ymer,R,R,175.0,183.0,BIH,SWE,30.6,24.3,197.0,60.0,299.0,831.0,,,,,,,,,,,,,,,,,,,B,0
2023-M-DC-2023-QLS-M-USA-UZB-01,Davis Cup QLS R1: USA vs UZB,Hard,4,D,20230203,1,6-4 6-1,3,RR,,111456,200672,,,,,Mackenzie Mcdonald,Sergey Fomin,R,R,178.0,180.0,USA,UZB,27.7,21.9,63.0,366.0,820.0,130.0,,,,,,,,,,,,,,,,,,,A,1
2023-M-DC-2023-QLS-M-USA-UZB-01,Davis Cup QLS R1: USA vs UZB,Hard,4,D,20230203,2,6-1 7-6(6),3,RR,,126939,126205,,,,,Khumoun Sultanov,Tommy Paul,R,R,180.0,185.0,UZB,USA,24.2,25.7,480.0,19.0,80.0,1835.0,,,,,,,,,,,,,,,,,,,B,0
2023-M-DC-2023-QLS-M-USA-UZB-01,Davis Cup QLS R1: USA vs UZB,Hard,4,D,20230203,4,6-4 6-4,3,RR,,106045,212037,,,,,Denis Kudla,Amir Milushev,R,R,180.0,,USA,UZB,30.4,17.6,93.0,,573.0,,,,,,,,,,,,,,,,,,,,A,1
2023-M-DC-2023-WG1-M-ARG-LTU-01,Davis Cup WG1 R1: ARG vs LTU,Clay,4,D,20230916,1,6-1 6-7(6) 6-2,3,RR,,202103,209147,,,,,Francisco Cerundolo,Vilius Gaubas,R,R,185.0,178.0,ARG,LTU,25.0,18.6,21.0,476.0,1635.0,89.0,,,,,,,,,,,,,,,,,,,A,1
2023-M-DC-2023-WG1-M-ARG-LTU-01,Davis Cup WG1 R1: ARG vs LTU,Clay,4,D,20230916,2,7-6(6) 5-7 6-3,3,RR,,202104,105575,,,,,Sebastian Baez,Ricardas Berankis,R,R,170.0,175.0,ARG,LTU,22.7,33.2,28.0,231.0,1375.0,270.0,,,,,,,,,,,,,,,,,,,A,1
2023-M-DC-2023-WG1-M-ARG-LTU-01,Davis Cup WG1 R1: ARG vs LTU,Clay,4,D,20230916,4,6-2 6-4,3,RR,,210220,144869,,,,,Edas Butvilas,Tomas Martin Etcheverry,R,R,191.0,196.0,LTU,ARG,19.1,24.1,532.0,35.0,70.0,1285.0,,,,,,,,,,,,,,,,,,,B,0
2023-M-DC-2023-WG1-M-AUT-POR-01,Davis Cup WG1 R1: AUT vs POR,Hard,4,D,20230915,1,7-6(4) 3-6 6-3,3,RR,,132686,200514,,,,,Nuno Borges,Jurij Rodionov,R,L,185.0,191.0,POR,AUT,26.5,24.3,89.0,109.0,694.0,572.0,,,,,,,,,,,,,,,,,,,A,1
2023-M-DC-2023-WG1-M-AUT-POR-01,Davis Cup WG1 R1: AUT vs POR,Hard,4,D,20230915,2,5-7 6-3 7-6(1),3,RR,,105311,124116,,,,,Joao Sousa,Sebastian Ofner,R,R,185.0,191.0,POR,AUT,34.4,27.3,289.0,59.0,197.0,893.0,,,,,,,,,,,,,,,,,,,A,1
2023-M-DC-2023-WG1-M-AUT-POR-01,Davis Cup WG1 R1: AUT vs POR,Hard,4,D,20230915,4,6-3 6-2,3,RR,,110602,132686,,,,,Dennis Novak,Nuno Borges,R,R,183.0,185.0,AUT,POR,30.0,26.5,192.0,89.0,315.0,694.0,,,,,,,,,,,,,,,,,,,B,0
2023-M-DC-2023-WG1-M-BIH-GER-01,Davis Cup WG1 R1: BIH vs GER,Clay,4,D,20230916,1,7-6(5) 6-2,3,RR,,127157,123983,,,,,Daniel Altmaier,Nerman Fatic,R,R,188.0,191.0,GER,BIH,24.9,28.8,49.0,218.0,971.0,286.0,,,,,,,,,,,,,,,,,,,A,1
2023-M-DC-2023-WG1-M-BIH-GER-01,Davis Cup WG1 R1: BIH vs GER,Clay,4,D,20230916,2,6-2 6-1,3,RR,,105870,106000,,,,,Yannick Hanfmann,Damir Dzumhur,R,R,193.0,175.0,GER,BIH,31.8,31.3,54.0,157.0,927.0,397.0,,,,,,,,,,,,,,,,,,,A,1
2023-M-DC-2023-WG1-M-BIH-GER-01,Davis Cup WG1 R1: BIH vs GER,Clay,4,D,20230916,4,6-1 7-6(4),3,RR,,109739,210119,,,,,Maximilian Marterer,Andrej Nedic,L,R,188.0,185.0,GER,BIH,28.2,18.9,127.0,633.0,484.0,50.0,,,,,,,,,,,,,,,,,,,A,1
2023-M-DC-2023-WG1-M-BUL-KAZ-01,Davis Cup WG1 R1: BUL vs KAZ,Clay,4,D,20230916,1,4-6 6-4 6-3,3,RR,,207608,106220,,,,,Timofey Skatov,Dimitar Kuzmanov,R,R,175.0,183.0,KAZ,BUL,22.6,30.1,123.0,179.0,498.0,339.0,,,,,,,,,,,,,,,,,,,A,1
2023-M-DC-2023-WG1-M-BUL-KAZ-01,Davis Cup WG1 R1: BUL vs KAZ,Clay,4,D,20230916,2,6-4 6-1,3,RR,,122330,210200,,,,,Alexander Bublik,Yanaki Milev,R,R,196.0,180.0,KAZ,BUL,26.2,19.4,29.0,569.0,1349.0,64.0,,,,,,,,,,,,,,,,,,,A,1
2023-M-DC-2023-WG1-M-BUL-KAZ-01,Davis Cup WG1 R1: BUL vs KAZ,Clay,4,D,20230916,4,6-4 7-6(4),3,RR,,106220,122330,,,,,Dimitar Kuzmanov,Alexander Bublik,R,R,183.0,196.0,BUL,KAZ,30.1,26.2,179.0,29.0,339.0,1349.0,,,,,,,,,,,,,,,,,,,B,0
2023-M-DC-2023-WG1-M-DEN-BRA-01,Davis Cup WG1 R1: DEN vs BRA,Hard,4,D,20230915,1,6-7(4) 7-6(5) 6-2,3,RR,,106329,208029,,,,,Thiago Monteiro,Holger Rune,L,R,183.0,188.0,BRA,DEN,29.2,20.3,116.0,4.0,523.0,4710.0,,,,,,,,,,,,,,,,,,,A,1
2023-M-DC-2023-WG1-M-DEN-BRA-01,Davis Cup WG1 R1: DEN vs BRA,Hard,4,D,20230915,2,6-4 6-2,3,RR,,205734,200416,,,,,Thiago Seyboth Wild,August Holmgren,R,R,185.0,188.0,BRA,DEN,23.5,25.3,76.0,412.0,752.0,112.0,,,,,,,,,,,,,,,,,,,A,1
2023-M-DC-2023-WG1-M-DEN-BRA-01,Davis Cup WG1 R1: DEN vs BRA,Hard,4,D,20230915,4,6-3 6-7(6) [10-4],3,RR,,105269,209284,,,,,Marcelo Demoliner,Elmer Moller,R,R,191.0,183.0,BRA,DEN,34.6,20.1,,406.0,,115.0,,,,,,,,,,,,,,,,,,,B,0
2023-M-DC-2023-WG1-M-GRE-SVK-01,Davis Cup WG1 R1: GRE vs SVK,Hard,4,D,20230916,1,6-1 6-1,3,RR,,207249,144684,,,,,Alexandros Skorilas,Alex Molcan,R,L,185.0,178.0,GRE,SVK,23.4,25.7,766.0,113.0,30.0,530.0,,,,,,,,,,,,,,,,,,,B,0
2023-M-DC-2023-WG1-M-GRE-SVK-01,Davis Cup WG1 R1: GRE vs SVK,Hard,4,D,20230916,2,6-7(3) 7-6(5) 4-0 RET,3,RR,,127760,126774,,,,,Lukas Klein,Stefanos Tsitsipas,R,R,193.0,193.0,SVK,GRE,25.4,25.0,149.0,5.0,412.0,4615.0,5.0,10.0,8.0,2.0,107.0,93.0,67.0,62.0,46.0,48.0,24.0,19.0,14.0,14.0,11.0,2.0,13.0,2.0,B,0
2023-M-DC-2023-WG1-M-GRE-SVK-01,Davis Cup WG1 R1: GRE vs SVK,Hard,4,D,20230916,4,7-6(6) 4-6 6-3,3,RR,,144684,126774,,,,,Alex Molcan,Stefanos Tsitsipas,L,R,178.0,193.0,SVK,GRE,25.7,25.0,113.0,5.0,530.0,4615.0,,,,,,,,,,,,,,,,,,,A,1
2023-M-DC-2023-WG1-M-ISR-JPN-01,Davis Cup WG1 R1: ISR vs JPN,Hard,4,D,20230916,1,6-4 7-6(5),3,RR,,200075,200647,,,,,Yshai Oliel,Sho Shimabukuro,L,R,188.0,180.0,ISR,JPN,23.6,26.1,470.0,146.0,90.0,416.0,,,,,,,,,,,,,,,,,,,B,0
2023-M-DC-2023-WG1-M-ISR-JPN-01,Davis Cup WG1 R1: ISR vs JPN,Hard,4,D,20230916,2,1-6 7-6(5) 6-2,3,RR,,131951,208278,,,,,Daniel Cukierman,Shintaro Mochizuki,R,R,,175.0,ISR,JPN,28.1,20.2,372.0,193.0,132.0,315.0,,,,,,,,,,,,,,,,,,,A,1
2023-M-DC-2023-WG1-M-ISR-JPN-01,Davis Cup WG1 R1: ISR vs JPN,Hard,4,D,20230916,4,2-6 6-1 7-6(4),3,RR,,131951,200647,,,,,Daniel Cukierman,Sho Shimabukuro,R,R,,180.0,ISR,JPN,28.1,26.1,372.0,146.0,132.0,416.0,,,,,,,,,,,,,,,,,,,A,1
2023-M-DC-2023-WG1-M-ISR-JPN-01,Davis Cup WG1 R1: ISR vs JPN,Hard,4,D,20230916,5,2-6 7-5 6-0,3,RR,,208278,200075,,,,,Shintaro Mochizuki,Yshai Oliel,R,L,175.0,188.0,JPN,ISR,20.2,23.6,193.0,470.0,315.0,90.0,,,,,,,,,,,,,,,,,,,B,0
2023-M-DC-2023-WG1-M-PER-NOR-01,Davis Cup WG1 R1: PER vs NOR,Clay,4,D,20230916,1,6-3 6-4,3,RR,,208293,126340,,,,,Gonzalo Bueno,Viktor Durasovic,R,R,173.0,185.0,PER,NOR,19.4,26.4,403.0,366.0,116.0,136.0,,,,,,,,,,,,,,,,,,,B,0
2023-M-DC-2023-WG1-M-PER-NOR-01,Davis Cup WG1 R1: PER vs NOR,Clay,4,D,20230916,2,7-5 6-4,3,RR,,122669,149282,,,,,Juan Pablo Varillas,Nicolai Budkov Kjaer,R,R,185.0,188.0,PER,NOR,27.9,17.0,70.0,,815.0,,,,,,,,,,,,,,,,,,,,A,1
2023-M-DC-2023-WG1-M-PER-NOR-01,Davis Cup WG1 R1: PER vs NOR,Clay,4,D,20230916,4,6-1 6-1,3,RR,,126340,122669,,,,,Viktor Durasovic,Juan Pablo Varillas,R,R,185.0,185.0,NOR,PER,26.4,27.9,366.0,70.0,136.0,815.0,,,,,,,,,,,,,,,,,,,B,0
2023-M-DC-2023-WG1-M-PER-NOR-01,Davis Cup WG1 R1: PER vs NOR,Clay,4,D,20230916,5,6-2 4-6 [11-9],3,RR,,209860,149282,,,,,Ignacio Buse,Nicolai Budkov Kjaer,R,R,185.0,188.0,PER,NOR,19.4,17.0,683.0,,42.0,,,,,,,,,,,,,,,,,,,,A,1
2023-M-DC-2023-WG1-M-UKR-COL-01,Davis Cup WG1 R1: UKR vs COL,Hard,4,D,20230914,1,6-4 6-3,3,RR,,200711,208071,,,,,Nicolas Mejia,Oleksii Krutykh,R,R,183.0,185.0,COL,UKR,23.5,23.5,305.0,253.0,178.0,235.0,,,,,,,,,,,,,,,,,,,B,0
2023-M-DC-2023-WG1-M-UKR-COL-01,Davis Cup WG1 R1: UKR vs COL,Hard,4,D,20230914,2,5-7 6-3 6-0,3,RR,,200550,123755,,,,,Vladyslav Orlov,Daniel Elahi Galan,R,R,188.0,191.0,UKR,COL,28.3,27.2,408.0,88.0,114.0,699.0,,,,,,,,,,,,,,,,,,,B,0
2023-M-DC-2023-WG1-M-UKR-COL-01,Davis Cup WG1 R1: UKR vs COL,Hard,4,D,20230914,4,3-6 6-0 6-3,3,RR,,123755,208071,,,,,Daniel Elahi Galan,Oleksii Krutykh,R,R,191.0,185.0,COL,UKR,27.2,23.5,88.0,253.0,699.0,235.0,,,,,,,,,,,,,,,,,,,B,0
2023-M-DC-2023-WG1-M-UKR-COL-01,Davis Cup WG1 R1: UKR vs COL,Hard,4,D,20230914,5,5-7 6-4 7-6(4),3,RR,,200550,200711,,,,,Vladyslav Orlov,Nicolas Mejia,R,R,188.0,183.0,UKR,COL,28.3,23.5,408.0,305.0,114.0,178.0,,,,,,,,,,,,,,,,,,,A,1
2023-M-DC-2023-WG1-PO-BRA-CHN-01,Davis Cup WG1 PO: BRA vs CHN,,4,D,20230203,1,6-1 6-2,3,RR,,144751,207799,,,,,Rigele Te,Matheus Pucinelli De Almeida,R,R,188.0,183.0,CHN,BRA,25.3,21.8,568.0,212.0,56.0,263.0,,,,,,,,,,,,,,,,,,,B,0
2023-M-DC-2023-WG1-PO-BRA-CHN-01,Davis Cup WG1 PO: BRA vs CHN,,4,D,20230203,2,6-3 6-4,3,RR,,106329,200666,,,,,Thiago Monteiro,Jie Cui,L,R,183.0,183.0,BRA,CHN,28.6,25.0,78.0,913.0,690.0,14.0,,,,,,,,,,,,,,,,,,,A,1
2023-M-DC-2023-WG1-PO-BRA-CHN-01,Davis Cup WG1 PO: BRA vs CHN,,4,D,20230203,4,3-0 RET,3,RR,,208361,144751,,,,,Gustavo Heide,Rigele Te,R,R,191.0,188.0,BRA,CHN,20.9,25.3,414.0,568.0,107.0,56.0,,,,,,,,,,,,,,,,,,,A,1
2023-M-DC-2023-WG1-PO-IND-DEN-01,Davis Cup WG1 PO: IND vs DEN,Hard,4,D,20230203,1,6-2 6-2,3,RR,,208029,106026,,,,,Holger Rune,Yuki Bhambri,R,R,188.0,185.0,DEN,IND,19.7,30.5,9.0,571.0,3046.0,55.0,3.0,0.0,1.0,4.0,37.0,49.0,18.0,33.0,17.0,20.0,15.0,5.0,8.0,8.0,0.0,3.0,0.0,7.0,A,1
2023-M-DC-2023-WG1-PO-IND-DEN-01,Davis Cup WG1 PO: IND vs DEN,Hard,4,D,20230203,2,4-6 6-3 6-4,3,RR,,111576,200416,,,,,Sumit Nagal,August Holmgren,R,R,178.0,188.0,IND,DEN,25.4,24.7,506.0,484.0,70.0,78.0,,,,,,,,,,,,,,,,,,,A,1
2023-M-DC-2023-WG1-PO-IND-DEN-01,Davis Cup WG1 PO: IND vs DEN,Hard,4,D,20230203,4,7-5 6-3,3,RR,,111576,208029,,,,,Sumit Nagal,Holger Rune,R,R,178.0,188.0,IND,DEN,25.4,19.7,506.0,9.0,70.0,3046.0,,,,,,,,,,,,,,,,,,,B,0
2023-M-DC-2023-WG1-PO-IND-DEN-01,Davis Cup WG1 PO: IND vs DEN,Hard,4,D,20230203,5,6-4 7-6(1),3,RR,,105432,209284,,,,,Prajnesh Gunneswaran,Elmer Moller,L,R,188.0,183.0,IND,DEN,33.2,19.5,342.0,718.0,140.0,31.0,,,,,,,,,,,,,,,,,,,A,1
2023-M-DC-2023-WG1-PO-ISR-LAT-01,Davis Cup WG1 PO: ISR vs LAT,,4,D,20230204,1,6-0 6-3,3,RR,,209866,122548,,,,,Karlis Ozolins,Edan Leshem,R,R,196.0,183.0,LAT,ISR,20.6,25.8,1215.0,359.0,5.0,134.0,,,,,,,,,,,,,,,,,,,A,1
2023-M-DC-2023-WG1-PO-ISR-LAT-01,Davis Cup WG1 PO: ISR vs LAT,,4,D,20230204,2,6-1 2-6 7-6(2),3,RR,,131951,105208,,,,,Daniel Cukierman,Ernests Gulbis,R,R,,190.0,ISR,LAT,27.5,34.4,367.0,289.0,130.0,181.0,,,,,,,,,,,,,,,,,,,B,0
2023-M-DC-2023-WG1-PO-ISR-LAT-01,Davis Cup WG1 PO: ISR vs LAT,,4,D,20230204,4,6-1 6-4,3,RR,,200075,207669,,,,,Yshai Oliel,Robert Strombachs,L,R,188.0,191.0,ISR,LAT,23.0,23.3,476.0,486.0,83.0,78.0,,,,,,,,,,,,,,,,,,,A,1
2023-M-DC-2023-WG1-PO-ISR-LAT-01,Davis Cup WG1 PO: ISR vs LAT,,4,D,20230204,5,6-7(5) 6-2 6-4,3,RR,,209866,131951,,,,,Karlis Ozolins,Daniel Cukierman,R,R,196.0,,LAT,ISR,20.6,27.5,1215.0,367.0,5.0,130.0,,,,,,,,,,,,,,,,,,,B,0
2023-M-DC-2023-WG1-PO-PAK-LTU-01,Davis Cup WG1 PO: PAK vs LTU,,4,D,20230203,1,6-0 6-2,3,RR,,105575,207841,,,,,Ricardas Berankis,Muhammad Shoaib,R,U,175.0,,LTU,PAK,32.6,20.9,193.0,,307.0,,,,,,,,,,,,,,,,,,,,A,1
2023-M-DC-2023-WG1-PO-PAK-LTU-01,Davis Cup WG1 PO: PAK vs LTU,,4,D,20230203,2,6-1 6-0,3,RR,,103499,210220,,,,,Aqeel Khan,Edas Butvilas,R,R,,191.0,PAK,LTU,43.0,18.5,,784.0,,24.0,,,,,,,,,,,,,,,,,,,B,0
2023-M-DC-2023-WG1-PO-PAK-LTU-01,Davis Cup WG1 PO: PAK vs LTU,,4,D,20230203,4,6-2 6-2,3,RR,,209147,108782,,,,,Vilius Gaubas,Mahammad Abid,R,U,178.0,,LTU,PAK,18.0,28.6,760.0,,27.0,,,,,,,,,,,,,,,,,,,,A,1
2023-M-DC-2023-WG1-PO-PER-IRL-01,Davis Cup WG1 PO: PER vs IRL,,4,D,20230203,1,6-1 6-1,3,RR,,200278,208293,,,,,Simon Carr,Gonzalo Bueno,R,R,183.0,173.0,IRL,PER,23.2,18.8,738.0,544.0,29.0,61.0,,,,,,,,,,,,,,,,,,,B,0
2023-M-DC-2023-WG1-PO-PER-IRL-01,Davis Cup WG1 PO: PER vs IRL,,4,D,20230203,2,6-2 6-3,3,RR,,207736,200279,,,,,Arklon Huertas Del Pino,Osgar Ohoisin,R,R,183.0,193.0,PER,IRL,28.5,26.4,491.0,771.0,76.0,26.0,,,,,,,,,,,,,,,,,,,A,1
2023-M-DC-2023-WG1-PO-PER-IRL-01,Davis Cup WG1 PO: PER vs IRL,,4,D,20230203,4,6-3 6-4,3,RR,,138485,210686,,,,,Conner Huertas Del Pino,Michael Agwi,R,R,188.0,193.0,PER,IRL,27.1,19.4,586.0,1218.0,52.0,5.0,,,,,,,,,,,,,,,,,,,A,1
2023-M-DC-2023-WG1-PO-ROU-THA-01,Davis Cup WG1 PO: ROU vs THA,,4,D,20230203,1,7-5 3-6 6-1,3,RR,,207660,207772,,,,,Nicholas David Ionel,Yuttana Charoenphon,R,R,,178.0,ROU,THA,20.3,22.4,225.0,976.0,239.0,12.0,,,,,,,,,,,,,,,,,,,B,0
2023-M-DC-2023-WG1-PO-ROU-THA-01,Davis Cup WG1 PO: ROU vs THA,,4,D,20230203,2,6-4 6-7(5) 6-2,3,RR,,208937,202262,,,,,Kasidit Samrej,Filip Cristian Jianu,R,R,191.0,180.0,THA,ROU,22.0,21.3,605.0,267.0,48.0,202.0,,,,,,,,,,,,,,,,,,,B,0
2023-M-DC-2023-WG1-PO-ROU-THA-01,Davis Cup WG1 PO: ROU vs THA,,4,D,20230203,4,6-4 6-1,3,RR,,208937,207660,,,,,Kasidit Samrej,Nicholas David Ionel,R,R,191.0,,THA,ROU,22.0,20.3,605.0,225.0,48.0,239.0,,,,,,,,,,,,,,,,,,,B,0
2023-M-DC-2023-WG1-PO-ROU-THA-01,Davis Cup WG1 PO: ROU vs THA,,4,D,20230203,5,6-0 6-2,3,RR,,207772,202262,,,,,Yuttana Charoenphon,Filip Cristian Jianu,R,R,178.0,180.0,THA,ROU,22.4,21.3,976.0,267.0,12.0,202.0,,,,,,,,,,,,,,,,,,,B,0
2023-M-DC-2023-WG1-PO-TUR-SLO-01,Davis Cup WG1 PO: TUR vs SLO,,4,D,20230203,1,6-2 6-3,3,RR,,123795,210274,,,,,Altug Celikbilek,Sebastian Dominko,R,L,183.0,203.0,TUR,SLO,26.3,19.7,205.0,937.0,277.0,13.0,,,,,,,,,,,,,,,,,,,A,1
2023-M-DC-2023-WG1-PO-TUR-SLO-01,Davis Cup WG1 PO: TUR vs SLO,,4,D,20230203,2,6-2 7-6(5),3,RR,,117356,210107,,,,,Cem Ilkel,Bor Artnak,R,R,185.0,193.0,TUR,SLO,27.4,18.6,304.0,678.0,168.0,36.0,,,,,,,,,,,,,,,,,,,A,1
2023-M-DC-2023-WG1-PO-TUR-SLO-01,Davis Cup WG1 PO: TUR vs SLO,,4,D,20230203,4,6-2 6-2,3,RR,,210753,144985,,,,,Matic Kriznik,Ergi Kirkin,L,R,,180.0,SLO,TUR,17.4,24.0,,378.0,,123.0,,,,,,,,,,,,,,,,,,,B,0
2023-M-DC-2023-WG1-PO-UKR-LBN-01,Davis Cup WG1 PO: UKR vs LBN,,4,D,20230203,1,6-4 6-2,3,RR,,200550,200273,,,,,Vladyslav Orlov,Hady Habib,R,R,188.0,188.0,UKR,LIB,27.7,24.4,385.0,451.0,120.0,92.0,,,,,,,,,,,,,,,,,,,A,1
2023-M-DC-2023-WG1-PO-UKR-LBN-01,Davis Cup WG1 PO: UKR vs LBN,,4,D,20230203,2,6-4 2-6 6-4,3,RR,,133975,209907,,,,,Benjamin Hassan,Viacheslav Bielinskyi,R,R,183.0,71.0,LBN,UKR,27.9,19.1,324.0,622.0,155.0,46.0,,,,,,,,,,,,,,,,,,,B,0
2023-M-DC-2023-WG1-PO-UKR-LBN-01,Davis Cup WG1 PO: UKR vs LBN,,4,D,20230203,4,7-5 7-6(1),3,RR,,209191,133975,,,,,Oleksandr Ovcharenko,Benjamin Hassan,R,R,185.0,183.0,UKR,LBN,21.2,27.9,379.0,324.0,123.0,155.0,,,,,,,,,,,,,,,,,,,B,0
2023-M-DC-2023-WG2-M-ESA-IRL-01,Davis Cup WG2 R1: ESA vs IRL,Clay,4,D,20230916,1,6-1 6-0,3,RR,,149843,211570,,,,,Conor Gannon,Cesar Cruz,U,U,,,IRL,ESA,21.2,16.9,,,,,,,,,,,,,,,,,,,,,,,A,1
2023-M-DC-2023-WG2-M-ESA-IRL-01,Davis Cup WG2 R1: ESA vs IRL,Clay,4,D,20230916,2,7-6(5) 6-1,3,RR,,105656,200279,,,,,Marcelo Arevalo,Osgar Ohoisin,R,R,193.0,193.0,ESA,IRL,32.9,27.0,,859.0,,21.0,,,,,,,,,,,,,,,,,,,A,1
2023-M-DC-2023-WG2-M-ESA-IRL-01,Davis Cup WG2 R1: ESA vs IRL,Clay,4,D,20230916,4,6-3 6-2,3,RR,,200279,209294,,,,,Osgar Ohoisin,Diego Duran,R,U,193.0,,IRL,ESA,27.0,,859.0,,21.0,,,,,,,,,,,,,,,,,,,,A,1
2023-M-DC-2023-WG2-M-ESA-IRL-01,Davis Cup WG2 R1: ESA vs IRL,Clay,4,D,20230916,5,6-0 6-0,3,RR,,149283,149284,,,,,Freddy Murray,Jose  Flores,U,U,,,IRL,ESA,20.1,27.1,,,,,,,,,,,,,,,,,,,,,,,A,1
2023-M-DC-2023-WG2-M-HKG-LAT-01,Davis Cup WG2 R1: HKG vs LAT,Hard,4,D,20230916,1,6-3 4-6 6-3,3,RR,,207669,138846,,,,,Robert Strombachs,Hong Kit Jack Wong,R,R,191.0,,LAT,HKG,23.9,25.0,385.0,1478.0,128.0,3.0,,,,,,,,,,,,,,,,,,,A,1
2023-M-DC-2023-WG2-M-HKG-LAT-01,Davis Cup WG2 R1: HKG vs LAT,Hard,4,D,20230916,2,6-4 6-2,3,RR,,209409,207587,,,,,Coleman Wong,Martins Rocens,R,R,191.0,185.0,HKG,LAT,19.2,23.4,534.0,,70.0,,,,,,,,,,,,,,,,,,,,A,1
2023-M-DC-2023-WG2-M-HKG-LAT-01,Davis Cup WG2 R1: HKG vs LAT,Hard,4,D,20230916,4,6-4 7-6(6),3,RR,,207669,209409,,,,,Robert Strombachs,Coleman Wong,R,R,191.0,191.0,LAT,HKG,23.9,19.2,385.0,534.0,128.0,70.0,,,,,,,,,,,,,,,,,,,A,1
2023-M-DC-2023-WG2-M-HKG-LAT-01,Davis Cup WG2 R1: HKG vs LAT,Hard,4,D,20230916,5,7-5 6-2,3,RR,,211571,207132,,,,,Daniels Tens,Ki Lung Ng,U,R,,,LAT,HKG,18.0,22.1,,,,,,,,,,,,,,,,,,,,,,,B,0
2023-M-DC-2023-WG2-M-IND-MAR-01,Davis Cup WG2 R1: IND vs MAR,Hard,4,D,20230916,1,6-7(4) 7-5 4-1 RET,3,RR,,124154,209120,,,,,Sasi Kumar Mukund,Yassine Dlimi,R,R,185.0,191.0,IND,MAR,26.6,20.3,365.0,557.0,137.0,65.0,,,,,,,,,,,,,,,,,,,B,0
2023-M-DC-2023-WG2-M-IND-MAR-01,Davis Cup WG2 R1: IND vs MAR,Hard,4,D,20230916,2,6-3 6-3,3,RR,,125842,111576,,,,,Adam Moundir,Sumit Nagal,R,R,191.0,178.0,MAR,IND,28.3,26.0,779.0,156.0,29.0,397.0,,,,,,,,,,,,,,,,,,,B,0
2023-M-DC-2023-WG2-M-IND-MAR-01,Davis Cup WG2 R1: IND vs MAR,Hard,4,D,20230916,4,6-3 6-3,3,RR,,209120,111576,,,,,Yassine Dlimi,Sumit Nagal,R,R,191.0,178.0,MAR,IND,20.3,26.0,557.0,156.0,65.0,397.0,,,,,,,,,,,,,,,,,,,B,0
2023-M-DC-2023-WG2-M-IND-MAR-01,Davis Cup WG2 R1: IND vs MAR,Hard,4,D,20230916,5,6-1 5-7 [10-6],3,RR,,208206,200014,,,,,Walid Ahouda,Digvijaypratap Singh,U,R,,191.0,MAR,IND,19.9,23.2,1077.0,544.0,9.0,68.0,,,,,,,,,,,,,,,,,,,B,0
2023-M-DC-2023-WG2-M-LBN-JAM-01,Davis Cup WG2 R1: LBN vs JAM,Clay,4,D,20230915,1,7-5 6-3,3,RR,,133975,202120,,,,,Benjamin Hassan,Rowland Phillips,R,R,183.0,,LBN,JAM,28.5,29.6,209.0,1778.0,297.0,1.0,,,,,,,,,,,,,,,,,,,A,1
2023-M-DC-2023-WG2-M-LBN-JAM-01,Davis Cup WG2 R1: LBN vs JAM,Clay,4,D,20230915,2,7-6(5) 6-1,3,RR,,209080,200273,,,,,Blaise Bicknell,Hady Habib,R,R,191.0,188.0,JAM,LIB,21.7,25.0,430.0,390.0,104.0,125.0,,,,,,,,,,,,,,,,,,,B,0
2023-M-DC-2023-WG2-M-LBN-JAM-01,Davis Cup WG2 R1: LBN vs JAM,Clay,4,D,20230915,4,6-3 6-1,3,RR,,212040,149285,,,,,Daniel Azar,Mustapha El Natour,U,U,,,JAM,LBN,18.5,18.8,,,,,,,,,,,,,,,,,,,,,,,B,0
2023-M-DC-2023-WG2-M-MEX-CHN-01,Davis Cup WG2 R1: MEX vs CHN,Clay,4,D,20230916,1,5-7 7-6(2) 1-1 RET,3,RR,,111806,210202,,,,,Fajing Sun,Rodrigo Pacheco Mendez,R,L,178.0,188.0,CHN,MEX,26.9,18.3,401.0,677.0,117.0,43.0,,,,,,,,,,,,,,,,,,,B,0
2023-M-DC-2023-WG2-M-MEX-CHN-01,Davis Cup WG2 R1: MEX vs CHN,Clay,4,D,20230916,2,1-6 6-4 7-6(6),3,RR,,124014,144751,,,,,Ernesto Escobedo,Rigele Te,R,R,185.0,188.0,MEX,CHN,27.1,25.9,399.0,492.0,117.0,82.0,,,,,,,,,,,,,,,,,,,B,0
2023-M-DC-2023-WG2-M-MEX-CHN-01,Davis Cup WG2 R1: MEX vs CHN,Clay,4,D,20230916,4,7-6(7) 7-5,3,RR,,212044,124014,,,,,Yi Zhou,Ernesto Escobedo,R,R,193.0,185.0,CHN,MEX,18.4,27.1,893.0,399.0,18.0,117.0,,,,,,,,,,,,,,,,,,,B,0
2023-M-DC-2023-WG2-M-MON-ECU-01,Davis Cup WG2 R1: MON vs ECU,Clay,4,D,20230915,1,3-6 7-6(4) 7-6(4),3,RR,,200473,208223,,,,,Valentin Vacherot,Alvaro Guillen Meza,R,R,193.0,175.0,MON,ECU,24.8,20.6,317.0,387.0,168.0,127.0,,,,,,,,,,,,,,,,,,,B,0
2023-M-DC-2023-WG2-M-MON-ECU-01,Davis Cup WG2 R1: MON vs ECU,Clay,4,D,20230915,2,6-3 3-6 7-5,3,RR,,105877,200031,,,,,Emilio Gomez,Lucas Catarina,R,R,185.0,185.0,ECU,MON,31.7,27.0,185.0,452.0,326.0,97.0,,,,,,,,,,,,,,,,,,,B,0
2023-M-DC-2023-WG2-M-MON-ECU-01,Davis Cup WG2 R1: MON vs ECU,Clay,4,D,20230915,4,6-1 1-6 6-1,3,RR,,105877,200473,,,,,Emilio Gomez,Valentin Vacherot,R,R,185.0,193.0,ECU,MON,31.7,24.8,185.0,317.0,326.0,168.0,,,,,,,,,,,,,,,,,,,A,1
2023-M-DC-2023-WG2-M-PAK-INA-01,Davis Cup WG2 R1: PAK vs INA,Grass,4,D,20230916,1,7-5 6-3,3,RR,,103499,211326,,,,,Aqeel Khan,Gunawan Trismuwantara,R,U,,,PAK,INA,43.6,20.6,,2050.0,,1.0,,,,,,,,,,,,,,,,,,,A,1
2023-M-DC-2023-WG2-M-PAK-INA-01,Davis Cup WG2 R1: PAK vs INA,Grass,4,D,20230916,2,6-1 6-4,3,RR,,105812,103529,,,,,David Agung Susanto,Aisam Ul Haq Qureshi,R,R,,183.0,INA,PAK,32.1,43.4,2050.0,,1.0,,,,,,,,,,,,,,,,,,,,B,0
2023-M-DC-2023-WG2-M-PAK-INA-01,Davis Cup WG2 R1: PAK vs INA,Grass,4,D,20230916,4,W/O,3,RR,,103499,105812,,,,,Aqeel Khan,David Agung Susanto,R,R,,,PAK,INA,43.6,32.1,,2050.0,,1.0,,,,,,,,,,,,,,,,,,,A,1
2023-M-DC-2023-WG2-M-PAK-INA-01,Davis Cup WG2 R1: PAK vs INA,Grass,4,D,20230916,5,7-6(4) 6-4,3,RR,,207841,211326,,,,,Muhammad Shoaib,Gunawan Trismuwantara,U,U,,,PAK,INA,21.5,20.6,,2050.0,,1.0,,,,,,,,,,,,,,,,,,,A,1
2023-M-DC-2023-WG2-M-SLO-LUX-01,Davis Cup WG2 R1: SLO vs LUX,Clay,4,D,20230915,1,3-6 7-6(5) 6-2,3,RR,,200270,210107,,,,,Alex Knaff,Bor Artnak,R,R,193.0,193.0,LUX,SLO,25.7,19.2,486.0,616.0,85.0,54.0,,,,,,,,,,,,,,,,,,,A,1
2023-M-DC-2023-WG2-M-SLO-LUX-01,Davis Cup WG2 R1: SLO vs LUX,Clay,4,D,20230915,2,7-6(3) 6-2,3,RR,,105641,208210,,,,,Blaz Rola,Chris Rodesch,L,R,193.0,198.0,SLO,LUX,32.9,22.1,457.0,609.0,94.0,54.0,,,,,,,,,,,,,,,,,,,A,1
2023-M-DC-2023-WG2-M-SLO-LUX-01,Davis Cup WG2 R1: SLO vs LUX,Clay,4,D,20230915,4,6-4 6-2,3,RR,,200270,105641,,,,,Alex Knaff,Blaz Rola,R,L,193.0,193.0,LUX,SLO,25.7,32.9,486.0,457.0,85.0,94.0,,,,,,,,,,,,,,,,,,,B,0
2023-M-DC-2023-WG2-M-SLO-LUX-01,Davis Cup WG2 R1: SLO vs LUX,Clay,4,D,20230915,5,6-2 7-6(3),3,RR,,208210,210107,,,,,Chris Rodesch,Bor Artnak,R,R,198.0,193.0,LUX,SLO,22.1,19.2,609.0,616.0,54.0,54.0,,,,,,,,,,,,,,,,,,,A,1
2023-M-DC-2023-WG2-M-URU-EGY-01,Davis Cup WG2 R1: URU vs EGY,Clay,4,D,20230916,1,7-5 6-3,3,RR,,105633,202378,,,,,Mohamed Safwat,Ignacio Carou,R,R,180.0,178.0,EGY,URU,32.9,24.1,463.0,828.0,93.0,24.0,,,,,,,,,,,,,,,,,,,A,1
2023-M-DC-2023-WG2-M-URU-EGY-01,Davis Cup WG2 R1: URU vs EGY,Clay,4,D,20230916,2,6-1 4-6 7-5,3,RR,,105747,208364,,,,,Karim Mohamed Maamoun,Franco Roncadelli,R,L,175.0,185.0,EGY,URU,32.4,23.5,721.0,674.0,37.0,44.0,,,,,,,,,,,,,,,,,,,A,1
2023-M-DC-2023-WG2-M-URU-EGY-01,Davis Cup WG2 R1: URU vs EGY,Clay,4,D,20230916,4,4-6 6-0 [10-4],3,RR,,209871,212051,,,,,Amr Elsayed Abdou Ahmed Mohamed,Joaquin  Aguilar Cardozo ,R,U,185.0,,EGY,URU,24.5,18.4,553.0,1225.0,66.0,5.0,,,,,,,,,,,,,,,,,,,B,0
2023-M-DC-2023-WG2-PO-BAR-POC-01,Davis Cup WG2 PO: BAR vs POC,,4,D,20230203,1,6-4 6-0,3,RR,,210680,105985,,,,,Clement Mainguy,Darian King,U,R,,188.0,VAN,BAR,19.9,30.7,,765.0,,26.0,,,,,,,,,,,,,,,,,,,B,0
2023-M-DC-2023-WG2-PO-BAR-POC-01,Davis Cup WG2 PO: BAR vs POC,,4,D,20230203,2,6-2 6-1,3,RR,,209868,124040,,,,,Kaipo Marshall,Colin Sinclair,R,R,,188.0,BAR,NMI,20.8,28.1,,461.0,,88.0,,,,,,,,,,,,,,,,,,,B,0
2023-M-DC-2023-WG2-PO-BAR-POC-01,Davis Cup WG2 PO: BAR vs POC,,4,D,20230203,4,7-6(6) 6-3,3,RR,,124040,105985,,,,,Colin Sinclair,Darian King,R,R,188.0,188.0,NMI,BAR,28.1,30.7,461.0,765.0,88.0,26.0,,,,,,,,,,,,,,,,,,,B,0
2023-M-DC-2023-WG2-PO-BAR-POC-01,Davis Cup WG2 PO: BAR vs POC,,4,D,20230203,5,4-6 7-5 6-3,3,RR,,210680,209868,,,,,Clement Mainguy,Kaipo Marshall,U,R,,,VAN,BAR,19.9,20.8,,,,,,,,,,,,,,,,,,,,,,,B,0
2023-M-DC-2023-WG2-PO-BOL-GEO-01,Davis Cup WG2 PO: BOL vs GEO,,4,D,20230202,1,7-6(1) 6-1,3,RR,,210178,126762,,,,,Juan Carlos Prado Angelo,Aleksandre Bakshi,R,L,185.0,180.0,BOL,GEO,17.9,25.5,831.0,704.0,20.0,33.0,,,,,,,,,,,,,,,,,,,B,0
2023-M-DC-2023-WG2-PO-BOL-GEO-01,Davis Cup WG2 PO: BOL vs GEO,,4,D,20230202,2,6-2 6-1,3,RR,,207881,206600,,,,,Raul Garcia,Zura Tkemaladze,U,R,,188.0,BOL,GEO,20.9,22.6,,681.0,,36.0,,,,,,,,,,,,,,,,,,,B,0
2023-M-DC-2023-WG2-PO-BOL-GEO-01,Davis Cup WG2 PO: BOL vs GEO,,4,D,20230202,4,6-7(3) 6-2 [1-0],3,RR,,208182,210178,,,,,Saba Purtseladze,Juan Carlos Prado Angelo,R,R,191.0,185.0,GEO,BOL,21.4,17.9,551.0,831.0,60.0,20.0,,,,,,,,,,,,,,,,,,,A,1
2023-M-DC-2023-WG2-PO-EGY-PAR-01,Davis Cup WG2 PO: EGY vs PAR,,4,D,20230203,1,6-3 6-3,3,RR,,209871,200622,,,,,Amr Elsayed Abdou Ahmed Mohamed,Hernando Jose Escurra Isnardi,R,R,185.0,183.0,EGY,PAR,23.9,25.1,574.0,1329.0,55.0,4.0,,,,,,,,,,,,,,,,,,,A,1
2023-M-DC-2023-WG2-PO-EGY-PAR-01,Davis Cup WG2 PO: EGY vs PAR,,4,D,20230203,2,6-1 0-6 6-4,3,RR,,118808,105633,,,,,Daniel Vallejo,Mohamed Safwat,R,R,,180.0,MEX,EGY,38.6,32.3,,666.0,,39.0,,,,,,,,,,,,,,,,,,,A,1
2023-M-DC-2023-WG2-PO-EGY-PAR-01,Davis Cup WG2 PO: EGY vs PAR,,4,D,20230203,4,6-1 7-5,3,RR,,209871,118808,,,,,Amr Elsayed Abdou Ahmed Mohamed,Daniel Vallejo,R,R,185.0,,EGY,MEX,23.9,38.6,574.0,,55.0,,,,,,,,,,,,,,,,,,,,B,0
2023-M-DC-2023-WG2-PO-EGY-PAR-01,Davis Cup WG2 PO: EGY vs PAR,,4,D,20230203,5,6-1 6-1,3,RR,,134677,105633,,,,,Juan Borba,Mohamed Safwat,R,R,,180.0,PAR,EGY,26.8,32.3,,666.0,,39.0,,,,,,,,,,,,,,,,,,,B,0
2023-M-DC-2023-WG2-PO-ESA-JOR-01,Davis Cup WG2 PO: ESA vs JOR,,4,D,20230203,1,6-1 6-4,3,RR,,212038,105656,,,,,Karam Hatamleh,Marcelo Arevalo,U,R,,193.0,JOR,ESA,21.9,32.2,,,,,,,,,,,,,,,,,,,,,,,B,0
2023-M-DC-2023-WG2-PO-ESA-JOR-01,Davis Cup WG2 PO: ESA vs JOR,,4,D,20230203,2,7-6(2) 4-6 6-2,3,RR,,209294,207461,,,,,Diego Duran,Mousa Alkotop,U,U,,,ESA,JOR,,24.5,,1594.0,,2.0,,,,,,,,,,,,,,,,,,,B,0
2023-M-DC-2023-WG2-PO-ESA-JOR-01,Davis Cup WG2 PO: ESA vs JOR,,4,D,20230203,4,6-4 4-6 6-4,3,RR,,207461,105656,,,,,Mousa Alkotop,Marcelo Arevalo,U,R,,193.0,JOR,ESA,24.5,32.2,1594.0,,2.0,,,,,,,,,,,,,,,,,,,,B,0
2023-M-DC-2023-WG2-PO-EST-JAM-01,Davis Cup WG2 PO: EST vs JAM,,4,D,20230204,1,6-1 6-1,3,RR,,202120,144932,,,,,Rowland Phillips,Kristjan Tamm,R,R,,185.0,JAM,EST,29.0,24.6,1387.0,663.0,3.0,40.0,,,,,,,,,,,,,,,,,,,A,1
2023-M-DC-2023-WG2-PO-EST-JAM-01,Davis Cup WG2 PO: EST vs JAM,,4,D,20230204,2,4-6 6-4 6-0,3,RR,,209080,144807,,,,,Blaise Bicknell,Kenneth Raisma,R,L,191.0,193.0,JAM,EST,21.1,24.8,769.0,1640.0,26.0,1.0,,,,,,,,,,,,,,,,,,,A,1
2023-M-DC-2023-WG2-PO-EST-JAM-01,Davis Cup WG2 PO: EST vs JAM,,4,D,20230204,4,7-6(7) DEF,3,RR,,144932,209080,,,,,Kristjan Tamm,Blaise Bicknell,R,R,185.0,191.0,EST,JAM,24.6,21.1,663.0,769.0,40.0,26.0,,,,,,,,,,,,,,,,,,,B,0
2023-M-DC-2023-WG2-PO-EST-JAM-01,Davis Cup WG2 PO: EST vs JAM,,4,D,20230204,5,6-1 6-0,3,RR,,212041,200575,,,,,Jacob Bicknell,Johannes Seeman,U,R,,191.0,JAM,EST,23.6,22.5,,,,,,,,,,,,,,,,,,,,,,,B,0
2023-M-DC-2023-WG2-PO-INA-VIE-01,Davis Cup WG2 PO: INA vs VIE,,4,D,20230204,1,6-3 6-1,3,RR,,123969,207134,,,,,Minhtuan Pham,Fitriadi M Rifqi,R,R,,175.0,VIE,INA,29.2,24.0,1578.0,1132.0,2.0,7.0,,,,,,,,,,,,,,,,,,,B,0
2023-M-DC-2023-WG2-PO-INA-VIE-01,Davis Cup WG2 PO: INA vs VIE,,4,D,20230204,2,6-0 6-3,3,RR,,200045,122533,,,,,Anthony Susanto,Nam Hoang Ly,R,R,,175.0,INA,VIE,25.6,25.9,1717.0,243.0,1.0,225.0,,,,,,,,,,,,,,,,,,,B,0
2023-M-DC-2023-WG2-PO-INA-VIE-01,Davis Cup WG2 PO: INA vs VIE,,4,D,20230204,4,6-4 3-6 7-5,3,RR,,122533,207134,,,,,Nam Hoang Ly,Fitriadi M Rifqi,R,R,175.0,175.0,VIE,INA,25.9,24.0,243.0,1132.0,225.0,7.0,,,,,,,,,,,,,,,,,,,A,1
2023-M-DC-2023-WG2-PO-INA-VIE-01,Davis Cup WG2 PO: INA vs VIE,,4,D,20230204,5,6-4 6-0,3,RR,,202316,105464,,,,,Dac Tien Nguyen,Christopher Rungkat,R,R,,175.0,VIE,INA,24.0,33.0,1859.0,,1.0,,,,,,,,,,,,,,,,,,,,B,0
2023-M-DC-2023-WG2-PO-RSA-LUX-01,Davis Cup WG2 PO: RSA vs LUX,,4,D,20230204,1,4-6 6-3 6-3,3,RR,,209278,200270,,,,,Alec Beckley,Alex Knaff,R,R,183.0,193.0,RSA,LUX,21.6,25.1,687.0,608.0,35.0,48.0,,,,,,,,,,,,,,,,,,,B,0
2023-M-DC-2023-WG2-PO-RSA-LUX-01,Davis Cup WG2 PO: RSA vs LUX,,4,D,20230204,2,6-4 6-4,3,RR,,144748,208210,,,,,Kris Van Wyk,Chris Rodesch,R,R,185.0,198.0,RSA,LUX,26.3,21.5,516.0,724.0,67.0,30.0,,,,,,,,,,,,,,,,,,,B,0
2023-M-DC-2023-WG2-PO-RSA-LUX-01,Davis Cup WG2 PO: RSA vs LUX,,4,D,20230204,4,3-6 6-3 6-4,3,RR,,144748,200270,,,,,Kris Van Wyk,Alex Knaff,R,R,185.0,193.0,RSA,LUX,26.3,25.1,516.0,608.0,67.0,48.0,,,,,,,,,,,,,,,,,,,B,0
2023-M-DC-2023-WG2-PO-RSA-LUX-01,Davis Cup WG2 PO: RSA vs LUX,,4,D,20230204,5,6-4 7-5,3,RR,,202335,209280,,,,,Raphael Calzi,Devin Badenhorst,R,R,180.0,,LUX,RSA,25.5,18.6,,1717.0,,1.0,,,,,,,,,,,,,,,,,,,A,1
2023-M-DC-2023-WG2-PO-TUN-CYP-01,Davis Cup WG2 PO: TUN vs CYP,,4,D,20230203,1,6-4 7-6(4),3,RR,,109734,117365,,,,,Skander Mansouri,Petros Chrysochos,R,R,193.0,185.0,TUN,CYP,27.5,26.8,279.0,990.0,190.0,11.0,,,,,,,,,,,,,,,,,,,B,0
2023-M-DC-2023-WG2-PO-TUN-CYP-01,Davis Cup WG2 PO: TUN vs CYP,,4,D,20230203,2,6-1 3-6 6-2,3,RR,,144949,121411,,,,,Menelaos Efstathiou,Moez Echargui,R,R,183.0,178.0,CYP,TUN,23.9,30.0,894.0,364.0,15.0,131.0,,,,,,,,,,,,,,,,,,,B,0
2023-M-DC-2023-WG2-PO-TUN-CYP-01,Davis Cup WG2 PO: TUN vs CYP,,4,D,20230203,4,3-6 6-1 6-4,3,RR,,144949,144826,,,,,Menelaos Efstathiou,Aziz Dougaz,R,L,183.0,188.0,CYP,TUN,23.9,25.8,894.0,285.0,15.0,184.0,,,,,,,,,,,,,,,,,,,A,1
2023-M-DC-2023-WG2-PO-TUN-CYP-01,Davis Cup WG2 PO: TUN vs CYP,,4,D,20230203,5,7-6(5) 7-5,3,RR,,121411,117365,,,,,Moez Echargui,Petros Chrysochos,R,R,178.0,185.0,TUN,CYP,30.0,26.8,364.0,990.0,131.0,11.0,,,,,,,,,,,,,,,,,,,A,1
