"date","tournament","surface","five_set","player_A_name","player_B_name","player_A_elo_before","player_B_elo_before","player_A_win","elo_difference","surface_cluster_A","surface_cluster_B","predict_proba_R","predict_R"
20230814,"Cincinnati Masters","Hard",FALSE,"Max Purcell","Carlos Alcaraz",1407.24474457768,1945.38326629383,0,-538.138521716148,0,3,0.0405469163667464,0
20230828,"Us Open","Hard",TRUE,"Alexandre Muller","Novak Djokovic",1496.43652773662,1996.02918628312,0,-499.592658546496,3,3,0.0228407218928797,0
20231123,"Davis Cup Finals QF: SRB vs GBR","Hard",FALSE,"Cameron Norrie","Novak Djokovic",1552.74112057141,2027.90803877149,0,-475.166918200079,3,3,0.130107265740963,0
20230320,"Miami Masters","Hard",FALSE,"Facundo Bagnis","Carlos Alcaraz",1393.39259121204,1859.03800592441,0,-465.645414712369,1,3,0.0740043254234687,0
20230227,"Dubai","Hard",FALSE,"Tomas Machac","Novak Djokovic",1478.22211831767,1935.4658979038,0,-457.243779586132,1,3,0.0764539055736791,0
20230828,"Us Open","Hard",TRUE,"Dominik Koepfer","Carlos Alcaraz",1498.27012616267,1949.6101186653,0,-451.339992502633,2,3,0.0237113210758435,0
20230703,"Wimbledon","Grass",TRUE,"Jordan Thompson","Novak Djokovic",1475.52657834589,1920.17673519514,0,-444.65015684925,3,3,0.0344575322454573,0
20230116,"Australian Open","Hard",TRUE,"Roberto Carballes Baena","Novak Djokovic",1490.54980908171,1933.29031888878,0,-442.740509807072,1,3,0.018254911052822,0
20230529,"Roland Garros","Clay",TRUE,"Aleksandar Kovacevic","Novak Djokovic",1486.17439694846,1917.86931782303,0,-431.694920874574,2,3,0.0274779661322913,0
20230529,"Roland Garros","Clay",TRUE,"Flavio Cobolli","Carlos Alcaraz",1466.96837339813,1895.45927545273,0,-428.490902054596,1,3,0.0203292952435067,0
20230320,"Miami Masters","Hard",FALSE,"Roberto Carballes Baena","Daniil Medvedev",1441.14811578863,1860.18352624258,0,-419.035410453959,1,3,0.0885562460966406,0
20231002,"Shanghai Masters","Hard",FALSE,"Gregoire Barrere","Carlos Alcaraz",1509.49076204844,1924.20152954518,0,-414.710767496739,1,3,0.0900301920565468,0
20230529,"Roland Garros","Clay",TRUE,"Thiago Seyboth Wild","Daniil Medvedev",1489.92262942937,1903.50372260874,1,-413.581093179371,1,3,0.0227467187281386,0
20230828,"Us Open","Hard",TRUE,"Daniel Evans","Carlos Alcaraz",1544.04882499907,1954.81241988806,0,-410.763594888991,2,3,0.0321300901208898,0
20230828,"Us Open","Hard",TRUE,"Attila Balazs","Daniil Medvedev",1464.64272830518,1873.85513065451,0,-409.212402349321,0,3,0.0169565281391732,0
20230828,"Us Open","Hard",TRUE,"Matteo Arnaldi","Carlos Alcaraz",1537.03721114836,1945.67705762162,0,-408.639846473263,1,3,0.0236082025558313,0
20230320,"Miami Masters","Hard",FALSE,"Quentin Halys","Daniil Medvedev",1455.84604429278,1862.6510260362,0,-406.804981743413,3,3,0.16610478534194,0
20230814,"Cincinnati Masters","Hard",FALSE,"Jordan Thompson","Carlos Alcaraz",1555.05978047103,1952.04176616662,0,-396.981985695586,3,3,0.171886147295716,0
20230410,"Monte Carlo Masters","Clay",FALSE,"Ivan Gakhov","Novak Djokovic",1505.947644625,1900.08009713837,0,-394.132452513369,1,3,0.0973504049533749,0
20230424,"Madrid Masters","Clay",FALSE,"Andrea Vavassori","Daniil Medvedev",1490.49861071273,1880.46943748436,0,-389.970826771636,0,3,0.0729051703741235,0
20230724,"Hamburg","Clay",FALSE,"Daniel Altmaier","Andrey Rublev",1431.69163672099,1818.58046408656,1,-386.888827365563,1,3,0.10005102873588,0
20230529,"Roland Garros","Clay",TRUE,"Daniel Altmaier","Jannik Sinner",1389.2706455395,1768.99915021388,1,-379.728504674377,1,3,0.0293233952075843,0
20230828,"Us Open","Hard",TRUE,"Laslo Djere","Novak Djokovic",1620.45101055716,1991.47845207242,0,-371.027441515261,1,3,0.0312921424440626,0
20230320,"Miami Masters","Hard",FALSE,"Christopher Eubanks","Daniil Medvedev",1496.83986813014,1865.28272043582,0,-368.442852305683,3,3,0.189585801718821,0
20230306,"Indian Wells Masters","Hard",FALSE,"Jordan Thompson","Stefanos Tsitsipas",1420.96386224309,1784.41953786339,1,-363.455675620302,3,3,0.192818178682454,0
20230915,"Davis Cup Finals RR: ESP vs SRB","Hard",FALSE,"Alejandro Davidovich Fokina","Novak Djokovic",1637.45703648139,1997.62994226357,0,-360.172905782174,3,3,0.194968659504592,0
20230529,"Roland Garros","Clay",TRUE,"Marton Fucsovics","Novak Djokovic",1517.29327955747,1875.82753274953,0,-358.53425319206,3,3,0.0647829085762341,0
20230703,"Wimbledon","Grass",TRUE,"Stan Wawrinka","Novak Djokovic",1573.3691348083,1929.57830238834,0,-356.209167580043,1,3,0.0349428843790784,0
20230807,"Canada Masters","Hard",FALSE,"Tommy Paul","Carlos Alcaraz",1621.69449429526,1976.22927921064,1,-354.534784915385,3,3,0.198704399538539,0
20230417,"Banja Luka","Clay",FALSE,"Dusan Lajovic","Novak Djokovic",1548.85916050394,1902.89227795661,1,-354.033117452671,1,3,0.113151019338043,0
20230814,"Cincinnati Masters","Hard",FALSE,"Gael Monfils","Novak Djokovic",1616.8724482782,1969.5992712285,0,-352.7268229503,2,3,0.151851177979904,0
20220829,"Us Open","Hard",TRUE,"Benoit Paire","Cameron Norrie",1343.1205875856,1693.16441722013,0,-350.043829634526,0,3,0.0264856121657603,0
20230220,"Rio De Janeiro","Clay",FALSE,"Fabio Fognini","Carlos Alcaraz",1449.00318092406,1798.48832984311,0,-349.485148919052,1,3,0.115077967068632,0
20230703,"Wimbledon","Grass",TRUE,"Arthur Fery","Daniil Medvedev",1500,1846.83768178823,0,-346.837681788231,0,3,0.0271297803668367,0
20230807,"Canada Masters","Hard",FALSE,"Matteo Arnaldi","Daniil Medvedev",1507.67277238065,1850.42462470636,0,-342.751852325713,1,3,0.117983210478847,0
20230320,"Miami Masters","Hard",FALSE,"Dusan Lajovic","Carlos Alcaraz",1512.52466792955,1854.63105685265,0,-342.106388923099,1,3,0.118265023284753,0
20230410,"Monte Carlo Masters","Clay",FALSE,"Diego Schwartzman","Jannik Sinner",1457.47150450254,1791.5280606479,0,-334.05655614536,1,3,0.121828816512186,0
20230508,"Rome Masters","Clay",FALSE,"Tomas Martin Etcheverry","Novak Djokovic",1538.44063863497,1871.99193875977,0,-333.551300124795,1,3,0.122055558381212,0
20230703,"Wimbledon","Grass",TRUE,"George Loffhagen","Holger Rune",1483.40363707324,1816.60701996438,0,-333.203382891141,0,3,0.0300432497889397,0
20230116,"Australian Open","Hard",TRUE,"Alexei Popyrin","Taylor Fritz",1407.60187062537,1739.86529424746,1,-332.263423622085,1,3,0.0417242459018039,0
20231113,"Tour Finals","Hard",FALSE,"Holger Rune","Novak Djokovic",1692.95793136508,2024.02433912743,0,-331.066407762345,3,3,0.214830568813135,0
20230116,"Australian Open","Hard",TRUE,"Daniel Altmaier","Frances Tiafoe",1360.1035184995,1689.66733630702,0,-329.563817807524,1,3,0.0425635112688953,0
20230220,"Doha","Hard",FALSE,"Christopher Oconnell","Daniil Medvedev",1445.61764479285,1770.83717914034,0,-325.219534347494,3,3,0.218993029378642,0
20230807,"Canada Masters","Hard",FALSE,"Marcos Giron","Holger Rune",1496.99537747371,1820.4493186265,1,-323.453941152791,3,3,0.220261326898481,0
20230916,"Davis Cup Finals RR: AUS vs SUI","Hard",FALSE,"Marc Andrea Huesler","Alex De Minaur",1398.22918123235,1721.45529690437,0,-323.226115672014,2,3,0.16846989675826,0
20230213,"Buenos Aires","Clay",FALSE,"Dusan Lajovic","Carlos Alcaraz",1452.46385391309,1773.09879401747,0,-320.634940104388,1,3,0.12797632118201,0
20230508,"Rome Masters","Clay",FALSE,"Daniel Altmaier","Frances Tiafoe",1373.67488198382,1693.88426971288,0,-320.20938772906,1,3,0.128175499615812,0
20231016,"Tokyo","Hard",FALSE,"Shintaro Mochizuki","Taylor Fritz",1414.87245426984,1734.74705769964,1,-319.874603429793,2,3,0.170446886433128,0
20230508,"Rome Masters","Clay",FALSE,"Fabio Fognini","Holger Rune",1454.25927261057,1774.00470414167,0,-319.745431531104,1,3,0.128392954064913,0
20231002,"Shanghai Masters","Hard",FALSE,"Diego Schwartzman","Taylor Fritz",1426.0058266009,1745.17285500047,1,-319.16702839957,1,3,0.128664489807283,0
20230529,"Roland Garros","Clay",TRUE,"Jiri Vesely","Stefanos Tsitsipas",1472.79335534494,1790.85263780992,0,-318.059282464989,2,3,0.0634864091614353,0
20230915,"Davis Cup WG1 R1: DEN vs BRA","Hard",FALSE,"Thiago Monteiro","Holger Rune",1429.40405029162,1746.98856994093,1,-317.584519649308,1,3,0.129409912908639,0
20230703,"Wimbledon","Grass",TRUE,"Daniel Elahi Galan","Jannik Sinner",1414.00319403161,1731.160717722,0,-317.157523690385,3,3,0.0869805949951757,0
20220523,"Roland Garros","Clay",TRUE,"Jordan Thompson","Rafael Nadal",1459.45197740765,1773.73005185767,0,-314.278074450015,3,3,0.0887579242259845,0
20230424,"Madrid Masters","Clay",FALSE,"Jan Lennard Struff","Carlos Alcaraz",1597.84923453093,1910.65494914476,0,-312.805714613829,1,3,0.131683255091575,0
20230424,"Madrid Masters","Clay",FALSE,"Alexander Bublik","Holger Rune",1480.61184818434,1792.84776732184,0,-312.2359191375,3,3,0.228442504092956,0
20230703,"Wimbledon","Grass",TRUE,"Nicolas Jarry","Carlos Alcaraz",1651.48405501824,1963.68964961056,0,-312.20559459232,3,3,0.0900573753292024,0
20230116,"Australian Open","Hard",TRUE,"Ugo Humbert","Holger Rune",1433.88578252629,1743.61897179649,0,-309.733189270201,2,3,0.0674073531824034,0
20230213,"Buenos Aires","Clay",FALSE,"Tomas Martin Etcheverry","Cameron Norrie",1391.93862939861,1701.47774330201,0,-309.539113903404,1,3,0.133256646415808,0
20221024,"Vienna","Hard",FALSE,"Nikoloz Basilashvili","Daniil Medvedev",1415.54943529134,1725.08245127386,0,-309.533015982513,3,3,0.230445372315748,0
20230424,"Madrid Masters","Clay",FALSE,"Borna Coric","Carlos Alcaraz",1596.84457306605,1906.3315956585,0,-309.487022592452,1,3,0.133281865116244,0
20230927,"Beijing","Hard",FALSE,"Ugo Humbert","Daniil Medvedev",1577.22281468656,1886.01925489059,0,-308.796440204029,2,3,0.177112832685495,0
20231106,"Metz","Hard",FALSE,"Constant Lestienne","Karen Khachanov",1380.83184291895,1689.41120275192,0,-308.579359832972,0,3,0.0995921424193021,0
20230220,"Rio De Janeiro","Clay",FALSE,"Dusan Lajovic","Carlos Alcaraz",1481.83789960701,1788.87769707015,0,-307.039797463143,1,3,0.134471185670823,0
20230619,"Halle","Grass",FALSE,"Marcos Giron","Daniil Medvedev",1525.50455324325,1829.0709312557,0,-303.566378012447,3,3,0.234910100758933,0
20230508,"Rome Masters","Clay",FALSE,"Nuno Borges","Stefanos Tsitsipas",1466.51853126661,1769.5358039858,0,-303.017272719195,2,3,0.180670680667174,0
20230417,"Barcelona","Clay",FALSE,"Roberto Bautista Agut","Carlos Alcaraz",1562.01982605709,1863.74604803259,0,-301.726221975496,3,3,0.236299089507292,0
20230306,"Indian Wells Masters","Hard",FALSE,"Pedro Martinez","Felix Auger Aliassime",1433.44170925822,1734.87919242143,0,-301.43748316321,3,3,0.236517549707746,0
20221031,"Paris Masters","Hard",FALSE,"Maxime Cressy","Novak Djokovic",1521.97165072894,1821.83151446506,0,-299.859863736125,3,3,0.237713639045522,0
20231002,"Shanghai Masters","Hard",FALSE,"Chun Hsin Tseng","Adrian Mannarino",1389.97353231324,1689.69748651374,0,-299.7239542005,0,3,0.102970207656353,0
20230807,"Canada Masters","Hard",FALSE,"Hubert Hurkacz","Carlos Alcaraz",1653.22528947938,1949.67863575961,0,-296.453346280235,3,3,0.240310496481621,0
20230220,"Rio De Janeiro","Clay",FALSE,"Thiago Monteiro","Cameron Norrie",1412.17477480093,1708.30601575369,0,-296.131240952753,1,3,0.139882013164728,0
20230529,"Roland Garros","Clay",TRUE,"Alejandro Davidovich Fokina","Novak Djokovic",1619.6418480051,1913.19537155818,0,-293.553523553079,3,3,0.102542833651152,0
20220718,"Hamburg","Clay",FALSE,"Lorenzo Musetti","Carlos Alcaraz",1483.44104242109,1776.54939237204,1,-293.108349950951,3,3,0.242879263207154,0
20220801,"Washington","Hard",FALSE,"Alexei Popyrin","Taylor Fritz",1378.99509142564,1671.22446471742,0,-292.229373291781,1,3,0.141861219984452,0
20220725,"Umag","Clay",FALSE,"Giulio Zeppieri","Carlos Alcaraz",1491.24167596104,1782.98212617705,0,-291.740450216011,0,3,0.106102212522297,0
20230508,"Rome Masters","Clay",FALSE,"Alexei Popyrin","Holger Rune",1486.88086242112,1778.11410511882,0,-291.233242697701,1,3,0.142370234267317,0
20230612,"Stuttgart","Grass",FALSE,"Richard Gasquet","Stefanos Tsitsipas",1503.83004062957,1794.99658341924,1,-291.166542789671,3,3,0.244378990427087,0
20230927,"Beijing","Hard",FALSE,"Lorenzo Musetti","Carlos Alcaraz",1649.64776922788,1939.66727516193,0,-290.019505934053,3,3,0.245267826561512,0
20230320,"Miami Masters","Hard",FALSE,"Diego Schwartzman","Holger Rune",1436.27499281303,1726.28639893499,0,-290.01140612196,1,3,0.142996661409987,0
20220627,"Wimbledon","Grass",TRUE,"Lorenzo Sonego","Rafael Nadal",1491.45199646282,1780.27893778051,0,-288.826941317688,3,3,0.105941628041615,0
20221003,"Tokyo","Hard",FALSE,"Chun Hsin Tseng","Nick Kyrgios",1454.83038535444,1743.50351100701,0,-288.67312565257,0,3,0.107327714689951,0
20221124,"Davis Cup Finals QF: GER vs CAN","Hard",FALSE,"Oscar Otte","Felix Auger Aliassime",1464.63550020945,1751.32066616311,0,-286.685165953653,3,3,0.247863967560033,0
20230612,"s Hertogenbosch","Grass",FALSE,"Alexander Bublik","Jannik Sinner",1463.64919574064,1749.31164965664,0,-285.662453916001,3,3,0.248663940618243,0
20220620,"Mallorca","Grass",FALSE,"Marcos Giron","Stefanos Tsitsipas",1411.51278654753,1696.36033796832,0,-284.847551420792,3,3,0.249302598803224,0
20220523,"Roland Garros","Clay",TRUE,"Albert Ramos","Carlos Alcaraz",1492.37727161486,1777.03154567084,0,-284.654274055982,1,3,0.0591120575021399,0
20231002,"Shanghai Masters","Hard",FALSE,"Ben Shelton","Jannik Sinner",1558.01356498195,1842.63701511661,1,-284.623450134656,3,3,0.249478424178666,0
20220627,"Wimbledon","Grass",TRUE,"Tallon Griekspoor","Carlos Alcaraz",1497.27898076847,1781.24750524225,0,-283.968524473783,3,3,0.109538334232065,0
20230306,"Indian Wells Masters","Hard",FALSE,"Alejandro Davidovich Fokina","Daniil Medvedev",1570.62617434233,1853.61389997206,0,-282.987725629732,3,3,0.250764286342477,0
20230529,"Roland Garros","Clay",TRUE,"Genaro Alberto Olivieri","Holger Rune",1515.30290140816,1797.71529257915,0,-282.412391170984,1,3,0.0600796947908003,0
20230619,"Halle","Grass",FALSE,"Laslo Djere","Daniil Medvedev",1542.15031601584,1824.1279855492,0,-281.977669533366,1,3,0.147172848137428,0
20230206,"Montpellier","Hard",FALSE,"Gregoire Barrere","Holger Rune",1474.76257837333,1756.69033065437,0,-281.927752281046,1,3,0.147199109344573,0
20230529,"Roland Garros","Clay",TRUE,"Sebastian Ofner","Stefanos Tsitsipas",1501.67481944742,1782.16263373498,0,-280.487814287559,1,3,0.0609221853795243,0
20230116,"Australian Open","Hard",TRUE,"Tommy Paul","Novak Djokovic",1637.185484162,1916.46902217027,0,-279.283538008272,3,3,0.113107624732145,0
20230920,"Chengdu","Hard",FALSE,"Roman Safiullin","Alexander Zverev",1543.25174221741,1822.35192149771,0,-279.100179280305,3,3,0.253837979960362,0
20230703,"Wimbledon","Grass",TRUE,"Hubert Hurkacz","Novak Djokovic",1645.49552369265,1924.5658740491,0,-279.070350356454,3,3,0.113272432862049,0
20220801,"Washington","Hard",FALSE,"Marcos Giron","Nick Kyrgios",1442.71055844635,1719.96716281981,0,-277.256604373455,3,3,0.255304265159253,0
20231030,"Paris Masters","Hard",FALSE,"Max Purcell","Karen Khachanov",1433.82931419599,1711.03939063847,0,-277.210076442477,0,3,0.112018372527329,0
20220627,"Wimbledon","Grass",TRUE,"Jordan Thompson","Stefanos Tsitsipas",1444.14698771404,1720.97314122477,0,-276.82615351073,3,3,0.11502008518156,0
20230424,"Madrid Masters","Clay",FALSE,"Zhizhen Zhang","Taylor Fritz",1501.39076244169,1778.08634679234,1,-276.695584350646,1,3,0.149973280598521,0
20231123,"Davis Cup Finals QF: ITA vs NED","Hard",FALSE,"Tallon Griekspoor","Jannik Sinner",1630.0852843558,1906.21300767184,0,-276.127723316045,3,3,0.256204862484851,0
20230424,"Madrid Masters","Clay",FALSE,"Thiago Monteiro","Karen Khachanov",1441.2742010113,1714.63501576403,0,-273.360814752727,1,3,0.151763797148581,0
20230814,"Cincinnati Masters","Hard",FALSE,"Max Purcell","Casper Ruud",1429.23556866172,1701.83516121488,1,-272.599592553157,0,1,0.154550266567873,0
20230814,"Cincinnati Masters","Hard",FALSE,"Hubert Hurkacz","Carlos Alcaraz",1668.99498484033,1940.17841686951,0,-271.183432029178,3,3,0.260173779660956,0
20230828,"Us Open","Hard",TRUE,"Aleksandar Vukic","Alexander Zverev",1527.96965420149,1798.55617209254,0,-270.586517891049,2,3,0.0890147598372563,0
20231023,"Basel","Hard",FALSE,"Max Purcell","Taylor Fritz",1439.06888614047,1708.85382230976,0,-269.784936169299,0,3,0.115151523686393,0
20231023,"Vienna","Hard",FALSE,"Lorenzo Sonego","Jannik Sinner",1585.00785235312,1854.76221132085,0,-269.754358967729,3,3,0.261328332773858,0
20230731,"Washington","Hard",FALSE,"Juncheng Shang","Frances Tiafoe",1444.11348500614,1713.72329112355,0,-269.609806117415,0,3,0.11522633464059,0
20230508,"Rome Masters","Clay",FALSE,"Yannick Hanfmann","Daniil Medvedev",1601.88667586407,1871.41456912643,0,-269.527893262358,1,3,0.153843422794586,0
20231023,"Vienna","Hard",FALSE,"Arthur Fils","Daniil Medvedev",1601.27593649256,1870.78923867572,0,-269.513302183156,1,3,0.15385138382933,0
20230102,"Adelaide 1","Hard",FALSE,"Denis Shapovalov","Novak Djokovic",1607.82093102618,1876.59079189342,0,-268.769860867248,3,3,0.262125635707438,0
20230417,"Banja Luka","Clay",FALSE,"Damir Dzumhur","Andrey Rublev",1489.10808473046,1757.21574251895,0,-268.107657788486,0,3,0.115869750715884,0
20230703,"Wimbledon","Grass",TRUE,"Roberto Carballes Baena","Holger Rune",1535.11022461011,1803.11921580013,0,-268.008991190019,1,3,0.0666581187759006,0
20230220,"Rio De Janeiro","Clay",FALSE,"Nicolas Jarry","Carlos Alcaraz",1534.20076892408,1802.02742197318,0,-267.826653049095,3,3,0.26289096894774,0
20230619,"Queen's Club","Grass",FALSE,"Ryan Peniston","Holger Rune",1530.20031921227,1797.82566619836,0,-267.625346986092,0,3,0.116077000349742,0
20230529,"Roland Garros","Clay",TRUE,"Lloyd Harris","Alexander Zverev",1424.98467473775,1691.17825548148,0,-266.193580743722,3,3,0.123621788504046,0
20230828,"Us Open","Hard",TRUE,"Steve Johnson","Taylor Fritz",1474.28456270755,1739.82682691102,0,-265.542264203474,3,3,0.12416626158559,0
20230306,"Indian Wells Masters","Hard",FALSE,"Brandon Nakashima","Daniil Medvedev",1606.07347243358,1871.50709411166,0,-265.433621678083,3,3,0.26483915052856,0
20230717,"Bastad","Clay",FALSE,"Thiago Monteiro","Alexander Zverev",1447.42206262772,1711.96359854351,0,-264.541535915786,1,3,0.156583694608091,0
20230424,"Madrid Masters","Clay",FALSE,"Pedro Cachin","Frances Tiafoe",1454.5350429315,1718.49818848059,1,-263.963145549093,1,3,0.156904110694039,0
20220829,"Us Open","Hard",TRUE,"Rinky Hijikata","Rafael Nadal",1492.66810126208,1756.04973966568,0,-263.381638403602,3,3,0.125987208322386,0
20230424,"Madrid Masters","Clay",FALSE,"Sebastian Baez","Stefanos Tsitsipas",1501.40771504371,1764.11777260584,0,-262.710057562134,3,3,0.267067627027946,0
20221003,"Tokyo","Hard",FALSE,"Jaume Munar","Casper Ruud",1459.40218633316,1721.29730752118,1,-261.895121188018,1,1,0.210624851942163,0
20230306,"Indian Wells Masters","Hard",FALSE,"Tung Lin Wu","Cameron Norrie",1482.96014019315,1744.6763179783,0,-261.716177785152,2,3,0.207722758018852,0
20221031,"Paris Masters","Hard",FALSE,"Stan Wawrinka","Holger Rune",1498.59102707675,1760.15795809216,0,-261.566931015403,1,3,0.158237250289879,0
20230814,"Cincinnati Masters","Hard",FALSE,"Dusan Lajovic","Jannik Sinner",1534.90978144178,1795.26309223719,1,-260.353310795407,1,3,0.158915952361814,0
20230703,"Wimbledon","Grass",TRUE,"Aslan Karatsev","Andrey Rublev",1500.8328308588,1760.78542039586,0,-259.952589537065,3,3,0.128924055311017,0
20230814,"Cincinnati Masters","Hard",FALSE,"Ben Shelton","Stefanos Tsitsipas",1472.0466977842,1731.70693428707,0,-259.660236502869,3,3,0.269577153899314,0
20220627,"Wimbledon","Grass",TRUE,"Francisco Cerundolo","Rafael Nadal",1525.55495886008,1785.06124985147,0,-259.50629099139,3,3,0.129310553279402,0
20230410,"Monte Carlo Masters","Clay",FALSE,"Jan Lennard Struff","Andrey Rublev",1476.98281394665,1736.12163233476,0,-259.13881838811,1,3,0.159597503857114,0
20230417,"Munich","Clay",FALSE,"Christopher Oconnell","Holger Rune",1528.83965717718,1787.32082093061,0,-258.481163753439,3,3,0.270551324917648,0
20220815,"Cincinnati Masters","Hard",FALSE,"Mackenzie Mcdonald","Carlos Alcaraz",1491.37717721897,1749.81456742484,0,-258.437390205873,3,3,0.2705875340129,0
20230102,"United Cup","Hard",FALSE,"Thiago Monteiro","Casper Ruud",1424.30266529592,1682.52547767649,0,-258.222812380563,1,1,0.213195280431093,0
20230703,"Wimbledon","Grass",TRUE,"Christopher Eubanks","Daniil Medvedev",1570.75867734282,1828.87274499143,0,-258.114067648609,3,3,0.130522572481816,0
20230529,"Roland Garros","Clay",TRUE,"Constant Lestienne","Karen Khachanov",1456.20290448548,1713.28144387675,0,-257.078539391264,0,3,0.0527332526238099,0
20230717,"Bastad","Clay",FALSE,"Pavel Kotov","Andrey Rublev",1517.38475991504,1774.43337804735,0,-257.048618132309,3,3,0.271737895339639,0
20230927,"Beijing","Hard",FALSE,"Yoshihito Nishioka","Jannik Sinner",1580.26328990905,1837.06638280466,0,-256.803092895611,1,3,0.160914925073669,0
20231030,"Paris Masters","Hard",FALSE,"Mackenzie Mcdonald","Jannik Sinner",1600.87417714638,1856.494675108,0,-255.620497961623,3,3,0.272924042006847,0
20230828,"Us Open","Hard",TRUE,"Taylor Fritz","Novak Djokovic",1730.32898697221,1984.07393968821,0,-253.744952716003,3,3,0.134388974883421,0
20231023,"Vienna","Hard",FALSE,"Sebastian Ofner","Alexander Zverev",1531.1079607211,1784.50033182622,0,-253.392371105118,1,3,0.162854447011821,0
20220516,"Geneva","Clay",FALSE,"Benoit Paire","Casper Ruud",1395.21862653539,1648.28023915274,0,-253.061612617347,0,1,0.165555351350004,0
20230417,"Banja Luka","Clay",FALSE,"Juan Pablo Varillas","Andrey Rublev",1498.53166833342,1751.54548296244,0,-253.013814629013,1,3,0.163070871702044,0
20230424,"Madrid Masters","Clay",FALSE,"Daniel Altmaier","Borna Coric",1339.33756548097,1591.14223663549,0,-251.804671154523,1,1,0.217742377856741,0
20220829,"Us Open","Hard",TRUE,"Joao Sousa","Cameron Norrie",1446.46764267441,1697.89802772747,0,-251.430385053058,1,3,0.0750549501464549,0
20230203,"Davis Cup WG1 PO: IND vs DEN","Hard",FALSE,"Sumit Nagal","Holger Rune",1501.76681204992,1750.91709033948,0,-249.150278289564,2,3,0.216523785168809,0
20230227,"Acapulco","Hard",FALSE,"Nuno Borges","Holger Rune",1481.62704551654,1730.62930394943,0,-249.002258432891,2,3,0.216629047023746,0
20230424,"Madrid Masters","Clay",FALSE,"Christopher Oconnell","Taylor Fritz",1523.31271078595,1772.30897184283,0,-248.996261056879,3,3,0.278467991671049,0
20230508,"Rome Masters","Clay",FALSE,"Emil Ruusuvuori","Daniil Medvedev",1610.76436111232,1858.93688164416,0,-248.172520531837,3,3,0.279162210550157,0
20221010,"Florence","Hard",FALSE,"Roberto Carballes Baena","Matteo Berrettini",1447.71808795761,1695.86647315792,1,-248.148385200319,1,3,0.165873132564485,0
20230731,"Los Cabos","Hard",FALSE,"John Isner","Stefanos Tsitsipas",1519.35867088544,1767.46862065148,0,-248.109949766038,3,3,0.279214986254462,0
20220926,"Seoul","Hard",FALSE,"Nicolas Jarry","Casper Ruud",1467.62176087174,1715.48957019223,0,-247.867809320493,3,1,0.355321474185011,0
20230306,"Indian Wells Masters","Hard",FALSE,"Marton Fucsovics","Taylor Fritz",1509.07985020015,1756.5767491764,0,-247.496898976243,3,3,0.279732390961808,0
20230508,"Rome Masters","Clay",FALSE,"Thanasi Kokkinakis","Jannik Sinner",1535.52995477336,1782.03120910041,0,-246.501254327049,1,3,0.166830504522884,0
20220829,"Us Open","Hard",TRUE,"Arthur Rinderknech","Daniil Medvedev",1461.63042216819,1706.52201022972,0,-244.891588061539,3,3,0.142520349206338,0
20230828,"Us Open","Hard",TRUE,"Juan Pablo Varillas","Taylor Fritz",1480.18865112037,1724.42265433607,0,-244.234003215698,1,3,0.0789942983180367,0
20221003,"Tokyo","Hard",FALSE,"James Duckworth","Taylor Fritz",1451.02688302435,1695.15150425319,0,-244.124621228844,3,3,0.282588995719762,0
20220815,"Cincinnati Masters","Hard",FALSE,"Henri Laaksonen","Alex De Minaur",1391.86788326373,1635.60507219558,0,-243.737188931853,0,3,0.126751131376424,0
20220829,"Us Open","Hard",TRUE,"Thanasi Kokkinakis","Nick Kyrgios",1507.32018760897,1750.76265955353,0,-243.442471944562,1,3,0.0794389487717137,0
20230529,"Roland Garros","Clay",TRUE,"Lorenzo Musetti","Carlos Alcaraz",1654.42441874491,1897.80628496174,0,-243.381866216832,3,3,0.143947203222403,0
20230529,"Roland Garros","Clay",TRUE,"Roberto Carballes Baena","Stefanos Tsitsipas",1544.09877437701,1786.83315579614,0,-242.734381419127,1,3,0.0798386623449936,0
20230724,"Hamburg","Clay",FALSE,"Sebastian Baez","Casper Ruud",1471.57562375252,1714.12168196349,0,-242.546058210967,3,1,0.360447114679639,0
20230703,"Wimbledon","Grass",TRUE,"Adrian Mannarino","Daniil Medvedev",1591.55994484987,1833.52193445894,0,-241.961989609072,3,3,0.145299967709742,0
20230410,"Monte Carlo Masters","Clay",FALSE,"Dominic Thiem","Holger Rune",1518.12154378417,1759.29687982036,0,-241.175336036188,1,3,0.169956370509396,0
20231030,"Paris Masters","Hard",FALSE,"Yoshihito Nishioka","Andrey Rublev",1570.54192906295,1809.98017419472,0,-239.438245131769,1,3,0.170985919601471,0
20230116,"Australian Open","Hard",TRUE,"Andrey Rublev","Novak Djokovic",1683.34217735035,1921.47632907923,0,-238.134151728881,3,3,0.148999476657964,0
20230529,"Roland Garros","Clay",TRUE,"Arthur Rinderknech","Taylor Fritz",1492.99472059134,1731.08105905264,0,-238.086338461294,3,3,0.149046174524769,0
20221003,"Astana","Hard",FALSE,"Luca Nardi","Stefanos Tsitsipas",1476.29811259375,1714.2219888061,0,-237.923876212344,0,3,0.129472596424659,0
20230703,"Wimbledon","Grass",TRUE,"Quentin Halys","Jannik Sinner",1497.60431677254,1735.32323781301,0,-237.718921040473,3,3,0.149405423638379,0
20220620,"Mallorca","Grass",FALSE,"Aslan Karatsev","Daniil Medvedev",1423.60650372497,1661.07102181775,0,-237.464518092781,3,3,0.28828227908609,0
20221024,"Basel","Hard",FALSE,"Ugo Humbert","Holger Rune",1407.8119053188,1645.26036246617,0,-237.448457147372,2,3,0.224959468824597,0
20220523,"Roland Garros","Clay",TRUE,"Jo-Wilfried Tsonga","Casper Ruud",1453.26901791644,1690.56561342885,0,-237.296595512409,2,1,0.152164369310988,0
20230227,"Dubai","Hard",FALSE,"Alexander Shevchenko","Hubert Hurkacz",1456.53165141619,1693.35815106233,0,-236.826499646145,1,3,0.172543171796872,0
20230306,"Indian Wells Masters","Hard",FALSE,"Marton Fucsovics","Alex De Minaur",1503.26210663164,1739.9486294673,1,-236.686522835664,3,3,0.288951771186974,0
20220926,"Tel Aviv","Hard",FALSE,"Vasek Pospisil","Novak Djokovic",1507.46021115495,1742.70318104875,0,-235.242969893807,2,3,0.226575236608939,0
20230227,"Dubai","Hard",FALSE,"Hubert Hurkacz","Novak Djokovic",1706.20631348099,1941.22507825858,0,-235.018764777597,3,3,0.290390040100586,0
20230731,"Washington","Hard",FALSE,"Zachary Svajda","Taylor Fritz",1468.23341615464,1702.88462098426,0,-234.651204829618,0,3,0.131026456734029,0
20230807,"Canada Masters","Hard",FALSE,"Gabriel Diallo","Alex De Minaur",1460.63372175331,1694.24768276149,0,-233.613961008179,0,3,0.131522233484407,0
20230213,"Rotterdam","Hard",FALSE,"Alejandro Davidovich Fokina","Daniil Medvedev",1518.20901018564,1751.20734377958,0,-232.998333593948,3,3,0.292138105529138,0
20221024,"Basel","Hard",FALSE,"Stan Wawrinka","Casper Ruud",1463.78694045464,1696.73619661649,1,-232.949256161848,1,1,0.231503001891642,0
20230102,"United Cup","Hard",FALSE,"Thiago Monteiro","Matteo Berrettini",1430.52574436898,1663.38586202425,0,-232.860117655263,1,3,0.17492956201029,0
20230703,"Wimbledon","Grass",TRUE,"Jiri Vesely","Sebastian Korda",1455.84624514757,1688.61285741294,1,-232.766612265367,2,3,0.115632795256088,0
20230828,"Us Open","Hard",TRUE,"Stefano Travaglia","Tommy Paul",1453.71856125855,1685.4247043592,0,-231.706143100653,0,3,0.063391961532499,0
20230213,"Rotterdam","Hard",FALSE,"Stan Wawrinka","Jannik Sinner",1489.57771728819,1721.04944707674,0,-231.471729788544,1,3,0.175771014022715,0
20220711,"Bastad","Clay",FALSE,"Dominic Thiem","Roberto Bautista Agut",1405.46554300943,1635.68324460362,1,-230.217701594184,1,3,0.176533769629079,0
20230410,"Monte Carlo Masters","Clay",FALSE,"Alexander Zverev","Daniil Medvedev",1640.80005985599,1869.81753804964,0,-229.017478193654,3,3,0.295600328891785,0
20231002,"Shanghai Masters","Hard",FALSE,"Aleksandar Vukic","Grigor Dimitrov",1521.64685604826,1750.32586919269,0,-228.679013144427,2,3,0.231432493619403,0
20220829,"Us Open","Hard",TRUE,"Daniel Elahi Galan","Stefanos Tsitsipas",1489.84184674608,1718.40352910262,1,-228.561682356545,3,3,0.158591289570233,0
20230619,"Queen's Club","Grass",FALSE,"Grigor Dimitrov","Carlos Alcaraz",1681.96609047375,1910.45157327734,0,-228.485482803594,3,3,0.296064815252504,0
20230626,"Mallorca","Grass",FALSE,"Feliciano Lopez","Yannick Hanfmann",1360.33036928169,1588.28370508876,0,-227.953335807072,0,1,0.180609158415844,0
20231023,"Vienna","Hard",FALSE,"Alexei Popyrin","Andrey Rublev",1554.43508163745,1782.23568705815,0,-227.800605420696,1,3,0.178011286749037,0
20230508,"Rome Masters","Clay",FALSE,"Francisco Cerundolo","Jannik Sinner",1565.13406626785,1792.62216898921,1,-227.488102721363,3,3,0.296936768435377,0
20230116,"Australian Open","Hard",TRUE,"Ugo Humbert","Richard Gasquet",1410.2653190502,1637.6650337769,1,-227.399714726701,2,3,0.119927241518115,0
20230417,"Barcelona","Clay",FALSE,"Yoshihito Nishioka","Jannik Sinner",1571.70004376803,1799.03517959841,0,-227.335135830377,1,3,0.178296927855617,0
20230403,"Houston","Clay",FALSE,"Steve Johnson","Frances Tiafoe",1482.06783400746,1709.1621778875,0,-227.094343880044,3,3,0.297281417728995,0
20221031,"Paris Masters","Hard",FALSE,"Grigor Dimitrov","Carlos Alcaraz",1552.8749739038,1779.86421741999,0,-226.989243516186,3,3,0.29737344900418,0
20230807,"Canada Masters","Hard",FALSE,"Max Purcell","Felix Auger Aliassime",1375.3994894475,1602.09196767731,1,-226.692478229812,0,3,0.134871400627722,0
20220221,"Acapulco","Hard",FALSE,"Denis Kudla","Rafael Nadal",1457.43512074858,1684.11116535322,0,-226.676044604638,0,3,0.134879437518725,0
20230529,"Roland Garros","Clay",TRUE,"Filip Krajinovic","Frances Tiafoe",1444.62172976006,1671.02489228596,0,-226.403162525894,3,3,0.160822199922843,0
20230807,"Canada Masters","Hard",FALSE,"Mackenzie Mcdonald","Andrey Rublev",1565.10977813629,1791.50072956168,1,-226.390951425393,3,3,0.297897657127055,0
20230927,"Beijing","Hard",FALSE,"Tommy Paul","Daniil Medvedev",1650.35109075142,1876.4537432928,0,-226.102652541385,3,3,0.298150447034737,0
20230116,"Australian Open","Hard",TRUE,"Jiri Lehecka","Stefanos Tsitsipas",1547.6235554961,1772.96358929258,0,-225.340033796472,3,3,0.161930274722571,0
20231030,"Paris Masters","Hard",FALSE,"Grigor Dimitrov","Novak Djokovic",1776.17911890192,2000.98145103896,0,-224.802332137039,3,3,0.299292141918156,0
20230508,"Rome Masters","Clay",FALSE,"Arthur Fils","Holger Rune",1575.05851365175,1799.45846743587,0,-224.399953784118,1,3,0.180106407645805,0
20230213,"Rotterdam","Hard",FALSE,"Gijs Brouwer","Holger Rune",1521.96084817672,1746.14268396906,1,-224.181835792336,3,3,0.299837825988234,0
20230828,"Us Open","Hard",TRUE,"Lorenzo Sonego","Jannik Sinner",1547.98490557251,1770.74161378558,0,-222.756708213072,3,3,0.164648477296676,0
20230731,"Washington","Hard",FALSE,"Daniel Evans","Frances Tiafoe",1496.91819901035,1718.96722412246,1,-222.049025112111,2,3,0.236412013275411,0
20230220,"Doha","Hard",FALSE,"Alejandro Davidovich Fokina","Felix Auger Aliassime",1528.41030879632,1749.42789361826,0,-221.017584821946,3,3,0.302629387809795,0
20230529,"Roland Garros","Clay",TRUE,"Daniel Altmaier","Grigor Dimitrov",1416.23991126343,1637.05398674489,0,-220.814075481452,1,3,0.0931538064447068,0
20230220,"Rio De Janeiro","Clay",FALSE,"Juan Manuel Cerundolo","Cameron Norrie",1481.23322211807,1701.72444316584,0,-220.491221047767,0,3,0.137932941074282,0
20230403,"Houston","Clay",FALSE,"Tomas Martin Etcheverry","Frances Tiafoe",1504.98851174115,1725.37545223277,0,-220.386940491616,1,3,0.1826034920159,0
20230424,"Madrid Masters","Clay",FALSE,"Aslan Karatsev","Alex De Minaur",1472.71118980097,1692.95735958784,1,-220.246169786868,3,3,0.303312171175313,0
20220418,"Barcelona","Clay",FALSE,"Soon Woo Kwon","Carlos Alcaraz",1506.98267565911,1727.17304579557,0,-220.190370136466,2,3,0.237821175958538,0
20220829,"Us Open","Hard",TRUE,"J J Wolf","Nick Kyrgios",1524.23612680001,1744.16442345023,0,-219.928296650216,3,3,0.167666443540187,0
20230619,"Halle","Grass",FALSE,"Alexander Bublik","Jannik Sinner",1522.59698476202,1742.44043163462,1,-219.843446872597,3,3,0.303668968630022,0
20220829,"Us Open","Hard",TRUE,"Christopher Eubanks","Jannik Sinner",1495.06057203416,1713.95695091692,0,-218.896378882758,3,3,0.168778464147652,0
20230828,"Us Open","Hard",TRUE,"Jakub Mensik","Taylor Fritz",1515,1733.17654225797,0,-218.176542257972,2,3,0.127629057420423,0
20231030,"Paris Masters","Hard",FALSE,"Marton Fucsovics","Alexander Zverev",1573.31815761584,1790.72136363097,0,-217.403206015125,3,3,0.305835980298386,0
20230320,"Miami Masters","Hard",FALSE,"Tomas Martin Etcheverry","Karen Khachanov",1447.4744638875,1664.22673459652,0,-216.752270709021,1,3,0.184888283617737,0
20230915,"Davis Cup Finals RR: ESP vs SRB","Hard",FALSE,"Albert Ramos","Laslo Djere",1422.31872708633,1638.97367472644,0,-216.654947640116,1,1,0.243875103430334,0
20230116,"Australian Open","Hard",TRUE,"Maxime Cressy","Holger Rune",1513.76457487917,1729.92742568201,0,-216.162850802845,3,3,0.171752581258382,0
20220523,"Roland Garros","Clay",TRUE,"Mikael Ymer","Stefanos Tsitsipas",1503.14912801185,1719.2661083577,0,-216.116980345847,3,3,0.171802841515497,0
20230814,"Cincinnati Masters","Hard",FALSE,"Max Purcell","Stan Wawrinka",1405.94876994467,1622.02081810678,1,-216.072048162105,0,1,0.188096184502621,0
20230410,"Monte Carlo Masters","Clay",FALSE,"Benjamin Bonzi","Stefanos Tsitsipas",1538.38583191804,1754.03238973936,0,-215.646557821316,3,3,0.307401281915116,0
20230703,"Wimbledon","Grass",TRUE,"Laurent Lokoli","Casper Ruud",1473.13245607695,1688.47718925826,0,-215.344733181309,0,1,0.0983845333680628,0
20230529,"Roland Garros","Clay",TRUE,"Lucas Pouille","Cameron Norrie",1471.98199553726,1686.79728617412,0,-214.815290636854,1,3,0.0971306410483689,0
20230703,"Wimbledon","Grass",TRUE,"Nuno Borges","Francisco Cerundolo",1468.84548535956,1682.66344376913,0,-213.817958409574,2,3,0.131413444385249,0
20220425,"Munich","Clay",FALSE,"Nikoloz Basilashvili","Miomir Kecmanovic",1424.52875399147,1638.0180947834,0,-213.489340791934,3,3,0.30932959879081,0
20230529,"Roland Garros","Clay",TRUE,"Radu Albot","Karen Khachanov",1485.58154070032,1696.99517850987,0,-211.413637809557,1,3,0.0994524796787002,0
20230828,"Us Open","Hard",TRUE,"Hugo Gaston","Laslo Djere",1402.51940546755,1613.58648267448,0,-211.067077206926,3,1,0.234621577752866,0
20230417,"Barcelona","Clay",FALSE,"Alexander Shevchenko","Alex De Minaur",1467.54654329395,1678.46217781864,0,-210.91563452469,1,3,0.188603390389447,0
20221024,"Vienna","Hard",FALSE,"Grigor Dimitrov","Andrey Rublev",1506.89226999178,1717.16644274729,1,-210.274172755507,3,3,0.312215955223266,0
20220418,"Barcelona","Clay",FALSE,"Jaume Munar","Carlos Alcaraz",1477.01417397644,1686.39570673146,0,-209.38153275502,1,3,0.189589327064922,0
20231002,"Shanghai Masters","Hard",FALSE,"Beibit Zhukayev","Karen Khachanov",1489.94090417127,1699.20414330579,0,-209.263239134522,0,3,0.143624562480254,0
20230814,"Cincinnati Masters","Hard",FALSE,"Emil Ruusuvuori","Andrey Rublev",1558.92603653089,1767.90948239198,1,-208.983445861085,3,3,0.313378809088191,0
20230102,"Adelaide 1","Hard",FALSE,"Sebastian Korda","Novak Djokovic",1681.54330580096,1890.07192245691,0,-208.528616655946,3,3,0.313789138656571,0
20230116,"Australian Open","Hard",TRUE,"Kyle Edmund","Jannik Sinner",1475.25650651558,1683.64733439237,0,-208.390827876789,0,3,0.0749266191219784,0
20230116,"Australian Open","Hard",TRUE,"Michael Mmoh","Alexander Zverev",1458.76459885212,1666.96109678741,1,-208.196497935287,3,3,0.180656831642984,0
20231030,"Paris Masters","Hard",FALSE,"Andrey Rublev","Novak Djokovic",1799.33945016017,2007.43641158566,0,-208.09696142549,3,3,0.314178831077775,0
20221107,"NextGen Finals","Hard",FALSE,"Chun Hsin Tseng","Lorenzo Musetti",1428.50216599629,1636.21939098506,0,-207.717224988773,0,3,0.144423388390767,0
20230410,"Monte Carlo Masters","Clay",FALSE,"Jan Lennard Struff","Alex De Minaur",1494.27224335584,1701.91671206812,1,-207.644468712282,1,3,0.190710464295425,0
20230403,"Houston","Clay",FALSE,"Yannick Hanfmann","Tommy Paul",1508.04421558335,1715.13184300451,1,-207.087627421164,1,3,0.191070932139345,0
20230619,"Halle","Grass",FALSE,"Yibing Wu","Andrey Rublev",1547.13286480028,1753.7854407082,0,-206.652575907926,2,3,0.248258506519378,0
20220815,"Cincinnati Masters","Hard",FALSE,"Denis Shapovalov","Daniil Medvedev",1489.72486947095,1696.33935686916,0,-206.614487398213,3,3,0.315519181828042,0
20230703,"Wimbledon","Grass",TRUE,"Jaume Munar","Lorenzo Musetti",1455.51660699296,1662.04906696237,0,-206.532459969405,1,3,0.102870400938133,0
20230220,"Doha","Hard",FALSE,"Jason Kubler","Felix Auger Aliassime",1535.91450438412,1742.42347661073,0,-206.508972226605,3,3,0.315614698817855,0
20220523,"Roland Garros","Clay",TRUE,"Brandon Nakashima","Alexander Zverev",1482.6149593654,1689.03030565011,0,-206.415346284706,3,3,0.182696214956235,0
20220725,"Umag","Clay",FALSE,"Franco Agamenone","Jannik Sinner",1485.04446339437,1690.63015332496,0,-205.585689930583,1,3,0.192045796345111,0
20230116,"Australian Open","Hard",TRUE,"Juncheng Shang","Frances Tiafoe",1471.40619045387,1676.85056818588,0,-205.444377732016,0,3,0.076514726979564,0
20230703,"Wimbledon","Grass",TRUE,"Ilya Ivashka","Grigor Dimitrov",1470.2621990411,1675.61789173923,0,-205.355692698122,2,3,0.139032828297354,0
20230529,"Roland Garros","Clay",TRUE,"Hugo Dellien","Nicolas Jarry",1435.37638074254,1640.3996336814,0,-205.023252938867,1,3,0.103948048508683,0
20231016,"Tokyo","Hard",FALSE,"Diego Schwartzman","Alex De Minaur",1511.9111651006,1716.53520615589,0,-204.624041055291,1,3,0.192671963262135,0
20230102,"Adelaide 1","Hard",FALSE,"Alexei Popyrin","Yoshihito Nishioka",1378.49624767215,1583.01744357314,0,-204.52119590099,1,1,0.253374555197122,0
20230116,"Australian Open","Hard",TRUE,"Joao Sousa","Roberto Bautista Agut",1432.43337353726,1636.89042611444,0,-204.457052577181,1,3,0.104354910937786,0
20231106,"Metz","Hard",FALSE,"Alexander Shevchenko","Karen Khachanov",1508.04669288612,1712.33801264957,1,-204.291319763443,1,3,0.192888972634292,0
20220808,"Canada Masters","Hard",FALSE,"Sebastian Baez","Nick Kyrgios",1543.93562975283,1748.20567024883,0,-204.270040495999,3,3,0.317645142215644,0
20230927,"Beijing","Hard",FALSE,"Daniel Evans","Jannik Sinner",1573.99152266079,1777.91293067155,0,-203.921408010759,2,3,0.25040096716274,0
20231002,"Shanghai Masters","Hard",FALSE,"Brandon Nakashima","Holger Rune",1510.27504246287,1714.15140781588,1,-203.876365353002,3,3,0.318002879606592,0
20230417,"Munich","Clay",FALSE,"Cristian Garin","Holger Rune",1568.81161798325,1771.70024004005,0,-202.888622056801,3,3,0.318901399396052,0
20221031,"Paris Masters","Hard",FALSE,"Lorenzo Musetti","Novak Djokovic",1620.0893459623,1822.68659488754,0,-202.597248925239,3,3,0.319166710338611,0
20230529,"Roland Garros","Clay",TRUE,"Casper Ruud","Novak Djokovic",1703.65488946293,1906.06342785047,0,-202.408538387538,1,3,0.10583871318154,0
20220801,"Los Cabos","Hard",FALSE,"Chun Hsin Tseng","Cameron Norrie",1456.74715111502,1659.06637875209,0,-202.319227637069,0,3,0.147241521878829,0
20231113,"Tour Finals","Hard",FALSE,"Holger Rune","Jannik Sinner",1689.07423172103,1891.3343559734,0,-202.260124252377,3,3,0.31947382677514,0
20230828,"Us Open","Hard",TRUE,"Ben Shelton","Tommy Paul",1506.12520401269,1708.28497253497,1,-202.159768522275,3,3,0.187641032948608,0
20220916,"Davis Cup WG2 R1: TUN vs GRE","Hard",FALSE,"Skander Mansouri","Stefanos Tsitsipas",1500,1702.12392742545,0,-202.123927425453,0,3,0.147344330064896,0
20230220,"Marseille","Hard",FALSE,"Leandro Riedi","Hubert Hurkacz",1484.21149198961,1686.21347654238,0,-202.001984552774,0,3,0.147408552246119,0
20221017,"Stockholm","Hard",FALSE,"Aslan Karatsev","Cameron Norrie",1425.27345507055,1627.18827563889,0,-201.914820568343,3,3,0.319788556655744,0
20231030,"Paris Masters","Hard",FALSE,"Richard Gasquet","Tommy Paul",1444.98597753638,1646.40924908138,0,-201.423271545,3,3,0.320236866267736,0
20230220,"Marseille","Hard",FALSE,"Arthur Fils","Jannik Sinner",1541.75642666869,1743.01299148505,1,-201.256564816357,1,3,0.194876904370849,0
20221031,"Paris Masters","Hard",FALSE,"Alejandro Davidovich Fokina","Taylor Fritz",1504.15322076647,1705.33043678301,0,-201.177216016547,3,3,0.32046140216633,0
20220829,"Us Open","Hard",TRUE,"Brandon Holt","Taylor Fritz",1484.18366140327,1684.66423426317,1,-200.480572859903,0,3,0.0792601063840827,0
20220404,"Houston","Clay",FALSE,"Cristian Garin","Taylor Fritz",1448.48785632116,1648.94606053108,1,-200.45820420992,3,3,0.321118006632123,0
20220502,"Madrid Masters","Clay",FALSE,"Novak Djokovic","Carlos Alcaraz",1543.14765351193,1743.56527078732,0,-200.417617275396,3,3,0.321155091920183,0
20220718,"Gstaad","Clay",FALSE,"Jiri Lehecka","Casper Ruud",1439.41248939635,1639.01514070139,0,-199.60265130504,3,1,0.402890031186325,0
20220915,"Davis Cup Finals RR: USA vs KAZ","Hard",FALSE,"Mikhail Kukushkin","Tommy Paul",1421.49599548294,1620.82809716243,0,-199.332101679497,0,3,0.148820476743961,0
20230424,"Madrid Masters","Clay",FALSE,"Matteo Arnaldi","Casper Ruud",1440.58656365428,1639.90198726839,1,-199.315423614104,1,1,0.257524288061128,0
20220801,"Washington","Hard",FALSE,"Mikael Ymer","Nick Kyrgios",1525.75339306066,1725.02333242849,0,-199.269939367823,3,3,0.322204686498311,0
20221124,"Davis Cup Finals QF: ITA vs USA","Hard",FALSE,"Lorenzo Sonego","Frances Tiafoe",1465.18065362293,1663.92704850932,1,-198.746394886395,3,3,0.322684084849817,0
20230717,"Gstaad","Clay",FALSE,"Albert Ramos","Lorenzo Sonego",1370.71847248819,1569.40198109651,1,-198.683508608322,1,3,0.196574531751152,0
20230522,"Geneva","Clay",FALSE,"Marcos Giron","Taylor Fritz",1525.24319833786,1723.82878743568,0,-198.585589097826,3,3,0.32283140618115,0
20220718,"Hamburg","Clay",FALSE,"Daniel Altmaier","Francisco Cerundolo",1393.69655677131,1591.63797152174,0,-197.941414750434,1,3,0.19706621411369,0
20231023,"Basel","Hard",FALSE,"Diego Schwartzman","Alex De Minaur",1504.84832294379,1702.64761244221,0,-197.799289498418,1,3,0.197160486556278,0
20230828,"Us Open","Hard",TRUE,"Emilio Nava","Casper Ruud",1458.39408856432,1656.00064925551,0,-197.606560691185,0,1,0.111185047380985,0
20220523,"Roland Garros","Clay",TRUE,"Facundo Bagnis","Daniil Medvedev",1420.79489097304,1617.96449539041,0,-197.169604417374,1,3,0.109718284472332,0
20230619,"Halle","Grass",FALSE,"Alexander Bublik","Alexander Zverev",1499.91244305405,1696.50783150246,1,-196.59538844841,3,3,0.324657623518678,0
20220916,"Davis Cup Finals RR: ESP vs CAN","Hard",FALSE,"Felix Auger Aliassime","Carlos Alcaraz",1608.83094541564,1805.32167242785,1,-196.490727012214,3,3,0.32475380975643,0
20230828,"Us Open","Hard",TRUE,"Dominic Stricker","Stefanos Tsitsipas",1540.74695056227,1737.20334433666,1,-196.456393774384,1,3,0.110255975905175,0
20220808,"Canada Masters","Hard",FALSE,"Marcos Giron","Roberto Bautista Agut",1437.65438883767,1634.09184133403,0,-196.43745249636,3,3,0.324802775927302,0
20220509,"Rome Masters","Clay",FALSE,"Filip Krajinovic","Andrey Rublev",1488.34556224843,1684.70390605828,1,-196.358343809857,3,3,0.324875494110696,0
20230227,"Acapulco","Hard",FALSE,"Ben Shelton","Holger Rune",1535.80890557288,1731.85214988462,0,-196.043244311733,3,3,0.325165223246773,0
20220523,"Roland Garros","Clay",TRUE,"Sebastian Ofner","Alexander Zverev",1500,1696.03761673035,0,-196.037616730353,1,3,0.110572767668233,0
20230109,"Adelaide 2","Hard",FALSE,"Christopher Oconnell","Tommy Paul",1440.42014247229,1636.32669655883,0,-195.906554086533,3,3,0.325290949432048,0
20230807,"Canada Masters","Hard",FALSE,"Andy Murray","Jannik Sinner",1567.51425563389,1763.24109038803,0,-195.72683475414,3,3,0.325456291624094,0
20230508,"Rome Masters","Clay",FALSE,"Roman Safiullin","Sebastian Korda",1492.5447010141,1688.21473311362,1,-195.670032099524,3,3,0.325508559239588,0
20230828,"Us Open","Hard",TRUE,"Juan Manuel Cerundolo","Alejandro Davidovich Fokina",1455.05272840077,1650.36710032817,0,-195.314371927398,0,3,0.0822127723104382,0
20230522,"Lyon","Clay",FALSE,"Sebastian Baez","Cameron Norrie",1494.52473491416,1689.51701276663,0,-194.992277852465,3,3,0.326132537375422,0
20230417,"Barcelona","Clay",FALSE,"Daniel Evans","Karen Khachanov",1522.95309469866,1717.81619820422,1,-194.863103505559,2,3,0.257594423163294,0
20230828,"Us Open","Hard",TRUE,"Learner Tien","Frances Tiafoe",1488.37371838406,1682.91139069524,0,-194.537672311181,0,3,0.0826652505738134,0
20220509,"Rome Masters","Clay",FALSE,"Karen Khachanov","Stefanos Tsitsipas",1530.1074422914,1724.5235785072,0,-194.416136215793,3,3,0.326663450284511,0
20220620,"Mallorca","Grass",FALSE,"Daniel Altmaier","Sebastian Baez",1376.36960811633,1570.72843092789,1,-194.358822811561,1,3,0.199452949555045,0
20220808,"Canada Masters","Hard",FALSE,"Benoit Paire","Yoshihito Nishioka",1350.51049380959,1544.77586831092,0,-194.265374501324,0,1,0.202453279564026,0
20231126,"Davis Cup Finals F: AUS vs ITA","Hard",FALSE,"Alex De Minaur","Jannik Sinner",1737.0275272496,1931.22070301431,0,-194.193175764714,3,3,0.326869027098909,0
20231002,"Shanghai Masters","Hard",FALSE,"Yosuke Watanuki","Taylor Fritz",1525.22232308466,1719.29407851082,0,-194.071755426156,3,3,0.326981008599584,0
20220523,"Roland Garros","Clay",TRUE,"Bernabe Zapata Miralles","Taylor Fritz",1454.33199474383,1648.35081826823,1,-194.0188235244,1,3,0.112111124510097,0
20230619,"Queen's Club","Grass",FALSE,"Jordan Thompson","Cameron Norrie",1468.99337795729,1662.90348819435,0,-193.910110237054,3,3,0.327130118599081,0
20230703,"Wimbledon","Grass",TRUE,"Andy Murray","Stefanos Tsitsipas",1540.67795404738,1734.37404224598,0,-193.6960881986,3,3,0.197779908690284,0
20220718,"Hamburg","Clay",FALSE,"Jan Lennard Struff","Karen Khachanov",1399.82763788062,1593.41701627208,0,-193.589378391466,1,3,0.199968378242248,0
20220613,"Queen's Club","Grass",FALSE,"Ryan Peniston","Casper Ruud",1503.88531723942,1696.66367309249,1,-192.778355853075,0,1,0.203461476384194,0
20230424,"Madrid Masters","Clay",FALSE,"Yoshihito Nishioka","Andrey Rublev",1577.20304537201,1769.94881496364,0,-192.745769591632,1,3,0.200534634913275,0
20230717,"Bastad","Clay",FALSE,"Alexander Shevchenko","Casper Ruud",1511.01159101954,1703.60781288815,0,-192.596221868611,1,1,0.262945648087828,0
20230417,"Banja Luka","Clay",FALSE,"Alex Molcan","Andrey Rublev",1570.15120735395,1762.49719927416,0,-192.345991920216,3,3,0.32857474437012,0
20221010,"Gijon","Hard",FALSE,"Feliciano Lopez","Ilya Ivashka",1373.88854716667,1565.96646762523,0,-192.077920458563,0,2,0.176874142557025,0
20220606,"Stuttgart","Grass",FALSE,"Dominic Stricker","Stefanos Tsitsipas",1500,1692.02437530846,0,-192.024375308455,1,3,0.201019809518731,0
20230529,"Roland Garros","Clay",TRUE,"Jaume Munar","Francisco Cerundolo",1462.98318517527,1654.86539704502,0,-191.882211869751,1,3,0.11375959761579,0
20230424,"Madrid Masters","Clay",FALSE,"Zhizhen Zhang","Cameron Norrie",1508.73289371307,1700.35367181588,1,-191.620778102818,1,3,0.201291632303449,0
20230916,"Davis Cup WG1 R1: GRE vs SVK","Hard",FALSE,"Alex Molcan","Stefanos Tsitsipas",1530.64367491862,1722.1356654968,1,-191.491990578173,3,3,0.329364876537791,0
20230731,"Washington","Hard",FALSE,"Ugo Humbert","Grigor Dimitrov",1516.05119936796,1706.14276065233,0,-190.091561284371,2,3,0.261437469694855,0
20220926,"Tel Aviv","Hard",FALSE,"Liam Broady","Marin Cilic",1459.09888297783,1649.18465869792,0,-190.08577572009,0,3,0.153796613573441,0
20230619,"Halle","Grass",FALSE,"Richard Gasquet","Jannik Sinner",1529.10162069721,1719.04118206052,0,-189.939561363306,3,3,0.330803673596201,0
20220620,"Mallorca","Grass",FALSE,"Ilya Ivashka","Stefanos Tsitsipas",1523.74658345088,1713.43553215356,0,-189.688948702677,2,3,0.261763426798252,0
20230724,"Atlanta","Hard",FALSE,"Aleksandar Vukic","Taylor Fritz",1505.90786288968,1695.33862068574,0,-189.430757796054,2,3,0.261972597399616,0
20221024,"Vienna","Hard",FALSE,"Cristian Garin","Jannik Sinner",1510.89069154885,1699.91026283915,0,-189.019571290296,3,3,0.331657821630099,0
20220523,"Roland Garros","Clay",TRUE,"Botic Van De Zandschulp","Rafael Nadal",1577.40249226473,1766.16221383247,0,-188.759721567744,3,3,0.203881272455507,0
20230724,"Hamburg","Clay",FALSE,"Hugo Dellien","Cristian Garin",1404.22111898057,1592.63757075038,0,-188.416451769809,1,3,0.203459501837971,0
20230403,"Estoril","Clay",FALSE,"Bernabe Zapata Miralles","Hubert Hurkacz",1491.38831688949,1679.77733104187,1,-188.389014152377,1,3,0.203478139450852,0
20230116,"Australian Open","Hard",TRUE,"Yu Hsiou Hsu","Alex De Minaur",1500,1688.23022015117,0,-188.230220151167,2,3,0.155584762656138,0
20220613,"Halle","Grass",FALSE,"Benjamin Bonzi","Stefanos Tsitsipas",1511.33038608228,1699.4863648732,0,-188.155978790924,3,3,0.332460618089011,0
20220808,"Canada Masters","Hard",FALSE,"Adrian Mannarino","Jannik Sinner",1520.16185153133,1708.21412610862,0,-188.052274577288,3,3,0.332557087219797,0
20230320,"Miami Masters","Hard",FALSE,"Denis Shapovalov","Taylor Fritz",1565.44216703122,1753.2621942957,0,-187.820027264475,3,3,0.332773182375286,0
20220523,"Roland Garros","Clay",TRUE,"Soon Woo Kwon","Andrey Rublev",1485.57785024659,1673.37000372552,0,-187.792153478923,2,3,0.156028520228491,0
20230731,"Los Cabos","Hard",FALSE,"Dominik Koepfer","Alex De Minaur",1471.80176030401,1659.48685265645,0,-187.685092352439,2,3,0.263389655531322,0
20220829,"Us Open","Hard",TRUE,"Corentin Moutet","Casper Ruud",1513.27816537927,1700.50587852574,0,-187.227713146472,3,1,0.269178107129666,0
20230424,"Madrid Masters","Clay",FALSE,"Marco Cecchinato","Alex De Minaur",1498.35374306984,1685.33132179306,0,-186.97757872322,1,3,0.204438603077058,0
20230116,"Australian Open","Hard",TRUE,"Marton Fucsovics","Jannik Sinner",1503.7818878793,1690.59375769393,0,-186.811869814634,3,3,0.20632703527522,0
20230724,"Umag","Clay",FALSE,"Matteo Arnaldi","Jiri Lehecka",1456.78478801914,1643.46914141269,1,-186.684353393553,1,3,0.204638561203448,0
20220627,"Wimbledon","Grass",TRUE,"Stan Wawrinka","Jannik Sinner",1496.78122859758,1682.97854157849,0,-186.197312980913,1,3,0.118248877343739,0
20220829,"Us Open","Hard",TRUE,"Frances Tiafoe","Carlos Alcaraz",1578.23393099187,1764.39535969347,0,-186.161428701594,3,3,0.207148562740676,0
20230206,"Dallas","Hard",FALSE,"Marcos Giron","Taylor Fritz",1534.18361862718,1720.33171695727,0,-186.148098330083,3,3,0.334330905656782,0
20220418,"Barcelona","Clay",FALSE,"Ilya Ivashka","Stefanos Tsitsipas",1475.36152321222,1661.20064579749,0,-185.839122585265,2,3,0.264893482769561,0
20230116,"Australian Open","Hard",TRUE,"Jan Lennard Struff","Tommy Paul",1483.2241518514,1668.60957576552,0,-185.385423914125,1,3,0.118902390212403,0
20230417,"Barcelona","Clay",FALSE,"Denis Shapovalov","Stefanos Tsitsipas",1569.75597409715,1755.13802008343,0,-185.38204598627,3,3,0.335045841882616,0
20231023,"Basel","Hard",FALSE,"Tomas Martin Etcheverry","Sebastian Korda",1516.44226591633,1701.36915191071,1,-184.926885994379,1,3,0.205840068601149,0
20220418,"Belgrade ","Clay",FALSE,"Jiri Lehecka","Andrey Rublev",1491.86845668778,1676.64865467547,0,-184.780197987695,3,3,0.335608062175388,0
20230306,"Indian Wells Masters","Hard",FALSE,"Alejandro Tabilo","Frances Tiafoe",1505.44835816387,1689.93264250614,0,-184.484284342271,3,3,0.33588466300207,0
20230619,"Queen's Club","Grass",FALSE,"Ben Shelton","Lorenzo Musetti",1461.14326138762,1645.55764705544,0,-184.414385667815,3,3,0.33595001618501,0
20230306,"Indian Wells Masters","Hard",FALSE,"Stan Wawrinka","Jannik Sinner",1544.49015790409,1728.64453161478,0,-184.154373710688,1,3,0.206369853990725,0
20220627,"Wimbledon","Grass",TRUE,"Oscar Otte","Carlos Alcaraz",1581.92425616411,1765.63504559849,0,-183.710789434384,3,3,0.21026547925818,0
20221031,"Paris Masters","Hard",FALSE,"Corentin Moutet","Stefanos Tsitsipas",1532.72670184651,1716.27493968838,0,-183.548237841861,3,3,0.336760359285447,0
20230424,"Madrid Masters","Clay",FALSE,"Stan Wawrinka","Andrey Rublev",1575.74229074848,1759.28761094823,0,-183.545320199747,1,3,0.206788250947532,0
20230717,"Bastad","Clay",FALSE,"Matteo Arnaldi","Lorenzo Musetti",1478.99978776172,1662.32488179865,0,-183.325094036933,1,3,0.206939692368311,0
20221031,"Paris Masters","Hard",FALSE,"Lorenzo Sonego","Frances Tiafoe",1472.92941108589,1656.17829104636,0,-183.248879960465,3,3,0.337040653594583,0
20230828,"Us Open","Hard",TRUE,"Arthur Rinderknech","Matteo Berrettini",1467.82375743958,1651.01924392661,1,-183.195486487024,3,3,0.210925243435564,0
20230320,"Miami Masters","Hard",FALSE,"Daniel Altmaier","Ilya Ivashka",1346.55910947055,1529.69672313708,0,-183.137613666527,1,2,0.237419672731117,0
20230102,"Adelaide 1","Hard",FALSE,"Kyle Edmund","Jannik Sinner",1493.13911820253,1675.88181858679,0,-182.742700384253,0,3,0.157844798444025,0
20230529,"Roland Garros","Clay",TRUE,"Aslan Karatsev","Frances Tiafoe",1496.12236700186,1678.71968546839,0,-182.597318466535,3,3,0.211693003977299,0
20230925,"Astana","Hard",FALSE,"Hamad Medjedovic","Jiri Lehecka",1482.63700576256,1665.12574074362,1,-182.488734981058,2,3,0.26763688097283,0
20230913,"Davis Cup Finals RR: AUS vs GBR","Hard",FALSE,"Daniel Evans","Alex De Minaur",1552.75504506562,1735.12421551545,1,-182.369170449836,2,3,0.267735116504011,0
20230925,"Astana","Hard",FALSE,"Jurij Rodionov","Sebastian Baez",1465.91458328828,1648.16088594483,1,-182.246302656557,1,3,0.207682721486315,0
20230828,"Us Open","Hard",TRUE,"Sebastian Ofner","Frances Tiafoe",1492.65681642071,1674.69614266068,0,-182.039326239968,1,3,0.121628812510386,0
20231030,"Paris Masters","Hard",FALSE,"Lorenzo Musetti","Grigor Dimitrov",1614.4470073084,1796.44393615581,0,-181.996928847412,3,3,0.338214119078275,0
20230703,"Wimbledon","Grass",TRUE,"Yibing Wu","Frances Tiafoe",1523.94540419816,1705.93272268737,0,-181.987318489207,2,3,0.162006527168135,0
20221017,"Stockholm","Hard",FALSE,"Maxime Cressy","Stefanos Tsitsipas",1530.84956139972,1712.56465224792,0,-181.715090848199,3,3,0.338478563844452,0
20230116,"Australian Open","Hard",TRUE,"Cristian Garin","Sebastian Korda",1503.33131485442,1684.87554119271,0,-181.544226338294,3,3,0.213049631052899,0
20220801,"Los Cabos","Hard",FALSE,"Radu Albot","Cameron Norrie",1484.81280142938,1666.20111779501,0,-181.388316365624,1,3,0.208275072830822,0
20231030,"Paris Masters","Hard",FALSE,"Alexander Bublik","Grigor Dimitrov",1623.12393162942,1804.23418553018,0,-181.110253900756,3,3,0.339046414689978,0
20230731,"Washington","Hard",FALSE,"Jordan Thompson","Taylor Fritz",1536.93149680378,1718.03361298697,0,-181.102116183189,3,3,0.339054057945142,0
20220815,"Cincinnati Masters","Hard",FALSE,"Thanasi Kokkinakis","Jannik Sinner",1534.99511289963,1715.80503208809,0,-180.809919188458,1,3,0.208675098674937,0
20221017,"Stockholm","Hard",FALSE,"Benjamin Bonzi","Alex De Minaur",1461.92514579467,1642.14999094288,0,-180.224845148218,3,3,0.339878515897429,0
20230920,"Chengdu","Hard",FALSE,"Christopher Oconnell","Grigor Dimitrov",1515.27340191086,1695.20634800076,0,-179.932946089892,3,3,0.340153057742267,0
20230320,"Miami Masters","Hard",FALSE,"Marton Fucsovics","Holger Rune",1537.56739083878,1717.32561682484,0,-179.758225986062,3,3,0.340317439844174,0
20220815,"Cincinnati Masters","Hard",FALSE,"Borna Coric","Stefanos Tsitsipas",1514.77118699036,1694.52938082871,1,-179.758193838343,1,3,0.209403932310971,0
20220801,"Washington","Hard",FALSE,"Dominik Koepfer","Karen Khachanov",1421.07075195199,1600.82861692852,0,-179.757864976527,2,3,0.269886290430506,0
20230213,"Buenos Aires","Clay",FALSE,"Facundo Diaz Acosta","Cameron Norrie",1513.88374671287,1693.61193723658,0,-179.728190523701,2,3,0.269910798534732,0
20220801,"Washington","Hard",FALSE,"Yoshihito Nishioka","Nick Kyrgios",1552.64568085677,1732.25396277274,0,-179.608281915966,1,3,0.209507971794559,0
20230619,"Queen's Club","Grass",FALSE,"Diego Schwartzman","Alex De Minaur",1462.87876028226,1642.23735487839,0,-179.358594596125,1,3,0.209681340131545,0
20221003,"Astana","Hard",FALSE,"Pavel Kotov","Roberto Bautista Agut",1473.97368909742,1652.73168808946,0,-178.757998992038,3,3,0.341259223628701,0
20220725,"Atlanta","Hard",FALSE,"James Duckworth","Alex De Minaur",1425.08428722732,1603.72087022978,0,-178.636583002465,3,3,0.341373630773335,0
20230717,"Gstaad","Clay",FALSE,"Zizou Bergs","Laslo Djere",1381.72150880727,1560.3050260592,1,-178.583517251933,1,1,0.274485308641763,0
20221024,"Vienna","Hard",FALSE,"Marcos Giron","Cameron Norrie",1455.80812790616,1634.33568164139,1,-178.52755373523,3,3,0.341476381971731,0
20220620,"Eastbourne","Grass",FALSE,"Maxime Cressy","Cameron Norrie",1462.7694642238,1641.27922018064,1,-178.509755956843,3,3,0.341493156341008,0
20220613,"Queen's Club","Grass",FALSE,"Denis Kudla","Matteo Berrettini",1429.58162334978,1607.74270497785,0,-178.16108162807,0,3,0.160414212104268,0
20221003,"Tokyo","Hard",FALSE,"Soon Woo Kwon","Alex De Minaur",1486.37973198035,1664.22098475103,1,-177.84125277068,2,3,0.271472096285475,0
20220918,"Davis Cup Finals RR: ESP vs KOR","Hard",FALSE,"Seong Chan Hong","Roberto Bautista Agut",1467.12337862365,1644.73808515774,0,-177.614706534093,0,3,0.160722871660711,0
20220627,"Wimbledon","Grass",TRUE,"Daniel Elahi Galan","Roberto Bautista Agut",1470.83304859697,1648.39915312087,1,-177.566104523907,3,3,0.21823148099671,0
20230306,"Indian Wells Masters","Hard",FALSE,"Taro Daniel","Matteo Berrettini",1494.86485874165,1672.00200070031,1,-177.137141958652,1,3,0.211228426953564,0
20230410,"Monte Carlo Masters","Clay",FALSE,"Stan Wawrinka","Taylor Fritz",1591.42150468985,1768.31713153153,0,-176.895626841684,1,3,0.211397128128263,0
20231113,"Tour Finals","Hard",FALSE,"Jannik Sinner","Novak Djokovic",1869.29975053425,2046.05894456658,1,-176.75919403232,3,3,0.343144990463309,0
20230703,"Wimbledon","Grass",TRUE,"Christopher Eubanks","Stefanos Tsitsipas",1565.222196903,1741.78221547113,1,-176.560018568128,3,3,0.21955629715602,0
20230306,"Indian Wells Masters","Hard",FALSE,"Alex Molcan","Borna Coric",1478.30319221503,1654.84626225698,1,-176.543070041953,3,1,0.426342564272054,0
20230814,"Cincinnati Masters","Hard",FALSE,"Alexander Zverev","Novak Djokovic",1785.12820856967,1961.62503759566,0,-176.496829025984,3,3,0.343392887424219,0
20231023,"Basel","Hard",FALSE,"Jan Lennard Struff","Hubert Hurkacz",1576.06575754488,1752.44405787022,0,-176.378300325336,1,3,0.211758818625524,0
20230203,"Davis Cup QLS R1: USA vs UZB","Hard",FALSE,"Khumoun Sultanov","Tommy Paul",1500,1676.28785775267,0,-176.287857752673,0,3,0.161474437117176,0
20231123,"Davis Cup Finals QF: SRB vs GBR","Hard",FALSE,"Miomir Kecmanovic","Jack Draper",1491.16766998897,1667.42528857075,1,-176.257618581778,3,3,0.343618981101299,0
20231023,"Vienna","Hard",FALSE,"Alexandre Muller","Tommy Paul",1482.12427391306,1658.30271398755,0,-176.178440074487,3,3,0.343693833590391,0
20220815,"Cincinnati Masters","Hard",FALSE,"Holger Rune","Cameron Norrie",1498.3675177311,1674.54134972935,0,-176.173831998242,3,3,0.343698190137703,0
20230619,"Halle","Grass",FALSE,"Dominic Thiem","Alexander Zverev",1521.46025733716,1697.43692804994,0,-175.976670712786,1,3,0.212039931195193,0
20230102,"Pune","Hard",FALSE,"Tallon Griekspoor","Marin Cilic",1458.49257350573,1634.36264648492,1,-175.870072979191,3,3,0.343985426648439,0
20230529,"Roland Garros","Clay",TRUE,"Thanasi Kokkinakis","Karen Khachanov",1529.68528646367,1705.27665735588,0,-175.591370892204,1,3,0.12703463034064,0
20230703,"Wimbledon","Grass",TRUE,"Jannik Sinner","Novak Djokovic",1732.25127320969,1907.6328483781,0,-175.381575168401,3,3,0.221115411387201,0
20230109,"Auckland","Hard",FALSE,"Laslo Djere","Casper Ruud",1512.70748805913,1688.05913252325,1,-175.351644464125,1,1,0.277191041006588,0
20230102,"Adelaide 1","Hard",FALSE,"Yoshihito Nishioka","Holger Rune",1590.27784913716,1765.60526462035,1,-175.327415483192,1,3,0.212494940982645,0
20220829,"Us Open","Hard",TRUE,"Holger Rune","Cameron Norrie",1509.91892993762,1685.14736320588,0,-175.228433268255,3,3,0.221318603522513,0
20230920,"Chengdu","Hard",FALSE,"Juan Pablo Varillas","Grigor Dimitrov",1517.40785290263,1692.61631186807,0,-175.208458965437,1,3,0.212578385091492,0
20230320,"Miami Masters","Hard",FALSE,"Federico Coria","Jiri Lehecka",1443.46468347627,1618.62757143113,0,-175.162887954863,1,3,0.212610358002472,0
20230116,"Australian Open","Hard",TRUE,"Filip Krajinovic","Holger Rune",1561.69753372989,1736.63790357603,0,-174.940369846135,3,3,0.221701174627212,0
20230213,"Buenos Aires","Clay",FALSE,"Juan Pablo Varillas","Cameron Norrie",1530.96591459966,1705.79998732628,0,-174.834072726618,1,3,0.212841160899239,0
20220516,"Geneva","Clay",FALSE,"Benoit Paire","Emil Ruusuvuori",1373.2505940764,1548.03828082249,1,-174.787686746095,0,3,0.162327592327391,0
20220919,"Metz","Hard",FALSE,"Arthur Rinderknech","Hubert Hurkacz",1470.04204138582,1644.59310212904,0,-174.551060743222,3,3,0.345234014858232,0
20220829,"Us Open","Hard",TRUE,"Brandon Nakashima","Jannik Sinner",1546.22103524964,1720.5858121399,0,-174.36477689026,3,3,0.222467023640067,0
20231016,"Tokyo","Hard",FALSE,"Cameron Norrie","Taylor Fritz",1552.63711773,1726.69019409189,0,-174.053076361891,3,3,0.345705967917332,0
20230927,"Beijing","Hard",FALSE,"Alejandro Davidovich Fokina","Alexander Zverev",1651.87730050802,1825.60607733435,0,-173.728776826329,3,3,0.346013478755982,0
20220801,"Washington","Hard",FALSE,"Frances Tiafoe","Nick Kyrgios",1566.80785353577,1740.12377531859,0,-173.315921782828,3,3,0.346405146925268,0
20230204,"Davis Cup QLS R1: BEL vs KOR","Hard",FALSE,"Zizou Bergs","Soon Woo Kwon",1391.48447091122,1564.72184412813,1,-173.237373216914,1,2,0.24501394489471,0
20220815,"Cincinnati Masters","Hard",FALSE,"Ben Shelton","Cameron Norrie",1516.67214116512,1689.81008179598,0,-173.137940630863,3,3,0.346574058712836,0
20230731,"Washington","Hard",FALSE,"Aslan Karatsev","Frances Tiafoe",1522.54670868772,1695.50284091424,0,-172.956132226526,3,3,0.346746642652245,0
20230213,"Rotterdam","Hard",FALSE,"Aslan Karatsev","Grigor Dimitrov",1422.80976974128,1595.7131824472,0,-172.903412705917,3,3,0.346796694868816,0
20221031,"Paris Masters","Hard",FALSE,"Mikael Ymer","Felix Auger Aliassime",1594.29779946172,1767.08631383561,0,-172.788514373894,3,3,0.34690579174713,0
20231030,"Paris Masters","Hard",FALSE,"Dusan Lajovic","Alex De Minaur",1537.01238636877,1709.63713265495,0,-172.624746286174,1,3,0.214396676468365,0
20230612,"Stuttgart","Grass",FALSE,"Marton Fucsovics","Taylor Fritz",1559.56115729632,1731.77732325139,1,-172.21616595507,3,3,0.347449480599799,0
20230109,"Auckland","Hard",FALSE,"Jiri Lehecka","Cameron Norrie",1501.30500001775,1673.4181788569,0,-172.113178839145,3,3,0.347547353067066,0
20230320,"Miami Masters","Hard",FALSE,"Richard Gasquet","Stefanos Tsitsipas",1585.66530251737,1757.71519961185,0,-172.049897094483,3,3,0.347607498440759,0
20230109,"Auckland","Hard",FALSE,"Marcos Giron","Cameron Norrie",1509.77241694304,1681.54102018228,0,-171.768603239239,3,3,0.347874909626412,0
20231106,"Metz","Hard",FALSE,"Harold Mayot","Ugo Humbert",1501.0491433617,1672.56662697658,0,-171.517483614885,3,2,0.38899625861673,0
20230417,"Barcelona","Clay",FALSE,"Pedro Cachin","Gijs Brouwer",1409.35800845653,1580.73072141021,1,-171.372712953681,1,3,0.215281855001623,0
20220801,"Washington","Hard",FALSE,"Reilly Opelka","Nick Kyrgios",1540.61826326321,1711.81296501185,0,-171.194701748632,1,3,0.215407922736319,0
20231016,"Tokyo","Hard",FALSE,"Zhizhen Zhang","Hubert Hurkacz",1581.22242640489,1752.17499530978,1,-170.952568904895,1,3,0.215579487441263,0
20231023,"Vienna","Hard",FALSE,"Stefanos Tsitsipas","Daniil Medvedev",1696.94045987707,1867.83023204094,0,-170.889772163875,3,3,0.34871098530938,0
20220829,"Us Open","Hard",TRUE,"Alexei Popyrin","Diego Schwartzman",1394.49322689014,1565.01864031832,0,-170.525413428183,1,1,0.177000170759854,0
20230213,"Delray Beach","Hard",FALSE,"Adrian Mannarino","Taylor Fritz",1551.91663594476,1722.21039885515,0,-170.293762910393,3,3,0.349278529342466,0
20220411,"Monte Carlo Masters","Clay",FALSE,"Alejandro Davidovich Fokina","Taylor Fritz",1476.85368091346,1647.12474840106,1,-170.271067487601,3,3,0.349300149296812,0
20220502,"Madrid Masters","Clay",FALSE,"Daniel Evans","Andrey Rublev",1497.77670183904,1667.90562221937,0,-170.128920380339,2,3,0.277912043632862,0
20220307,"Indian Wells Masters","Hard",FALSE,"Sebastian Korda","Rafael Nadal",1540.81768987877,1710.90081755192,0,-170.083127673152,3,3,0.349479207016226,0
20231016,"Tokyo","Hard",FALSE,"Alexei Popyrin","Karen Khachanov",1536.12009203571,1706.12379532076,1,-170.003703285051,1,3,0.216252766760878,0
20230417,"Munich","Clay",FALSE,"Aslan Karatsev","Botic Van De Zandschulp",1403.36561769533,1573.31773069964,0,-169.952113004304,3,3,0.349604055012509,0
20230220,"Marseille","Hard",FALSE,"Alexander Ritschard","Alex De Minaur",1510.19767138372,1679.87148542966,0,-169.673814045936,0,3,0.165263197221857,0
20220307,"Indian Wells Masters","Hard",FALSE,"Dominik Koepfer","Andrey Rublev",1487.06191294821,1656.72539760752,0,-169.663484659309,2,3,0.278303684929264,0
20221024,"Basel","Hard",FALSE,"Aslan Karatsev","Alexander Bublik",1418.12604906805,1587.65894260229,0,-169.532893534239,3,3,0.350003680924666,0
20220425,"Munich","Clay",FALSE,"Holger Rune","Alexander Zverev",1449.06545083613,1618.58938573953,1,-169.523934903404,3,3,0.350012223146353,0
20220918,"Davis Cup Finals RR: GBR vs KAZ","Hard",FALSE,"Alexander Bublik","Cameron Norrie",1521.76483945206,1690.81058786644,1,-169.045748414379,3,3,0.350468322408574,0
20220926,"Seoul","Hard",FALSE,"Yoshihito Nishioka","Casper Ruud",1568.4649026599,1737.25284765611,1,-168.787944996215,1,1,0.282736497293386,0
20221003,"Tokyo","Hard",FALSE,"Yasutaka Uchiyama","Frances Tiafoe",1500,1668.66627420133,0,-168.666274201328,0,3,0.165846568262357,0
20230529,"Roland Garros","Clay",TRUE,"Karen Khachanov","Novak Djokovic",1713.52208437298,1882.05704879486,0,-168.534964421885,3,3,0.230330032478973,0
20221017,"Antwerp","Hard",FALSE,"Marcos Giron","Sebastian Korda",1478.06395591597,1646.4506517143,0,-168.386695798337,3,3,0.351097381698638,0
20220829,"Us Open","Hard",TRUE,"Ilya Ivashka","Jannik Sinner",1547.116747202,1715.49683141674,0,-168.380084214734,2,3,0.176742240366778,0
20220919,"Metz","Hard",FALSE,"Lorenzo Sonego","Hubert Hurkacz",1485.37904929898,1652.63308363378,1,-167.254034334797,3,3,0.352179704408002,0
20230206,"Montpellier","Hard",FALSE,"Nikoloz Basilashvili","Constant Lestienne",1401.90155749026,1568.98819568389,1,-167.086638193636,3,0,0.479674349188042,0
20230529,"Roland Garros","Clay",TRUE,"Pedro Cachin","Borna Coric",1472.40037051899,1639.46785095933,0,-167.067480440335,1,1,0.180913027680407,0
20230626,"Eastbourne","Grass",FALSE,"Mackenzie Mcdonald","Taylor Fritz",1529.68698181934,1696.69969402942,1,-167.012712210076,3,3,0.35241049821829,0
20230206,"Montpellier","Hard",FALSE,"Marc Andrea Huesler","Holger Rune",1571.06320849669,1737.83648311977,0,-166.773274623084,2,3,0.280743228896058,0
20230529,"Roland Garros","Clay",TRUE,"Francisco Cerundolo","Holger Rune",1643.91221671733,1810.55900527828,0,-166.646788560953,3,3,0.232918091759272,0
20231113,"Tour Finals","Hard",FALSE,"Jannik Sinner","Novak Djokovic",1862.09625422022,2028.32452263954,0,-166.22826841932,3,3,0.353161194229048,0
20221003,"Tokyo","Hard",FALSE,"Soon Woo Kwon","Frances Tiafoe",1494.72682599054,1660.31918019113,0,-165.592354200589,2,3,0.281743753557176,0
20230925,"Astana","Hard",FALSE,"Alibek Kachmazov","Adrian Mannarino",1500.02542437347,1665.52240148016,0,-165.496977106691,0,3,0.167692366336399,0
20230204,"Davis Cup QLS R1: CRO vs AUT","Hard",FALSE,"Dennis Novak","Borna Coric",1468.00010915124,1633.49253473482,0,-165.492425583587,0,1,0.222624545737531,0
20230203,"Davis Cup QLS R1: GER vs SUI","Hard",FALSE,"Stan Wawrinka","Alexander Zverev",1488.05090233979,1653.42060076736,0,-165.369698427567,1,3,0.219562734145334,0
20230703,"Wimbledon","Grass",TRUE,"Tomas Machac","Cameron Norrie",1493.83338301555,1658.98304534925,0,-165.149662333699,1,3,0.136223297257281,0
20220801,"Los Cabos","Hard",FALSE,"Rinky Hijikata","Daniil Medvedev",1485.02794183742,1650.07815088008,0,-165.050209042659,3,3,0.354289933331807,0
20230116,"Australian Open","Hard",TRUE,"Thiago Monteiro","Constant Lestienne",1406.93344498215,1571.98266823669,0,-165.049223254544,1,0,0.211014251090744,0
20231016,"Stockholm","Hard",FALSE,"Dino Prizmic","Jiri Lehecka",1464.23141032725,1629.05517602152,1,-164.823765694273,1,3,0.219955069624878,0
20230410,"Monte Carlo Masters","Clay",FALSE,"Holger Rune","Daniil Medvedev",1727.10239666428,1891.4263852849,1,-164.323988620626,3,3,0.354986560471506,0
20230925,"Astana","Hard",FALSE,"Egor Gerasimov","Jiri Lehecka",1478.94063077146,1642.89967358989,0,-163.95904281843,0,3,0.168593953971098,0
20221024,"Basel","Hard",FALSE,"Jack Draper","Carlos Alcaraz",1600.01033619332,1763.93761004871,0,-163.927273855387,3,3,0.35536736921463,0
20221124,"Davis Cup Finals QF: GER vs CAN","Hard",FALSE,"Jan Lennard Struff","Denis Shapovalov",1461.6331166558,1625.44548889642,1,-163.812372240618,1,3,0.220683238625368,0
20231002,"Shanghai Masters","Hard",FALSE,"Fabian Marozsan","Casper Ruud",1517.21349358669,1681.01882178504,1,-163.805328198347,1,1,0.286990722182959,0
20230424,"Madrid Masters","Clay",FALSE,"Cristian Garin","Taylor Fritz",1589.36528652767,1753.15610774314,0,-163.79082121547,3,3,0.355498393237693,0
20230320,"Miami Masters","Hard",FALSE,"Diego Schwartzman","Yibing Wu",1431.52002654826,1595.0802769497,1,-163.56025040144,1,2,0.25259402770855,0
20220916,"Davis Cup Finals RR: ITA vs ARG","Hard",FALSE,"Francisco Cerundolo","Jannik Sinner",1563.61568064223,1727.09701329588,0,-163.481332653657,3,3,0.355795649383453,0
20221024,"Basel","Hard",FALSE,"Alexander Bublik","Felix Auger Aliassime",1584.31837243803,1747.77883615444,0,-163.460463716417,3,3,0.355815697488985,0
20231023,"Vienna","Hard",FALSE,"Karen Khachanov","Daniil Medvedev",1696.04215694198,1859.40561934009,0,-163.363462398101,3,3,0.355908890120112,0
20230529,"Roland Garros","Clay",TRUE,"Zhizhen Zhang","Casper Ruud",1533.39856779301,1696.52294575522,0,-163.12437796221,1,1,0.18545674167969,0
20230410,"Monte Carlo Masters","Clay",FALSE,"Francisco Cerundolo","Cameron Norrie",1565.6204725953,1728.27360742661,1,-162.653134831312,3,3,0.356591659563351,0
20220523,"Roland Garros","Clay",TRUE,"Holger Rune","Stefanos Tsitsipas",1563.46010390785,1725.9779619184,1,-162.517858010555,3,3,0.238647737292026,0
20230703,"Wimbledon","Grass",TRUE,"Jan Choinski","Hubert Hurkacz",1474.74017991582,1637.03353830136,0,-162.293358385544,0,3,0.103554258281303,0
20220523,"Roland Garros","Clay",TRUE,"Tomas Martin Etcheverry","Miomir Kecmanovic",1448.5190284383,1610.66211626699,0,-162.14308782869,1,3,0.138970918717076,0
20230828,"Us Open","Hard",TRUE,"Jiri Vesely","Francisco Cerundolo",1479.62051085514,1641.74453103593,1,-162.124020180783,2,3,0.183862360508398,0
20230724,"Umag","Clay",FALSE,"Flavio Cobolli","Marin Cilic",1450.24821337253,1612.3580208291,1,-162.109807456562,1,3,0.221912926508108,0
20220613,"Queen's Club","Grass",FALSE,"Sam Querrey","Diego Schwartzman",1454.75490274428,1616.77570547017,1,-162.020802725884,0,1,0.22515284389289,0
20230227,"Acapulco","Hard",FALSE,"John Isner","Taylor Fritz",1580.4171686311,1742.36473713254,0,-161.947568501445,3,3,0.35727042990664,0
20220502,"Madrid Masters","Clay",FALSE,"Cameron Norrie","Carlos Alcaraz",1602.56437731057,1764.396321449,0,-161.831944138427,3,3,0.357381717815285,0
20231016,"Tokyo","Hard",FALSE,"Diego Schwartzman","Francisco Cerundolo",1490.3903121389,1652.19323763673,1,-161.802925497825,1,3,0.222135094099994,0
20230102,"United Cup","Hard",FALSE,"Viktor Durasovic","Lorenzo Musetti",1436.66809596966,1598.28189340436,0,-161.613797434705,1,3,0.222272092727646,0
20230508,"Rome Masters","Clay",FALSE,"David Goffin","Alexander Zverev",1477.52397663758,1639.00356256717,0,-161.479585929587,3,3,0.357720955778804,0
20230703,"Wimbledon","Grass",TRUE,"Laslo Djere","Stefanos Tsitsipas",1558.30979548467,1719.75431967756,0,-161.44452419289,1,3,0.139615932445737,0
20230828,"Us Open","Hard",TRUE,"Radu Albot","Jack Draper",1471.16120715446,1632.47809113662,0,-161.31688398216,1,3,0.139734058750195,0
20230807,"Canada Masters","Hard",FALSE,"Max Purcell","Andy Murray",1398.99947978596,1560.17110508722,0,-161.17162530126,0,3,0.170237872233569,0
20230417,"Munich","Clay",FALSE,"Botic Van De Zandschulp","Holger Rune",1617.71344267315,1778.81717053651,0,-161.103727863359,3,3,0.358082975736782,0
20230227,"Acapulco","Hard",FALSE,"Michael Mmoh","Tommy Paul",1514.31203884429,1675.1207717017,0,-160.808732857415,3,3,0.358367223220642,0
20220117,"Australian Open","Hard",TRUE,"Marcos Giron","Rafael Nadal",1469.95346587504,1630.40240101667,0,-160.448935141628,3,3,0.241554892966459,0
20230913,"Davis Cup Finals RR: CRO vs USA","Hard",FALSE,"Borna Gojo","Frances Tiafoe",1529.87138247295,1690.29257027758,1,-160.421187804629,2,3,0.286150394300379,0
20230925,"Astana","Hard",FALSE,"Hamad Medjedovic","Laslo Djere",1470.62760842362,1630.87047111288,1,-160.242862689263,2,1,0.363132877188372,0
20230703,"Wimbledon","Grass",TRUE,"Michael Mmoh","Felix Auger Aliassime",1483.34979878597,1643.46986331807,1,-160.120064532106,3,3,0.242019223366919,0
20221126,"Davis Cup Finals SF: ITA vs CAN","Hard",FALSE,"Lorenzo Musetti","Felix Auger Aliassime",1596.18690548363,1756.15274890799,0,-159.965843424362,3,3,0.359179951886377,0
20230703,"Wimbledon","Grass",TRUE,"Thiago Monteiro","Christopher Eubanks",1440.11220686589,1599.91435230961,0,-159.802145443726,1,3,0.14114229249527,0
20230912,"Davis Cup Finals RR: SWE vs CHI","Hard",FALSE,"Elias Ymer","Nicolas Jarry",1482.14286359087,1641.92381365175,0,-159.780950060879,1,3,0.223602876739974,0
20230914,"Davis Cup Finals RR: AUS vs FRA","Hard",FALSE,"Ugo Humbert","Alex De Minaur",1553.20810373834,1712.90211307881,0,-159.694009340468,2,3,0.286773365742583,0
20221024,"Vienna","Hard",FALSE,"Francisco Cerundolo","Jannik Sinner",1531.82504484797,1691.35116844776,0,-159.526123599791,3,3,0.359604258762475,0
20221031,"Paris Masters","Hard",FALSE,"Sebastian Baez","Karen Khachanov",1463.92132927412,1623.43965577205,0,-159.51832649793,3,3,0.359611784545696,0
20230220,"Doha","Hard",FALSE,"Andy Murray","Daniil Medvedev",1629.57473911437,1789.02341187126,0,-159.448672756894,3,3,0.359679017583187,0
20230927,"Beijing","Hard",FALSE,"Nicolas Jarry","Alexander Zverev",1657.80931283485,1817.03645081606,0,-159.22713798121,3,3,0.359892889885764,0
20220613,"Queen's Club","Grass",FALSE,"Liam Broady","Marin Cilic",1459.55227949621,1618.61540117445,0,-159.063121678235,0,3,0.171489836739341,0
20230227,"Dubai","Hard",FALSE,"Christopher Oconnell","Alexander Zverev",1474.13313720412,1633.17316551542,0,-159.040028311295,3,3,0.360073571137891,0
20230814,"Cincinnati Masters","Hard",FALSE,"Lorenzo Musetti","Daniil Medvedev",1683.18669894856,1842.12067101129,0,-158.933972062731,3,3,0.360176001286426,0
20230703,"Wimbledon","Grass",TRUE,"Mikael Ymer","Taylor Fritz",1516.13464731852,1674.99761867441,1,-158.86297135589,3,3,0.243799699324267,0
20230220,"Rio De Janeiro","Clay",FALSE,"Thiago Monteiro","Dominic Thiem",1390.7770720122,1549.07815500593,1,-158.301082993732,1,1,0.291734497412443,0
20220418,"Belgrade ","Clay",FALSE,"Taro Daniel","Andrey Rublev",1492.2196154945,1650.45844323542,0,-158.238827740921,1,3,0.224726959798982,0
20220418,"Belgrade ","Clay",FALSE,"Novak Djokovic","Andrey Rublev",1500.84534774995,1659.06293944667,0,-158.217591696725,3,3,0.360868221464217,0
20220502,"Madrid Masters","Clay",FALSE,"Jack Draper","Andrey Rublev",1517.94548797313,1676.09630036743,0,-158.1508123943,3,3,0.360932778128395,0
20220627,"Wimbledon","Grass",TRUE,"Albert Ramos","Casper Ruud",1491.42292586364,1649.49335784954,0,-158.070431985898,1,1,0.191408697262438,0
20220916,"Davis Cup Finals RR: ITA vs ARG","Hard",FALSE,"Sebastian Baez","Matteo Berrettini",1506.53272363314,1664.0497353157,0,-157.517011682558,3,3,0.361545733765713,0
20230703,"Wimbledon","Grass",TRUE,"Daniel Elahi Galan","Yoshihito Nishioka",1430.11881418273,1587.57187743195,1,-157.453063249216,3,1,0.316590375396551,0
20230731,"Washington","Hard",FALSE,"Michael Mmoh","Hubert Hurkacz",1504.81160358875,1661.67928821966,1,-156.867684630914,3,3,0.362174172838351,0
20230508,"Rome Masters","Clay",FALSE,"Marton Fucsovics","Cameron Norrie",1520.97947434761,1677.8286932348,0,-156.849218887192,3,3,0.362192051469169,0
20230206,"Dallas","Hard",FALSE,"Chun Hsin Tseng","John Isner",1393.57135613841,1550.38979130656,0,-156.818435168146,0,3,0.172830674639447,0
20230731,"Los Cabos","Hard",FALSE,"Borna Coric","Stefanos Tsitsipas",1590.50831659188,1747.29883043197,0,-156.790513840096,1,3,0.225786312957157,0
20230731,"Los Cabos","Hard",FALSE,"Felipe Meligeni Alves","Tommy Paul",1471.29752435885,1628.05553307922,0,-156.758008720371,2,3,0.289296853970347,0
20230814,"Cincinnati Masters","Hard",FALSE,"Lorenzo Sonego","Taylor Fritz",1556.64564430975,1713.2954214772,0,-156.649777167448,3,3,0.362385176293337,0
20220801,"Los Cabos","Hard",FALSE,"Tomas Martin Etcheverry","Jason Kubler",1383.1084093174,1539.40547560929,0,-156.297066291883,1,3,0.226148046602958,0
20230717,"Bastad","Clay",FALSE,"Alex Molcan","Alexander Zverev",1547.02435062718,1703.28920304193,0,-156.264852414751,3,3,0.36275803496506,0
20220801,"Washington","Hard",FALSE,"Emil Ruusuvuori","Hubert Hurkacz",1494.94265561772,1651.19316595665,1,-156.250510338935,3,3,0.362771930659256,0
20220926,"Sofia","Hard",FALSE,"Marc Andrea Huesler","Pablo Carreno Busta",1488.02881272252,1644.19822759245,1,-156.169414869931,2,3,0.289804331121096,0
20220815,"Cincinnati Masters","Hard",FALSE,"Borna Coric","Cameron Norrie",1536.90638321352,1692.55235201192,1,-155.645968798397,1,3,0.226625976718506,0
20231023,"Vienna","Hard",FALSE,"Tomas Machac","Stefanos Tsitsipas",1533.17041417543,1688.77583512309,0,-155.605420947655,1,3,0.22665576397652,0
20220509,"Rome Masters","Clay",FALSE,"Filip Krajinovic","Jannik Sinner",1497.04682430108,1652.55547303194,0,-155.50864873086,3,3,0.363491014799625,0
20230410,"Monte Carlo Masters","Clay",FALSE,"Nicolas Jarry","Stefanos Tsitsipas",1591.1668804572,1746.4279513506,0,-155.261070893396,3,3,0.363731127266349,0
20220627,"Wimbledon","Grass",TRUE,"Lorenzo Musetti","Taylor Fritz",1507.47345020363,1662.50627219679,0,-155.032821993165,3,3,0.249279017454718,0
20230102,"Adelaide 1","Hard",FALSE,"Pedro Cachin","Karen Khachanov",1488.11613984233,1642.69174622411,0,-154.575606381784,1,3,0.227413213865225,0
20230522,"Lyon","Clay",FALSE,"Juan Pablo Varillas","Francisco Cerundolo",1465.27929451842,1618.85069874129,0,-153.571404222873,1,3,0.2281535437251,0
20230529,"Roland Garros","Clay",TRUE,"Albert Ramos","Stan Wawrinka",1395.32713328717,1548.69940762165,0,-153.372274334486,1,1,0.197071413965532,0
20230320,"Miami Masters","Hard",FALSE,"Zizou Bergs","Thanasi Kokkinakis",1389.03825462241,1542.11325570841,0,-153.075001086,1,1,0.296280938708867,0
20230703,"Wimbledon","Grass",TRUE,"Gijs Brouwer","Alexander Zverev",1541.48692360139,1694.49888998309,0,-153.011966381702,3,3,0.25220294546076,0
20230619,"Queen's Club","Grass",FALSE,"Lorenzo Musetti","Holger Rune",1654.34977542317,1807.31100171448,0,-152.961226291313,3,3,0.365964855559856,0
20231106,"Metz","Hard",FALSE,"Fabio Fognini","Alexander Bublik",1462.36576728295,1615.30420914058,1,-152.938441857623,1,3,0.228621055256647,0
20230717,"Newport","Grass",FALSE,"Ugo Humbert","Adrian Mannarino",1444.45908592347,1597.38902404013,0,-152.929938116656,2,3,0.292606765967566,0
20230417,"Munich","Clay",FALSE,"Christopher Oconnell","Alexander Zverev",1493.43822219251,1646.33874959375,1,-152.900527401242,3,3,0.366023888105504,0
20220411,"Monte Carlo Masters","Clay",FALSE,"Alejandro Davidovich Fokina","Stefanos Tsitsipas",1467.60923506084,1620.44877102444,0,-152.839535963603,3,3,0.366083209220933,0
20220606,"Stuttgart","Grass",FALSE,"Andy Murray","Stefanos Tsitsipas",1560.44061733187,1713.22595245058,1,-152.785335118713,3,3,0.366135929120521,0
20220718,"Gstaad","Clay",FALSE,"Jaume Munar","Casper Ruud",1518.45519138571,1671.23460662629,0,-152.779415240579,1,1,0.296539307152378,0
20230724,"Umag","Clay",FALSE,"Federico Coria","Stan Wawrinka",1449.4396570095,1602.18173635453,0,-152.742079345021,1,1,0.29657195133103,0
20230508,"Rome Masters","Clay",FALSE,"Casper Ruud","Holger Rune",1649.84279725978,1802.38645654768,0,-152.543659287895,1,3,0.228912986229306,0
20230116,"Australian Open","Hard",TRUE,"Lorenzo Sonego","Hubert Hurkacz",1504.69586751268,1657.10480624839,0,-152.40893873571,3,3,0.253079841984876,0
20221003,"Astana","Hard",FALSE,"Albert Ramos","Daniil Medvedev",1542.22015228067,1694.32742216026,0,-152.107269879594,1,3,0.229235989209045,0
20231016,"Stockholm","Hard",FALSE,"Leo Borg","Laslo Djere",1450.91869009357,1602.83507021671,0,-151.916380123137,1,1,0.297294422121943,0
20230920,"Zhuhai","Hard",FALSE,"Yoshihito Nishioka","Karen Khachanov",1545.08778540227,1696.90454567432,0,-151.816760272043,1,3,0.229451193596005,0
20220523,"Roland Garros","Clay",TRUE,"Jason Kubler","Cameron Norrie",1500,1651.54132848573,0,-151.541328485726,3,3,0.254345014774618,0
20230717,"Bastad","Clay",FALSE,"Jozef Kovalik","Alejandro Davidovich Fokina",1462.70322258851,1614.22781385748,1,-151.524591268967,1,3,0.229667770283128,0
20230529,"Roland Garros","Clay",TRUE,"Casper Ruud","Holger Rune",1667.40334394594,1818.86958019728,1,-151.466236251339,1,3,0.149105337254486,0
20220523,"Roland Garros","Clay",TRUE,"Hugo Gaston","Alex De Minaur",1458.55670091985,1609.8387514639,1,-151.282050544057,3,3,0.254723908650224,0
20230703,"Wimbledon","Grass",TRUE,"Alexander Bublik","Andrey Rublev",1606.14878460617,1757.35312979292,0,-151.204345186747,3,3,0.254837535120721,0
20230612,"s Hertogenbosch","Grass",FALSE,"Ugo Humbert","Emil Ruusuvuori",1461.713894127,1612.83521357178,0,-151.121319444775,2,3,0.294178274467525,0
20230717,"Gstaad","Clay",FALSE,"Hamad Medjedovic","Yannick Hanfmann",1461.04884610644,1611.84342733167,1,-150.794581225225,2,1,0.372339782218557,0
20220509,"Rome Masters","Clay",FALSE,"Dusan Lajovic","Alex De Minaur",1448.96024070274,1599.66390867634,0,-150.703667973598,1,3,0.230277065339476,0
20230320,"Miami Masters","Hard",FALSE,"Benoit Paire","Yosuke Watanuki",1339.59152222671,1490.19852758596,0,-150.607005359254,0,3,0.176584207636621,0
20230916,"Davis Cup Finals RR: USA vs FIN","Hard",FALSE,"Otto Virtanen","Mackenzie Mcdonald",1465.16000525285,1615.76231770534,1,-150.602312452494,2,3,0.294630147459412,0
20230703,"Wimbledon","Grass",TRUE,"Marco Cecchinato","Nicolas Jarry",1496.65391807578,1647.2182870738,0,-150.56436899802,1,3,0.149988717212161,0
20230612,"s Hertogenbosch","Grass",FALSE,"Emil Ruusuvuori","Jannik Sinner",1603.61387907996,1754.16764548777,1,-150.553766407809,3,3,0.368309295346736,0
20220307,"Indian Wells Masters","Hard",FALSE,"Grigor Dimitrov","Andrey Rublev",1525.81860980407,1675.93582308021,0,-150.117213276139,3,3,0.368735091813296,0
20220829,"Us Open","Hard",TRUE,"Hugo Grenier","Matteo Berrettini",1473.9574025797,1624.00137606989,0,-150.043973490191,3,3,0.256538279585249,0
20231016,"Antwerp","Hard",FALSE,"Botic Van De Zandschulp","Stefanos Tsitsipas",1518.80487836346,1668.63439713322,0,-149.829518769763,3,3,0.369015809400356,0
20230807,"Canada Masters","Hard",FALSE,"Diego Schwartzman","Tommy Paul",1473.55207099807,1623.02059657816,0,-149.468525580092,1,3,0.23119592934813,0
20230703,"Wimbledon","Grass",TRUE,"Andrey Rublev","Novak Djokovic",1766.27427918734,1915.64472465469,0,-149.370445467348,3,3,0.257528865644298,0
20230927,"Beijing","Hard",FALSE,"Alex De Minaur","Daniil Medvedev",1734.41524880724,1882.87086386315,0,-148.455615055909,3,3,0.370357614636267,0
20230612,"s Hertogenbosch","Grass",FALSE,"Jordan Thompson","Adrian Mannarino",1421.64490757571,1570.0664639375,1,-148.421556361795,3,3,0.370390903157642,0
20221024,"Basel","Hard",FALSE,"Stan Wawrinka","Brandon Nakashima",1477.55398117666,1625.76741403905,1,-148.213432862396,1,3,0.232132258276577,0
20220523,"Roland Garros","Clay",TRUE,"Juan Pablo Varillas","Felix Auger Aliassime",1467.23037059759,1615.20181125394,0,-147.97144065635,1,3,0.15255251263504,0
20230731,"Washington","Hard",FALSE,"Andy Murray","Taylor Fritz",1561.22090100361,1709.05700096122,0,-147.836099957615,3,3,0.370963312922464,0
20221017,"Stockholm","Hard",FALSE,"Holger Rune","Stefanos Tsitsipas",1577.09687954061,1724.69992453314,1,-147.603044992528,3,3,0.371191275336409,0
20230828,"Us Open","Hard",TRUE,"Zhizhen Zhang","Casper Ruud",1529.69336904978,1677.00503505117,1,-147.311666001387,1,1,0.204561714730463,0
20220620,"Eastbourne","Grass",FALSE,"John Millman","Sebastian Korda",1428.3759521695,1575.29623086383,1,-146.920278694328,0,3,0.178842199341051,0
20220829,"Us Open","Hard",TRUE,"Marin Cilic","Carlos Alcaraz",1638.30840798998,1785.18342372334,0,-146.875015733363,3,3,0.261220713969963,0
20220627,"Wimbledon","Grass",TRUE,"Mikael Ymer","Jannik Sinner",1509.22396959959,1656.09864707835,0,-146.874677478761,3,3,0.261221216710868,0
20230529,"Roland Garros","Clay",TRUE,"Max Purcell","Yoshihito Nishioka",1421.44752568364,1568.27501453372,0,-146.827488850075,0,1,0.156089643593657,0
20230703,"Wimbledon","Grass",TRUE,"Jason Kubler","Nicolas Jarry",1496.06971884738,1642.45481150881,0,-146.385092661433,3,3,0.261949531935959,0
20221031,"Paris Masters","Hard",FALSE,"Tommy Paul","Rafael Nadal",1615.36689299254,1761.45062932347,1,-146.083736330936,3,3,0.372678787318717,0
20230529,"Roland Garros","Clay",TRUE,"Thiago Monteiro","Yannick Hanfmann",1449.15579646985,1595.14621600986,0,-145.990419540011,1,1,0.206222434724376,0
20220919,"Metz","Hard",FALSE,"Lorenzo Sonego","Sebastian Korda",1429.21467087546,1575.14732976652,1,-145.932658891058,3,3,0.372826835305469,0
20230410,"Monte Carlo Masters","Clay",FALSE,"Alexander Bublik","Alexander Zverev",1485.82803446024,1631.75413092517,0,-145.92609646493,3,3,0.372833266680294,0
20230102,"United Cup","Hard",FALSE,"Stan Wawrinka","Hubert Hurkacz",1511.82238351441,1657.62345515564,0,-145.801071641229,1,3,0.233939355885338,0
20221024,"Basel","Hard",FALSE,"Botic Van De Zandschulp","Carlos Alcaraz",1609.30019449532,1754.87904645703,0,-145.578851961718,3,3,0.373173640854684,0
20220711,"Bastad","Clay",FALSE,"Dominic Thiem","Sebastian Baez",1414.52743554214,1560.01484237302,0,-145.487406830889,1,3,0.234175038393703,0
20230102,"United Cup","Hard",FALSE,"Tomas Machac","Frances Tiafoe",1495.86463763011,1641.17423098656,0,-145.309593356454,1,3,0.234308717660344,0
20230109,"Auckland","Hard",FALSE,"Joao Sousa","Richard Gasquet",1441.53723945054,1585.87327697917,0,-144.336037528626,1,3,0.235041570435778,0
20220627,"Wimbledon","Grass",TRUE,"Nick Kyrgios","Rafael Nadal",1638.52687289781,1782.8389930735,1,-144.312120175694,3,3,0.265047804063967,0
20220509,"Rome Masters","Clay",FALSE,"Federico Delbonis","Pablo Carreno Busta",1429.30773158174,1573.58057090958,0,-144.272839327844,1,3,0.235089198282789,0
20220808,"Canada Masters","Hard",FALSE,"Denis Shapovalov","Alex De Minaur",1479.85396921903,1624.12453546851,0,-144.270566249485,3,3,0.374457168096371,0
20230731,"Los Cabos","Hard",FALSE,"Thiago Agustin Tirante","Alex De Minaur",1518.44189342843,1662.6801124037,0,-144.238218975275,0,3,0.180499015967703,0
20230508,"Rome Masters","Clay",FALSE,"Fabio Fognini","Miomir Kecmanovic",1433.3730612161,1577.43734857411,1,-144.064287358011,1,3,0.235246416025033,0
20220425,"Munich","Clay",FALSE,"Oscar Otte","Reilly Opelka",1488.69204827876,1632.72638092076,1,-144.034332642005,3,1,0.459951697099032,0
20230424,"Madrid Masters","Clay",FALSE,"Daniel Altmaier","Jaume Munar",1333.63522905041,1477.66161655469,1,-144.026387504274,1,1,0.304248845811834,0
20230109,"Auckland","Hard",FALSE,"Jenson Brooksby","Cameron Norrie",1546.23950160651,1689.67561630721,0,-143.436114700701,3,3,0.375276752817717,0
20230109,"Adelaide 2","Hard",FALSE,"Alejandro Davidovich Fokina","Brandon Nakashima",1496.98267151762,1640.35929165653,1,-143.376620138906,3,3,0.37533521477437,0
20220808,"Canada Masters","Hard",FALSE,"Borna Coric","Marin Cilic",1480.53459635299,1623.89815184353,0,-143.363555490537,1,3,0.235775198628715,0
20220808,"Canada Masters","Hard",FALSE,"Daniel Evans","Andrey Rublev",1514.9757284269,1658.30953401546,1,-143.33380558857,2,3,0.301000660168402,0
20220221,"Dubai","Hard",FALSE,"Jiri Vesely","Roberto Bautista Agut",1469.29689843209,1612.58291555752,1,-143.286017125435,2,3,0.301042803399452,0
20231016,"Tokyo","Hard",FALSE,"Shintaro Mochizuki","Tomas Martin Etcheverry",1394.01472141072,1537.29999877546,1,-143.285277364735,2,1,0.379724254011508,0
20220523,"Roland Garros","Clay",TRUE,"Henri Laaksonen","Holger Rune",1421.94176919278,1565.13320195533,0,-143.191432762556,0,3,0.118029116509365,0
20220627,"Wimbledon","Grass",TRUE,"Alastair Gray","Taylor Fritz",1500,1643.17818382485,0,-143.17818382485,0,3,0.11803973882751,0
20220627,"Wimbledon","Grass",TRUE,"Hugo Dellien","Alex De Minaur",1451.67499417811,1594.56410098921,0,-142.889106811102,1,3,0.157681880852401,0
20230807,"Canada Masters","Hard",FALSE,"Alex De Minaur","Daniil Medvedev",1711.26513024888,1854.08651235235,1,-142.821382103463,3,3,0.375880990988377,0
20231030,"Paris Masters","Hard",FALSE,"Botic Van De Zandschulp","Adrian Mannarino",1528.21857369426,1670.94085208285,1,-142.722278388597,3,3,0.375978439079083,0
20220411,"Monte Carlo Masters","Clay",FALSE,"Holger Rune","Casper Ruud",1454.89179692159,1597.52991133462,0,-142.638114413032,3,1,0.461405621851948,0
20230828,"Us Open","Hard",TRUE,"Luca Van Assche","Nicolas Jarry",1490.24725168701,1632.75299899817,0,-142.505747311154,1,3,0.15807441814184,0
20230116,"Australian Open","Hard",TRUE,"Nicolas Jarry","Miomir Kecmanovic",1451.30778582409,1593.80264518331,1,-142.494859359227,3,3,0.267783084267412,0
20220404,"Houston","Clay",FALSE,"Mitchell Krueger","Reilly Opelka",1469.9715245125,1612.35938753558,0,-142.387863023079,3,1,0.461666286406501,0
20231016,"Tokyo","Hard",FALSE,"Max Purcell","Mackenzie Mcdonald",1448.25233677759,1590.41347468916,0,-142.161137911566,0,3,0.181790318198244,0
20230508,"Rome Masters","Clay",FALSE,"Thiago Monteiro","Adrian Mannarino",1428.3393226003,1570.49840244977,1,-142.15907984947,1,3,0.236686032701039,0
20221017,"Naples","Hard",FALSE,"Fabio Fognini","Pablo Carreno Busta",1470.31730467171,1612.29400019996,0,-141.976695528253,1,3,0.236824164601273,0
20230417,"Barcelona","Clay",FALSE,"Lorenzo Musetti","Cameron Norrie",1565.24965594674,1706.72301663113,1,-141.473360684385,3,3,0.377207350671538,0
20220815,"Cincinnati Masters","Hard",FALSE,"Fabio Fognini","Andrey Rublev",1481.6710610326,1623.03820480399,0,-141.367143771385,1,3,0.237286222413268,0
20220516,"Geneva","Clay",FALSE,"Federico Delbonis","Thanasi Kokkinakis",1420.20155859191,1561.49806310696,0,-141.296504515056,1,1,0.306676233726479,0
20220711,"Newport","Grass",FALSE,"Mitchell Krueger","Tim Van Rijthoven",1464.49360405961,1605.75096513534,1,-141.257361075726,3,3,0.377420050962261,0
20230227,"Dubai","Hard",FALSE,"Alejandro Davidovich Fokina","Andrey Rublev",1549.78195831048,1690.98497516901,0,-141.20301685853,3,3,0.377473572527031,0
20221024,"Basel","Hard",FALSE,"Ugo Humbert","Jenson Brooksby",1401.71809179871,1542.86079199039,1,-141.14270019168,2,3,0.302936378074929,0
20230529,"Roland Garros","Clay",TRUE,"David Goffin","Hubert Hurkacz",1491.31389892675,1632.26302005123,0,-140.949121124476,3,3,0.270123720180142,0
20230821,"Winston-Salem","Hard",FALSE,"Juan Manuel Cerundolo","Borna Coric",1425.46398546543,1566.25341979357,0,-140.789434328142,0,1,0.241055691539507,0
20230529,"Roland Garros","Clay",TRUE,"Timofey Skatov","Grigor Dimitrov",1503.00226368879,1643.62601595659,0,-140.6237522678,2,3,0.21001910205868,0
20220418,"Belgrade ","Clay",FALSE,"Novak Djokovic","Miomir Kecmanovic",1492.24010135548,1632.83898601016,1,-140.598884654683,3,3,0.378068760435989,0
20230220,"Doha","Hard",FALSE,"Quentin Halys","Tallon Griekspoor",1449.21598142106,1589.6595369462,0,-140.44355552514,3,3,0.378221849362104,0
20220214,"Marseille","Hard",FALSE,"Roman Safiullin","Felix Auger Aliassime",1482.5536887392,1622.98440091466,0,-140.43071217546,3,3,0.378234508568101,0
20221003,"Astana","Hard",FALSE,"Zhizhen Zhang","Andrey Rublev",1517.83014207439,1658.18616159406,0,-140.356019519668,1,3,0.238054052318016,0
20220627,"Wimbledon","Grass",TRUE,"Cristian Garin","Nick Kyrgios",1519.0923144155,1659.42213391042,0,-140.329819494923,3,3,0.271065106133038,0
20220627,"Wimbledon","Grass",TRUE,"Ugo Humbert","David Goffin",1434.97878100166,1574.99390914535,0,-140.015128143693,2,3,0.210797841877128,0
20220915,"Davis Cup Finals RR: FRA vs AUS","Hard",FALSE,"Benjamin Bonzi","Alex De Minaur",1503.18606343826,1643.01059282962,0,-139.824529391364,3,3,0.378832188600893,0
20230102,"Pune","Hard",FALSE,"Roberto Carballes Baena","Marin Cilic",1485.30262271118,1625.09196486484,0,-139.789342153666,1,3,0.238485123434989,0
20220523,"Roland Garros","Clay",TRUE,"Giulio Zeppieri","Hubert Hurkacz",1485.68118081756,1625.22242889706,0,-139.541248079493,0,3,0.120987101161878,0
20220523,"Roland Garros","Clay",TRUE,"Cristian Garin","Andrey Rublev",1524.59622517204,1664.08835899139,0,-139.49213381935,3,3,0.272341726487011,0
20220606,"Stuttgart","Grass",FALSE,"Christopher Oconnell","Andy Murray",1453.84271960148,1593.1232324777,0,-139.280512876219,3,3,0.379368887810441,0
20231002,"Shanghai Masters","Hard",FALSE,"Zhizhen Zhang","Hubert Hurkacz",1550.21178021759,1689.25826029167,0,-139.046480074083,1,3,0.239051029731877,0
20220606,"s Hertogenbosch","Grass",FALSE,"Tallon Griekspoor","Felix Auger Aliassime",1480.13897775188,1619.13999794548,0,-139.001020193598,3,3,0.379644736079877,0
20230116,"Australian Open","Hard",TRUE,"Brandon Holt","Roberto Bautista Agut",1491.16911055773,1629.97071787671,0,-138.801607318985,0,3,0.121594215584379,0
20230213,"Delray Beach","Hard",FALSE,"Miomir Kecmanovic","Taylor Fritz",1591.73618424687,1730.39542799539,0,-138.659243748522,3,3,0.379982161682205,0
20220221,"Acapulco","Hard",FALSE,"Peter Gojowczyk","Alexander Zverev",1427.72698249338,1566.33586303112,1,-138.608880537734,2,3,0.305183613326733,0
20230220,"Rio De Janeiro","Clay",FALSE,"Facundo Bagnis","Laslo Djere",1394.98242809839,1533.48217506272,0,-138.499746964327,1,1,0.309174245997347,0
20230424,"Madrid Masters","Clay",FALSE,"Pedro Cachin","Francisco Cerundolo",1445.21006303611,1583.3188427105,1,-138.108779674385,1,3,0.239766676248908,0
20220627,"Wimbledon","Grass",TRUE,"Jaume Munar","Cameron Norrie",1481.27214118516,1619.18579869523,0,-137.913657510074,1,3,0.162838306024033,0
20220411,"Monte Carlo Masters","Clay",FALSE,"Lucas Catarina","Taylor Fritz",1500,1637.77980189985,0,-137.779801899854,1,3,0.240018097114575,0
20230320,"Miami Masters","Hard",FALSE,"Francisco Cerundolo","Karen Khachanov",1552.15472103067,1689.91860219498,0,-137.763881164308,3,3,0.380866675687344,0
20220627,"Wimbledon","Grass",TRUE,"Attila Balazs","Roberto Bautista Agut",1488.58179102868,1626.33740212025,0,-137.755611091568,0,3,0.122457272996592,0
20231016,"Antwerp","Hard",FALSE,"Yannick Hanfmann","Stefanos Tsitsipas",1541.27607340862,1679.00123532138,0,-137.725161912752,1,3,0.240059873121425,0
20220917,"Davis Cup Finals RR: USA vs NED","Hard",FALSE,"Tallon Griekspoor","Tommy Paul",1490.60760943002,1628.05676392706,1,-137.449154497042,3,3,0.381177777206522,0
20230724,"Hamburg","Clay",FALSE,"Laslo Djere","Alexander Zverev",1600.65004642398,1738.00446067878,0,-137.354414254805,1,3,0.240343466427792,0
20220606,"Stuttgart","Grass",FALSE,"Marton Fucsovics","Hubert Hurkacz",1497.18208580048,1634.5022614615,1,-137.320175661029,3,3,0.38130529860205,0
20230731,"Washington","Hard",FALSE,"Shintaro Mochizuki","Gregoire Barrere",1425.9385423574,1562.828947617,0,-136.8904052596,2,1,0.386057180590846,0
20231113,"Tour Finals","Hard",FALSE,"Alexander Zverev","Carlos Alcaraz",1778.84659545902,1915.70958205105,1,-136.862986592022,3,3,0.381757453222008,0
20220627,"Wimbledon","Grass",TRUE,"John Millman","Miomir Kecmanovic",1449.3661415829,1586.22819272308,0,-136.862051140183,0,3,0.123198724222686,0
20230925,"Astana","Hard",FALSE,"Arthur Rinderknech","Adrian Mannarino",1519.57166347263,1656.13223865858,0,-136.560575185952,3,3,0.382056647207248,0
20230619,"Halle","Grass",FALSE,"Lorenzo Sonego","Jannik Sinner",1596.59631642846,1733.04615617473,0,-136.44983974627,3,3,0.382166226897361,0
20230612,"Stuttgart","Grass",FALSE,"Yosuke Watanuki","Hubert Hurkacz",1505.19459782944,1641.49098952712,0,-136.296391697676,3,3,0.382318093214199,0
20230731,"Kitzbuhel","Clay",FALSE,"Arthur Rinderknech","Yannick Hanfmann",1462.71541548342,1598.98169569142,1,-136.266280208006,3,1,0.468048777489424,0
20230403,"Estoril","Clay",FALSE,"Luca Van Assche","Alejandro Davidovich Fokina",1455.92690810676,1592.1090418174,0,-136.182133710643,1,3,0.241241676537011,0
20230619,"Halle","Grass",FALSE,"Nicolas Jarry","Stefanos Tsitsipas",1633.58651515977,1769.7250033516,1,-136.138488191831,3,3,0.382474393062445,0
20230828,"Us Open","Hard",TRUE,"Marcos Giron","Alejandro Davidovich Fokina",1508.23753562269,1644.32165312634,0,-136.08411750365,3,3,0.277574103166793,0
20231113,"Tour Finals","Hard",FALSE,"Carlos Alcaraz","Novak Djokovic",1900.60578014888,2036.64958071003,0,-136.04380056115,3,3,0.382568130716009,0
20220627,"Wimbledon","Grass",TRUE,"Marcos Giron","Holger Rune",1437.1177894385,1572.4155939631,1,-135.297804524602,3,3,0.278790092202088,0
20231023,"Basel","Hard",FALSE,"Tomas Martin Etcheverry","Holger Rune",1555.06756787738,1690.3605296942,0,-135.292961816817,1,3,0.241924491885892,0
20221024,"Vienna","Hard",FALSE,"Dominic Thiem","Daniil Medvedev",1605.48778343803,1740.70609618962,0,-135.218312751592,1,3,0.241981876436421,0
20230821,"Winston-Salem","Hard",FALSE,"Richard Gasquet","Sebastian Korda",1473.84123154121,1609.00815313441,0,-135.166921593197,3,3,0.383436626500194,0
20230522,"Geneva","Clay",FALSE,"Christopher Eubanks","Alexander Zverev",1510.21205403876,1645.34366954758,0,-135.131615508827,3,3,0.383471610672606,0
20230306,"Indian Wells Masters","Hard",FALSE,"Jason Kubler","Frances Tiafoe",1571.24801569319,1706.31864836782,0,-135.070632674633,3,3,0.383532040322306,0
20230403,"Marrakech","Clay",FALSE,"Christopher Oconnell","Botic Van De Zandschulp",1457.50975965664,1592.50719529477,1,-134.997435638128,3,3,0.383604578128308,0
20220627,"Wimbledon","Grass",TRUE,"Jason Kubler","Taylor Fritz",1518.37008212209,1653.04598052909,0,-134.675898406996,3,3,0.279754146108656,0
20231106,"Metz","Hard",FALSE,"Dominic Thiem","Ugo Humbert",1546.11238329084,1680.70979648426,0,-134.597413193418,1,2,0.276191069875859,0
20220808,"Canada Masters","Hard",FALSE,"Daniel Evans","Taylor Fritz",1541.25544630794,1675.81922627622,1,-134.563779968281,2,3,0.308790480971712,0
20220214,"Marseille","Hard",FALSE,"Hugo Gaston","Stefanos Tsitsipas",1460.71372629807,1595.06640761497,0,-134.352681316893,3,3,0.384243749109294,0
20230424,"Madrid Masters","Clay",FALSE,"Albert Ramos","Ilya Ivashka",1379.15218781683,1513.32020438861,1,-134.168016571781,1,2,0.276550993441592,0
20220509,"Rome Masters","Clay",FALSE,"Marcos Giron","Felix Auger Aliassime",1446.04554705081,1580.00433681358,0,-133.958789762761,3,3,0.384634426659021,0
20220627,"Wimbledon","Grass",TRUE,"Jannik Sinner","Carlos Alcaraz",1652.30978018296,1786.14331851513,1,-133.833538332168,3,3,0.281063184682297,0
20230626,"Mallorca","Grass",FALSE,"Pedro Cachin","Yannick Hanfmann",1482.31637747169,1616.14793845612,0,-133.831560984433,1,1,0.313368684536609,0
20230213,"Delray Beach","Hard",FALSE,"Mackenzie Mcdonald","Taylor Fritz",1572.24068866795,1706.06223013595,0,-133.821541468001,3,3,0.384770590050139,0
20230102,"United Cup","Hard",FALSE,"Daniel Michalski","Lorenzo Musetti",1471.36158793975,1605.01562015802,0,-133.654032218268,0,3,0.187154080492185,0
20221010,"Gijon","Hard",FALSE,"Nicolas Alvarez Varona","Tommy Paul",1484.36986776471,1617.91883971303,0,-133.548971948324,2,3,0.309699040602377,0
20220627,"Wimbledon","Grass",TRUE,"Miomir Kecmanovic","Novak Djokovic",1595.73247610779,1729.22996837678,0,-133.497492268988,3,3,0.281586444424712,0
20221003,"Astana","Hard",FALSE,"Emil Ruusuvuori","Daniil Medvedev",1551.43926737084,1684.81872637015,0,-133.379458999303,3,3,0.385209300624625,0
20220718,"Gstaad","Clay",FALSE,"Albert Ramos","Casper Ruud",1512.96432619694,1646.23526559951,0,-133.270939402571,1,1,0.31387448887293,0
20230828,"Us Open","Hard",TRUE,"Stan Wawrinka","Jannik Sinner",1628.87751557095,1762.03533687281,0,-133.157821301857,1,3,0.167893271635233,0
20220627,"Wimbledon","Grass",TRUE,"Dusan Lajovic","Pablo Carreno Busta",1403.28876591266,1536.09565852946,1,-132.806892616805,1,3,0.168271190730282,0
20230508,"Rome Masters","Clay",FALSE,"Alejandro Davidovich Fokina","Andrey Rublev",1620.0226532564,1752.81894191768,0,-132.796288661285,3,3,0.385788308370634,0
20231023,"Vienna","Hard",FALSE,"Lorenzo Musetti","Grigor Dimitrov",1623.98161575053,1756.66849403348,0,-132.686878282942,3,3,0.385896973860396,0
20230828,"Us Open","Hard",TRUE,"Rinky Hijikata","Frances Tiafoe",1527.21028925725,1659.72020866553,0,-132.509919408284,3,3,0.283127624143389,0
20221017,"Stockholm","Hard",FALSE,"Mikael Ymer","Stefanos Tsitsipas",1588.10116275999,1720.36426210621,0,-132.263099346223,3,3,0.386317974863901,0
20220523,"Roland Garros","Clay",TRUE,"Marcos Giron","Grigor Dimitrov",1444.11171734359,1576.2649231713,0,-132.153205827714,3,3,0.283685554776161,0
20230410,"Monte Carlo Masters","Clay",FALSE,"Ivan Gakhov","Mackenzie Mcdonald",1485.50759358639,1617.51815447435,1,-132.01056088796,1,3,0.244456499322798,0
20230612,"Stuttgart","Grass",FALSE,"Marton Fucsovics","Frances Tiafoe",1581.44182718409,1713.28528339032,0,-131.843456206229,3,3,0.38673503475139,0
20230731,"Washington","Hard",FALSE,"Sho Shimabukuro","Christopher Eubanks",1478.07780790157,1609.86961272311,0,-131.791804821532,0,3,0.188344343735905,0
20230626,"Mallorca","Grass",FALSE,"Pavel Kotov","Alejandro Davidovich Fokina",1482.61488695493,1614.3203792571,1,-131.705492302169,3,3,0.386872185702132,0
20220919,"San Diego","Hard",FALSE,"Denis Kudla","Brandon Nakashima",1419.26978603158,1550.97149224179,0,-131.701706210213,0,3,0.188402078427605,0
20230227,"Acapulco","Hard",FALSE,"Guido Andreozzi","Casper Ruud",1500,1631.65418549095,0,-131.654185490952,1,1,0.315335633394699,0
20230320,"Miami Masters","Hard",FALSE,"Adrian Mannarino","Hubert Hurkacz",1568.55137165997,1700.20395473176,1,-131.652583071791,3,3,0.386924787926019,0
20230828,"Us Open","Hard",TRUE,"Alex De Minaur","Daniil Medvedev",1726.62420896986,1858.1934419577,0,-131.569232987837,3,3,0.284600370207993,0
20230828,"Us Open","Hard",TRUE,"Alexander Shevchenko","Cameron Norrie",1473.98785633401,1605.535532147,0,-131.547675812984,1,3,0.169632842126028,0
20220815,"Cincinnati Masters","Hard",FALSE,"Denis Shapovalov","Tommy Paul",1482.7237130479,1614.25670740435,1,-131.532994356449,3,3,0.38704369244465,0
20221024,"Vienna","Hard",FALSE,"Denis Shapovalov","Taylor Fritz",1583.55824220537,1715.01970438678,1,-131.461462181407,3,3,0.387114821802884,0
20230717,"Bastad","Clay",FALSE,"Matteo Arnaldi","Emil Ruusuvuori",1458.58322033084,1589.96787472776,1,-131.384654396924,1,3,0.244941346362837,0
20220919,"Metz","Hard",FALSE,"Hugo Gaston","Sebastian Korda",1437.73587028975,1569.0805751716,0,-131.344704881847,3,3,0.38723093195278,0
20231023,"Basel","Hard",FALSE,"Alexander Shevchenko","Stan Wawrinka",1453.30726390221,1584.21473322691,1,-130.907469324701,1,1,0.316011716813443,0
20230828,"Us Open","Hard",TRUE,"Daniil Medvedev","Carlos Alcaraz",1826.71263936894,1957.38991654613,1,-130.677277177194,3,3,0.286001075619049,0
20230508,"Rome Masters","Clay",FALSE,"Fabian Marozsan","Jiri Lehecka",1482.62795842867,1613.28044914106,1,-130.652490712396,1,3,0.245509327519424,0
20231030,"Paris Masters","Hard",FALSE,"Grigor Dimitrov","Daniil Medvedev",1755.79146955154,1886.406489719,1,-130.615020167458,3,3,0.387956862101925,0
20220523,"Roland Garros","Clay",TRUE,"Felix Auger Aliassime","Rafael Nadal",1613.126914803,1743.68632388967,0,-130.559409086665,3,3,0.286186481596836,0
20230814,"Cincinnati Masters","Hard",FALSE,"Ben Shelton","Christopher Eubanks",1451.66228526943,1582.19123563474,1,-130.528950365316,3,3,0.38804252190413,0
20230807,"Canada Masters","Hard",FALSE,"Yoshihito Nishioka","Lorenzo Musetti",1531.92020307297,1662.41152094742,0,-130.49131787445,1,3,0.245634477739544,0
20230102,"Adelaide 1","Hard",FALSE,"Christopher Oconnell","Miomir Kecmanovic",1450.04462314427,1580.33717598253,0,-130.292552838252,3,3,0.388277828921258,0
20220815,"Cincinnati Masters","Hard",FALSE,"Filip Krajinovic","Stefanos Tsitsipas",1578.52830754258,1708.77741350327,0,-130.249105960688,3,3,0.388321081047368,0
20230116,"Australian Open","Hard",TRUE,"Facundo Bagnis","Daniel Evans",1426.85395846129,1557.04798831055,0,-130.194029849264,1,2,0.197499112965908,0
20230306,"Indian Wells Masters","Hard",FALSE,"Jordan Thompson","Gael Monfils",1447.66820049463,1577.85093353296,1,-130.182733038325,3,2,0.430873248140857,0
20220516,"Geneva","Clay",FALSE,"Tallon Griekspoor","Reilly Opelka",1432.41026480579,1562.19799927141,0,-129.787734465627,3,1,0.474814807822695,0
20221024,"Basel","Hard",FALSE,"Pablo Carreno Busta","Carlos Alcaraz",1615.47628234487,1745.23444629537,0,-129.758163950496,3,3,0.388809944508179,0
20230731,"Washington","Hard",FALSE,"Mackenzie Mcdonald","Grigor Dimitrov",1561.36162450828,1691.08868921435,0,-129.727064706063,3,3,0.388840919629603,0
20230508,"Rome Masters","Clay",FALSE,"Alexander Bublik","Casper Ruud",1487.66035195196,1617.13118082308,0,-129.470828871126,3,1,0.47514603376166,0
20230403,"Estoril","Clay",FALSE,"Luca Nardi","Miomir Kecmanovic",1459.66444010537,1589.07353333097,0,-129.409093225601,0,3,0.189875746019136,0
20230529,"Roland Garros","Clay",TRUE,"Lorenzo Sonego","Karen Khachanov",1574.84254109202,1703.84915116406,0,-129.006610072038,3,3,0.288635735247683,0
20230731,"Los Cabos","Hard",FALSE,"Gijs Brouwer","Nicolas Jarry",1535.30357712332,1664.02521797946,0,-128.721640856139,3,3,0.38984281297866,0
20220829,"Us Open","Hard",TRUE,"Alexander Ritschard","Felix Auger Aliassime",1492.65578504876,1621.20997390671,0,-128.554188857952,0,3,0.130278532524917,0
20230807,"Canada Masters","Hard",FALSE,"Miomir Kecmanovic","Hubert Hurkacz",1520.06315166218,1648.61683079348,0,-128.553679131305,3,3,0.390010275834531,0
20231023,"Vienna","Hard",FALSE,"Borna Gojo","Stefanos Tsitsipas",1558.72505408285,1687.24931966076,0,-128.524265577914,2,3,0.314219266817899,0
20220913,"Davis Cup Finals RR: AUS vs BEL","Hard",FALSE,"David Goffin","Alex De Minaur",1505.12425949464,1633.30653261138,0,-128.182273116733,3,3,0.390380670753521,0
20220523,"Roland Garros","Clay",TRUE,"Emil Ruusuvuori","Casper Ruud",1526.0702483635,1653.94923354384,0,-127.878985180339,3,1,0.367787661319621,0
20230227,"Santiago","Clay",FALSE,"Joao Sousa","Laslo Djere",1396.78515973967,1524.43386336254,0,-127.648703622865,1,1,0.318971324857873,0
20230116,"Australian Open","Hard",TRUE,"Dalibor Svrcina","Yoshihito Nishioka",1496.81479436158,1624.3400191418,0,-127.525224780222,0,1,0.176686726288741,0
20231030,"Paris Masters","Hard",FALSE,"Dominic Thiem","Holger Rune",1555.84692102893,1683.22339362699,0,-127.376472598062,1,3,0.248061586724567,0
20230917,"Davis Cup Finals RR: ESP vs KOR","Hard",FALSE,"Soon Woo Kwon","Alejandro Davidovich Fokina",1506.76427849259,1634.10552770599,0,-127.341249213408,2,3,0.315288694528712,0
20230821,"Winston-Salem","Hard",FALSE,"Dominik Koepfer","Jiri Lehecka",1508.00917026497,1635.26660975243,0,-127.257439487457,2,3,0.315364531631767,0
20230320,"Miami Masters","Hard",FALSE,"Alexei Popyrin","Botic Van De Zandschulp",1455.64431707251,1582.76289270573,0,-127.118575633222,1,3,0.248263260535235,0
20230619,"Halle","Grass",FALSE,"Denis Shapovalov","Alexander Zverev",1560.72078504318,1687.68684844098,0,-126.966063397804,3,3,0.391594452347871,0
20230731,"Washington","Hard",FALSE,"Emil Ruusuvuori","Grigor Dimitrov",1569.55130729688,1696.38777051515,0,-126.83646321827,3,3,0.391723873155279,0
20230814,"Cincinnati Masters","Hard",FALSE,"Richard Gasquet","Adrian Mannarino",1470.5089273135,1597.25766150974,0,-126.748734196242,3,3,0.391811489398582,0
20220411,"Monte Carlo Masters","Clay",FALSE,"Bernabe Zapata Miralles","Alex De Minaur",1450.16142736582,1576.50178699656,0,-126.34035963074,1,3,0.248872485912503,0
20230717,"Newport","Grass",FALSE,"Jordan Thompson","Adrian Mannarino",1491.48082822368,1617.52712490486,0,-126.046296681177,3,3,0.392513274844216,0
20221010,"Florence","Hard",FALSE,"Oscar Otte","Felix Auger Aliassime",1510.90721653865,1636.75204331209,0,-125.844826773439,3,3,0.392714639834345,0
20220523,"Roland Garros","Clay",TRUE,"Santiago Fa Rodriguez Taverna","Taylor Fritz",1500,1625.74863198443,0,-125.748631984431,0,3,0.132746368854638,0
20230619,"Halle","Grass",FALSE,"Oscar Otte","Laslo Djere",1411.58542263356,1537.20737030934,0,-125.621947675775,3,1,0.479170498040962,0
20220808,"Canada Masters","Hard",FALSE,"Hubert Hurkacz","Nick Kyrgios",1630.0068374562,1755.279522513,1,-125.272685056797,3,3,0.393286682335637,0
20220606,"s Hertogenbosch","Grass",FALSE,"Tim Van Rijthoven","Daniil Medvedev",1500,1625.26168474443,1,-125.261684744435,3,3,0.393297683614286,0
20220307,"Indian Wells Masters","Hard",FALSE,"Nikoloz Basilashvili","Cameron Norrie",1451.8432404908,1576.89722645825,0,-125.053985967446,3,3,0.393505420940604,0
20220509,"Rome Masters","Clay",FALSE,"Pedro Martinez","Jannik Sinner",1530.76761774927,1655.75985823568,0,-124.992240486412,3,3,0.393567185312695,0
20220829,"Us Open","Hard",TRUE,"Ilya Ivashka","Hubert Hurkacz",1526.94557088929,1651.83744323882,1,-124.891872349535,2,3,0.230826453208608,0
20220829,"Us Open","Hard",TRUE,"Denis Shapovalov","Andrey Rublev",1515.52450046194,1640.3905483332,0,-124.866047871262,3,3,0.295227162093625,0
20230925,"Astana","Hard",FALSE,"Marcos Giron","Stan Wawrinka",1501.91289582966,1626.73594346376,1,-124.823047634101,3,1,0.48000619961317,0
20220425,"Munich","Clay",FALSE,"Botic Van De Zandschulp","Miomir Kecmanovic",1520.15779971124,1644.80908687283,1,-124.651287161586,3,3,0.393908304172546,0
20220425,"Munich","Clay",FALSE,"Max Hans Rehberg","Miomir Kecmanovic",1500,1624.64706516736,0,-124.647065167364,0,3,0.192964891264808,0
20230116,"Australian Open","Hard",TRUE,"Christopher Oconnell","Jenson Brooksby",1433.08272775856,1557.70637622322,0,-124.623648464666,3,3,0.295615742470698,0
20221031,"Paris Masters","Hard",FALSE,"Daniel Evans","Stefanos Tsitsipas",1597.96831828532,1722.43439496735,0,-124.466076682023,2,3,0.317895961753239,0
20230828,"Us Open","Hard",TRUE,"Borna Gojo","Mackenzie Mcdonald",1486.7625584411,1611.02863474028,1,-124.266076299184,2,3,0.231683261359239,0
20231016,"Antwerp","Hard",FALSE,"Giovanni Mpetshi Perricard","Alexander Bublik",1466.95980004729,1591.14735606373,0,-124.187556016431,2,3,0.318149141278343,0
20220214,"Doha","Hard",FALSE,"Nikoloz Basilashvili","Roberto Bautista Agut",1439.76702910116,1563.91769148437,0,-124.150662383203,3,3,0.39440935938192,0
20230410,"Monte Carlo Masters","Clay",FALSE,"Maxime Cressy","Matteo Berrettini",1509.41181878662,1633.4889123769,0,-124.077093590283,3,3,0.394483010166285,0
20230626,"Mallorca","Grass",FALSE,"Feliciano Lopez","Jordan Thompson",1353.96682563906,1477.94019116276,1,-123.973365523701,0,3,0.193404996643976,0
20230508,"Rome Masters","Clay",FALSE,"Kyle Edmund","Alexandre Muller",1433.10965754455,1557.00835265342,0,-123.89869510887,0,3,0.193453823267623,0
20220606,"s Hertogenbosch","Grass",FALSE,"Adrian Mannarino","Daniil Medvedev",1481.35553226657,1605.07644506902,0,-123.720912802451,3,3,0.394839655629803,0
20220620,"Eastbourne","Grass",FALSE,"Brandon Nakashima","Cameron Norrie",1507.82398647309,1631.4002837638,0,-123.576297290714,3,3,0.394984491794597,0
20230417,"Barcelona","Clay",FALSE,"Diego Schwartzman","Yibing Wu",1449.96438555203,1573.49802791868,1,-123.533642366646,1,2,0.285556594740195,0
20230102,"Adelaide 1","Hard",FALSE,"Marcos Giron","Richard Gasquet",1471.83987079602,1595.36145122398,1,-123.521580427963,3,3,0.395039296953329,0
20230828,"Us Open","Hard",TRUE,"Hugo Dellien","Borna Gojo",1396.64209364953,1519.98348434436,0,-123.341390694831,1,2,0.205997438766977,0
20221031,"Paris Masters","Hard",FALSE,"Frances Tiafoe","Felix Auger Aliassime",1652.6659802828,1775.95386447691,0,-123.28788419411,3,3,0.39527339998417,0
20221024,"Basel","Hard",FALSE,"Laslo Djere","Roberto Bautista Agut",1508.51578550382,1631.66329625108,0,-123.147510747258,1,3,0.251382450562161,0
20220711,"Newport","Grass",FALSE,"Max Purcell","Andy Murray",1455.31175763732,1577.87540639273,0,-122.563648755407,0,3,0.19432838522767,0
20221024,"Vienna","Hard",FALSE,"Jurij Rodionov","Denis Shapovalov",1509.51630092997,1632.01065982479,0,-122.494358894816,1,3,0.251897973237954,0
20220418,"Belgrade ","Clay",FALSE,"Richard Gasquet","Miomir Kecmanovic",1499.65570256538,1621.3359050704,0,-121.680202505025,3,3,0.396885176786643,0
20221031,"Paris Masters","Hard",FALSE,"Alex De Minaur","Daniil Medvedev",1628.84449153697,1750.14617565088,1,-121.301684113914,3,3,0.397264986501779,0
20220801,"Washington","Hard",FALSE,"Jack Sock","David Goffin",1474.18347090905,1595.36216222834,1,-121.178691319296,3,3,0.397388425563892,0
20220307,"Indian Wells Masters","Hard",FALSE,"Mikhail Kukushkin","Tommy Paul",1460.13882235788,1581.28028186879,0,-121.141459510908,0,3,0.195263329378024,0
20230227,"Dubai","Hard",FALSE,"Daniil Medvedev","Novak Djokovic",1826.35236338142,1947.38709189491,1,-121.034728513481,3,3,0.397532927313006,0
20230206,"Montpellier","Hard",FALSE,"Aslan Karatsev","Filip Krajinovic",1432.79186076513,1553.67073451419,0,-120.878873749059,3,3,0.397689385683495,0
20230814,"Cincinnati Masters","Hard",FALSE,"Ugo Humbert","Tommy Paul",1555.60745698472,1676.42597845232,0,-120.818521467598,2,3,0.3212201301496,0
20231030,"Paris Masters","Hard",FALSE,"Francisco Cerundolo","Hubert Hurkacz",1630.32140901106,1750.78531905816,0,-120.463910047099,3,3,0.398106058380952,0
20230102,"Adelaide 1","Hard",FALSE,"Alexei Popyrin","Marcos Giron",1371.4302080533,1491.83977758988,1,-120.409569536578,1,3,0.253548150811838,0
20220307,"Indian Wells Masters","Hard",FALSE,"Laslo Djere","Jannik Sinner",1481.74109859002,1602.07086867765,0,-120.329770087623,1,3,0.253611456272886,0
20220516,"Geneva","Clay",FALSE,"Richard Gasquet","Daniil Medvedev",1508.51845640717,1628.77581141851,1,-120.257355011338,3,3,0.398313519192801,0
20230417,"Banja Luka","Clay",FALSE,"Luca Van Assche","Stan Wawrinka",1463.32177761956,1583.46070407453,1,-120.138926454966,1,1,0.325847278431751,0
20230724,"Hamburg","Clay",FALSE,"Cristian Garin","Casper Ruud",1600.21659608141,1720.07424111345,0,-119.85764503204,3,1,0.485202661988548,0
20220613,"Queen's Club","Grass",FALSE,"Daniel Evans","Matteo Berrettini",1495.89260123091,1615.66097611668,0,-119.768374885763,2,3,0.32218056087798,0
20230724,"Atlanta","Hard",FALSE,"Max Purcell","Brandon Nakashima",1397.25417370572,1516.70612861869,0,-119.451954912966,0,3,0.196378428443615,0
20230417,"Banja Luka","Clay",FALSE,"Alexei Popyrin","Tallon Griekspoor",1457.53865117216,1576.9132960171,1,-119.374644844941,1,3,0.254369973394734,0
20230116,"Australian Open","Hard",TRUE,"Daniel Evans","Andrey Rublev",1553.97656230902,1673.30037310522,0,-119.323810796196,2,3,0.238527800460368,0
20230417,"Barcelona","Clay",FALSE,"Alexander Bublik","Emil Ruusuvuori",1476.78210552942,1595.77821026586,0,-118.996104736436,3,3,0.399581090257542,0
20230410,"Monte Carlo Masters","Clay",FALSE,"Sebastian Baez","Jack Draper",1512.51318102901,1631.3587873384,0,-118.845606309384,3,3,0.399732433135353,0
20220404,"Houston","Clay",FALSE,"Peter Gojowczyk","Tommy Paul",1455.24376432536,1573.9950029504,0,-118.75123862504,2,3,0.323112235828433,0
20220801,"Washington","Hard",FALSE,"J J Wolf","Andrey Rublev",1550.51836907567,1669.26397064487,0,-118.745601569199,3,3,0.399833009594027,0
20230828,"Us Open","Hard",TRUE,"Andy Murray","Grigor Dimitrov",1568.67237414257,1687.3137726912,0,-118.641398548632,3,3,0.3052987671326,0
20220523,"Roland Garros","Clay",TRUE,"John Millman","Sebastian Korda",1450.64893678515,1569.17655640481,0,-118.527619619663,0,3,0.139280568912479,0
20220815,"Cincinnati Masters","Hard",FALSE,"Sebastian Baez","Taylor Fritz",1536.86177748867,1655.28369876931,0,-118.421921280649,3,3,0.400158598200866,0
20220919,"Metz","Hard",FALSE,"Dominic Thiem","Hubert Hurkacz",1512.60089321687,1630.92267209062,0,-118.321778873758,1,3,0.255207841880922,0
20230731,"Washington","Hard",FALSE,"Yosuke Watanuki","Felix Auger Aliassime",1503.77798906157,1622.00805851529,1,-118.230069453724,3,3,0.400351622781141,0
20230116,"Australian Open","Hard",TRUE,"Jordan Thompson","J J Wolf",1442.75751569103,1560.88049685861,0,-118.122981167575,3,3,0.306146224285349,0
20220523,"Roland Garros","Clay",TRUE,"Marin Cilic","Casper Ruud",1545.66626153466,1663.66475907698,0,-117.998497542317,3,1,0.385652382038858,0
20220516,"Geneva","Clay",FALSE,"Federico Delbonis","Ricardas Berankis",1410.98636118893,1528.9481615259,1,-117.961800336978,1,3,0.255494727848605,0
20230807,"Canada Masters","Hard",FALSE,"Alejandro Davidovich Fokina","Casper Ruud",1604.00224996662,1721.73196111644,1,-117.729711149821,3,1,0.48743066246489,0
20221114,"Tour Finals","Hard",FALSE,"Andrey Rublev","Novak Djokovic",1730.21027849295,1847.91028323998,0,-117.70000474703,3,3,0.400885088312698,0
20230724,"Umag","Clay",FALSE,"Alexei Popyrin","Stan Wawrinka",1463.67868857915,1581.09503347364,1,-117.416344894494,1,1,0.328358908789531,0
20221017,"Stockholm","Hard",FALSE,"Emil Ruusuvuori","Frances Tiafoe",1555.90432813644,1673.27649866297,1,-117.372170526535,3,3,0.401215143558393,0
20231023,"Vienna","Hard",FALSE,"Borna Gojo","Tommy Paul",1549.03391386654,1666.28768253871,1,-117.253768672168,2,3,0.324486443660822,0
20220808,"Canada Masters","Hard",FALSE,"Emil Ruusuvuori","Hubert Hurkacz",1543.30585133396,1660.54200720523,0,-117.236155871266,3,3,0.401352106009174,0
20220221,"Acapulco","Hard",FALSE,"Laslo Djere","Stefanos Tsitsipas",1474.01841931006,1591.08759937937,0,-117.06918006931,1,3,0.256207017522301,0
20220919,"San Diego","Hard",FALSE,"Marcos Giron","Daniel Evans",1463.81697549109,1580.82852828477,1,-117.011552793683,3,2,0.444458767090452,0
20230116,"Australian Open","Hard",TRUE,"Jenson Brooksby","Casper Ruud",1549.10378417988,1666.07202059178,1,-116.968236411905,3,1,0.387533982290661,0
20220808,"Canada Masters","Hard",FALSE,"Pablo Carreno Busta","Matteo Berrettini",1545.41415323431,1662.30411867825,1,-116.889965443935,3,3,0.401700778266574,0
20220221,"Acapulco","Hard",FALSE,"Daniel Altmaier","Cameron Norrie",1449.89525476574,1566.76066102074,0,-116.865406255005,1,3,0.256369806548234,0
20221031,"Paris Masters","Hard",FALSE,"Corentin Moutet","Borna Coric",1524.9878442768,1641.74874660149,1,-116.76090232469,3,1,0.488445200576746,0
20220801,"Washington","Hard",FALSE,"Denis Kudla","Reilly Opelka",1414.33569449842,1530.45276583276,0,-116.117071334335,0,1,0.260476686915034,0
20221126,"Davis Cup Finals SF: ITA vs CAN","Hard",FALSE,"Lorenzo Sonego","Denis Shapovalov",1487.93347114569,1603.85445370082,1,-115.92098255513,3,3,0.402677235612087,0
20220808,"Canada Masters","Hard",FALSE,"Aslan Karatsev","Maxime Cressy",1453.14394055902,1568.7804104065,0,-115.636469847481,3,3,0.402964089941539,0
20220829,"Us Open","Hard",TRUE,"Taro Daniel","Richard Gasquet",1451.984837154,1567.44339724501,0,-115.458560091012,1,3,0.187807398053974,0
20230227,"Acapulco","Hard",FALSE,"Taro Daniel","J J Wolf",1475.05939977836,1590.42629282302,1,-115.366893044666,1,3,0.257569005734846,0
20230102,"Pune","Hard",FALSE,"Flavio Cobolli","Botic Van De Zandschulp",1479.22937306389,1594.59444746085,0,-115.365074396957,1,3,0.257570463348139,0
20230102,"Adelaide 1","Hard",FALSE,"Rinky Hijikata","Denis Shapovalov",1487.26721160429,1602.55604210519,0,-115.288830500897,3,3,0.403314680565342,0
20230724,"Atlanta","Hard",FALSE,"Thanasi Kokkinakis","Alex De Minaur",1552.49546325184,1667.72484185152,0,-115.229378599679,1,3,0.257679236274392,0
20230717,"Gstaad","Clay",FALSE,"Daniel Altmaier","Benjamin Bonzi",1401.92830920523,1517.04477712741,1,-115.116467922187,1,3,0.257769767643104,0
20230724,"Hamburg","Clay",FALSE,"Laslo Djere","Lorenzo Musetti",1567.12148091534,1682.20603870654,1,-115.084557791194,1,3,0.257795356831913,0
20230807,"Canada Masters","Hard",FALSE,"Gregoire Barrere","Matteo Berrettini",1555.94720297814,1670.88459370738,0,-114.937390729245,1,3,0.257913393649686,0
20221017,"Stockholm","Hard",FALSE,"Thiago Monteiro","Holger Rune",1452.01105665065,1566.88316042057,0,-114.872103769922,1,3,0.257965769000044,0
20230916,"Davis Cup WG1 R1: ARG vs LTU","Clay",FALSE,"Ricardas Berankis","Sebastian Baez",1523.0922657468,1637.94647281988,0,-114.854207073083,3,3,0.403753132645116,0
20230626,"Eastbourne","Grass",FALSE,"Mackenzie Mcdonald","Francisco Cerundolo",1576.74044303376,1691.54038302885,0,-114.799939995082,3,3,0.403807888580309,0
20220711,"Bastad","Clay",FALSE,"Aslan Karatsev","Francisco Cerundolo",1435.9990672991,1550.7254108507,0,-114.726343551602,3,3,0.403882151834722,0
20230320,"Miami Masters","Hard",FALSE,"Alexei Popyrin","Mikael Ymer",1435.86437097882,1550.57313784359,1,-114.708766864772,1,3,0.258096833638699,0
20230410,"Monte Carlo Masters","Clay",FALSE,"Hubert Hurkacz","Jannik Sinner",1666.65894586903,1781.30559718115,0,-114.646651312127,3,3,0.403962571081157,0
20221010,"Gijon","Hard",FALSE,"Arthur Rinderknech","Pablo Carreno Busta",1508.29043811315,1622.87601110316,1,-114.585572990002,3,3,0.404024210094135,0
20220627,"Wimbledon","Grass",TRUE,"Marcos Giron","Alex Molcan",1447.34298173482,1561.91929566332,0,-114.576313928494,3,3,0.311978980325529,0
20230626,"Mallorca","Grass",FALSE,"Guido Pella","Adrian Mannarino",1466.76464943222,1581.33450185339,0,-114.569852421166,3,3,0.404040075465895,0
20230724,"Umag","Clay",FALSE,"Dominic Thiem","Jiri Lehecka",1506.53905307551,1621.10478333458,0,-114.565730259069,1,3,0.258211644589311,0
20220926,"Tel Aviv","Hard",FALSE,"Constant Lestienne","Marin Cilic",1535.42143353763,1649.93458365946,0,-114.513150121827,0,3,0.199665680238802,0
20230915,"Davis Cup Finals RR: ITA vs CHI","Hard",FALSE,"Lorenzo Sonego","Nicolas Jarry",1535.96838667947,1650.47393761701,1,-114.505550937545,3,3,0.404104971321846,0
20220307,"Indian Wells Masters","Hard",FALSE,"John Isner","Diego Schwartzman",1485.9056863399,1600.4083043845,1,-114.502618044597,3,1,0.490810434620412,0
20230731,"Washington","Hard",FALSE,"Gael Monfils","Alexander Bublik",1496.65482421918,1610.96869165097,1,-114.313867431791,2,3,0.327193151300418,0
20230220,"Doha","Hard",FALSE,"Aslan Karatsev","Jason Kubler",1414.71384596876,1528.91008737659,0,-114.196241407824,3,3,0.404417186801479,0
20230807,"Canada Masters","Hard",FALSE,"Tommy Paul","Jannik Sinner",1631.93820735653,1746.03737549172,0,-114.09916813519,3,3,0.404515188038533,0
20220613,"Halle","Grass",FALSE,"Mackenzie Mcdonald","Felix Auger Aliassime",1499.78774506559,1613.49033079659,0,-113.702585731004,3,3,0.404915640565586,0
20220321,"Miami Masters","Hard",FALSE,"Lloyd Harris","Denis Shapovalov",1456.23925846824,1569.84185122766,1,-113.602592759418,3,3,0.405016629341016,0
20230529,"Roland Garros","Clay",TRUE,"Tomas Martin Etcheverry","Alex De Minaur",1534.60504464521,1648.18670035039,1,-113.58165570518,1,3,0.190022269365106,0
20220418,"Barcelona","Clay",FALSE,"Egor Gerasimov","Cameron Norrie",1467.81238098675,1581.3296515965,0,-113.517270609746,0,3,0.200333515029508,0
20230403,"Houston","Clay",FALSE,"Jordan Thompson","J J Wolf",1442.08523665958,1555.4890683241,0,-113.403831664521,3,3,0.405217393713669,0
20230102,"Adelaide 1","Hard",FALSE,"Andy Murray","Sebastian Korda",1561.29227343578,1674.60111556858,0,-113.308842132801,3,3,0.405313351829187,0
20220307,"Indian Wells Masters","Hard",FALSE,"Jaume Munar","Taylor Fritz",1520.727975118,1633.98254387516,0,-113.254568757165,1,3,0.25926562275392,0
20230410,"Monte Carlo Masters","Clay",FALSE,"Alexei Popyrin","Nicolas Jarry",1467.82275526535,1580.88277636401,0,-113.060021098664,1,3,0.259422248055564,0
20230828,"Us Open","Hard",TRUE,"Jack Draper","Andrey Rublev",1630.45946308259,1743.32801018868,0,-112.868547106091,3,3,0.314809085432156,0
20231002,"Shanghai Masters","Hard",FALSE,"Daniel Altmaier","Yoshihito Nishioka",1462.00664648616,1574.69265759709,0,-112.68601111093,1,1,0.332746106663558,0
20230920,"Zhuhai","Hard",FALSE,"Mackenzie Mcdonald","Karen Khachanov",1604.47915874148,1716.92620676396,0,-112.447048022475,3,3,0.406184263173334,0
20230717,"Gstaad","Clay",FALSE,"Facundo Bagnis","Arthur Rinderknech",1370.18270051135,1482.39843860223,1,-112.215738090879,1,3,0.260102670440584,0
20230220,"Marseille","Hard",FALSE,"Mikael Ymer","Hubert Hurkacz",1556.55223385841,1668.74977302626,0,-112.197539167852,3,3,0.406436522116279,0
20230612,"Stuttgart","Grass",FALSE,"Oscar Otte","Gregoire Barrere",1421.90589554105,1534.03191947385,0,-112.126023932798,3,1,0.49330002390495,0
20220620,"Mallorca","Grass",FALSE,"Laslo Djere","Nick Kyrgios",1517.16297403197,1629.22775823444,0,-112.064784202478,1,3,0.260224448689605,0
20220221,"Dubai","Hard",FALSE,"Mackenzie Mcdonald","Andrey Rublev",1512.13331873787,1624.13618907496,0,-112.002870337083,3,3,0.406633370879662,0
20230320,"Miami Masters","Hard",FALSE,"Christopher Oconnell","Richard Gasquet",1465.55691556823,1577.5403032089,0,-111.983387640671,3,3,0.406653073398488,0
20230529,"Roland Garros","Clay",TRUE,"Ugo Humbert","Lorenzo Sonego",1452.79160785818,1564.50602111757,0,-111.714413259392,2,3,0.249334707104381,0
20220919,"San Diego","Hard",FALSE,"Christopher Oconnell","Jenson Brooksby",1456.82883118386,1568.23005260697,1,-111.401221423112,3,3,0.407241946493553,0
20220808,"Canada Masters","Hard",FALSE,"Albert Ramos","Hubert Hurkacz",1538.81110586786,1650.19249529723,0,-111.381389429372,1,3,0.260776222443017,0
20231127,"NextGen Finals","Hard",FALSE,"Luca Nardi","Dominic Stricker",1447.94844180461,1559.20669147536,0,-111.25824967075,0,1,0.264418567135053,0
20230213,"Delray Beach","Hard",FALSE,"Taro Daniel","Mackenzie Mcdonald",1469.55935181177,1580.78512976409,0,-111.225777952319,1,3,0.260901969125205,0
20230814,"Cincinnati Masters","Hard",FALSE,"Alexei Popyrin","Hubert Hurkacz",1552.63333491749,1663.79013541601,0,-111.15680049852,1,3,0.260957721044335,0
20230529,"Roland Garros","Clay",TRUE,"Mikael Ymer","Lorenzo Musetti",1533.04883879483,1644.06047288472,0,-111.011634089896,3,3,0.317902033542442,0
20220425,"Estoril","Clay",FALSE,"Benoit Paire","Soon Woo Kwon",1389.88625361767,1500.3922011412,0,-110.505947523525,0,2,0.23222635062878,0
20230206,"Dallas","Hard",FALSE,"Emilio Gomez","Miomir Kecmanovic",1474.45721262972,1584.86884959127,1,-110.411636961545,1,3,0.261560500263139,0
20221010,"Florence","Hard",FALSE,"Lorenzo Musetti","Felix Auger Aliassime",1546.92180375093,1657.26975823979,0,-110.347954488866,3,3,0.40830802411416,0
20231030,"Paris Masters","Hard",FALSE,"Botic Van De Zandschulp","Tommy Paul",1543.4460955889,1653.57207232721,1,-110.125976738305,3,3,0.408532812206461,0
20230529,"Roland Garros","Clay",TRUE,"Tomas Martin Etcheverry","Alexander Zverev",1570.33048789423,1680.4100125574,0,-110.079524663171,1,3,0.194208350023405,0
20230306,"Indian Wells Masters","Hard",FALSE,"Pedro Martinez","Marc Andrea Huesler",1413.85102807174,1523.70191883347,1,-109.850890761734,3,2,0.451881025608533,0
20220214,"Doha","Hard",FALSE,"Nikoloz Basilashvili","Elias Ymer",1420.17761250219,1529.99618632366,1,-109.818573821467,3,1,0.49571750083958,0
20220516,"Geneva","Clay",FALSE,"Christopher Oconnell","Reilly Opelka",1462.04428694761,1571.84148553873,0,-109.797198591122,3,1,0.495739896421953,0
20230724,"Atlanta","Hard",FALSE,"Dominik Koepfer","John Isner",1413.43640372513,1523.15969911761,1,-109.723295392479,2,3,0.331442648840514,0
20230927,"Beijing","Hard",FALSE,"Juncheng Shang","Yoshihito Nishioka",1460.20285803992,1569.84583396532,0,-109.642975925406,0,1,0.265737442103066,0
20220711,"Newport","Grass",FALSE,"Jordan Thompson","Jason Kubler",1453.79917029395,1563.42368904025,0,-109.624518746301,3,3,0.409040759600785,0
20220725,"Atlanta","Hard",FALSE,"Adrian Mannarino","Alex De Minaur",1502.14528810201,1611.62319841191,0,-109.477910309906,3,3,0.409189302049496,0
20231030,"Paris Masters","Hard",FALSE,"Alexei Popyrin","Nicolas Jarry",1548.06712888218,1657.45443914524,0,-109.38731026306,1,3,0.262390566879652,0
20230227,"Dubai","Hard",FALSE,"Francesco Passaro","Mikael Ymer",1463.62177160746,1572.96499920767,0,-109.343227600209,1,3,0.262426327480579,0
20220620,"Mallorca","Grass",FALSE,"Daniel Altmaier","Benjamin Bonzi",1386.80257652697,1496.04939801973,0,-109.24682149276,1,3,0.262504544684217,0
20231127,"NextGen Finals","Hard",FALSE,"Flavio Cobolli","Arthur Fils",1474.80877405742,1584.01172687878,0,-109.202952821358,1,1,0.335995198870935,0
20230320,"Miami Masters","Hard",FALSE,"Jannik Sinner","Carlos Alcaraz",1769.58669827124,1878.59572068992,1,-109.009022418677,3,3,0.409664486536573,0
20230306,"Indian Wells Masters","Hard",FALSE,"Guido Pella","Tallon Griekspoor",1479.25249600371,1588.21215786698,0,-108.95966186327,3,3,0.409714519776008,0
20230213,"Rotterdam","Hard",FALSE,"Grigor Dimitrov","Alex De Minaur",1586.86921440468,1695.81531942713,1,-108.946105022444,3,3,0.409728261696229,0
20220418,"Barcelona","Clay",FALSE,"Lorenzo Sonego","Elias Ymer",1458.63416698676,1567.54619448554,1,-108.912027498774,3,1,0.496667335329155,0
20221031,"Paris Masters","Hard",FALSE,"Holger Rune","Carlos Alcaraz",1677.36618417904,1786.2556304708,1,-108.889446291769,3,3,0.409785695463295,0
20230508,"Rome Masters","Clay",FALSE,"Holger Rune","Novak Djokovic",1782.8409958979,1891.53739940954,1,-108.696403511637,3,3,0.409981397348106,0
20230828,"Us Open","Hard",TRUE,"Taro Daniel","Gael Monfils",1495.14590482973,1603.81008269575,0,-108.664177866024,1,2,0.225100613932475,0
20220509,"Rome Masters","Clay",FALSE,"Stan Wawrinka","Novak Djokovic",1506.16093014168,1614.79827337422,0,-108.637343232546,1,3,0.262999380306715,0
20230227,"Acapulco","Hard",FALSE,"Luciano Darderi","Mackenzie Mcdonald",1494.18263287949,1602.6543833036,0,-108.47175042411,0,3,0.203742745123411,0
20220829,"Us Open","Hard",TRUE,"Holger Rune","John Isner",1490.38239374477,1598.85122967367,1,-108.468835928906,3,3,0.322163582149817,0
20220509,"Rome Masters","Clay",FALSE,"Tallon Griekspoor","Sebastian Baez",1442.87507354259,1551.30962250027,0,-108.434548957687,3,3,0.410246904420711,0
20230529,"Roland Garros","Clay",TRUE,"Diego Schwartzman","Bernabe Zapata Miralles",1443.34562391625,1551.72779029225,1,-108.382166375996,1,1,0.257652397947721,0
20220627,"Wimbledon","Grass",TRUE,"Dusan Lajovic","Alexander Bublik",1413.75657046531,1522.11475292876,0,-108.358182463446,1,3,0.196291370608032,0
20230508,"Rome Masters","Clay",FALSE,"Juan Manuel Cerundolo","Arthur Fils",1456.28981757087,1564.58836955112,0,-108.298551980251,0,1,0.266838363018355,0
20230306,"Indian Wells Masters","Hard",FALSE,"Leandro Riedi","Jack Draper",1494.26290535536,1602.38141435131,0,-108.118508995951,0,3,0.203983037991276,0
20230116,"Australian Open","Hard",TRUE,"Alejandro Davidovich Fokina","Tommy Paul",1518.65877620576,1626.70545538569,0,-108.046679179926,3,3,0.32287398352206,0
20230703,"Wimbledon","Grass",TRUE,"Maxime Cressy","Laslo Djere",1441.94726210134,1549.81809363135,0,-107.870831530005,3,1,0.404288962776063,0
20220718,"Hamburg","Clay",FALSE,"Borna Coric","Alex Molcan",1456.3107469155,1564.17664753726,0,-107.865900621755,1,3,0.263626574445397,0
20230220,"Rio De Janeiro","Clay",FALSE,"Hugo Gaston","Juan Pablo Varillas",1415.43485853645,1522.93551744805,0,-107.500658911602,3,1,0.49814614301446,0
20230116,"Australian Open","Hard",TRUE,"Sebastian Baez","Jason Kubler",1427.09551184962,1534.5108675623,0,-107.415355712679,3,3,0.323937895570858,0
20220829,"Us Open","Hard",TRUE,"Corentin Moutet","Botic Van De Zandschulp",1493.7930796133,1600.95171443867,1,-107.158634825369,3,3,0.324371045784746,0
20230403,"Marrakech","Clay",FALSE,"Roberto Carballes Baena","Tallon Griekspoor",1491.55326940943,1598.65637750416,1,-107.103108094731,1,3,0.264247679287707,0
20220829,"Us Open","Hard",TRUE,"Laslo Djere","Andrey Rublev",1543.23906287199,1650.22035446922,0,-106.981291597228,1,3,0.197969688132596,0
20230522,"Lyon","Clay",FALSE,"Gregoire Barrere","Tommy Paul",1542.62219726183,1649.48101734005,0,-106.858820078222,1,3,0.264446789269641,0
20230306,"Indian Wells Masters","Hard",FALSE,"Radu Albot","Andy Murray",1506.92899987744,1613.66191756233,0,-106.732917684897,1,3,0.26454944509469,0
20220214,"Marseille","Hard",FALSE,"Ilya Ivashka","Felix Auger Aliassime",1517.24668750156,1623.85226431403,0,-106.605576812468,2,3,0.334344523398376,0
20220509,"Rome Masters","Clay",FALSE,"Luca Nardi","Cameron Norrie",1500,1606.51832660954,0,-106.518326609541,0,3,0.20507420328182,0
20230508,"Rome Masters","Clay",FALSE,"Fabian Marozsan","Borna Coric",1519.63340719481,1626.10019698642,0,-106.466789791607,1,1,0.338558515909041,0
20220523,"Roland Garros","Clay",TRUE,"Andrey Kuznetsov","Diego Schwartzman",1500,1606.22401864738,0,-106.224018647377,0,1,0.201828316198904,0
20230116,"Australian Open","Hard",TRUE,"Pedro Cachin","Pablo Carreno Busta",1467.81823915892,1574.02334119458,0,-106.205102035657,1,3,0.19892055283103,0
20230920,"Chengdu","Hard",FALSE,"Philip Sekulic","Lorenzo Musetti",1513.68016680275,1619.80552113003,0,-106.125354327283,0,3,0.205342832779148,0
20220829,"Us Open","Hard",TRUE,"Bernabe Zapata Miralles","Tommy Paul",1491.44692971691,1597.42961364614,0,-105.982683929235,1,3,0.199193656311723,0
20230109,"Auckland","Hard",FALSE,"Quentin Halys","Jenson Brooksby",1429.719517116,1535.6773301292,0,-105.957813013196,3,3,0.412760754682176,0
20230807,"Canada Masters","Hard",FALSE,"Thanasi Kokkinakis","Lorenzo Musetti",1566.10105024047,1672.02852386238,0,-105.927473621911,1,3,0.265206775740103,0
20230920,"Zhuhai","Hard",FALSE,"Alexandre Muller","Sebastian Korda",1512.08879898136,1617.66366415769,0,-105.574865176335,3,3,0.413149850940415,0
20220801,"Los Cabos","Hard",FALSE,"Juan Alejandro Hernandez Serrano","Felix Auger Aliassime",1486.34374568535,1591.80543436638,0,-105.461688681037,0,3,0.205797096185776,0
20230410,"Monte Carlo Masters","Clay",FALSE,"Matteo Berrettini","Holger Rune",1643.34875717681,1748.71124389954,0,-105.362486722734,3,3,0.413365686035687,0
20220214,"Doha","Hard",FALSE,"Egor Gerasimov","Daniel Evans",1460.54808141455,1565.89612963328,0,-105.348048218728,0,2,0.236103076676215,0
20231016,"Stockholm","Hard",FALSE,"Elias Ymer","Roberto Bautista Agut",1447.82847528141,1553.15052127416,1,-105.322045992746,1,3,0.265701557667866,0
20230102,"United Cup","Hard",FALSE,"Alexander Bublik","Hubert Hurkacz",1561.44428414013,1666.67393202196,0,-105.229647881833,3,3,0.413500703871434,0
20230116,"Australian Open","Hard",TRUE,"Zizou Bergs","Laslo Djere",1402.07796438643,1507.24122805877,0,-105.163263672343,1,1,0.262422437348952,0
20221114,"Tour Finals","Hard",FALSE,"Stefanos Tsitsipas","Novak Djokovic",1732.27942375633,1837.31161884589,0,-105.032195089565,3,3,0.413701419567377,0
20230807,"Canada Masters","Hard",FALSE,"Tallon Griekspoor","Alexander Zverev",1642.44404666613,1747.36516959483,0,-104.921122928702,3,3,0.413814339798227,0
20231002,"Shanghai Masters","Hard",FALSE,"Mikhail Kukushkin","Alexandre Muller",1396.83590559875,1501.5115365571,1,-104.675630958353,0,3,0.206336096668124,0
20221003,"Tokyo","Hard",FALSE,"Taylor Fritz","Nick Kyrgios",1658.22821779067,1762.89023622078,1,-104.662018430111,3,3,0.414077790602667,0
20231106,"Sofia","Hard",FALSE,"Maximilian Marterer","Jack Draper",1547.49587017071,1652.1117730526,0,-104.615902881895,3,3,0.414124684866991,0
20231016,"Stockholm","Hard",FALSE,"Pavel Kotov","Tallon Griekspoor",1498.2170396989,1602.82483362434,1,-104.607793925439,3,3,0.41413293091382,0
20230703,"Wimbledon","Grass",TRUE,"Daniil Medvedev","Carlos Alcaraz",1839.49055233394,1944.03777841314,0,-104.547226079191,3,3,0.328794129474917,0
20220221,"Dubai","Hard",FALSE,"Jiri Vesely","Marin Cilic",1449.92242863078,1554.27411525978,1,-104.351686628992,2,3,0.336450224068323,0
20230206,"Cordoba","Clay",FALSE,"Dusan Lajovic","Juan Pablo Varillas",1396.69787010557,1500.98444334337,1,-104.286573237797,1,1,0.34060781890627,0
20230109,"Auckland","Hard",FALSE,"Kiranpal Pannu","Richard Gasquet",1471.02423743022,1575.24247472566,0,-104.218237295441,0,3,0.206650212376078,0
20230102,"United Cup","Hard",FALSE,"Felipe Meligeni Alves","Lorenzo Musetti",1483.62254757044,1587.64328661205,0,-104.020739041618,2,3,0.33675996261402,0
20230417,"Barcelona","Clay",FALSE,"Emilio Gomez","Grigor Dimitrov",1481.05107353564,1584.63821237528,0,-103.587138839641,1,3,0.26712265819956,0
20220829,"Us Open","Hard",TRUE,"Cristian Garin","Alex De Minaur",1522.13895150158,1625.64779193172,0,-103.508840430139,3,3,0.330561424698228,0
20230203,"Davis Cup QLS R1: SWE vs BIH","Hard",FALSE,"Damir Dzumhur","Mikael Ymer",1473.26126946899,1576.75872803416,0,-103.497458565166,0,3,0.207145925573991,0
20220919,"Metz","Hard",FALSE,"Stan Wawrinka","Mikael Ymer",1439.98312528776,1543.47175337967,1,-103.488628091904,1,3,0.267203495282712,0
20230424,"Madrid Masters","Clay",FALSE,"Hugo Gaston","Jeremy Chardy",1399.79600078453,1503.28012448814,1,-103.484123703608,3,2,0.458498516500041,0
20230227,"Dubai","Hard",FALSE,"Christopher Oconnell","Emil Ruusuvuori",1454.79350326291,1558.26395592726,1,-103.470452664346,3,3,0.415289974899178,0
20230717,"Bastad","Clay",FALSE,"Filip Misolic","Lorenzo Musetti",1566.65342948803,1670.07111804645,0,-103.417688558425,1,3,0.267261717287093,0
20220404,"Marrakech","Clay",FALSE,"Alex Molcan","Felix Auger Aliassime",1496.71375538704,1600.09907819403,1,-103.385322806995,3,3,0.415376617256027,0
20220418,"Barcelona","Clay",FALSE,"Grigor Dimitrov","Stefanos Tsitsipas",1561.59659593353,1664.75662982772,0,-103.160033894193,3,3,0.415605934101945,0
20220801,"Washington","Hard",FALSE,"Jack Draper","Andrey Rublev",1543.74300272067,1646.86181085816,0,-103.118808137485,3,3,0.415647900891544,0
20221017,"Naples","Hard",FALSE,"Flavio Cobolli","Miomir Kecmanovic",1473.30048634395,1576.30863873797,0,-103.008152394023,1,3,0.267597992271444,0
20230203,"Davis Cup QLS R1: SRB vs NOR","Hard",FALSE,"Viktor Durasovic","Laslo Djere",1414.91416868499,1517.83472153399,0,-102.920552849003,1,1,0.341894865143219,0
20230220,"Doha","Hard",FALSE,"Alexandre Muller","Andy Murray",1500,1602.87050973607,0,-102.870509736074,3,3,0.415900688308579,0
20230814,"Cincinnati Masters","Hard",FALSE,"Thanasi Kokkinakis","Hubert Hurkacz",1555.53768352766,1658.30686022649,0,-102.769176698829,1,3,0.267794342052541,0
20220509,"Rome Masters","Clay",FALSE,"Brandon Nakashima","Grigor Dimitrov",1478.61284551906,1581.36269091964,0,-102.749845400585,3,3,0.416023550134136,0
20230522,"Geneva","Clay",FALSE,"Christopher Oconnell","Grigor Dimitrov",1512.70004986627,1615.26924550659,0,-102.569195640325,3,3,0.416207509318359,0
20230612,"s Hertogenbosch","Grass",FALSE,"Adrian Mannarino","Arthur Fils",1524.62700689796,1627.16771057245,1,-102.540703674488,3,1,0.503343183915836,1
20220523,"Roland Garros","Clay",TRUE,"Camilo Ugo Carabelli","Felix Auger Aliassime",1500,1602.42516125709,0,-102.425161257087,0,3,0.154822890222615,0
20220919,"San Diego","Hard",FALSE,"Marcos Giron","Brandon Nakashima",1483.68605563788,1586.03845395813,0,-102.352398320254,3,3,0.416428309082698,0
20230213,"Rotterdam","Hard",FALSE,"Grigor Dimitrov","Daniil Medvedev",1606.42446345598,1708.60925264981,0,-102.184789193826,3,3,0.416599035546953,0
20221003,"Astana","Hard",FALSE,"Daniil Medvedev","Novak Djokovic",1680.63049850914,1782.76805828044,0,-102.137559771293,3,3,0.416647146997333,0
20230731,"Washington","Hard",FALSE,"Gael Monfils","Tallon Griekspoor",1507.37174551237,1609.4142785922,0,-102.042533079835,2,3,0.3386143123135,0
20220516,"Lyon","Clay",FALSE,"Tomas Martin Etcheverry","Sebastian Baez",1459.24222899899,1561.12642900583,0,-101.884200006842,1,3,0.268522261408178,0
20220808,"Canada Masters","Hard",FALSE,"Alex De Minaur","Nick Kyrgios",1633.23079144416,1735.09386467197,0,-101.863073227813,3,3,0.416926791083211,0
20221024,"Vienna","Hard",FALSE,"Yoshihito Nishioka","Taylor Fritz",1592.89207530619,1694.6002535298,0,-101.708178223619,1,3,0.26866719372035,0
20220718,"Hamburg","Clay",FALSE,"Fabio Fognini","Karen Khachanov",1489.62108280172,1591.04269058441,0,-101.421607782691,1,3,0.26890325511174,0
20220801,"Los Cabos","Hard",FALSE,"Jordan Thompson","Yannick Hanfmann",1424.00789568907,1525.30447811039,1,-101.296582421322,3,1,0.504646704785407,1
20220606,"s Hertogenbosch","Grass",FALSE,"Adrian Mannarino","Alex De Minaur",1487.41928129663,1588.69107863512,1,-101.271797338484,3,3,0.417529358297238,0
20230102,"United Cup","Hard",FALSE,"Cameron Norrie","Taylor Fritz",1654.17521697576,1755.20690175611,1,-101.03168478035,3,3,0.417774126604945,0
20220418,"Barcelona","Clay",FALSE,"Brandon Nakashima","Casper Ruud",1501.0261799846,1601.92419245341,0,-100.898012468809,3,1,0.505064291644327,1
20230206,"Dallas","Hard",FALSE,"Mackenzie Mcdonald","Frances Tiafoe",1583.00357897601,1683.88794188693,0,-100.88436291092,3,3,0.417924325086131,0
20220718,"Gstaad","Clay",FALSE,"Richard Gasquet","Matteo Berrettini",1550.78543594683,1651.53590851655,0,-100.750472569721,3,3,0.418060842981011,0
20221003,"Astana","Hard",FALSE,"Aslan Karatsev","Zhizhen Zhang",1407.84186806276,1508.5803436107,0,-100.738475547941,3,1,0.505231438578159,1
20220221,"Acapulco","Hard",FALSE,"Tommy Paul","Rafael Nadal",1547.98882803398,1648.72631169776,0,-100.737483663781,3,3,0.418074087458332,0
20231002,"Shanghai Masters","Hard",FALSE,"Christopher Eubanks","Casper Ruud",1558.69072105835,1659.4280319904,0,-100.737310932055,3,1,0.505232658742712,1
20220321,"Miami Masters","Hard",FALSE,"Jack Draper","Cameron Norrie",1500,1600.60277914966,0,-100.602779149665,3,3,0.418211449398253,0
20231023,"Basel","Hard",FALSE,"Dominic Stricker","Ugo Humbert",1556.84557161889,1657.275079791,0,-100.429508172106,1,2,0.305715175784328,0
20220919,"Metz","Hard",FALSE,"Dominic Thiem","Richard Gasquet",1502.52051787004,1602.84642901899,1,-100.325911148948,1,3,0.269807039563197,0
20230116,"Australian Open","Hard",TRUE,"Benjamin Bonzi","Pablo Carreno Busta",1492.98389355132,1593.23529114565,1,-100.251397594333,3,3,0.336136423373051,0
20230814,"Cincinnati Masters","Hard",FALSE,"Borna Coric","Hubert Hurkacz",1592.15047272347,1692.36915591885,0,-100.218683195381,1,3,0.269895589264913,0
20230424,"Madrid Masters","Clay",FALSE,"Jaume Munar","Tallon Griekspoor",1456.77678952068,1556.95314546747,1,-100.176355946791,1,3,0.269930548487661,0
20220411,"Monte Carlo Masters","Clay",FALSE,"Grigor Dimitrov","Hubert Hurkacz",1531.58551744365,1631.61945858235,1,-100.033941138701,3,3,0.41879164900234,0
20220502,"Madrid Masters","Clay",FALSE,"Cristian Garin","Felix Auger Aliassime",1478.70608283149,1578.64200916867,0,-99.935926337178,3,3,0.418891644224243,0
20230306,"Indian Wells Masters","Hard",FALSE,"Fabio Fognini","Ben Shelton",1428.61338327781,1528.47585136749,0,-99.8624680896819,1,3,0.270189886022711,0
20230612,"Stuttgart","Grass",FALSE,"Jan Lennard Struff","Frances Tiafoe",1577.78138079295,1677.43329087028,0,-99.6519100773287,1,3,0.270363939233595,0
20230717,"Newport","Grass",FALSE,"Kevin Anderson","Gijs Brouwer",1442.89544488566,1542.49691381464,1,-99.6014689289843,3,3,0.41923290957022,0
20230807,"Canada Masters","Hard",FALSE,"Alejandro Davidovich Fokina","Alex De Minaur",1600.89396954772,1700.44938591601,0,-99.5554163682903,3,3,0.419279905599008,0
20220815,"Cincinnati Masters","Hard",FALSE,"Jaume Munar","Marin Cilic",1516.58287881346,1615.95487625393,0,-99.3719974404648,1,3,0.270595432184209,0
20220815,"Cincinnati Masters","Hard",FALSE,"Taylor Fritz","Nick Kyrgios",1665.49246032417,1764.7344545122,1,-99.2419941880357,3,3,0.419599787643925,0
20220725,"Umag","Clay",FALSE,"Duje Ajdukovic","Alex Molcan",1500,1599.13618655188,0,-99.1361865518845,0,3,0.210164104598443,0
20220304,"Davis Cup QLS R1: BEL vs FIN","Hard",FALSE,"David Goffin","Emil Ruusuvuori",1453.17783135698,1552.27345909373,1,-99.0956277367466,3,3,0.419749193979939,0
20220304,"Davis Cup QLS R1: ESP vs ROU","Clay",FALSE,"Marius Copil","Carlos Alcaraz",1488.87058277934,1587.90830049936,0,-99.037717720021,0,3,0.210232620185523,0
20220321,"Miami Masters","Hard",FALSE,"Oscar Otte","Gael Monfils",1476.27467090533,1575.15547586347,0,-98.8808049581332,3,2,0.463292386784857,0
20220627,"Wimbledon","Grass",TRUE,"Nikoloz Basilashvili","Tim Van Rijthoven",1497.30154720064,1596.15467040316,0,-98.8531232025236,3,3,0.338543708738417,0
20230424,"Madrid Masters","Clay",FALSE,"Daniel Altmaier","Oscar Otte",1354.52005608442,1453.33672837401,1,-98.8166722895915,1,3,0.271055065265412,0
20230320,"Miami Masters","Hard",FALSE,"Facundo Bagnis","Felipe Meligeni Alves",1374.24069223454,1472.98394077812,1,-98.7432485435827,1,2,0.307217339579634,0
20220919,"San Diego","Hard",FALSE,"Christopher Oconnell","Brandon Nakashima",1476.48009317853,1575.18898316842,0,-98.7088899898945,3,3,0.420144034604145,0
20230116,"Australian Open","Hard",TRUE,"Christopher Eubanks","Soon Woo Kwon",1485.18318487798,1583.8715552502,1,-98.688370372219,3,2,0.379254364427101,0
20231030,"Paris Masters","Hard",FALSE,"Marcos Giron","Ugo Humbert",1547.69727929994,1646.30597646195,0,-98.6086971620077,3,2,0.46357597963757,0
20230619,"Queen's Club","Grass",FALSE,"Andy Murray","Alex De Minaur",1551.53244140402,1650.11551439172,0,-98.5830729876932,3,3,0.420272509769499,0
20220509,"Rome Masters","Clay",FALSE,"Marcos Giron","Alexander Bublik",1426.90043360566,1525.47349566488,1,-98.5730620592235,3,3,0.420282732665242,0
20230227,"Acapulco","Hard",FALSE,"Feliciano Lopez","Christopher Eubanks",1361.83426828199,1460.29682739035,1,-98.4625591083677,0,3,0.210633148685443,0
20220829,"Us Open","Hard",TRUE,"Thiago Monteiro","Alex Molcan",1471.93035169057,1570.35460731053,1,-98.4242556199592,1,3,0.208642086710665,0
20220418,"Barcelona","Clay",FALSE,"Lloyd Harris","Alex De Minaur",1475.85176585414,1574.19545654814,0,-98.3436906940051,3,3,0.420516979362473,0
20220620,"Mallorca","Grass",FALSE,"Marcos Giron","Mackenzie Mcdonald",1406.63766835819,1504.98057480098,1,-98.3429064427814,3,3,0.420517780344575,0
20230626,"Mallorca","Grass",FALSE,"Albert Ramos","Arthur Rinderknech",1386.54970451342,1484.85119993654,0,-98.301495423128,1,3,0.27148190655309,0
20231016,"Antwerp","Hard",FALSE,"Hugo Gaston","Maximilian Marterer",1414.32816868636,1512.47128974727,0,-98.1431210609082,3,3,0.420721841484647,0
20220502,"Madrid Masters","Clay",FALSE,"Alexander Bublik","Miomir Kecmanovic",1536.34567601499,1634.48520415374,0,-98.1395281387533,3,3,0.42072551154986,0
20220502,"Madrid Masters","Clay",FALSE,"Novak Djokovic","Hubert Hurkacz",1535.95321725488,1634.05292398019,1,-98.0997067253086,3,3,0.420766188549182,0
20221017,"Antwerp","Hard",FALSE,"Richard Gasquet","Felix Auger Aliassime",1582.31862603812,1680.40051324634,0,-98.0818872082232,3,3,0.420784391277262,0
20220627,"Wimbledon","Grass",TRUE,"Taylor Fritz","Rafael Nadal",1663.92289768148,1761.94373206089,0,-98.0208343794015,3,3,0.339980574120289,0
20230703,"Wimbledon","Grass",TRUE,"Lloyd Harris","Gregoire Barrere",1454.18298593817,1551.94156113408,0,-97.758575195913,3,1,0.423176780510861,0
20230424,"Madrid Masters","Clay",FALSE,"Jaume Munar","Thanasi Kokkinakis",1443.88334466148,1541.6399186296,1,-97.7565739681161,1,1,0.34678124504351,0
20220829,"Us Open","Hard",TRUE,"Peter Gojowczyk","Holger Rune",1404.17915388341,1501.90187592337,0,-97.7227220399582,2,3,0.270042685645238,0
20230403,"Houston","Clay",FALSE,"Daniel Elahi Galan","Jason Kubler",1451.72374943245,1549.42819244202,0,-97.7044430095643,3,3,0.421170002985908,0
20220304,"Davis Cup QLS R1: KAZ vs NOR","Hard",FALSE,"Mikhail Kukushkin","Casper Ruud",1471.03055066455,1568.68039401049,0,-97.6498433459456,0,1,0.275660187923847,0
20220620,"Mallorca","Grass",FALSE,"Tallon Griekspoor","Alex Molcan",1466.10165991496,1563.59027856966,1,-97.4886186546985,3,3,0.421390540815067,0
20230915,"Davis Cup WG1 R1: AUT vs POR","Hard",FALSE,"Joao Sousa","Sebastian Ofner",1401.02016018173,1498.48791065126,1,-97.4677504695235,1,1,0.347055510125821,0
20231016,"Antwerp","Hard",FALSE,"Juan Pablo Varillas","Fabian Marozsan",1483.5022844406,1580.93603667692,1,-97.4337522363146,1,1,0.347087801331479,0
20230206,"Montpellier","Hard",FALSE,"Quentin Halys","Alejandro Davidovich Fokina",1440.07439025452,1537.30034841465,1,-97.225958160132,3,3,0.42165897996395,0
20220711,"Bastad","Clay",FALSE,"Marc Andrea Huesler","Holger Rune",1454.6359003141,1551.85271325287,1,-97.216812938774,2,3,0.343158649481429,0
20230102,"Adelaide 1","Hard",FALSE,"Miomir Kecmanovic","Daniil Medvedev",1591.24755563648,1688.43052684702,0,-97.1829712105475,3,3,0.421702917060016,0
20230102,"United Cup","Hard",FALSE,"Daniel Evans","Frances Tiafoe",1581.58077401313,1678.75667405771,0,-97.1759000445784,2,3,0.343197301355843,0
20230306,"Indian Wells Masters","Hard",FALSE,"Daniel Evans","Jack Draper",1523.3932051099,1620.4430883699,0,-97.0498832600017,2,3,0.343316366978661,0
20230206,"Dallas","Hard",FALSE,"Yibing Wu","Denis Shapovalov",1519.52447392867,1616.49343565823,1,-96.9689617295567,2,3,0.343392835220674,0
20230828,"Us Open","Hard",TRUE,"Brandon Nakashima","Laslo Djere",1520.50619328022,1617.28105751431,0,-96.7748642340969,3,1,0.425027159779369,0
20220919,"San Diego","Hard",FALSE,"Zachary Svajda","Brandon Nakashima",1500,1596.74309116046,0,-96.7430911604622,0,3,0.211833885053222,0
20230814,"Cincinnati Masters","Hard",FALSE,"Daniel Altmaier","Alexei Popyrin",1445.13625369428,1541.6981212482,0,-96.5618675539183,1,1,0.347916389418163,0
20230912,"Davis Cup Finals RR: FRA vs SUI","Hard",FALSE,"Ugo Humbert","Stan Wawrinka",1534.14578820799,1630.64589351607,1,-96.5001053080832,2,1,0.426870603594115,0
20220725,"Atlanta","Hard",FALSE,"Jordan Thompson","Brandon Nakashima",1443.38099185064,1539.78176710327,0,-96.4007752526252,3,3,0.422502617840235,0
20230109,"Adelaide 2","Hard",FALSE,"Thanasi Kokkinakis","Miomir Kecmanovic",1516.47718050944,1612.86027920885,1,-96.3830986994083,1,3,0.273075066059353,0
20221010,"Florence","Hard",FALSE,"Aslan Karatsev","Tallon Griekspoor",1387.92751531583,1484.3009897874,1,-96.3734744715655,3,3,0.42253053695149,0
20221114,"Tour Finals","Hard",FALSE,"Daniil Medvedev","Novak Djokovic",1730.11206188787,1826.36400421195,0,-96.2519423240858,3,3,0.422654827661208,0
20220411,"Monte Carlo Masters","Clay",FALSE,"Albert Ramos","Hubert Hurkacz",1524.55591117196,1620.66617292522,0,-96.1102617532645,1,3,0.273302120865799,0
20230306,"Indian Wells Masters","Hard",FALSE,"Filip Krajinovic","Mackenzie Mcdonald",1519.14899920439,1615.22722976294,0,-96.0782305585553,3,3,0.422832499373205,0
20230821,"Winston-Salem","Hard",FALSE,"Marc Andrea Huesler","Alexander Shevchenko",1397.25049635626,1493.02096474532,1,-95.7704683890563,2,1,0.427618938101828,0
20220110,"Adelaide 2","Hard",FALSE,"John Isner","Thanasi Kokkinakis",1484.43993278062,1580.06692645683,0,-95.6269936762067,3,1,0.510585917965855,1
20220221,"Dubai","Hard",FALSE,"Alejandro Davidovich Fokina","Jannik Sinner",1483.88410148233,1579.43937899659,0,-95.5552775142614,3,3,0.423367494042599,0
20220926,"Tel Aviv","Hard",FALSE,"Marin Cilic","Novak Djokovic",1660.16222677694,1755.66618652115,0,-95.5039597442094,3,3,0.42342000317062,0
20230821,"Winston-Salem","Hard",FALSE,"Facundo Diaz Acosta","Laslo Djere",1507.19501423374,1602.60515511146,0,-95.4101408777185,2,1,0.427988621752926,0
20220221,"Acapulco","Hard",FALSE,"Cameron Norrie","Rafael Nadal",1577.74295977236,1673.1288666016,0,-95.3859068292388,3,3,0.423540803285525,0
20220502,"Madrid Masters","Clay",FALSE,"Cristian Garin","Frances Tiafoe",1459.6928465348,1554.96735116544,1,-95.2745046306391,3,3,0.423654806298468,0
20230417,"Munich","Clay",FALSE,"Thiago Monteiro","Yannick Hanfmann",1432.8714372395,1528.05429656761,0,-95.1828593281043,1,1,0.349228797746186,0
20230807,"Canada Masters","Hard",FALSE,"Aleksandar Vukic","Borna Coric",1498.58855077935,1593.67896835747,1,-95.0904175781216,2,1,0.428316714224642,0
20230814,"Cincinnati Masters","Hard",FALSE,"Stan Wawrinka","Frances Tiafoe",1598.73401938973,1693.6968845144,1,-94.9628651246669,1,3,0.274258272105908,0
20230320,"Miami Masters","Hard",FALSE,"Karen Khachanov","Stefanos Tsitsipas",1670.91955349992,1765.84019892032,1,-94.9206454204002,3,3,0.424016980621956,0
20220207,"Rotterdam","Hard",FALSE,"Cameron Norrie","Karen Khachanov",1459.45561854484,1554.33901492958,1,-94.883396384743,3,3,0.424055109704582,0
20230508,"Rome Masters","Clay",FALSE,"Cristian Garin","Tommy Paul",1573.64197129384,1668.47661679659,1,-94.8346455027477,3,3,0.424105013742545,0
20230417,"Banja Luka","Clay",FALSE,"Damir Dzumhur","Richard Gasquet",1470.11720906261,1564.83409466467,1,-94.716885602061,0,3,0.213255236342456,0
20220829,"Us Open","Hard",TRUE,"Gijs Brouwer","Adrian Mannarino",1502.97528777274,1597.5596939056,1,-94.5844061328571,3,3,0.345944245744025,0
20230619,"Halle","Grass",FALSE,"Louis Wessels","Yannick Hanfmann",1500,1594.55148552868,0,-94.5514855286826,0,1,0.278260659802479,0
20230717,"Newport","Grass",FALSE,"Rinky Hijikata","Adrian Mannarino",1532.78180635818,1627.31208200016,0,-94.5302756419771,3,3,0.424416618143763,0
20220307,"Indian Wells Masters","Hard",FALSE,"Tomas Machac","Daniil Medvedev",1502.20744858465,1596.71868023178,0,-94.5112316471282,1,3,0.274635198618731,0
20220509,"Rome Masters","Clay",FALSE,"Nikoloz Basilashvili","Denis Shapovalov",1468.8042144646,1563.30992955484,0,-94.5057150902421,3,3,0.424441765096574,0
20220613,"Halle","Grass",FALSE,"David Goffin","Daniil Medvedev",1571.79134256389,1666.19236549207,0,-94.4010229281839,3,3,0.42454896124643,0
20220815,"Cincinnati Masters","Hard",FALSE,"Denis Shapovalov","Grigor Dimitrov",1470.74771324338,1565.12270553379,1,-94.374992290403,3,3,0.424575615577453,0
20230814,"Cincinnati Masters","Hard",FALSE,"Alexei Popyrin","Nicolas Jarry",1558.69870551583,1653.00379970166,1,-94.3050941858316,1,3,0.274807344796033,0
20220613,"Queen's Club","Grass",FALSE,"Tommy Paul","Matteo Berrettini",1502.46870120698,1596.71468240691,0,-94.2459811999397,3,3,0.424707724241271,0
20230417,"Barcelona","Clay",FALSE,"Stefanos Tsitsipas","Carlos Alcaraz",1783.09057830186,1877.104661326,0,-94.0140830241373,3,3,0.424945217357422,0
20230102,"United Cup","Hard",FALSE,"Stefanos Sakellaridis","Lorenzo Musetti",1500,1593.97678829319,0,-93.9767882931917,2,3,0.346226020278169,0
20230814,"Cincinnati Masters","Hard",FALSE,"Brandon Nakashima","Stan Wawrinka",1517.01185759795,1610.9817075793,0,-93.9698499813496,3,1,0.512321379648709,1
20220725,"Atlanta","Hard",FALSE,"Soon Woo Kwon","Tommy Paul",1473.3430666462,1567.01897401391,0,-93.6759073677113,2,3,0.346511522441057,0
20220620,"Eastbourne","Grass",FALSE,"Lorenzo Sonego","Alex De Minaur",1473.36852767399,1566.9242524521,0,-93.5557247781182,3,3,0.425414736115142,0
20220117,"Australian Open","Hard",TRUE,"Adrian Mannarino","Aslan Karatsev",1479.82961897514,1573.27470202032,1,-93.4450830451863,3,3,0.347932309779176,0
20221017,"Antwerp","Hard",FALSE,"Dominic Thiem","Hubert Hurkacz",1558.79529451477,1652.20365891062,1,-93.4083643958506,1,3,0.275556986587113,0
20230220,"Rio De Janeiro","Clay",FALSE,"Nicolas Jarry","Lorenzo Musetti",1489.08040955185,1582.39432064287,1,-93.3139110910233,3,3,0.42566249197098,0
20231106,"Sofia","Hard",FALSE,"Marc Andrea Huesler","Billy Harris",1394.19032388299,1487.39369415572,0,-93.2033702727315,2,0,0.473772701044753,0
20220627,"Wimbledon","Grass",TRUE,"Benoit Paire","Quentin Halys",1366.67983101649,1459.8286315283,0,-93.1488005118115,0,3,0.164403500760747,0
20230116,"Australian Open","Hard",TRUE,"Alexei Popyrin","Ben Shelton",1433.74140811041,1526.78040401378,0,-93.038995903371,1,3,0.215572775768017,0
20230619,"Halle","Grass",FALSE,"Roman Safiullin","Jan Lennard Struff",1515.19973695194,1608.11779965134,0,-92.9180626993946,3,1,0.513422723831124,1
20220221,"Santiago","Clay",FALSE,"Facundo Bagnis","Albert Ramos",1426.97012260743,1519.73263867226,0,-92.7625160648229,1,1,0.351537774692654,0
20220627,"Wimbledon","Grass",TRUE,"Henri Laaksonen","Ryan Peniston",1431.6937996335,1524.19970540466,0,-92.5059057711596,0,0,0.25096954540581,0
20220207,"Rotterdam","Hard",FALSE,"Cameron Norrie","Felix Auger Aliassime",1478.45317333144,1570.95055027324,0,-92.4973769418016,3,3,0.42649936627752,0
20221024,"Basel","Hard",FALSE,"Dominic Stricker","Pablo Carreno Busta",1511.89254318715,1604.37746549846,0,-92.4849223113192,1,3,0.27633028201817,0
20220523,"Roland Garros","Clay",TRUE,"Henri Laaksonen","Pedro Martinez",1412.79606797078,1505.19525121654,1,-92.3991832457566,0,3,0.165198133052313,0
20221124,"Davis Cup Finals QF: ITA vs USA","Hard",FALSE,"Lorenzo Musetti","Taylor Fritz",1607.29710758299,1699.49924857227,0,-92.2021409892848,3,3,0.426802060563749,0
20231016,"Stockholm","Hard",FALSE,"Pavel Kotov","Lorenzo Sonego",1479.32748424798,1571.52360468948,1,-92.1961204415029,3,3,0.426808233775583,0
20220829,"Us Open","Hard",TRUE,"Thiago Monteiro","Karen Khachanov",1483.04219954708,1575.20347390955,0,-92.1612743624744,1,3,0.216718065581345,0
20220801,"Los Cabos","Hard",FALSE,"Feliciano Lopez","Radu Albot",1385.00708220008,1477.00232951463,0,-91.9952473145461,0,1,0.280417438378332,0
20230206,"Cordoba","Clay",FALSE,"Joao Sousa","Cristian Garin",1404.0813479817,1496.06136741904,1,-91.9800194373377,1,3,0.276753657217169,0
20221031,"Paris Masters","Hard",FALSE,"Corentin Moutet","Cameron Norrie",1544.84724094837,1636.76169790994,1,-91.9144569615696,3,3,0.427097064900363,0
20230619,"Queen's Club","Grass",FALSE,"Ben Shelton","J J Wolf",1453.43300118695,1545.32999653502,1,-91.8969953480746,3,3,0.427114972507767,0
20220613,"Queen's Club","Grass",FALSE,"Paul Jubb","Botic Van De Zandschulp",1500,1591.86233216971,0,-91.8623321697094,0,3,0.215269434810732,0
20230116,"Australian Open","Hard",TRUE,"Karen Khachanov","Stefanos Tsitsipas",1670.06474197458,1761.83603113433,0,-91.7712891597494,3,3,0.35086261919344,0
20230227,"Dubai","Hard",FALSE,"Andrey Rublev","Daniil Medvedev",1723.47837688855,1815.22376134607,0,-91.7453844575239,3,3,0.42727046377708,0
20220304,"Davis Cup QLS R1: ESP vs ROU","Clay",FALSE,"Marius Copil","Roberto Bautista Agut",1500,1591.72515563101,0,-91.7251556310084,0,3,0.215366574589778,0
20230626,"Mallorca","Grass",FALSE,"Christopher Eubanks","Adrian Mannarino",1479.48553900585,1571.12787921023,1,-91.6423402043843,3,3,0.427376153584364,0
20230828,"Us Open","Hard",TRUE,"Jack Draper","Hubert Hurkacz",1611.59541193489,1703.1585070336,1,-91.5630950987104,3,3,0.351227897384952,0
20230703,"Wimbledon","Grass",TRUE,"Ben Shelton","Taro Daniel",1448.23524041178,1539.74575677877,1,-91.5105163669898,3,1,0.434964015060206,0
20230821,"Winston-Salem","Hard",FALSE,"Constant Lestienne","Dominik Koepfer",1405.41176656471,1496.86895201865,0,-91.4571854539417,0,2,0.246764339187169,0
20220815,"Cincinnati Masters","Hard",FALSE,"Aslan Karatsev","Diego Schwartzman",1462.47226290306,1553.87627845206,0,-91.4040155490061,3,1,0.515007876529333,1
20220829,"Us Open","Hard",TRUE,"Alejandro Davidovich Fokina","Matteo Berrettini",1529.09336208667,1620.25149743919,0,-91.1581353525141,3,3,0.35193890155174,0
20221017,"Antwerp","Hard",FALSE,"Jaume Munar","Yoshihito Nishioka",1490.60894423529,1581.73865163993,0,-91.1297074046424,1,1,0.353099393356097,0
20220627,"Wimbledon","Grass",TRUE,"Fernando Verdasco","Tommy Paul",1469.59384102309,1560.71934872719,0,-91.1255077041017,1,3,0.218075232495407,0
20220808,"Canada Masters","Hard",FALSE,"Andy Murray","Taylor Fritz",1562.67915706405,1653.54669101289,0,-90.8675339488368,3,3,0.428171063895964,0
20230717,"Bastad","Clay",FALSE,"Francisco Cerundolo","Andrey Rublev",1701.458473221,1792.32119650462,0,-90.8627232836236,3,3,0.428176000547216,0
20221031,"Paris Masters","Hard",FALSE,"Hubert Hurkacz","Holger Rune",1658.24739496454,1748.98887087747,0,-90.7414759129317,3,3,0.428300427972429,0
20220815,"Cincinnati Masters","Hard",FALSE,"John Isner","Hubert Hurkacz",1580.02441917868,1670.66425373382,1,-90.6398345551374,3,3,0.428404742149138,0
20220829,"Us Open","Hard",TRUE,"Tomas Martin Etcheverry","Hugo Grenier",1374.43515722331,1465.06053696312,0,-90.6253797398151,1,3,0.218732741476866,0
20231016,"Tokyo","Hard",FALSE,"Aslan Karatsev","Frances Tiafoe",1542.14314587089,1632.61735114843,1,-90.4742052775346,3,3,0.428574740537701,0
20230724,"Umag","Clay",FALSE,"Juan Manuel Cerundolo","Fabian Marozsan",1428.64219232197,1518.97304963417,0,-90.3308573122013,0,1,0.281827207448574,0
20220829,"Us Open","Hard",TRUE,"Tomas Machac","Botic Van De Zandschulp",1491.1900726628,1581.4666286727,0,-90.2765560098912,1,3,0.219192177857058,0
20231030,"Paris Masters","Hard",FALSE,"Roberto Bautista Agut","Jiri Lehecka",1518.43664829992,1608.54840434772,1,-90.1117560477946,3,3,0.428946809523083,0
20220725,"Umag","Clay",FALSE,"Jannik Sinner","Carlos Alcaraz",1697.66314623549,1787.69740193353,1,-90.0342556980404,3,3,0.429026377245865,0
20230828,"Us Open","Hard",TRUE,"Grigor Dimitrov","Alexander Zverev",1697.38183700021,1787.35610491394,0,-89.9742679137346,3,3,0.354021223531029,0
20230213,"Buenos Aires","Clay",FALSE,"Tomas Martin Etcheverry","Hugo Dellien",1373.14059931492,1463.06777463083,1,-89.9271753159192,1,1,0.354251506668586,0
20230828,"Us Open","Hard",TRUE,"Matteo Arnaldi","Cameron Norrie",1534.43076496882,1624.33253572614,1,-89.9017707573225,1,3,0.219686581277088,0
20220117,"Australian Open","Hard",TRUE,"John Isner","Maxime Cressy",1473.46729405853,1563.36333017401,0,-89.8960361154791,3,3,0.354159022815672,0
20220808,"Canada Masters","Hard",FALSE,"Alex Molcan","Casper Ruud",1598.272391822,1688.1461999985,0,-89.8738081765025,3,1,0.516609641532935,1
20220304,"Davis Cup QLS R1: AUS vs HUN","Hard",FALSE,"Marton Fucsovics","Thanasi Kokkinakis",1477.09840322199,1566.95263756785,1,-89.8542343458594,3,1,0.516630128561259,1
20230626,"Eastbourne","Grass",FALSE,"Maxime Cressy","Zhizhen Zhang",1438.78102762792,1528.34714349191,0,-89.5661158639944,3,1,0.516931682421772,1
20220207,"Buenos Aires","Clay",FALSE,"Thiago Monteiro","Albert Ramos",1469.03178528396,1558.55954846685,1,-89.5277631828928,1,1,0.354634547858223,0
20230204,"Davis Cup QLS R1: CZE vs POR","Clay",FALSE,"Nuno Borges","Jiri Lehecka",1487.51380212547,1577.04077687501,0,-89.5269747495472,2,3,0.350459593550578,0
20220307,"Indian Wells Masters","Hard",FALSE,"Taylor Fritz","Andrey Rublev",1595.34830771865,1684.83005037205,1,-89.4817426534039,3,3,0.429593735017815,0
20220606,"Stuttgart","Grass",FALSE,"Nikoloz Basilashvili","Lorenzo Musetti",1453.27780197667,1542.72524557555,1,-89.4474435988807,3,3,0.429628961721966,0
20220606,"Stuttgart","Grass",FALSE,"Benoit Paire","Lorenzo Sonego",1377.90297903952,1467.30621572876,0,-89.4032366892316,0,3,0.217015635209397,0
20221031,"Paris Masters","Hard",FALSE,"Marc Andrea Huesler","Karen Khachanov",1542.66287849954,1631.99902472692,0,-89.3361462273724,2,3,0.35064168207576,0
20220214,"Marseille","Hard",FALSE,"Lucas Pouille","Andrey Rublev",1487.44575442359,1576.62976087318,0,-89.1840064495946,1,3,0.279105426630957,0
20221017,"Stockholm","Hard",FALSE,"Joao Sousa","Emil Ruusuvuori",1452.77021019083,1541.93057158073,0,-89.1603613898997,1,3,0.27912536700043,0
20230731,"Kitzbuhel","Clay",FALSE,"Dominic Thiem","Laslo Djere",1536.71997527148,1625.82754013875,1,-89.107564867272,1,1,0.355037724525164,0
20230213,"Buenos Aires","Clay",FALSE,"Juan Pablo Varillas","Lorenzo Musetti",1512.20759647385,1601.15263876868,1,-88.9450422948275,1,3,0.279306990226545,0
20221031,"Paris Masters","Hard",FALSE,"Holger Rune","Felix Auger Aliassime",1696.9192125593,1785.84380446205,1,-88.9245919027437,3,3,0.430166042467601,0
20231002,"Shanghai Masters","Hard",FALSE,"Ugo Humbert","Stefanos Tsitsipas",1598.8637287526,1687.75998587045,1,-88.896257117847,2,3,0.351061589822105,0
20230109,"Adelaide 2","Hard",FALSE,"Alejandro Davidovich Fokina","Roberto Bautista Agut",1529.90558605073,1618.72390803175,0,-88.8183219810207,3,3,0.430275224595619,0
20220307,"Indian Wells Masters","Hard",FALSE,"Oscar Otte","Hubert Hurkacz",1470.09326590012,1558.83199372554,0,-88.7387278254232,3,3,0.430357004380878,0
20230529,"Roland Garros","Clay",TRUE,"Alex Molcan","Alexander Zverev",1566.14008715629,1654.78697807522,0,-88.6468909189296,3,3,0.356362563897597,0
20220221,"Acapulco","Hard",FALSE,"Dusan Lajovic","Sebastian Korda",1441.00259180428,1529.57027928671,1,-88.5676874824351,1,3,0.279625466273752,0
20220822,"Winston-Salem","Hard",FALSE,"Lorenzo Sonego","Maxime Cressy",1456.09881320019,1544.64809151373,0,-88.5492783135398,3,3,0.430551671393527,0
20230508,"Rome Masters","Clay",FALSE,"Laslo Djere","Casper Ruud",1538.32253453658,1626.78660815861,0,-88.464073622034,1,1,0.355655547799143,0
20230102,"United Cup","Hard",FALSE,"Cameron Norrie","Rafael Nadal",1635.44375473643,1723.72540145822,1,-88.2816467217897,3,3,0.430826710221894,0
20230102,"Pune","Hard",FALSE,"Maximilian Marterer","Botic Van De Zandschulp",1495.04627508209,1583.32582476639,0,-88.2795496842994,3,3,0.430828865467822,0
20220321,"Miami Masters","Hard",FALSE,"Stefanos Tsitsipas","Carlos Alcaraz",1608.34477586661,1696.50553678777,0,-88.1607609211603,3,3,0.430950955781782,0
20230417,"Barcelona","Clay",FALSE,"Jozef Kovalik","Denis Shapovalov",1473.97918322287,1562.07758101909,0,-88.0983977962155,1,3,0.280021842385755,0
20230914,"Davis Cup WG1 R1: UKR vs COL","Hard",FALSE,"Daniel Elahi Galan","Vladyslav Orlov",1427.80239977516,1515.88140283333,1,-88.0790030581672,3,2,0.474566448692213,0
20231002,"Shanghai Masters","Hard",FALSE,"Richard Gasquet","Zhizhen Zhang",1468.44339919195,1556.42724130376,0,-87.9838421118084,3,1,0.518587514217734,1
20220207,"Rotterdam","Hard",FALSE,"Jiri Lehecka","Denis Shapovalov",1485.00005987126,1572.87642265664,1,-87.8763627853741,3,3,0.431243292406926,0
20230529,"Roland Garros","Clay",TRUE,"Tomas Martin Etcheverry","Borna Coric",1559.93011364928,1647.76388324626,1,-87.833769596981,1,1,0.289060403732491,0
20220207,"Rotterdam","Hard",FALSE,"Egor Gerasimov","Felix Auger Aliassime",1471.83497063528,1559.66366105252,0,-87.8286904172439,0,3,0.218139083297923,0
20220801,"Los Cabos","Hard",FALSE,"Max Purcell","Brandon Nakashima",1462.90380535235,1550.72342577348,0,-87.8196204211251,0,3,0.21814556692437,0
20230920,"Zhuhai","Hard",FALSE,"Kimmer Coppejans","Mackenzie Mcdonald",1506.38693109667,1594.17119306092,0,-87.7842619642493,0,3,0.218170844008872,0
20221127,"Davis Cup Finals F: CAN vs AUS","Hard",FALSE,"Thanasi Kokkinakis","Denis Shapovalov",1496.27330109333,1584.0275389351,0,-87.7542378417677,1,3,0.280312748306347,0
20220304,"Davis Cup QLS R1: KAZ vs NOR","Hard",FALSE,"Viktor Durasovic","Alexander Bublik",1444.42320402055,1531.99795623762,0,-87.5747522170684,1,3,0.280464534171798,0
20231106,"Sofia","Hard",FALSE,"Jan Lennard Struff","Jack Draper",1583.82865448424,1671.36044348984,0,-87.5317890055985,1,3,0.280500874370954,0
20230102,"Pune","Hard",FALSE,"Benjamin Bonzi","Emil Ruusuvuori",1486.94351104839,1574.4332357974,1,-87.4897247490082,3,3,0.431640799607684,0
20230703,"Wimbledon","Grass",TRUE,"Ben Shelton","Laslo Djere",1459.5365955268,1547.00844036965,0,-87.4718448428453,3,1,0.442623335105071,0
20230724,"Hamburg","Clay",FALSE,"Daniel Altmaier","Zhizhen Zhang",1458.77137124587,1546.22138217719,0,-87.4500109313242,1,1,0.356630136992443,0
20220606,"Stuttgart","Grass",FALSE,"Marton Fucsovics","Nick Kyrgios",1508.48495151508,1595.9195432266,0,-87.4345917115188,3,3,0.431697489731276,0
20220923,"Laver Cup","Hard",FALSE,"Frances Tiafoe","Stefanos Tsitsipas",1621.83591348789,1709.26478179125,1,-87.4288683033594,3,3,0.431703374884439,0
20231016,"Stockholm","Hard",FALSE,"Roman Safiullin","Adrian Mannarino",1606.85613155901,1694.23298736797,0,-87.3768558089628,3,3,0.431756858149155,0
20220801,"Washington","Hard",FALSE,"Mikael Ymer","Andy Murray",1494.06166426082,1581.37122063281,1,-87.3095563719949,3,3,0.431826062990611,0
20230912,"Davis Cup Finals RR: SRB vs KOR","Hard",FALSE,"Seong Chan Hong","Dusan Lajovic",1446.34197520736,1533.51770988137,0,-87.1757346740021,0,1,0.284511437890141,0
20231002,"Shanghai Masters","Hard",FALSE,"Arthur Fils","Alejandro Davidovich Fokina",1556.65610754162,1643.80943081088,1,-87.1533232692566,1,3,0.280821121649184,0
20230102,"United Cup","Hard",FALSE,"Stan Wawrinka","Alexander Bublik",1493.14372054856,1580.12294710598,1,-86.9792265574265,1,3,0.280968512303977,0
20231002,"Shanghai Masters","Hard",FALSE,"Lorenzo Sonego","Frances Tiafoe",1564.384879233,1651.29313416769,1,-86.9082549346879,3,3,0.432238781375688,0
20230410,"Monte Carlo Masters","Clay",FALSE,"Andy Murray","Alex De Minaur",1603.74969067935,1690.58972656527,0,-86.8400358859233,3,3,0.43230895061487,0
20230529,"Roland Garros","Clay",TRUE,"Fabio Fognini","Jason Kubler",1450.14987163342,1536.96903748201,1,-86.8191658485903,1,3,0.223783408856033,0
20220829,"Us Open","Hard",TRUE,"Ugo Humbert","Benjamin Bonzi",1425.49599146305,1512.26503633292,0,-86.7690448698752,2,3,0.286990471685073,0
20230109,"Adelaide 2","Hard",FALSE,"Soon Woo Kwon","Mikael Ymer",1496.26856968317,1583.00615139958,1,-86.7375817164088,2,3,0.353125543909932,0
20231002,"Shanghai Masters","Hard",FALSE,"Denis Yevseyev","Marton Fucsovics",1500,1586.7221935328,0,-86.7221935327962,0,3,0.218931080613735,0
20230410,"Monte Carlo Masters","Clay",FALSE,"Luca Nardi","Lorenzo Musetti",1467.20417757785,1553.91752850348,0,-86.713350925626,0,3,0.218937418214474,0
20220523,"Roland Garros","Clay",TRUE,"Daniel Evans","Francisco Cerundolo",1477.22635276789,1563.89969465286,1,-86.6733418849697,2,3,0.287141317887367,0
20230920,"Chengdu","Hard",FALSE,"Marcos Giron","Alexander Bublik",1498.82967053022,1585.49868057338,1,-86.6690100431613,3,3,0.432484877539337,0
20231016,"Stockholm","Hard",FALSE,"Benjamin Hassan","Emil Ruusuvuori",1514.15350158331,1600.55787414374,0,-86.4043725604317,1,3,0.281455519521177,0
20230717,"Newport","Grass",FALSE,"Alex Michelsen","Adrian Mannarino",1519.7823509045,1606.18227190235,0,-86.3999209978517,3,3,0.432761712318144,0
20230915,"Davis Cup Finals RR: GBR vs SUI","Hard",FALSE,"Leandro Riedi","Andy Murray",1483.78569596015,1569.96578288565,0,-86.1800869254989,0,3,0.219319858872099,0
20220304,"Davis Cup QLS R1: ITA vs SVK","Hard",FALSE,"Filip Horansky","Jannik Sinner",1500,1586.07576398547,0,-86.0757639854717,0,3,0.219394732253214,0
20220307,"Indian Wells Masters","Hard",FALSE,"Jenson Brooksby","Stefanos Tsitsipas",1526.58330654815,1612.65366621779,1,-86.0703596696403,3,3,0.433100817262783,0
20230522,"Geneva","Clay",FALSE,"Nicolas Jarry","Alexander Zverev",1566.9289607916,1652.93067698359,1,-86.0017161919948,3,3,0.433171456452732,0
20230213,"Rotterdam","Hard",FALSE,"Tallon Griekspoor","Alexander Zverev",1556.16750919164,1642.16633865591,1,-85.9988294642694,3,3,0.433174427167533,0
20230828,"Us Open","Hard",TRUE,"Corentin Moutet","Andy Murray",1472.61353254995,1558.60430983356,0,-85.9907772836068,3,3,0.361068225619062,0
20230213,"Buenos Aires","Clay",FALSE,"Fabio Fognini","Laslo Djere",1442.52711854645,1528.51685150323,0,-85.9897329567766,1,1,0.358035658274211,0
20230213,"Buenos Aires","Clay",FALSE,"Bernabe Zapata Miralles","Francisco Cerundolo",1472.4417389915,1558.39222959954,1,-85.9504906080374,1,3,0.281840403688449,0
20220808,"Canada Masters","Hard",FALSE,"Daniel Evans","Filip Krajinovic",1496.340861715,1582.24156465279,1,-85.9007029377922,2,3,0.353927181884715,0
20230116,"Australian Open","Hard",TRUE,"Mackenzie Mcdonald","Brandon Nakashima",1533.67522616291,1619.49821696202,1,-85.8229907991138,3,3,0.361366390551131,0
20230828,"Us Open","Hard",TRUE,"Albert Ramos","Alex Michelsen",1433.6881165642,1519.4840936248,0,-85.7959770605996,1,3,0.225155201811627,0
20220725,"Kitzbuhel","Clay",FALSE,"Dusan Lajovic","Vitaliy Sachko",1414.22462904059,1500,1,-85.7753709594058,1,0,0.399585101442196,0
20220321,"Miami Masters","Hard",FALSE,"Jack Sock","Miomir Kecmanovic",1505.65365171601,1591.42204115094,0,-85.7683894349318,3,3,0.433411587148654,0
20220117,"Australian Open","Hard",TRUE,"Henri Laaksonen","Daniil Medvedev",1500,1585.62890797872,0,-85.6289079787189,0,3,0.172514932319102,0
20220502,"Madrid Masters","Clay",FALSE,"Tommy Paul","Jannik Sinner",1565.08250345681,1650.68136891581,0,-85.5988654590037,3,3,0.433586074161659,0
20230417,"Barcelona","Clay",FALSE,"Pablo Andujar","Tomas Martin Etcheverry",1417.47951985507,1502.80193996339,0,-85.3224201083217,1,1,0.358678763601629,0
20230821,"Winston-Salem","Hard",FALSE,"Aleksandar Vukic","Sebastian Baez",1524.72342754818,1610.03854513349,0,-85.31511758531,2,3,0.354488597314361,0
20231002,"Shanghai Masters","Hard",FALSE,"Yoshihito Nishioka","Casper Ruud",1584.9913178718,1670.19676516481,0,-85.2054472930022,1,1,0.358791545539491,0
20230306,"Indian Wells Masters","Hard",FALSE,"Ilya Ivashka","Botic Van De Zandschulp",1514.91581299702,1600.07571010415,1,-85.1598971071228,2,3,0.354637478406802,0
20220214,"Delray Beach","Hard",FALSE,"John Millman","Reilly Opelka",1512.27473202639,1597.42400207565,0,-85.1492700492581,0,1,0.286243556661588,0
20220321,"Miami Masters","Hard",FALSE,"Francisco Cerundolo","Reilly Opelka",1519.98677687144,1605.04527536499,1,-85.058498493549,3,1,0.521647751714566,1
20230612,"Stuttgart","Grass",FALSE,"Christopher Oconnell","Hubert Hurkacz",1547.88576114836,1632.90966324845,0,-85.0239021000871,3,3,0.43417799272612,0
20230814,"Cincinnati Masters","Hard",FALSE,"Roman Safiullin","Nicolas Jarry",1556.58195926963,1641.60289220308,0,-85.0209329334568,3,3,0.434181049939916,0
20230612,"Stuttgart","Grass",FALSE,"Jiri Lehecka","Frances Tiafoe",1603.28234705706,1688.24519370035,0,-84.9628466432957,3,3,0.43424085971819,0
20220321,"Miami Masters","Hard",FALSE,"Borna Coric","Alexander Zverev",1483.83273455077,1568.60023498221,0,-84.7675004314401,1,3,0.282845060497824,0
20230912,"Davis Cup Finals RR: NED vs FIN","Hard",FALSE,"Otto Virtanen","Botic Van De Zandschulp",1430.20178042776,1514.96685082736,1,-84.7650703996055,2,3,0.355016306796624,0
20230410,"Monte Carlo Masters","Clay",FALSE,"Lorenzo Musetti","Miomir Kecmanovic",1513.9929952772,1598.73128778233,1,-84.7382925051318,3,3,0.434472094636893,0
20231002,"Shanghai Masters","Hard",FALSE,"Quentin Halys","Aslan Karatsev",1476.0815117819,1560.7269565797,1,-84.6454447977972,3,3,0.434567713026086,0
20220307,"Indian Wells Masters","Hard",FALSE,"Holger Rune","Matteo Berrettini",1448.79341878022,1533.33884748583,0,-84.5454287056059,3,3,0.43467071916075,0
20230828,"Us Open","Hard",TRUE,"Rinky Hijikata","Marton Fucsovics",1508.63639684666,1593.03824343065,1,-84.4018465839897,3,3,0.363896100500477,0
20231016,"Antwerp","Hard",FALSE,"Juan Pablo Varillas","Arthur Fils",1494.93377565303,1579.20343192915,0,-84.2696562761171,1,1,0.359694370574924,0
20220829,"Us Open","Hard",TRUE,"Hugo Gaston","Alexander Bublik",1449.16739625091,1533.43619937921,0,-84.2688031283067,3,3,0.364133312920303,0
20220307,"Indian Wells Masters","Hard",FALSE,"Brandon Nakashima","Adrian Mannarino",1464.95945600979,1549.17451455003,1,-84.2150585402394,3,3,0.435011005995478,0
20230814,"Cincinnati Masters","Hard",FALSE,"Alexander Zverev","Daniil Medvedev",1766.56516583869,1850.70063219879,1,-84.1354663601016,3,3,0.435092996448773,0
20220307,"Indian Wells Masters","Hard",FALSE,"Jack Sock","Stefanos Tsitsipas",1517.09102439692,1601.21629353689,0,-84.1252691399698,3,3,0.435103501188428,0
20220221,"Acapulco","Hard",FALSE,"Dusan Lajovic","Tommy Paul",1452.44057558098,1536.55084425728,0,-84.1102686762945,1,3,0.283404152092406,0
20220815,"Cincinnati Masters","Hard",FALSE,"Cameron Norrie","Carlos Alcaraz",1671.24873167449,1755.34265001442,1,-84.093918339926,3,3,0.435135797805502,0
20231016,"Tokyo","Hard",FALSE,"Sho Shimabukuro","Cristian Garin",1474.84974474484,1558.77033339597,0,-83.9205886511277,0,3,0.220945628534839,0
20230612,"Stuttgart","Grass",FALSE,"Richard Gasquet","Jan Lennard Struff",1515.288906293,1598.88677527839,0,-83.5978689853923,3,1,0.523175140385681,1
20220221,"Dubai","Hard",FALSE,"Jiri Vesely","Denis Shapovalov",1506.98017594901,1590.5631078804,1,-83.5829319313898,2,3,0.356151630809526,0
20220801,"Washington","Hard",FALSE,"Jack Sock","Maxime Cressy",1485.65080600034,1569.04095396305,0,-83.3901479627177,3,3,0.435860944508878,0
20220523,"Roland Garros","Clay",TRUE,"Gilles Simon","Pablo Carreno Busta",1464.00016955183,1547.30363804305,1,-83.3034684912213,3,3,0.365856447488081,0
20230522,"Lyon","Clay",FALSE,"Arthur Rinderknech","Brandon Nakashima",1491.25425224945,1574.51171287828,0,-83.2574606288224,3,3,0.435997692927592,0
20220725,"Kitzbuhel","Clay",FALSE,"Filip Misolic","Roberto Bautista Agut",1539.39103290819,1622.6178448531,0,-83.2268119449029,1,3,0.2841567395453,0
20220523,"Roland Garros","Clay",TRUE,"Albert Ramos","Thanasi Kokkinakis",1487.49760911839,1570.71326050994,1,-83.2156513915556,1,1,0.296423978244452,0
20230828,"Us Open","Hard",TRUE,"Ugo Humbert","Matteo Berrettini",1545.62305179969,1628.76976800173,0,-83.146716202041,2,3,0.292732809181612,0
20230109,"Adelaide 2","Hard",FALSE,"Soon Woo Kwon","Pablo Carreno Busta",1528.72512437445,1611.75318701709,1,-83.0280626426406,2,3,0.356685085553878,0
20231016,"Tokyo","Hard",FALSE,"Marcos Giron","Ben Shelton",1570.50571463901,1653.45910692177,0,-82.9533922827636,3,3,0.436311104401892,0
20230213,"Buenos Aires","Clay",FALSE,"Dusan Lajovic","Camilo Ugo Carabelli",1433.95632470434,1516.73033863315,1,-82.7740139288185,1,0,0.402606895391717,0
20230417,"Barcelona","Clay",FALSE,"Grigor Dimitrov","Alex De Minaur",1596.13147464496,1678.88609592551,0,-82.7546212805469,3,3,0.436516010571234,0
20220502,"Madrid Masters","Clay",FALSE,"Alejandro Davidovich Fokina","Hubert Hurkacz",1540.19087365569,1622.77337772699,0,-82.5825040713032,3,3,0.436693457777845,0
20220425,"Munich","Clay",FALSE,"Norbert Gombos","Alex Molcan",1461.39649162507,1543.83493510275,0,-82.4384434776878,1,3,0.284829341062806,0
20220207,"Dallas","Hard",FALSE,"Marcos Giron","Taylor Fritz",1461.42682952816,1543.80092478696,1,-82.3740952587957,3,3,0.436908342129753,0
20220523,"Roland Garros","Clay",TRUE,"Tallon Griekspoor","Alejandro Davidovich Fokina",1446.07486058998,1528.3927467319,1,-82.3178861419178,3,3,0.367619273585177,0
20230612,"s Hertogenbosch","Grass",FALSE,"Jordan Thompson","Giovanni Mpetshi Perricard",1403.1571196223,1485.4475880007,1,-82.2904683783938,3,2,0.480619487555664,0
20220711,"Newport","Grass",FALSE,"James Duckworth","Quentin Halys",1388.61579766463,1470.90073847697,1,-82.2849408123357,3,3,0.437000273961692,0
20230213,"Delray Beach","Hard",FALSE,"Michael Mmoh","Mackenzie Mcdonald",1508.88590307731,1591.14071503957,0,-82.2548119622518,3,3,0.437031342380155,0
20220620,"Mallorca","Grass",FALSE,"Aslan Karatsev","Jaume Munar",1417.51313914983,1499.75806933443,1,-82.2449301845954,3,1,0.524589530300962,1
20230424,"Madrid Masters","Clay",FALSE,"Tomas Martin Etcheverry","Adrian Mannarino",1506.88816596365,1588.97799534986,1,-82.0898293862163,1,3,0.285127068649275,0
20230916,"Davis Cup WG1 R1: PER vs NOR","Clay",FALSE,"Viktor Durasovic","Juan Pablo Varillas",1423.85857552964,1505.88484943562,0,-82.026273905979,1,1,0.361862761675714,0
20220207,"Buenos Aires","Clay",FALSE,"Roberto Carballes Baena","Casper Ruud",1475.33618274527,1557.14865469515,0,-81.8124719498733,1,1,0.362069712247996,0
20220829,"Us Open","Hard",TRUE,"Andrey Rublev","Cameron Norrie",1621.92758999325,1703.61032154583,1,-81.682731552577,3,3,0.36875720139502,0
20231002,"Shanghai Masters","Hard",FALSE,"Lorenzo Sonego","Nicolas Jarry",1583.06066225226,1664.74300472262,0,-81.6823424703596,3,3,0.437621757950917,0
20230619,"Queen's Club","Grass",FALSE,"Adrian Mannarino","Alex De Minaur",1549.02188991372,1630.70012962545,0,-81.6782397117272,3,3,0.437625989964885,0
20221003,"Astana","Hard",FALSE,"Pavel Kotov","Alejandro Davidovich Fokina",1466.07542853256,1547.66247414283,1,-81.5870456102743,3,3,0.43772005943278,0
20220425,"Estoril","Clay",FALSE,"Bernabe Zapata Miralles","Federico Coria",1435.87509233056,1517.40967182619,1,-81.5345794956345,1,1,0.362338775967467,0
20230220,"Doha","Hard",FALSE,"Alexandre Muller","Botic Van De Zandschulp",1501.00105275168,1582.52598970912,1,-81.5249369574451,3,3,0.437784128946826,0
20220502,"Madrid Masters","Clay",FALSE,"Maxime Cressy","Grigor Dimitrov",1482.9930530147,1564.5132873328,0,-81.5202343180999,3,3,0.437788980139932,0
20230116,"Australian Open","Hard",TRUE,"Tallon Griekspoor","Botic Van De Zandschulp",1517.96605775617,1599.33915480583,1,-81.3730970496617,3,3,0.369312465945205,0
20230116,"Australian Open","Hard",TRUE,"Jannik Sinner","Stefanos Tsitsipas",1698.22522204059,1779.40288284206,0,-81.177660801465,3,3,0.369663118172068,0
20220815,"Cincinnati Masters","Hard",FALSE,"Frances Tiafoe","Matteo Berrettini",1561.35861513955,1642.43973529608,1,-81.0811201565352,3,3,0.438242017971874,0
20230109,"Auckland","Hard",FALSE,"Pedro Cachin","Constant Lestienne",1479.38166075213,1560.41924664349,0,-81.037585891361,1,0,0.404358545935546,0
20220117,"Australian Open","Hard",TRUE,"Matteo Berrettini","Gael Monfils",1487.98600535595,1568.53266889677,1,-80.54666354082,3,2,0.412656311627417,0
20220307,"Indian Wells Masters","Hard",FALSE,"Lorenzo Musetti","Reilly Opelka",1512.9256767337,1593.46131359303,0,-80.5356368593327,3,1,0.526375893829824,1
20230417,"Banja Luka","Clay",FALSE,"Filip Krajinovic","Dusan Lajovic",1494.88936147699,1575.40097831181,0,-80.511616834815,3,1,0.526400992188753,1
20220307,"Indian Wells Masters","Hard",FALSE,"John Millman","Alex De Minaur",1485.8911181878,1566.30452371757,0,-80.4134055297691,0,3,0.223486204197971,0
20220613,"Halle","Grass",FALSE,"Nick Kyrgios","Stefanos Tsitsipas",1626.75865030898,1707.07388642904,1,-80.3152361200607,3,3,0.439032433126456,0
20230306,"Indian Wells Masters","Hard",FALSE,"Rinky Hijikata","Mikael Ymer",1488.73615812628,1568.97711105248,1,-80.2409529261993,3,3,0.439109112120741,0
20220523,"Roland Garros","Clay",TRUE,"Alex Molcan","Novak Djokovic",1582.60814029281,1662.84144950479,0,-80.2333092119791,3,3,0.371359409473766,0
20230529,"Roland Garros","Clay",TRUE,"Dominic Stricker","Tommy Paul",1546.13698692034,1626.32879906816,0,-80.1918121478129,1,3,0.232774236111289,0
20230724,"Atlanta","Hard",FALSE,"Brandon Nakashima","Christopher Eubanks",1528.30554493045,1608.46373040767,0,-80.1581854772151,3,3,0.439194552430774,0
20221031,"Paris Masters","Hard",FALSE,"Fabio Fognini","Grigor Dimitrov",1461.12708698787,1541.27514273055,0,-80.1480557426883,1,3,0.286788823193599,0
20220829,"Us Open","Hard",TRUE,"Tim Van Rijthoven","Casper Ruud",1584.96760121379,1665.07304248464,0,-80.105441270849,3,1,0.45666167202541,0
20220718,"Gstaad","Clay",FALSE,"Yannick Hanfmann","Cristian Garin",1478.21972742306,1558.25908235191,1,-80.0393549288467,1,3,0.286882019474379,0
20220711,"Bastad","Clay",FALSE,"Pedro Sousa","Francisco Cerundolo",1500,1580.03344615115,0,-80.0334461511482,0,3,0.223762689149115,0
20220808,"Canada Masters","Hard",FALSE,"Daniel Evans","Tommy Paul",1522.86058718326,1602.8790069562,1,-80.0184197729413,2,3,0.359584743931779,0
20230821,"Winston-Salem","Hard",FALSE,"Alex Michelsen","Laslo Djere",1527.0872350877,1607.06264660974,0,-79.9754115220405,3,1,0.526961234478442,1
20230612,"s Hertogenbosch","Grass",FALSE,"Ugo Humbert","Jason Kubler",1452.85579215885,1532.76696661214,1,-79.9111744532884,2,3,0.359688260989998,0
20231125,"Davis Cup Finals SF: ITA vs SRB","Hard",FALSE,"Miomir Kecmanovic","Lorenzo Musetti",1513.18537190952,1593.02693173401,1,-79.8415598244915,3,3,0.439521436300604,0
20221017,"Antwerp","Hard",FALSE,"Jaume Munar","Tim Van Rijthoven",1472.22299814803,1552.02385598862,1,-79.8008578405907,1,3,0.287086561961574,0
20230920,"Zhuhai","Hard",FALSE,"Yoshihito Nishioka","Jan Lennard Struff",1551.46036873173,1631.24949097072,1,-79.7891222389972,1,1,0.36403074703687,0
20220307,"Indian Wells Masters","Hard",FALSE,"J J Wolf","Roberto Bautista Agut",1518.13725034719,1597.90096488952,0,-79.7637145423289,3,3,0.43960181170551,0
20230403,"Marrakech","Clay",FALSE,"Pavel Kotov","Benjamin Bonzi",1477.13396547276,1556.76481122687,1,-79.6308457541027,3,3,0.439739006302824,0
20230109,"Auckland","Hard",FALSE,"Richard Gasquet","Cameron Norrie",1619.29052199207,1698.81236533428,1,-79.5218433422119,3,3,0.43985156438299,0
20230814,"Cincinnati Masters","Hard",FALSE,"Corentin Moutet","Emil Ruusuvuori",1484.24065795279,1563.72255966508,0,-79.4819017122898,3,3,0.439892810461698,0
20231016,"Stockholm","Hard",FALSE,"Thiago Seyboth Wild","Roman Safiullin",1516.16079928129,1595.55092451887,0,-79.3901252375792,1,3,0.287439023057864,0
20220404,"Houston","Clay",FALSE,"Mackenzie Mcdonald","Nick Kyrgios",1522.99964288631,1602.33342170261,0,-79.3337788163024,3,3,0.440045778127821,0
20231002,"Shanghai Masters","Hard",FALSE,"Rinky Hijikata","Laslo Djere",1530.16604428893,1609.40434920647,1,-79.2383049175394,3,1,0.527731272957291,1
20230508,"Rome Masters","Clay",FALSE,"Alexei Popyrin","Christopher Oconnell",1451.84114563287,1531.06223167886,1,-79.2210860459854,1,3,0.287584155265776,0
20220321,"Miami Masters","Hard",FALSE,"Daniel Altmaier","J J Wolf",1427.44511676833,1506.5216745026,0,-79.0765577342645,1,3,0.287708277781186,0
20220523,"Roland Garros","Clay",TRUE,"Benoit Paire","Ilya Ivashka",1389.5496321443,1468.55528535907,0,-79.0056532147726,0,2,0.207330802327362,0
20220613,"Queen's Club","Grass",FALSE,"Sam Querrey","Filip Krajinovic",1466.40165601308,1545.40486714613,0,-79.0032111330524,0,3,0.224513584455689,0
20231023,"Basel","Hard",FALSE,"Thiago Seyboth Wild","Tallon Griekspoor",1504.52991168548,1583.44024934674,0,-78.9103376612647,1,3,0.287851068895867,0
20220321,"Miami Masters","Hard",FALSE,"J J Wolf","Stefanos Tsitsipas",1518.16541953671,1597.07134159699,0,-78.9059220602771,3,3,0.440487692979159,0
20220425,"Munich","Clay",FALSE,"Brandon Nakashima","Botic Van De Zandschulp",1490.26383194824,1569.16384213574,0,-78.9000101875008,3,3,0.440493799760711,0
20220627,"Wimbledon","Grass",TRUE,"Cristian Garin","Alex De Minaur",1509.84155100519,1588.66959203171,1,-78.8280410265209,3,3,0.373889492665922,0
20230522,"Geneva","Clay",FALSE,"Marc Andrea Huesler","Yibing Wu",1465.9066376293,1544.53941729992,0,-78.6327796706187,2,2,0.402381538072893,0
20231002,"Shanghai Masters","Hard",FALSE,"Dusan Lajovic","Tallon Griekspoor",1526.60757453123,1605.07151164245,1,-78.4639371112223,1,3,0.288234757523173,0
20220620,"Mallorca","Grass",FALSE,"Federico Delbonis","Antoine Bellier",1442.80528311723,1521.24432438068,0,-78.439041263453,1,2,0.325620384983912,0
20230424,"Madrid Masters","Clay",FALSE,"Jan Lennard Struff","Dusan Lajovic",1534.01381448356,1612.38745210477,1,-78.3736376212094,1,1,0.365405332593833,0
20220815,"Cincinnati Masters","Hard",FALSE,"Emil Ruusuvuori","Marin Cilic",1548.49746086189,1626.77792430283,0,-78.280463440939,3,3,0.441133871856028,0
20230424,"Madrid Masters","Clay",FALSE,"Borna Coric","Hubert Hurkacz",1592.52121957978,1670.78852860699,1,-78.2673090272099,1,3,0.288403859113165,0
20220214,"Doha","Hard",FALSE,"David Goffin","Emil Ruusuvuori",1478.29809006106,1556.43849303989,0,-78.1404029788387,3,3,0.441278599664866,0
20221010,"Gijon","Hard",FALSE,"Tommy Paul","Andrey Rublev",1627.42119899091,1705.4809700271,0,-78.0597710361917,3,3,0.441361923097424,0
20220110,"Adelaide 2","Hard",FALSE,"Thiago Monteiro","Gael Monfils",1483.7167017292,1561.75567534271,1,-78.0389736135094,1,2,0.32598870014826,0
20230320,"Miami Masters","Hard",FALSE,"Lorenzo Musetti","Jiri Lehecka",1528.94345655258,1606.93948081578,0,-77.9960242631985,3,3,0.441427800072005,0
20230403,"Marrakech","Clay",FALSE,"Hugo Gaston","Jan Lennard Struff",1404.93338652973,1482.91847606898,1,-77.985089539251,3,1,0.529040173730242,1
20220829,"Us Open","Hard",TRUE,"Alexander Bublik","Pablo Carreno Busta",1545.13126819932,1622.95739565936,0,-77.8261274600441,3,3,0.375697595338153,0
20220117,"Australian Open","Hard",TRUE,"Karen Khachanov","Rafael Nadal",1540.91705393201,1618.70579647663,0,-77.7887425446181,3,3,0.375765129463804,0
20220926,"Sofia","Hard",FALSE,"Fernando Verdasco","Aleksandar Vukic",1430.34360406786,1508.13140062024,0,-77.7877965523778,1,2,0.326220051726406,0
20220725,"Kitzbuhel","Clay",FALSE,"Albert Ramos","Roberto Bautista Agut",1533.2053428945,1610.91811951518,0,-77.7127766206761,1,3,0.288881078702677,0
20220606,"Stuttgart","Grass",FALSE,"Lorenzo Sonego","Matteo Berrettini",1479.0070439003,1556.69297728315,0,-77.6859333828518,3,3,0.441748282509139,0
20220725,"Kitzbuhel","Clay",FALSE,"Dusan Lajovic","Filip Misolic",1450.01741700694,1527.68964150321,0,-77.6722244962748,1,1,0.366087294306963,0
20220829,"Us Open","Hard",TRUE,"Roberto Carballes Baena","Jaume Munar",1429.42087791976,1507.05906309783,1,-77.6381851780711,1,1,0.305460188195352,0
20220321,"Miami Masters","Hard",FALSE,"Andy Murray","Daniil Medvedev",1539.49380134982,1617.07049482344,0,-77.5766934736153,3,3,0.441861194765489,0
20220620,"Eastbourne","Grass",FALSE,"Maxime Cressy","Jack Draper",1484.86288570921,1562.41882672848,1,-77.5559410192707,3,3,0.441882645540429,0
20220718,"Hamburg","Clay",FALSE,"Alejandro Davidovich Fokina","Botic Van De Zandschulp",1517.54350025256,1595.04929883701,1,-77.5057985844508,3,3,0.4419344761643,0
20221003,"Tokyo","Hard",FALSE,"Miomir Kecmanovic","Frances Tiafoe",1571.28759859033,1648.60313054181,0,-77.3155319514781,3,3,0.442131160167491,0
20230320,"Miami Masters","Hard",FALSE,"Albert Ramos","Marc Andrea Huesler",1426.83304870691,1504.11123764699,0,-77.2781889400828,1,2,0.326689695909487,0
20220801,"Washington","Hard",FALSE,"Maxime Cressy","Andrey Rublev",1580.50828905434,1657.53609199703,0,-77.0278029426831,3,3,0.442428628251703,0
20230717,"Newport","Grass",FALSE,"Maxime Cressy","Alex Michelsen",1431.46032967349,1508.43749790199,0,-76.9771682285045,3,3,0.442480981134139,0
20230508,"Rome Masters","Clay",FALSE,"Gregoire Barrere","Brandon Nakashima",1515.84019341649,1592.78022495654,1,-76.9400315400467,1,3,0.28954686905828,0
20231106,"Metz","Hard",FALSE,"Bernabe Zapata Miralles","Stan Wawrinka",1451.42415599829,1528.31229258089,0,-76.8881365825998,1,1,0.366850273841866,0
20230508,"Rome Masters","Clay",FALSE,"Holger Rune","Daniil Medvedev",1811.19353238172,1888.04658631201,0,-76.8530539302924,3,3,0.44260931235888,0
20220917,"Davis Cup WG1 R1: ECU vs SUI","Hard",FALSE,"Henri Laaksonen","Emilio Gomez",1385.94797294398,1462.70123125752,0,-76.7532583135344,0,1,0.293486849036359,0
20220711,"Newport","Grass",FALSE,"Feliciano Lopez","Jiri Vesely",1396.74647164893,1473.49438520092,0,-76.7479135519898,0,2,0.258401356669286,0
20221010,"Gijon","Hard",FALSE,"Jaume Munar","Sebastian Korda",1483.96329723785,1560.68909671566,0,-76.7257994778165,1,3,0.289731610386569,0
20220919,"San Diego","Hard",FALSE,"Mackenzie Mcdonald","Jenson Brooksby",1479.92272925132,1556.4829414457,0,-76.5602121943766,3,3,0.442912134069864,0
20230731,"Kitzbuhel","Clay",FALSE,"Sebastian Baez","Alex Molcan",1481.52456324762,1557.91411988867,1,-76.3895566410501,3,3,0.443088625109137,0
20230619,"Queen's Club","Grass",FALSE,"Liam Broady","Adrian Mannarino",1483.02467850489,1559.37200823937,0,-76.3473297344751,0,3,0.226457592590283,0
20221024,"Basel","Hard",FALSE,"Albert Ramos","Alexander Bublik",1499.69387229794,1575.89714246818,0,-76.2032701702378,1,3,0.29018250196934,0
20220627,"Wimbledon","Grass",TRUE,"Cameron Norrie","Novak Djokovic",1628.52578828605,1704.66520758817,0,-76.1394193021235,3,3,0.378749331599794,0
20230203,"Davis Cup QLS R1: GBR vs COL","Clay",FALSE,"Nicolas Mejia","Daniel Evans",1490.64680592588,1566.67617666162,1,-76.0293707357428,1,2,0.3278420509514,0
20220822,"Winston-Salem","Hard",FALSE,"Lorenzo Sonego","Alejandro Tabilo",1437.87307112316,1513.7737410988,1,-75.900669975639,3,3,0.44359430841856,0
20221031,"Paris Masters","Hard",FALSE,"Stefanos Tsitsipas","Novak Djokovic",1734.21098931309,1810.05492011932,0,-75.8439308062336,3,3,0.443653004562213,0
20221010,"Gijon","Hard",FALSE,"Sebastian Baez","Constant Lestienne",1481.93419541831,1557.72933443683,0,-75.7951390185194,3,0,0.574754850465695,1
20230814,"Cincinnati Masters","Hard",FALSE,"Hubert Hurkacz","Stefanos Tsitsipas",1674.1484133547,1749.92767685123,1,-75.7792634965303,3,3,0.44371990421137,0
20230612,"Stuttgart","Grass",FALSE,"Benjamin Bonzi","Tommy Paul",1545.98195326983,1621.73855736651,0,-75.7566040966865,3,3,0.443743346305081,0
20230220,"Doha","Hard",FALSE,"Lorenzo Sonego","Andy Murray",1515.34727836513,1591.08973650937,0,-75.742458144241,3,3,0.443757981009577,0
20230508,"Rome Masters","Clay",FALSE,"Jeremy Chardy","Lorenzo Sonego",1483.93994972861,1559.6697261104,0,-75.7297763817935,2,3,0.363734398032476,0
20220801,"Washington","Hard",FALSE,"Borna Gojo","Botic Van De Zandschulp",1501.10242072898,1576.75752867629,0,-75.6551079473122,2,3,0.363806828556006,0
20220117,"Australian Open","Hard",TRUE,"Mackenzie Mcdonald","Aslan Karatsev",1485.90937264864,1561.48714555652,0,-75.577772907883,3,3,0.379767657509047,0
20230626,"Mallorca","Grass",FALSE,"Corentin Moutet","Adrian Mannarino",1494.03365218779,1569.54417502325,0,-75.5105228354582,3,3,0.443997943738021,0
20230717,"Bastad","Clay",FALSE,"Hugo Dellien","Bernabe Zapata Miralles",1416.01212814926,1491.50608821209,0,-75.4939600628336,1,1,0.368208565615512,0
20231016,"Stockholm","Hard",FALSE,"Tomas Machac","Stan Wawrinka",1512.56109166666,1588.02503960768,1,-75.4639479410173,1,1,0.368237828340307,0
20220404,"Houston","Clay",FALSE,"Michael Mmoh","Nick Kyrgios",1500,1575.46260574212,0,-75.462605742124,3,3,0.444047522530813,0
20230731,"Kitzbuhel","Clay",FALSE,"Albert Ramos","Pedro Cachin",1445.48093368245,1520.93101004105,0,-75.4500763585966,1,1,0.368251353879727,0
20221017,"Stockholm","Hard",FALSE,"Cristian Garin","Holger Rune",1522.68444367256,1598.11182591243,0,-75.4273822398643,3,3,0.444083968246744,0
20220502,"Madrid Masters","Clay",FALSE,"Aslan Karatsev","David Goffin",1464.13119897573,1539.43973494765,0,-75.3085359719137,3,3,0.444206942776908,0
20220509,"Rome Masters","Clay",FALSE,"David Goffin","Hubert Hurkacz",1559.07928854186,1634.27366557679,1,-75.194377034929,3,3,0.444325073592803,0
20221127,"Davis Cup Finals F: CAN vs AUS","Hard",FALSE,"Alex De Minaur","Felix Auger Aliassime",1689.57799977906,1764.69636777956,0,-75.1183680005029,3,3,0.444403730665452,0
20220926,"Seoul","Hard",FALSE,"Aleksandar Kovacevic","Miomir Kecmanovic",1500,1574.98389911583,1,-74.9838991158301,2,3,0.364458197269508,0
20230403,"Marrakech","Clay",FALSE,"Francesco Passaro","Alexandre Muller",1453.19257922415,1528.1392069729,0,-74.9466277487447,1,3,0.29126855760775,0
20220214,"Doha","Hard",FALSE,"Nikoloz Basilashvili","Marton Fucsovics",1429.90998734224,1504.73391632656,1,-74.8239289843239,3,3,0.444708453752947,0
20230410,"Monte Carlo Masters","Clay",FALSE,"Botic Van De Zandschulp","Casper Ruud",1585.14023798898,1659.86999346965,0,-74.7297554806746,3,1,0.53243824546001,1
20220307,"Indian Wells Masters","Hard",FALSE,"Nick Kyrgios","Jannik Sinner",1532.56312020592,1607.21061416995,1,-74.6474939640307,3,3,0.44489107117973,0
20230731,"Los Cabos","Hard",FALSE,"Ilya Ivashka","Borna Coric",1507.2172192945,1581.85256786761,0,-74.6353485731115,2,1,0.4494260415677,0
20220207,"Dallas","Hard",FALSE,"Jurij Rodionov","Maxime Cressy",1500,1574.56655831586,1,-74.5665583158614,1,3,0.291597504529484,0
20220214,"Marseille","Hard",FALSE,"Holger Rune","Aslan Karatsev",1457.95193301862,1532.50529200068,0,-74.5533589820618,3,3,0.444988510809707,0
20220822,"Winston-Salem","Hard",FALSE,"Soon Woo Kwon","Jason Kubler",1457.21730409753,1531.65135446462,0,-74.4340503670876,2,3,0.364992163527453,0
20230109,"Auckland","Hard",FALSE,"Thiago Monteiro","Jiri Lehecka",1418.76901044916,1493.18215869237,0,-74.413148243214,1,3,0.291730341568723,0
20220808,"Canada Masters","Hard",FALSE,"Botic Van De Zandschulp","Cameron Norrie",1588.33614367726,1662.70391220534,0,-74.3677685280761,3,3,0.445180628877652,0
20230626,"Mallorca","Grass",FALSE,"Lloyd Harris","Pavel Kotov",1410.06907364917,1484.31600939621,1,-74.2469357470379,3,3,0.445305720416761,0
20220718,"Hamburg","Clay",FALSE,"Francisco Cerundolo","Andrey Rublev",1590.78610887311,1665.01880036867,1,-74.2326914955509,3,3,0.445320467164608,0
20231016,"Stockholm","Hard",FALSE,"Tomas Machac","Laslo Djere",1530.7688460495,1604.81074544295,0,-74.0418993934484,1,1,0.3696254772314,0
20230529,"Roland Garros","Clay",TRUE,"Thiago Seyboth Wild","Yoshihito Nishioka",1487.26244775332,1561.29893048658,0,-74.0364827332503,1,1,0.311376614088963,0
20230522,"Lyon","Clay",FALSE,"Brandon Nakashima","Tommy Paul",1585.98445929097,1660.00772140167,1,-74.0232621107043,3,3,0.445537295718657,0
20220321,"Miami Masters","Hard",FALSE,"Francisco Cerundolo","Jannik Sinner",1563.89325820309,1637.87885408073,1,-73.9855958776361,3,3,0.445576294906977,0
20220613,"Halle","Grass",FALSE,"Laslo Djere","Karen Khachanov",1514.11588312899,1588.05044499989,0,-73.9345618708994,1,3,0.292144975779925,0
20220304,"Davis Cup QLS R1: ARG vs CZE","Clay",FALSE,"Tomas Machac","Diego Schwartzman",1501.36441684929,1575.29540834886,0,-73.9309914995615,1,1,0.369733793219057,0
20220523,"Roland Garros","Clay",TRUE,"Bernabe Zapata Miralles","John Isner",1469.88445963334,1543.73429322246,1,-73.8498335891213,1,3,0.241610711768726,0
20220919,"San Diego","Hard",FALSE,"Pedro Martinez","Daniel Elahi Galan",1466.64328256702,1540.48176409227,0,-73.8384815252539,3,3,0.445728621846185,0
20220725,"Atlanta","Hard",FALSE,"Ilya Ivashka","Alex De Minaur",1561.07313662291,1634.74470475236,0,-73.6715681294495,2,3,0.365733171099941,0
20230220,"Rio De Janeiro","Clay",FALSE,"Roberto Carballes Baena","Francisco Cerundolo",1466.08538416346,1539.75533967287,0,-73.6699555094071,1,3,0.292374372045594,0
20220627,"Wimbledon","Grass",TRUE,"Alejandro Tabilo","Miomir Kecmanovic",1510.27967794038,1583.86264685045,0,-73.5829689100635,3,3,0.383392965568363,0
20230410,"Monte Carlo Masters","Clay",FALSE,"Roberto Bautista Agut","Alexander Zverev",1560.92648144288,1634.46717458107,0,-73.5406931381851,3,3,0.44603699271005,0
20230116,"Australian Open","Hard",TRUE,"Mackenzie Mcdonald","Yoshihito Nishioka",1552.3069346164,1625.81660750767,0,-73.5096728912761,3,1,0.469290754016306,0
20221010,"Gijon","Hard",FALSE,"Marcos Giron","Albert Ramos",1459.938924699,1533.39743934336,1,-73.458514644353,3,1,0.533764427736671,1
20220304,"Davis Cup QLS R1: GER vs BRA","Clay",FALSE,"Thiago Seyboth Wild","Alexander Zverev",1499.13980803218,1572.54041863623,0,-73.4006106040451,1,3,0.292607984838599,0
20220613,"Halle","Grass",FALSE,"Pablo Carreno Busta","Holger Rune",1535.08050381362,1608.39928064196,1,-73.318776828334,3,3,0.44626682226436,0
20230227,"Santiago","Clay",FALSE,"Yannick Hanfmann","Nicolas Jarry",1476.71266163954,1549.98242350838,0,-73.269761868849,1,3,0.292721514275979,0
20220711,"Newport","Grass",FALSE,"Jason Kubler","Felix Auger Aliassime",1536.67872425061,1609.92155685362,1,-73.2428326030085,3,3,0.446345479842284,0
20230213,"Buenos Aires","Clay",FALSE,"Juan Pablo Varillas","Dominic Thiem",1494.09778022372,1567.18797125607,1,-73.0901910323469,1,1,0.370555370304436,0
20230612,"s Hertogenbosch","Grass",FALSE,"Mikael Ymer","Tallon Griekspoor",1522.68489293464,1595.71337543038,0,-73.0284824957366,3,3,0.446567502779681,0
20220822,"Winston-Salem","Hard",FALSE,"Joao Sousa","Laslo Djere",1458.36229189546,1531.34441365094,0,-72.9821217554754,1,1,0.370661023244947,0
20220919,"San Diego","Hard",FALSE,"Tomas Martin Etcheverry","Marcos Giron",1363.26138426579,1436.10420893387,0,-72.8428246680824,1,3,0.293092121027749,0
20230403,"Marrakech","Clay",FALSE,"Hugo Grenier","Dimitar Kuzmanov",1448.13020035176,1520.80448188194,0,-72.6742815301836,3,0,0.577948656635109,1
20220214,"Doha","Hard",FALSE,"Jiri Vesely","Arthur Rinderknech",1461.8304400473,1534.48926511863,0,-72.658825071321,2,3,0.366718374263746,0
20230320,"Miami Masters","Hard",FALSE,"Guido Pella","Denis Shapovalov",1485.28849493733,1557.84367795834,0,-72.5551830210097,3,3,0.447057819756682,0
20231030,"Paris Masters","Hard",FALSE,"Christopher Eubanks","Tallon Griekspoor",1532.23258432687,1604.68475283267,0,-72.4521685057957,3,3,0.44716455184392,0
20230320,"Miami Masters","Hard",FALSE,"Ilya Ivashka","Casper Ruud",1537.44916232741,1609.8345231981,0,-72.3853608706884,2,1,0.451760581149671,0
20220425,"Munich","Clay",FALSE,"Botic Van De Zandschulp","Casper Ruud",1540.31982141671,1612.68654048977,1,-72.3667190730582,3,1,0.534903029233199,1
20220418,"Barcelona","Clay",FALSE,"Lorenzo Sonego","Pablo Carreno Busta",1470.55436485331,1542.91844836684,0,-72.3640835135279,3,3,0.447255819496463,0
20230612,"s Hertogenbosch","Grass",FALSE,"Tallon Griekspoor","Emil Ruusuvuori",1549.33807461925,1621.69331553992,1,-72.3552409206745,3,3,0.447264981783625,0
20220829,"Us Open","Hard",TRUE,"Daniel Evans","Marin Cilic",1557.02962282189,1629.29695480264,0,-72.267331980742,2,3,0.310376405962044,0
20220725,"Atlanta","Hard",FALSE,"Andres Martin","Thanasi Kokkinakis",1484.42027775252,1556.52639020603,1,-72.1061124535129,2,1,0.452050473680352,0
20230828,"Us Open","Hard",TRUE,"Benjamin Bonzi","Christopher Eubanks",1490.03993278248,1561.80682311997,1,-71.7668903374861,3,3,0.386704787356863,0
20220822,"Winston-Salem","Hard",FALSE,"Peter Gojowczyk","Jiri Lehecka",1396.87328788434,1468.59881252622,1,-71.7255246418749,2,3,0.367627282823601,0
20230724,"Atlanta","Hard",FALSE,"Jason Jung","J J Wolf",1484.93460886773,1556.43650884481,0,-71.5018999770725,0,3,0.23003485559137,0
20221017,"Stockholm","Hard",FALSE,"Jiri Lehecka","Grigor Dimitrov",1446.59779885619,1518.03713730492,1,-71.4393384487323,3,3,0.448214190556411,0
20230417,"Munich","Clay",FALSE,"Oscar Otte","Sebastian Baez",1431.01526750605,1502.4529784509,1,-71.4377109448428,3,3,0.448215877581575,0
20220321,"Miami Masters","Hard",FALSE,"Hubert Hurkacz","Carlos Alcaraz",1601.04941800733,1672.48449526525,0,-71.4350772579235,3,3,0.448218607590544,0
20230508,"Rome Masters","Clay",FALSE,"Laslo Djere","Cristian Garin",1520.2826566188,1591.68184921161,1,-71.3991925928103,1,3,0.294347310960955,0
20220131,"Cordoba","Clay",FALSE,"Roberto Carballes Baena","Lorenzo Sonego",1455.07812547945,1526.45760134779,0,-71.3794758683339,1,3,0.294364475670704,0
20230213,"Delray Beach","Hard",FALSE,"Mackenzie Mcdonald","Yoshihito Nishioka",1562.74851347728,1634.06892693241,1,-71.3204134551258,3,1,0.535993849513104,1
20221010,"Gijon","Hard",FALSE,"Carlos Taberner","Arthur Rinderknech",1437.80844784472,1509.12644413284,0,-71.317996288117,1,3,0.294418001447712,0
20231002,"Shanghai Masters","Hard",FALSE,"Aleksandar Kovacevic","Cristian Garin",1475.52318522655,1546.80536668542,0,-71.2821814588724,2,3,0.368059369473168,0
20220131,"Pune","Hard",FALSE,"Jiri Vesely","Bernabe Zapata Miralles",1443.79875830459,1515,1,-71.2012416954083,2,1,0.452990057964099,0
20220207,"Rotterdam","Hard",FALSE,"Ilya Ivashka","Stefanos Tsitsipas",1498.93263303651,1569.97294398892,0,-71.0403109524088,2,3,0.368295188242411,0
20230916,"Davis Cup WG1 R1: BIH vs GER","Clay",FALSE,"Daniel Altmaier","Nerman Fatic",1443.98257748403,1515,1,-71.0174225159685,1,1,0.372583943186618,0
20220214,"Delray Beach","Hard",FALSE,"Cameron Norrie","Tommy Paul",1483.74009181117,1554.5670224606,1,-70.8269306494294,3,3,0.448849079227189,0
20230717,"Bastad","Clay",FALSE,"Jozef Kovalik","Filip Misolic",1483.85960535093,1554.66887607086,0,-70.8092707199339,1,1,0.372787906200067,0
20220606,"Stuttgart","Grass",FALSE,"Feliciano Lopez","Benjamin Bonzi",1428.5725525597,1499.34427714363,0,-70.7717245839372,0,3,0.230577348124711,0
20231030,"Paris Masters","Hard",FALSE,"Alex De Minaur","Andrey Rublev",1721.6237158776,1792.38399283596,0,-70.7602769583605,3,3,0.448918189805278,0
20230410,"Monte Carlo Masters","Clay",FALSE,"Dominic Thiem","Richard Gasquet",1500.11061876978,1570.81075541554,1,-70.7001366457528,1,3,0.294956241423365,0
20230410,"Monte Carlo Masters","Clay",FALSE,"Diego Schwartzman","David Goffin",1439.46334453079,1510.09674997321,1,-70.6334054424246,1,3,0.295014407633165,0
20230417,"Banja Luka","Clay",FALSE,"Laslo Djere","Borna Coric",1522.75103130923,1593.30112192259,1,-70.5500906133655,1,1,0.373041933926443,0
20230828,"Us Open","Hard",TRUE,"Marco Cecchinato","Roman Safiullin",1445.41688895653,1515.95378124271,0,-70.5368922861726,1,3,0.246316679963146,0
20221010,"Florence","Hard",FALSE,"Cristian Garin","Alexander Bublik",1519.0334388298,1589.51417035872,0,-70.4807315289181,3,3,0.449208060866987,0
20220801,"Washington","Hard",FALSE,"Christopher Eubanks","Benjamin Bonzi",1477.06042953367,1547.50037133929,1,-70.4399418056196,3,3,0.449250360138547,0
20220915,"Davis Cup Finals RR: KOR vs SRB","Hard",FALSE,"Dusan Lajovic","Seong Chan Hong",1414.83658321313,1485.11690484003,1,-70.280321626906,1,0,0.41526288943855,0
20220502,"Madrid Masters","Clay",FALSE,"Carlos Gimeno Valero","Gael Monfils",1500,1570.21626210622,0,-70.2162621062216,0,2,0.263681972815029,0
20220207,"Dallas","Hard",FALSE,"John Isner","Reilly Opelka",1462.26406591668,1532.45117801758,0,-70.1871121008944,3,1,0.537174977969121,1
20230626,"Mallorca","Grass",FALSE,"Lloyd Harris","Christopher Eubanks",1428.22665088754,1498.35278421716,0,-70.1261333296125,3,3,0.449575806555727,0
20230612,"Stuttgart","Grass",FALSE,"Jan Lennard Struff","Hubert Hurkacz",1580.90547296498,1650.89096556186,1,-69.9854925968721,1,3,0.295579507039834,0
20230828,"Us Open","Hard",TRUE,"Lloyd Harris","Guido Pella",1413.06324531967,1483.00152705204,1,-69.9382817323763,3,3,0.390050079882874,0
20220131,"Pune","Hard",FALSE,"Elias Ymer","Aslan Karatsev",1497.69445073219,1567.59807187338,1,-69.9036211411915,1,3,0.29565095873188,0
20220822,"Winston-Salem","Hard",FALSE,"Jaume Munar","Botic Van De Zandschulp",1519.08365037275,1588.92712716375,0,-69.8434767910021,1,3,0.295703454907836,0
20231030,"Paris Masters","Hard",FALSE,"Roman Safiullin","Karen Khachanov",1630.56962148897,1700.30911233028,0,-69.7394908413103,3,3,0.449976847450258,0
20221017,"Antwerp","Hard",FALSE,"Luca Van Assche","Yoshihito Nishioka",1500,1569.7084643292,0,-69.708464329201,1,1,0.373867311696979,0
20220822,"Winston-Salem","Hard",FALSE,"Daniel Altmaier","Soon Woo Kwon",1375.48333126338,1445.186914305,0,-69.7035830416198,1,2,0.333710929645362,0
20220613,"Queen's Club","Grass",FALSE,"Denis Kudla","Lorenzo Sonego",1421.66335221096,1491.33689160949,1,-69.6735393985316,0,3,0.231394943754673,0
20230403,"Houston","Clay",FALSE,"Hugo Dellien","Cristian Garin",1469.4665804688,1539.13073833142,0,-69.6641578626143,1,3,0.295860003080137,0
20230220,"Rio De Janeiro","Clay",FALSE,"Pedro Martinez","Cristian Garin",1421.33820301516,1490.99478262864,1,-69.6565796134803,3,3,0.450062854742264,0
20220321,"Miami Masters","Hard",FALSE,"Alexei Popyrin","Marin Cilic",1441.40067314725,1511.02609629454,0,-69.6254231472908,1,3,0.295893825390845,0
20220620,"Eastbourne","Grass",FALSE,"Pedro Martinez","Alejandro Davidovich Fokina",1460.36350773521,1529.88516781027,1,-69.5216600750616,3,3,0.450202818813642,0
20220627,"Wimbledon","Grass",TRUE,"Tommy Paul","Cameron Norrie",1560.57514786324,1629.99687849223,0,-69.421730628985,3,3,0.39099696042297,0
20220404,"Marrakech","Clay",FALSE,"Hugo Dellien","Botic Van De Zandschulp",1469.07870858991,1538.45146701576,0,-69.3727584258481,1,3,0.296114501716956,0
20230626,"Eastbourne","Grass",FALSE,"Zhizhen Zhang","Lorenzo Sonego",1529.86674871572,1599.0324222521,1,-69.1656735363799,1,3,0.296295439881436,0
20230925,"Astana","Hard",FALSE,"Sho Shimabukuro","Roberto Carballes Baena",1467.33413045655,1536.41934075024,1,-69.085210293691,0,1,0.30019482317578,0
20220425,"Estoril","Clay",FALSE,"Pierre Hugues Herbert","Sebastian Korda",1496.83670384901,1565.86711882046,0,-69.0304149714452,2,3,0.370257222519706,0
20220425,"Munich","Clay",FALSE,"Nikoloz Basilashvili","Ilya Ivashka",1417.73776190204,1486.68570271314,1,-68.9479408111063,3,2,0.494590440746621,0
20230220,"Doha","Hard",FALSE,"Jiri Lehecka","Andrey Rublev",1619.28168023108,1688.21919499299,1,-68.9375147619141,3,3,0.450808895519364,0
20220919,"San Diego","Hard",FALSE,"Constant Lestienne","Daniel Evans",1500,1568.75893209604,0,-68.7589320960374,0,2,0.264869580504972,0
20230220,"Rio De Janeiro","Clay",FALSE,"Pedro Martinez","Nicolas Jarry",1439.30586340514,1508.01494137612,0,-68.7090779709831,3,3,0.451045948644803,0
20230102,"United Cup","Hard",FALSE,"Zizou Bergs","Dimitar Kuzmanov",1426.57352946473,1495.26192362869,0,-68.6883941639546,1,0,0.41688393154192,0
20230703,"Wimbledon","Grass",TRUE,"Marcos Giron","Marton Fucsovics",1503.29981872967,1571.87561155973,0,-68.5757928300673,3,3,0.392549405262027,0
20230220,"Marseille","Hard",FALSE,"Pablo Andujar","Alexander Ritschard",1429.55726743499,1498.1199238038,0,-68.5626563688045,1,0,0.417012046034663,0
20230306,"Indian Wells Masters","Hard",FALSE,"Jannik Sinner","Carlos Alcaraz",1752.48512501155,1821.03604796667,0,-68.5509229551267,3,3,0.45121008208433,0
20220523,"Roland Garros","Clay",TRUE,"Filip Krajinovic","Reilly Opelka",1513.85749255617,1582.25290540903,1,-68.3954128528558,3,1,0.479111145253311,0
20220918,"Davis Cup Finals RR: GBR vs KAZ","Hard",FALSE,"Dmitry Popko","Andy Murray",1500,1568.33162019976,0,-68.3316201997577,0,3,0.23239674636145,0
20220829,"Us Open","Hard",TRUE,"Stan Wawrinka","Corentin Moutet",1452.07568821364,1520.28171931199,0,-68.2060310983557,1,3,0.249664388188954,0
20221003,"Astana","Hard",FALSE,"Tallon Griekspoor","Alexander Bublik",1496.40656713187,1564.29944076,0,-67.8928736281373,3,3,0.451893119950091,0
20220411,"Monte Carlo Masters","Clay",FALSE,"Nikoloz Basilashvili","Grigor Dimitrov",1450.25995598477,1518.13083660947,0,-67.8708806247009,3,3,0.451915951252836,0
20220214,"Marseille","Hard",FALSE,"Hugo Gaston","Corentin Moutet",1442.82304053863,1510.6260158198,1,-67.8029752811765,3,3,0.451986446196381,0
20230703,"Wimbledon","Grass",TRUE,"Roman Safiullin","Denis Shapovalov",1508.10928724919,1575.84478676948,1,-67.7354995202841,3,3,0.39409364488438,0
20221024,"Vienna","Hard",FALSE,"J J Wolf","Karen Khachanov",1570.02248613218,1637.7161003104,0,-67.6936141782187,3,3,0.452099981881732,0
20230807,"Canada Masters","Hard",FALSE,"Jiri Lehecka","Casper Ruud",1641.98302199488,1709.61556116175,0,-67.6325391668718,3,1,0.539835808288042,1
20230925,"Astana","Hard",FALSE,"Alexander Shevchenko","Botic Van De Zandschulp",1464.41054317152,1532.03744889321,1,-67.626905721688,1,3,0.297641923571328,0
20220926,"Tel Aviv","Hard",FALSE,"Maxime Cressy","Sebastian Korda",1521.63387505006,1589.1683930972,1,-67.5345180471459,3,3,0.452265160002564,0
20220418,"Barcelona","Clay",FALSE,"Lloyd Harris","Albert Ramos",1464.98773109088,1532.44107832911,1,-67.4533472382352,3,1,0.540022370285033,1
20230529,"Roland Garros","Clay",TRUE,"Lorenzo Musetti","Cameron Norrie",1626.18820376721,1693.54826139309,1,-67.36005762588,3,3,0.39478429533172,0
20220321,"Miami Masters","Hard",FALSE,"Laslo Djere","Arthur Rinderknech",1471.73794271817,1539.08098074473,0,-67.3430380265588,1,3,0.297890704118268,0
20220117,"Australian Open","Hard",TRUE,"Joao Sousa","Jannik Sinner",1500,1567.30954730847,0,-67.3095473084693,1,3,0.250960021391423,0
20231030,"Paris Masters","Hard",FALSE,"Sebastian Korda","Hubert Hurkacz",1679.06252361107,1746.35623878094,0,-67.2937151698698,3,3,0.452515188378848,0
20220620,"Eastbourne","Grass",FALSE,"Ryan Peniston","Holger Rune",1523.1084981014,1590.28002102204,1,-67.1715229206354,0,3,0.233265244909435,0
20220829,"Us Open","Hard",TRUE,"Andy Murray","Matteo Berrettini",1564.27704854692,1631.40377450658,0,-67.1267259596525,3,3,0.395213736484066,0
20220321,"Miami Masters","Hard",FALSE,"Hugo Gaston","John Isner",1438.56333345045,1505.67763453933,1,-67.1143010888773,3,3,0.452701491654355,0
20220801,"Washington","Hard",FALSE,"Denis Kudla","Michael Mmoh",1404.17019706797,1471.24258507104,1,-67.0723880030689,0,3,0.233339566193894,0
20220307,"Indian Wells Masters","Hard",FALSE,"Carlos Alcaraz","Rafael Nadal",1641.50293501129,1708.48135129852,0,-66.9784162872274,3,3,0.452842603023135,0
20230102,"Adelaide 1","Hard",FALSE,"Yoshihito Nishioka","Sebastian Korda",1602.42146385661,1669.39969108151,0,-66.9782272248942,1,3,0.298210598601463,0
20220725,"Atlanta","Hard",FALSE,"Ben Shelton","John Isner",1500,1566.94788118005,0,-66.9478811800486,3,3,0.452874313652715,0
20231023,"Vienna","Hard",FALSE,"Jiri Lehecka","Karen Khachanov",1620.69430716149,1687.61754424113,0,-66.9232370796369,3,3,0.452899906765995,0
20230116,"Australian Open","Hard",TRUE,"Michael Mmoh","J J Wolf",1481.81220239099,1548.73455733894,0,-66.9223549479559,3,3,0.395590009179577,0
20220307,"Indian Wells Masters","Hard",FALSE,"Laslo Djere","Soon Woo Kwon",1463.88972515254,1530.74750625038,1,-66.8577810978402,1,2,0.336368214504267,0
20231002,"Shanghai Masters","Hard",FALSE,"Jaume Munar","Ben Shelton",1504.50304371719,1571.34267872254,0,-66.8396350053536,1,3,0.298332178805624,0
20220221,"Santiago","Clay",FALSE,"Facundo Bagnis","Bernabe Zapata Miralles",1415.88247746653,1482.68463989949,1,-66.8021624329624,1,1,0.376723127789876,0
20221031,"Paris Masters","Hard",FALSE,"Grigor Dimitrov","Botic Van De Zandschulp",1546.48356085298,1613.24379149474,1,-66.7602306417577,3,3,0.453069196638515,0
20230424,"Madrid Masters","Clay",FALSE,"Oscar Otte","Pavel Kotov",1435.49333349153,1502.15940427869,1,-66.6660707871647,3,3,0.453166991036972,0
20230703,"Wimbledon","Grass",TRUE,"Matteo Berrettini","Alexander Zverev",1645.79793174976,1712.33699831397,1,-66.5390665642117,3,3,0.39629602442792,0
20230220,"Rio De Janeiro","Clay",FALSE,"Fabio Fognini","Tomas Barrios Vera",1431.16560306003,1497.69192664819,1,-66.526323588166,1,3,0.298607136632995,0
20230116,"Australian Open","Hard",TRUE,"Fabio Fognini","Thanasi Kokkinakis",1454.69010691008,1521.20282866452,0,-66.5127217544409,1,1,0.323934908863161,0
20230508,"Rome Masters","Clay",FALSE,"Albert Ramos","Francesco Passaro",1390.42289241598,1456.8713421393,1,-66.44844972332,1,1,0.377071285887888,0
20231030,"Paris Masters","Hard",FALSE,"Jan Lennard Struff","Felix Auger Aliassime",1568.087528631,1634.5295259653,0,-66.4419973343033,1,3,0.298681165053757,0
20220829,"Us Open","Hard",TRUE,"Emil Ruusuvuori","Jack Draper",1521.2967180857,1587.68345558118,0,-66.3867374954725,3,3,0.396576734014552,0
20230320,"Miami Masters","Hard",FALSE,"Nuno Borges","Emil Ruusuvuori",1491.15156853015,1557.53674210068,0,-66.3851735705287,2,3,0.37284600755387,0
20230213,"Rotterdam","Hard",FALSE,"Soon Woo Kwon","Alexander Zverev",1557.15881267724,1623.52748452424,0,-66.3686718470021,2,3,0.372862180161739,0
20230821,"Winston-Salem","Hard",FALSE,"Sebastian Baez","Jiri Lehecka",1561.03593715581,1627.39254089668,1,-66.3566037408696,3,3,0.453488428849405,0
20231002,"Shanghai Masters","Hard",FALSE,"Fabio Fognini","Thanasi Kokkinakis",1460.81313308702,1527.14501046138,0,-66.3318773743524,1,1,0.37718605543786,0
20230306,"Indian Wells Masters","Hard",FALSE,"Frances Tiafoe","Cameron Norrie",1697.64059789777,1763.94697723214,1,-66.306379334372,3,3,0.45354059969526,0
20230731,"Kitzbuhel","Clay",FALSE,"Sebastian Baez","Tomas Martin Etcheverry",1499.77043003852,1565.86595522513,1,-66.095525186603,3,1,0.541435670690498,1
20230102,"Adelaide 1","Hard",FALSE,"Soon Woo Kwon","Jack Draper",1508.45072578849,1574.50312151675,0,-66.0523957282642,2,3,0.373172203297715,0
20230912,"Davis Cup Finals RR: SWE vs CHI","Hard",FALSE,"Leo Borg","Cristian Garin",1486.73147684992,1552.77561733986,0,-66.0441404899448,1,3,0.299030578113295,0
20230109,"Adelaide 2","Hard",FALSE,"Soon Woo Kwon","Jack Draper",1566.05585699717,1632.05673800544,1,-66.0008810082697,2,3,0.373222709418238,0
20230925,"Astana","Hard",FALSE,"Alexei Popyrin","Sebastian Korda",1562.25204027106,1628.24092658195,0,-65.9888863108906,1,3,0.299079122973868,0
20230227,"Dubai","Hard",FALSE,"Malek Jaziri","Alejandro Davidovich Fokina",1471.63513971502,1537.59598912328,0,-65.9608494082572,0,3,0.234174012312321,0
20220627,"Wimbledon","Grass",TRUE,"Jiri Vesely","Tommy Paul",1482.57977650363,1548.53306457894,0,-65.9532880753134,2,3,0.320879642965909,0
20230522,"Lyon","Clay",FALSE,"Alexandre Muller","Jack Draper",1556.56245059493,1622.48097429638,0,-65.9185237014422,3,3,0.453943520898482,0
20230206,"Dallas","Hard",FALSE,"Jack Sock","Ilya Ivashka",1476.24694531348,1542.13749943258,1,-65.8905541190991,3,2,0.497793809583765,0
20220411,"Monte Carlo Masters","Clay",FALSE,"Diego Schwartzman","Stefanos Tsitsipas",1577.21319436257,1643.06352783566,0,-65.8503334730967,1,3,0.299200871699655,0
20220502,"Madrid Masters","Clay",FALSE,"Ilya Ivashka","Lorenzo Musetti",1485.66460415904,1551.490225278,0,-65.8256211189621,2,3,0.3733945586186,0
20230925,"Astana","Hard",FALSE,"Jurij Rodionov","Gregoire Barrere",1448.11173545736,1513.80415054775,1,-65.6924150903915,1,1,0.377815873118981,0
20220620,"Eastbourne","Grass",FALSE,"John Millman","Alexander Bublik",1440.57649081799,1506.18763275728,0,-65.6111419392944,0,3,0.234436970146428,0
20230522,"Geneva","Clay",FALSE,"Tallon Griekspoor","Nicolas Jarry",1537.7441800573,1603.32986155928,0,-65.5856815019768,3,3,0.454289339894653,0
20220221,"Dubai","Hard",FALSE,"Novak Djokovic","Karen Khachanov",1514.86067431047,1580.19518395486,1,-65.3345096443934,3,3,0.454550333617596,0
20220627,"Wimbledon","Grass",TRUE,"Alexei Popyrin","Hugo Gaston",1417.60271643028,1482.83445483625,0,-65.231738405974,1,3,0.253980098089257,0
20220418,"Barcelona","Clay",FALSE,"Maxime Cressy","Elias Ymer",1490.15610162837,1555.32732003504,0,-65.1712184066728,3,1,0.542397363266184,1
20220321,"Miami Masters","Hard",FALSE,"Denis Kudla","Thanasi Kokkinakis",1482.64981570009,1547.81974275681,0,-65.1699270567187,0,1,0.303653446753306,0
20220321,"Miami Masters","Hard",FALSE,"Emil Ruusuvuori","Jannik Sinner",1547.01968183431,1612.0740245495,0,-65.0543427151888,3,3,0.454841485701197,0
20230116,"Australian Open","Hard",TRUE,"Dominic Thiem","Andrey Rublev",1596.04770397677,1661.07551984196,0,-65.0278158651865,1,3,0.254277785860508,0
20220801,"Los Cabos","Hard",FALSE,"Facundo Bagnis","Ernesto Escobedo",1418.75479796871,1483.76724236068,1,-65.0124443919726,1,1,0.378486040874425,0
20230206,"Dallas","Hard",FALSE,"Emilio Gomez","John Isner",1494.06982478352,1559.04455024479,0,-64.9747254612721,1,3,0.29997093963976,0
20220711,"Bastad","Clay",FALSE,"Federico Delbonis","Federico Coria",1422.81255618587,1487.71358040453,0,-64.9010242186578,1,1,0.378595899070463,0
20220919,"Metz","Hard",FALSE,"Evan Furness","Alexander Bublik",1500,1564.85984493184,0,-64.8598449318395,0,3,0.235002590350396,0
20220801,"Los Cabos","Hard",FALSE,"Steve Johnson","Felix Auger Aliassime",1537.54591412127,1602.38715865234,0,-64.8412445310732,3,3,0.455062960006497,0
20220117,"Australian Open","Hard",TRUE,"Christopher Oconnell","Maxime Cressy",1486.31566696498,1551.12955606913,0,-64.8138891041531,3,3,0.39947910665002,0
20220214,"Rio de Janeiro","Clay",FALSE,"Fabio Fognini","Pablo Carreno Busta",1498.80984011329,1563.40069999943,1,-64.5908598861381,1,3,0.300308893456836,0
20220808,"Canada Masters","Hard",FALSE,"Pablo Carreno Busta","Hubert Hurkacz",1565.27853661648,1629.86807054825,1,-64.5895339317785,3,3,0.45532458733766,0
20230626,"Mallorca","Grass",FALSE,"Guido Pella","Marcos Giron",1456.53920643574,1521.05355004002,1,-64.5143436042752,3,3,0.455402744755651,0
20220418,"Barcelona","Clay",FALSE,"Carlos Taberner","Felix Auger Aliassime",1507.01899281572,1571.5317224859,0,-64.5127296701785,1,3,0.300377705620079,0
20230703,"Wimbledon","Grass",TRUE,"Hamad Medjedovic","Christopher Oconnell",1455.59172354344,1520.04079720119,0,-64.4490736577488,2,3,0.32340937102257,0
20230116,"Australian Open","Hard",TRUE,"Adrian Mannarino","John Isner",1503.73038859709,1568.13911623993,1,-64.4087276428315,3,3,0.400227903704028,0
20220916,"Davis Cup WG1 R1: IND vs NOR","Hard",FALSE,"Viktor Durasovic","Ramkumar Ramanathan",1433.12602134327,1497.35314234187,1,-64.2271209985956,1,3,0.300629328255633,0
20220822,"Winston-Salem","Hard",FALSE,"Marc Andrea Huesler","Mikael Ymer",1484.58696666487,1548.77307173638,1,-64.1861050715088,2,3,0.375003711637513,0
20220411,"Monte Carlo Masters","Clay",FALSE,"Alexander Zverev","Jannik Sinner",1587.99856003507,1652.01160244964,1,-64.0130424145705,3,3,0.455923883792798,0
20231023,"Vienna","Hard",FALSE,"Andrey Rublev","Jannik Sinner",1796.06436090542,1860.00254448675,0,-63.9381835813285,3,3,0.456001713304168,0
20230424,"Madrid Masters","Clay",FALSE,"Maxime Cressy","Stan Wawrinka",1499.55197398672,1563.4711863366,0,-63.9192123498833,3,1,0.543699504685061,1
20230320,"Miami Masters","Hard",FALSE,"Fabio Fognini","Jan Lennard Struff",1417.80986088587,1481.69334180579,0,-63.8834809199182,1,1,0.379599752765328,0
20220207,"Buenos Aires","Clay",FALSE,"Francisco Cerundolo","Miomir Kecmanovic",1470.22158518596,1534.0754803831,1,-63.8538951971311,3,3,0.456089349138004,0
20230920,"Zhuhai","Hard",FALSE,"Ye Cong Mo","Andy Murray",1500,1563.84811654277,0,-63.8481165427713,0,3,0.235765771141261,0
20230529,"Roland Garros","Clay",TRUE,"Oscar Otte","Alexander Shevchenko",1434.18190247461,1497.98368103985,0,-63.8017785652423,3,1,0.487945837168543,0
20220627,"Wimbledon","Grass",TRUE,"Filip Krajinovic","Nick Kyrgios",1575.76325950744,1639.55061788596,0,-63.787358378527,3,3,0.401377189084559,0
20230626,"Mallorca","Grass",FALSE,"Jordan Thompson","Richard Gasquet",1457.80398879176,1521.57215062783,1,-63.7681618360662,3,3,0.456178490124098,0
20231016,"Tokyo","Hard",FALSE,"Mackenzie Mcdonald","Tommy Paul",1599.59692532628,1663.29371420064,0,-63.6967888743602,3,3,0.456252702072814,0
20220523,"Roland Garros","Clay",TRUE,"Marin Cilic","Daniil Medvedev",1556.04027141944,1619.60817237388,1,-63.5679009544376,3,3,0.401783357769131,0
20230717,"Gstaad","Clay",FALSE,"Hamad Medjedovic","Dominic Thiem",1443.34273180076,1506.71636889698,1,-63.3736370962204,2,1,0.461131237264469,0
20230102,"Pune","Hard",FALSE,"Maximilian Marterer","Elias Ymer",1477.34110096174,1540.69222878236,1,-63.3511278206188,3,1,0.544290141742906,1
20221024,"Vienna","Hard",FALSE,"Oscar Otte","Daniel Evans",1487.68359482563,1551.03370929539,0,-63.3501144697605,3,2,0.50045569757411,1
20221107,"NextGen Finals","Hard",FALSE,"Dominic Stricker","Jack Draper",1528.9081201717,1592.22520548545,1,-63.3170853137519,1,3,0.301431874893253,0
20230731,"Los Cabos","Hard",FALSE,"Alex De Minaur","Stefanos Tsitsipas",1671.7875493637,1734.99813372472,0,-63.2105843610132,3,3,0.456758297756662,0
20230424,"Madrid Masters","Clay",FALSE,"Pedro Cachin","Abedallah Shelbayh",1427.51253958651,1490.68051980562,1,-63.1679802191111,1,1,0.380306245497582,0
20231002,"Shanghai Masters","Hard",FALSE,"Juncheng Shang","Yosuke Watanuki",1449.78540209619,1512.91838439202,0,-63.1329822958298,0,3,0.23630625387641,0
20220411,"Monte Carlo Masters","Clay",FALSE,"Sebastian Korda","Taylor Fritz",1562.19097626458,1625.31055514886,0,-63.1195788842838,3,3,0.456852942713278,0
20230206,"Dallas","Hard",FALSE,"Oscar Otte","Marcos Giron",1458.76418614258,1521.87891742314,0,-63.114731280561,3,3,0.456857984269226,0
20230116,"Australian Open","Hard",TRUE,"Francisco Cerundolo","Corentin Moutet",1513.69283621839,1576.78027773325,1,-63.087441514866,3,3,0.402673055430267,0
20220822,"Winston-Salem","Hard",FALSE,"Dominic Thiem","Jack Draper",1518.56260401428,1581.63728913604,0,-63.0746851217611,1,3,0.301645849248741,0
20220914,"Davis Cup Finals RR: ITA vs CRO","Hard",FALSE,"Borna Coric","Matteo Berrettini",1588.68007809118,1651.74286379214,0,-63.062785700964,1,3,0.301656355467364,0
20220117,"Australian Open","Hard",TRUE,"Federico Coria","Gael Monfils",1500,1562.96737261477,0,-62.967372614773,1,2,0.292297917105943,0
20220307,"Indian Wells Masters","Hard",FALSE,"Daniel Altmaier","Steve Johnson",1439.75868932823,1502.66110645404,0,-62.9024171258095,1,3,0.301797968121838,0
20220725,"Atlanta","Hard",FALSE,"Denis Kudla","Mackenzie Mcdonald",1426.65019103876,1489.53049763245,0,-62.8803065936838,0,3,0.236497425060482,0
20221017,"Naples","Hard",FALSE,"Daniel Elahi Galan","Lorenzo Musetti",1547.41654376573,1610.29599070687,0,-62.8794469411403,3,3,0.457102692921161,0
20230522,"Geneva","Clay",FALSE,"Nicolas Jarry","Grigor Dimitrov",1549.24545778223,1612.07789601864,1,-62.8324382364162,3,3,0.457151587044502,0
20220822,"Winston-Salem","Hard",FALSE,"Denis Kudla","Thiago Monteiro",1422.03049998005,1484.8410860439,0,-62.8105860638525,0,1,0.305748418143797,0
20230717,"Bastad","Clay",FALSE,"Alexander Zverev","Andrey Rublev",1717.33498220304,1779.99760188949,0,-62.6626196864481,3,3,0.457328223524564,0
20230424,"Madrid Masters","Clay",FALSE,"Gregoire Barrere","Grigor Dimitrov",1528.17349250092,1590.60396989079,0,-62.4304773898723,1,3,0.302214930972306,0
20230717,"Gstaad","Clay",FALSE,"Hamad Medjedovic","Zhizhen Zhang",1468.8624749477,1531.29130688715,1,-62.4288319394504,2,1,0.462115382811641,0
20230724,"Atlanta","Hard",FALSE,"Constant Lestienne","Ugo Humbert",1426.28021126921,1488.65673921517,0,-62.376527945956,0,2,0.270110870755462,0
20230927,"Beijing","Hard",FALSE,"Matteo Arnaldi","Nicolas Jarry",1586.94648131014,1649.23968631657,0,-62.2932050064339,1,3,0.30233627360603,0
20220509,"Rome Masters","Clay",FALSE,"John Isner","Francisco Cerundolo",1521.58355369615,1583.65442501882,1,-62.0708713226782,3,3,0.457943813147204,0
20220613,"Halle","Grass",FALSE,"Pablo Carreno Busta","Sebastian Korda",1517.43978536861,1579.24900237197,1,-61.8092170033583,3,3,0.458216050453973,0
20231002,"Shanghai Masters","Hard",FALSE,"Terence Atmane","Jordan Thompson",1486.35374655375,1547.80260340185,1,-61.4488568481038,2,3,0.377696417353356,0
20230410,"Monte Carlo Masters","Clay",FALSE,"Albert Ramos","Jan Lennard Struff",1403.19252025955,1464.60701576305,0,-61.4144955034988,1,1,0.38203979420563,0
20230306,"Indian Wells Masters","Hard",FALSE,"Felix Auger Aliassime","Carlos Alcaraz",1747.25541247931,1808.6598279088,0,-61.4044154294929,3,3,0.458637273914802,0
20230410,"Monte Carlo Masters","Clay",FALSE,"Jaume Munar","Marc Andrea Huesler",1446.99092553484,1508.36071709807,1,-61.3697915632258,1,2,0.341521890350102,0
20220404,"Marrakech","Clay",FALSE,"Mirza Basic","Kamil Majchrzak",1484.61813247789,1545.96804705116,1,-61.3499145732621,1,3,0.303170846026565,0
20220829,"Us Open","Hard",TRUE,"Roberto Carballes Baena","Denis Shapovalov",1441.79952951556,1503.14584886614,0,-61.3463193505818,1,3,0.259691494005733,0
20220117,"Australian Open","Hard",TRUE,"Botic Van De Zandschulp","Daniil Medvedev",1512.02085237857,1573.24514880517,0,-61.2242964265995,3,3,0.406129174885015,0
20230916,"Davis Cup WG1 R1: ISR vs JPN","Hard",FALSE,"Sho Shimabukuro","Yshai Oliel",1449.71827717819,1510.93331547198,1,-61.2150382937887,0,2,0.271071692863473,0
20230916,"Davis Cup WG1 R1: BUL vs KAZ","Clay",FALSE,"Yanaki Milev","Alexander Bublik",1500,1561.19568273857,0,-61.1956827385725,0,3,0.237774716683011,0
20220221,"Acapulco","Hard",FALSE,"Pablo Andujar","Daniil Medvedev",1544.86425432726,1605.98145556434,0,-61.1172012370744,1,3,0.303376938253401,0
20220829,"Us Open","Hard",TRUE,"Jiri Lehecka","Cristian Garin",1450.54542693383,1511.48010400911,0,-60.9346770752793,3,3,0.40666726180276,0
20220516,"Lyon","Clay",FALSE,"Federico Coria","Alex Molcan",1498.95276941292,1559.84341858284,0,-60.8906491699227,1,3,0.303577649977428,0
20221003,"Astana","Hard",FALSE,"Hubert Hurkacz","Stefanos Tsitsipas",1641.00304743745,1701.82122604437,0,-60.8181786069142,3,3,0.45924739769928,0
20220307,"Indian Wells Masters","Hard",FALSE,"Christopher Eubanks","Casper Ruud",1502.21788419783,1563.01158601472,0,-60.7937018168859,3,1,0.546947529490331,1
20231016,"Antwerp","Hard",FALSE,"Alexander Shevchenko","Benjamin Bonzi",1449.16898344037,1509.92330939014,1,-60.7543259497684,1,3,0.303698460372607,0
20230703,"Wimbledon","Grass",TRUE,"Liam Broady","Denis Shapovalov",1497.28864399717,1557.95690608853,0,-60.6682620913577,0,3,0.20170504308471,0
20220606,"s Hertogenbosch","Grass",FALSE,"Hugo Gaston","Jenson Brooksby",1479.70437374864,1540.25778967734,1,-60.5534159287038,3,3,0.459522988632833,0
20220808,"Canada Masters","Hard",FALSE,"Pedro Martinez","Gael Monfils",1506.27585003078,1566.67369110287,0,-60.3978410720872,3,2,0.503549064755481,1
20220916,"Davis Cup Finals RR: GER vs BEL","Hard",FALSE,"David Goffin","Oscar Otte",1495.4201992764,1555.76308244724,1,-60.3428831708388,3,3,0.459742149431703,0
20230116,"Australian Open","Hard",TRUE,"Christopher Eubanks","Jiri Lehecka",1504.33289600005,1564.61767077667,0,-60.284774776622,3,3,0.407875536093302,0
20230626,"Eastbourne","Grass",FALSE,"Gregoire Barrere","Tommy Paul",1579.65426743267,1639.90219423171,0,-60.247926799037,1,3,0.304147471367248,0
20220321,"Miami Masters","Hard",FALSE,"Sebastian Korda","Miomir Kecmanovic",1560.18474206195,1620.41353421413,0,-60.228792152175,3,3,0.459860922632622,0
20220131,"Pune","Hard",FALSE,"Lorenzo Musetti","Aleksandar Vukic",1459.32334212043,1519.53243773931,1,-60.2090956188824,3,2,0.503746823923266,1
20220418,"Barcelona","Clay",FALSE,"Frances Tiafoe","Felix Auger Aliassime",1513.21163377702,1573.40336804913,0,-60.1917342721108,3,3,0.459899502312982,0
20221017,"Stockholm","Hard",FALSE,"Maxime Cressy","Ilya Ivashka",1513.27838418665,1573.42672939917,1,-60.1483452125185,3,2,0.503810475275347,1
20220221,"Acapulco","Hard",FALSE,"Peter Gojowczyk","Brandon Nakashima",1437.67664353581,1497.72819278069,1,-60.0515492448812,2,3,0.37907391343123,0
20220808,"Canada Masters","Hard",FALSE,"Felix Auger Aliassime","Casper Ruud",1602.15925425675,1662.13760646499,0,-59.9783522082428,3,1,0.547794193666394,1
20220509,"Rome Masters","Clay",FALSE,"Karen Khachanov","Pablo Carreno Busta",1522.72236855976,1582.68674389942,1,-59.964375339652,3,3,0.460136208355113,0
20230227,"Acapulco","Hard",FALSE,"Matteo Berrettini","Holger Rune",1676.44929680661,1736.40651785556,0,-59.95722104895,3,3,0.460143657063197,0
20220502,"Madrid Masters","Clay",FALSE,"Lloyd Harris","Alejandro Davidovich Fokina",1467.8626139162,1527.75116272045,0,-59.8885488042479,3,3,0.460215156251778,0
20220829,"Us Open","Hard",TRUE,"Jiri Vesely","Daniel Evans",1485.23377464976,1545.10542371854,0,-59.8716490687832,2,2,0.371196634741568,0
20220627,"Wimbledon","Grass",TRUE,"Taro Daniel","Sebastian Baez",1484.43681953332,1544.26587926367,0,-59.8290597303435,1,3,0.261944304009883,0
20231127,"NextGen Finals","Hard",FALSE,"Hamad Medjedovic","Arthur Fils",1558.0640340656,1617.84797102096,1,-59.783936955359,2,1,0.464871953940798,0
20230703,"Wimbledon","Grass",TRUE,"David Goffin","Fabian Marozsan",1476.79356693616,1536.52682926649,1,-59.7332623303248,3,1,0.495777067696575,0
20220207,"Rotterdam","Hard",FALSE,"Nikoloz Basilashvili","Mackenzie Mcdonald",1432.63095204143,1492.19440925086,0,-59.5634572094298,3,3,0.460553652658352,0
20230403,"Marrakech","Clay",FALSE,"Alexey Vatutin","Benjamin Bonzi",1484.77535251866,1544.31027524808,0,-59.5349227294237,0,3,0.239038552945443,0
20220425,"Munich","Clay",FALSE,"Holger Rune","Botic Van De Zandschulp",1521.41221648839,1580.81482856492,1,-59.4026120765327,3,3,0.460721143547002,0
20220801,"Los Cabos","Hard",FALSE,"Felix Auger Aliassime","Cameron Norrie",1614.61979191058,1674.01158970976,0,-59.3917977991812,3,3,0.460732404964406,0
20221107,"NextGen Finals","Hard",FALSE,"Jack Draper","Lorenzo Musetti",1583.90897260686,1643.18653428463,1,-59.2775616777726,3,3,0.460851366875269,0
20220822,"Winston-Salem","Hard",FALSE,"Tallon Griekspoor","Botic Van De Zandschulp",1520.76202043199,1580.03838569133,0,-59.2763652593464,3,3,0.460852612811483,0
20230717,"Gstaad","Clay",FALSE,"Dominic Thiem","Alexandre Muller",1489.0102545913,1548.147795178,1,-59.1375405867032,1,3,0.305133328468193,0
20221010,"Florence","Hard",FALSE,"Roberto Carballes Baena","Mikael Ymer",1489.72429045895,1548.86084495453,0,-59.136554495577,1,3,0.305134204766093,0
20220516,"Lyon","Clay",FALSE,"Daniel Altmaier","Federico Coria",1427.4543789642,1486.55504139909,0,-59.1006624348822,1,1,0.384331918001564,0
20220425,"Estoril","Clay",FALSE,"Hugo Dellien","Jiri Vesely",1438.85545254505,1497.92256678974,1,-59.0671142446931,1,2,0.343695580278125,0
20230116,"Australian Open","Hard",TRUE,"Andy Murray","Roberto Bautista Agut",1565.34983368212,1624.41624069712,0,-59.0664070150015,3,3,0.410143673536579,0
20220411,"Monte Carlo Masters","Clay",FALSE,"Holger Rune","Aslan Karatsev",1437.37315765453,1496.26853155963,1,-58.8953739051019,3,3,0.461249397567607,0
20221024,"Vienna","Hard",FALSE,"Emil Ruusuvuori","Hubert Hurkacz",1586.91660883307,1645.76402192887,0,-58.8474130958075,3,3,0.46129935000768,0
20230213,"Buenos Aires","Clay",FALSE,"Joao Sousa","Juan Pablo Varillas",1422.80949542251,1481.61254576689,0,-58.8030503443802,1,1,0.384627113352628,0
20230828,"Us Open","Hard",TRUE,"Arthur Fils","Tallon Griekspoor",1554.02289378591,1612.81254028553,1,-58.7896464996122,1,3,0.263494870285363,0
20230703,"Wimbledon","Grass",TRUE,"Matteo Arnaldi","Roberto Carballes Baena",1471.07043490263,1529.82629578297,0,-58.7558608803399,1,1,0.337153093665251,0
20220822,"Winston-Salem","Hard",FALSE,"Laslo Djere","David Goffin",1478.82739326757,1537.49029587751,1,-58.6629026099411,1,3,0.305555282459892,0
20230529,"Roland Garros","Clay",TRUE,"Nuno Borges","John Isner",1465.94704748745,1524.56672340711,1,-58.6196759196685,2,3,0.333310016582714,0
20230206,"Cordoba","Clay",FALSE,"Bernabe Zapata Miralles","Roberto Carballes Baena",1429.77942941634,1488.37423006669,1,-58.5948006503488,1,1,0.384833722514296,0
20230828,"Us Open","Hard",TRUE,"Marton Fucsovics","Sebastian Korda",1574.46435102005,1632.98050615041,1,-58.5161551303574,3,3,0.411169293510761,0
20230102,"Adelaide 1","Hard",FALSE,"Roman Safiullin","Denis Shapovalov",1536.94926246729,1595.3174457265,0,-58.3681832592033,3,3,0.461798522963532,0
20230703,"Wimbledon","Grass",TRUE,"Bernabe Zapata Miralles","Tomas Martin Etcheverry",1504.01400100842,1562.27671662575,0,-58.2627156173276,1,1,0.338002394070536,0
20220516,"Geneva","Clay",FALSE,"Christopher Oconnell","Albert Ramos",1451.63286707731,1509.86820963347,1,-58.2353425561548,3,1,0.549603212353623,1
20230227,"Santiago","Clay",FALSE,"Tomas Martin Etcheverry","Dusan Lajovic",1419.22853942069,1477.46215676971,1,-58.2336173490139,1,1,0.385192158979606,0
20220117,"Australian Open","Hard",TRUE,"Yannick Hanfmann","Rafael Nadal",1500,1558.14087817979,0,-58.1408781797884,1,3,0.264465666550038,0
20230403,"Estoril","Clay",FALSE,"Fabio Fognini","Marco Cecchinato",1405.53726485365,1463.55973147831,0,-58.0224666246545,1,1,0.385401761621991,0
20230522,"Geneva","Clay",FALSE,"Vitaliy Sachko","Bernabe Zapata Miralles",1481.37022700858,1539.20177247905,0,-57.8315454704657,0,1,0.310195941799166,0
20230424,"Madrid Masters","Clay",FALSE,"Bernabe Zapata Miralles","Mackenzie Mcdonald",1520.07195959254,1577.86096559734,1,-57.7890060048071,1,3,0.306333031881218,0
20220829,"Us Open","Hard",TRUE,"Aljaz Bedene","Pedro Cachin",1424.49183959822,1482.26789384996,0,-57.776054251744,0,1,0.268591188905182,0
20230920,"Zhuhai","Hard",FALSE,"Aslan Karatsev","Andy Murray",1523.54835281033,1581.31956470478,1,-57.7712118944526,3,3,0.462420444294983,0
20231016,"Tokyo","Hard",FALSE,"Marcos Giron","Yoshihito Nishioka",1515.8978721595,1573.59791692374,1,-57.7000447642381,3,1,0.550158521376262,1
20230731,"Los Cabos","Hard",FALSE,"Felipe Meligeni Alves","Alejandro Tabilo",1453.83204180062,1511.46122995093,1,-57.6291881503091,2,3,0.381466544389932,0
20230927,"Beijing","Hard",FALSE,"Grigor Dimitrov","Jannik Sinner",1727.41488872378,1784.99763767903,0,-57.582748955245,3,3,0.462616808282312,0
20220207,"Rotterdam","Hard",FALSE,"Marton Fucsovics","Filip Krajinovic",1470.85272782865,1528.39754880737,1,-57.5448209787244,3,3,0.462656327740543,0
20220307,"Indian Wells Masters","Hard",FALSE,"Sam Querrey","Tallon Griekspoor",1442.49634817513,1499.88016354681,1,-57.3838153716777,0,3,0.240682379489939,0
20220411,"Monte Carlo Masters","Clay",FALSE,"Jiri Lehecka","David Goffin",1491.29016785069,1548.65000965197,0,-57.359841801283,3,3,0.462849075475844,0
20220725,"Kitzbuhel","Clay",FALSE,"Sebastian Ofner","Richard Gasquet",1492.66676630566,1549.9498684566,1,-57.2831021509412,1,3,0.306783780379548,0
20220913,"Davis Cup Finals RR: KAZ vs NED","Hard",FALSE,"Mikhail Kukushkin","Tallon Griekspoor",1434.04622079856,1491.30154111566,0,-57.2553203170926,0,3,0.240780816423427,0
20230213,"Delray Beach","Hard",FALSE,"Radu Albot","Miomir Kecmanovic",1521.96652167731,1579.18438488422,0,-57.2178632069063,1,3,0.306841933659948,0
20220418,"Barcelona","Clay",FALSE,"Lorenzo Musetti","Diego Schwartzman",1532.35211042543,1589.5338341112,0,-57.1817236857764,3,1,0.550696099966512,1
20230227,"Santiago","Clay",FALSE,"Jaume Munar","Alejandro Tabilo",1431.68281316867,1488.69287742593,1,-57.0100642572681,1,3,0.307027204308701,0
20230626,"Mallorca","Grass",FALSE,"Corentin Moutet","Roberto Carballes Baena",1482.24332535765,1539.18637523168,1,-56.9430498740351,3,1,0.550943601640407,1
20220404,"Marrakech","Clay",FALSE,"Alejandro Davidovich Fokina","Federico Coria",1464.38463222069,1521.29804785341,0,-56.9134156327191,3,1,0.550974330209656,1
20220822,"Winston-Salem","Hard",FALSE,"Federico Coria","Mikael Ymer",1479.34618968485,1536.20623304845,0,-56.8600433635938,1,3,0.307160999565986,0
20230116,"Australian Open","Hard",TRUE,"Ben Shelton","J J Wolf",1509.34905873552,1566.16590261721,1,-56.8168438816897,3,3,0.414341496358423,0
20230102,"United Cup","Hard",FALSE,"Matteo Berrettini","Stefanos Tsitsipas",1685.86549287275,1742.67587128189,0,-56.8103784091327,3,3,0.463421679900736,0
20220620,"Mallorca","Grass",FALSE,"Alex Molcan","Miomir Kecmanovic",1544.4884461869,1601.29349632686,1,-56.8050501399525,3,3,0.463427233048411,0
20220926,"Sofia","Hard",FALSE,"Holger Rune","Tim Van Rijthoven",1528.53071168511,1585.24481350293,1,-56.714101817824,3,3,0.463522021223309,0
20220502,"Madrid Masters","Clay",FALSE,"Pedro Martinez","Alex De Minaur",1543.34459849364,1599.96340673164,0,-56.6188082379956,3,3,0.463621340941278,0
20220214,"Delray Beach","Hard",FALSE,"Sebastian Korda","Thanasi Kokkinakis",1515.15935498582,1571.69668199039,1,-56.5373270045736,3,1,0.5513642730899,1
20220808,"Canada Masters","Hard",FALSE,"Yoshihito Nishioka","Felix Auger Aliassime",1552.16577453491,1608.59918177634,0,-56.4334072414329,1,3,0.307541669808672,0
20220221,"Santiago","Clay",FALSE,"Alejandro Tabilo","Miomir Kecmanovic",1488.32288094034,1544.69038458486,1,-56.3675036445225,3,3,0.463883276934129,0
20230424,"Madrid Masters","Clay",FALSE,"Martin Landaluce","Richard Gasquet",1489.49512134508,1545.84321899682,0,-56.3480976517415,0,3,0.24147659962807,0
20221003,"Tokyo","Hard",FALSE,"Rio Noguchi","Denis Shapovalov",1514.12076222547,1570.46814296862,0,-56.3473807431492,0,3,0.241477149993821,0
20220110,"Sydney","Hard",FALSE,"Nikoloz Basilashvili","Andy Murray",1470.64719999153,1526.97738550319,0,-56.3301855116547,3,3,0.463922175507384,0
20220509,"Rome Masters","Clay",FALSE,"Filip Krajinovic","Frances Tiafoe",1479.6364698013,1535.95411486874,1,-56.3176450674484,3,3,0.463935247143842,0
20220926,"Seoul","Hard",FALSE,"Denis Shapovalov","Jenson Brooksby",1505.70988437158,1562.01042290546,1,-56.3005385338879,3,3,0.463953078361469,0
20220801,"Washington","Hard",FALSE,"James Duckworth","Borna Gojo",1433.03329295207,1489.31804979774,0,-56.2847568456689,3,2,0.507858215107632,1
20230724,"Umag","Clay",FALSE,"Marco Cecchinato","Lorenzo Sonego",1489.73224094178,1545.90217399213,0,-56.169933050347,1,3,0.30777688815926,0
20220822,"Winston-Salem","Hard",FALSE,"Emilio Nava","Steve Johnson",1483.12853464568,1539.22234829638,0,-56.0938136507004,0,3,0.241671865321611,0
20220913,"Davis Cup Finals RR: ARG vs SWE","Hard",FALSE,"Mikael Ymer","Diego Schwartzman",1515.961497704,1572.00362673399,1,-56.0421290299919,3,1,0.551877616660688,1
20220131,"Montpellier","Hard",FALSE,"Nikoloz Basilashvili","Damir Dzumhur",1445.23361559898,1501.24178352986,0,-56.0081679308771,3,0,0.594888067012093,1
20231106,"Sofia","Hard",FALSE,"Billy Harris","Jan Lennard Struff",1500,1555.9215959614,0,-55.9215959614007,0,1,0.311911419312404,0
20220711,"Bastad","Clay",FALSE,"Aslan Karatsev","Lorenzo Sonego",1443.73136145122,1499.65120949957,1,-55.9198480483517,3,3,0.464349919803735,0
20230612,"s Hertogenbosch","Grass",FALSE,"Rinky Hijikata","Gijs Brouwer",1502.99958610058,1558.87883605531,1,-55.8792499547335,3,3,0.464392242961737,0
20230227,"Acapulco","Hard",FALSE,"Mackenzie Mcdonald","Tommy Paul",1627.83882231464,1683.63477301324,0,-55.7959506986035,3,3,0.464479083313736,0
20220919,"Metz","Hard",FALSE,"Mikael Ymer","Adrian Mannarino",1537.46023984134,1593.22175474966,1,-55.7615149083135,3,3,0.464514983617421,0
20221024,"Vienna","Hard",FALSE,"Daniel Evans","Denis Shapovalov",1563.64724011756,1619.39712900262,0,-55.7498888850657,2,3,0.383326755585826,0
20230529,"Roland Garros","Clay",TRUE,"Hugo Grenier","Marton Fucsovics",1458.20637572072,1513.9135853525,0,-55.7072096317809,3,3,0.416416773200719,0
20220509,"Rome Masters","Clay",FALSE,"Cristian Garin","Marin Cilic",1493.44069056115,1549.10941537707,1,-55.6687248159219,3,3,0.464611721791997,0
20230206,"Cordoba","Clay",FALSE,"Hugo Dellien","Guido Pella",1444.5845004614,1500.22466843247,1,-55.6401679710689,1,3,0.30825014172051,0
20220321,"Miami Masters","Hard",FALSE,"Alejandro Davidovich Fokina","Sebastian Korda",1477.00354953061,1532.62544202309,0,-55.6218924924838,3,3,0.464660547773612,0
20220917,"Davis Cup WG1 R1: COL vs TUR","Clay",FALSE,"Nicolas Mejia","Altug Celikbilek",1473.27483360006,1528.68027514859,1,-55.4054415485282,1,2,0.347165636673685,0
20230917,"Davis Cup Finals RR: GBR vs FRA","Hard",FALSE,"Ugo Humbert","Cameron Norrie",1544.65491991278,1599.96047983145,1,-55.305559918665,2,3,0.383767073501488,0
20220509,"Rome Masters","Clay",FALSE,"Ilya Ivashka","Alejandro Davidovich Fokina",1473.47300176157,1528.69058580589,0,-55.2175840443185,2,3,0.383854277832142,0
20221017,"Stockholm","Hard",FALSE,"Mikael Ymer","Tommy Paul",1570.73879972439,1625.91598266971,1,-55.1771829453189,3,3,0.465124222289789,0
20220131,"Pune","Hard",FALSE,"Stefano Travaglia","Ramkumar Ramanathan",1444.82753173822,1500,1,-55.1724682617846,0,3,0.242380270751668,0
20230717,"Gstaad","Clay",FALSE,"Albert Ramos","Fabio Fognini",1423.01979489626,1478.17455192304,1,-55.1547570267769,1,1,0.388252627512227,0
20220117,"Australian Open","Hard",TRUE,"Cristian Garin","Gael Monfils",1500.75395789168,1555.89344480337,0,-55.1394869116937,3,2,0.46075078316276,0
20220110,"Sydney","Hard",FALSE,"Dusan Lajovic","Alejandro Davidovich Fokina",1445.03534807933,1500,1,-54.9646519206742,1,3,0.308854183290462,0
20230724,"Hamburg","Clay",FALSE,"Thiago Monteiro","Guido Pella",1442.05067896819,1497.01431600303,0,-54.9636370348337,1,3,0.308855091286515,0
20230717,"Newport","Grass",FALSE,"Alex Bolt","John Isner",1455.59856680491,1510.5109103847,0,-54.9123435797899,0,3,0.242580531253735,0
20230828,"Us Open","Hard",TRUE,"Botic Van De Zandschulp","Jordan Thompson",1497.62614191214,1552.28912674959,1,-54.6629848374573,3,3,0.418372429880343,0
20220808,"Canada Masters","Hard",FALSE,"Stan Wawrinka","Emil Ruusuvuori",1476.00932319251,1530.64542799007,0,-54.6361047975643,1,3,0.309148204284008,0
20220425,"Estoril","Clay",FALSE,"Frances Tiafoe","Sebastian Korda",1498.19181210808,1552.76288225581,1,-54.5710701477274,3,3,0.465756280139909,0
20230508,"Rome Masters","Clay",FALSE,"Marco Cecchinato","Roberto Bautista Agut",1507.16152451352,1561.71516972086,1,-54.5536452073393,1,3,0.309222022692283,0
20230703,"Wimbledon","Grass",TRUE,"Christopher Oconnell","Christopher Eubanks",1532.70505681424,1587.25009269657,0,-54.5450358823289,3,3,0.418593490930928,0
20230522,"Geneva","Clay",FALSE,"Christopher Oconnell","Bernabe Zapata Miralles",1502.00400350338,1556.53700593461,1,-54.5330024312318,3,1,0.55344135614881,1
20220516,"Geneva","Clay",FALSE,"Nikoloz Basilashvili","Joao Sousa",1457.78661716254,1512.17962529486,0,-54.3930081323167,3,1,0.553586363517269,1
20230410,"Monte Carlo Masters","Clay",FALSE,"Ugo Humbert","Lorenzo Sonego",1499.46382211249,1553.78594687705,0,-54.3221247645549,2,3,0.384742308059864,0
20220919,"Metz","Hard",FALSE,"Stan Wawrinka","Alexander Bublik",1483.44982673744,1537.73243203534,0,-54.2826052978965,1,3,0.309464728110114,0
20220307,"Indian Wells Masters","Hard",FALSE,"Hugo Gaston","J J Wolf",1451.24137936796,1505.45920442968,0,-54.2178250617242,3,3,0.466124696965555,0
20220207,"Rotterdam","Hard",FALSE,"David Goffin","Alex De Minaur",1490.97995785469,1545.10708957112,0,-54.1271317164285,3,3,0.466219291533069,0
20230529,"Roland Garros","Clay",TRUE,"Zhizhen Zhang","Dusan Lajovic",1524.96561395524,1579.07832635865,1,-54.1127124034135,1,1,0.345190589253663,0
20220815,"Cincinnati Masters","Hard",FALSE,"Jenson Brooksby","Tommy Paul",1547.62981892508,1601.56682666329,0,-53.9370077382082,3,3,0.466417601671188,0
20230731,"Washington","Hard",FALSE,"Taro Daniel","Thanasi Kokkinakis",1502.46188464559,1556.39772266235,0,-53.9358380167544,1,1,0.389466719716976,0
20220808,"Canada Masters","Hard",FALSE,"Albert Ramos","David Goffin",1521.50561755658,1575.33276096958,1,-53.8271434129947,1,3,0.309872812671219,0
20220117,"Australian Open","Hard",TRUE,"Tomas Machac","Maxime Cressy",1500,1553.80666455458,0,-53.8066645545814,1,3,0.271009734883283,0
20230626,"Eastbourne","Grass",FALSE,"Mikael Ymer","Mackenzie Mcdonald",1497.61909804884,1551.38905717435,0,-53.7699591255132,3,3,0.466591851650669,0
20220725,"Atlanta","Hard",FALSE,"Jenson Brooksby","Alex De Minaur",1568.29295262353,1622.04711662193,0,-53.7541639983951,3,3,0.466608328118854,0
20220307,"Indian Wells Masters","Hard",FALSE,"Alexei Popyrin","Tomas Machac",1435.7762551025,1489.50895562526,0,-53.7327005227571,1,1,0.389669186542827,0
20220627,"Wimbledon","Grass",TRUE,"Reilly Opelka","Tim Van Rijthoven",1529.73111674177,1583.45584119475,0,-53.7247244529772,1,3,0.271134428374003,0
20220131,"Pune","Hard",FALSE,"Lorenzo Musetti","Kamil Majchrzak",1472.02235248485,1525.74277980984,0,-53.7204273249858,3,3,0.466643520306581,0
20220516,"Lyon","Clay",FALSE,"Manuel Guinard","Holger Rune",1498.61310111482,1552.23261920858,0,-53.6195180937555,2,3,0.385439624050495,0
20230626,"Mallorca","Grass",FALSE,"Feliciano Lopez","Max Purcell",1374.10302801005,1427.69254109159,1,-53.5895130815416,0,0,0.353059796356704,0
20230417,"Barcelona","Clay",FALSE,"Matteo Arnaldi","Daniel Evans",1441.36609685687,1494.8348816742,0,-53.4687848173289,1,2,0.349007563375813,0
20220620,"Eastbourne","Grass",FALSE,"Pedro Martinez","Ryan Peniston",1473.07727861549,1526.44763240162,0,-53.3703537861318,3,0,0.597549637355729,1
20220404,"Houston","Clay",FALSE,"Feliciano Lopez","Gijs Brouwer",1451.66434559245,1505.01060389478,0,-53.3462583023363,0,3,0.243788578517861,0
20230206,"Cordoba","Clay",FALSE,"Hugo Gaston","Luciano Darderi",1428.15093780164,1481.46655361429,0,-53.3156158126549,3,0,0.597604808062329,1
20230916,"Davis Cup WG1 R1: BIH vs GER","Clay",FALSE,"Damir Dzumhur","Yannick Hanfmann",1483.82662797525,1537.1366991376,0,-53.3100711623513,0,1,0.314265404332702,0
20230626,"Mallorca","Grass",FALSE,"Adrian Mannarino","Yannick Hanfmann",1552.26063399893,1605.56724611308,1,-53.3066121141585,3,1,0.554711350609595,1
20220411,"Monte Carlo Masters","Clay",FALSE,"Lorenzo Musetti","Diego Schwartzman",1511.75208616576,1565.02262146998,0,-53.2705353042275,3,1,0.554748699392566,1
20220207,"Rotterdam","Hard",FALSE,"Mackenzie Mcdonald","Alex De Minaur",1504.64774879009,1557.78895736475,0,-53.1412085746579,3,3,0.467247780000585,0
20230220,"Rio De Janeiro","Clay",FALSE,"Hugo Dellien","Alex Molcan",1452.19394208589,1505.24206092234,1,-53.0481188364497,1,3,0.310571489453956,0
20221003,"Tokyo","Hard",FALSE,"Alexei Popyrin","Pedro Martinez",1391.22467244096,1444.2475878868,0,-53.0229154458384,1,3,0.310594107845967,0
20230529,"Roland Garros","Clay",TRUE,"Juncheng Shang","Juan Pablo Varillas",1453.56475857376,1506.5551732092,0,-52.990414635447,0,1,0.275893162451863,0
20231023,"Vienna","Hard",FALSE,"Borna Gojo","Aslan Karatsev",1541.45578926046,1594.42393537809,1,-52.9681461176356,2,3,0.386086511621659,0
20230227,"Santiago","Clay",FALSE,"Pedro Cachin","Juan Manuel Cerundolo",1421.69094686513,1474.65164953023,0,-52.9607026650965,1,0,0.432990621545903,0
20221017,"Antwerp","Hard",FALSE,"Dominic Thiem","Sebastian Korda",1577.73362337742,1630.66072093613,0,-52.9270975587085,1,3,0.310680106383521,0
20221003,"Tokyo","Hard",FALSE,"Denis Shapovalov","Borna Coric",1550.22792955122,1603.04825881407,1,-52.82032926285,3,1,0.555214726370515,1
20220606,"s Hertogenbosch","Grass",FALSE,"Matthew Ebden","Tim Van Rijthoven",1500,1552.73008918055,0,-52.7300891805455,0,3,0.244264995215037,0
20220221,"Santiago","Clay",FALSE,"Facundo Bagnis","Hugo Dellien",1433.73153635153,1486.33248038831,1,-52.6009440367784,1,1,0.390797901107527,0
20230731,"Kitzbuhel","Clay",FALSE,"Juan Manuel Cerundolo","Arthur Rinderknech",1417.45652860034,1470.03923230581,0,-52.5827037054689,0,3,0.244379045743042,0
20230116,"Australian Open","Hard",TRUE,"Federico Coria","Marton Fucsovics",1438.67316233952,1491.02515301319,0,-52.3519906736678,1,3,0.27322875483638,0
20230619,"Halle","Grass",FALSE,"Alexander Bublik","Borna Coric",1564.41235650501,1616.72902887293,1,-52.3166723679137,3,1,0.555735967437246,1
20220321,"Miami Masters","Hard",FALSE,"Federico Delbonis","Andy Murray",1474.4458174815,1526.73438965041,0,-52.2885721689133,1,3,0.31125352991021,0
20220321,"Miami Masters","Hard",FALSE,"David Goffin","Pablo Carreno Busta",1472.06923571878,1524.31136144754,0,-52.2421257287613,3,3,0.46818592195528,0
20220307,"Indian Wells Masters","Hard",FALSE,"Jaume Munar","Pablo Carreno Busta",1489.42473706405,1541.54483803444,1,-52.1201009703902,1,3,0.311404921045473,0
20220221,"Dubai","Hard",FALSE,"Andy Murray","Jannik Sinner",1538.36429703329,1590.41489091425,0,-52.0505938809683,3,3,0.468385803864703,0
20230731,"Kitzbuhel","Clay",FALSE,"Guido Andreozzi","Filip Misolic",1490.42668381717,1542.39405135019,1,-51.9673675330228,1,1,0.391430286195111,0
20220117,"Australian Open","Hard",TRUE,"Denis Shapovalov","Rafael Nadal",1543.92099447556,1595.86801661112,0,-51.9470221355605,3,3,0.423470855075729,0
20220509,"Rome Masters","Clay",FALSE,"Borna Coric","Laslo Djere",1461.09269022599,1513.01537618912,0,-51.9226859631328,1,1,0.391474897533809,0
20230213,"Buenos Aires","Clay",FALSE,"Alex Molcan","Dominic Thiem",1502.58073978689,1554.40913142243,0,-51.8283916355401,3,1,0.556241178443648,1
20230109,"Adelaide 2","Hard",FALSE,"Jason Kubler","Miomir Kecmanovic",1538.19689204902,1589.9616566545,0,-51.7647646054868,3,3,0.468684113060205,0
20230912,"Davis Cup Finals RR: FRA vs SUI","Hard",FALSE,"Dominic Stricker","Adrian Mannarino",1583.33978661767,1635.03190569883,0,-51.6921190811643,1,3,0.311789694275539,0
20220418,"Barcelona","Clay",FALSE,"Hugo Dellien","Manuel Guinard",1448.31199092613,1500,1,-51.6880090738703,1,2,0.350705224269331,0
20230102,"United Cup","Hard",FALSE,"Lorenzo Musetti","Frances Tiafoe",1606.767664206,1658.31105633877,0,-51.5433921327719,3,3,0.468915166522569,0
20220725,"Atlanta","Hard",FALSE,"Taro Daniel","Frances Tiafoe",1471.99461500096,1523.50203570533,0,-51.5074207043758,1,3,0.311955825974799,0
20220919,"San Diego","Hard",FALSE,"James Duckworth","Mitchell Krueger",1449.63570471525,1501.04687177701,1,-51.4111670617629,3,3,0.469053180382012,0
20220919,"Metz","Hard",FALSE,"Ugo Humbert","Benjamin Bonzi",1414.16612466114,1465.57534195515,0,-51.4092172940041,2,3,0.387636338366848,0
20230612,"Stuttgart","Grass",FALSE,"Marton Fucsovics","Denis Shapovalov",1526.52891218078,1577.92362913524,1,-51.3947169544622,3,3,0.469070351003424,0
20220627,"Wimbledon","Grass",TRUE,"Jannik Sinner","Novak Djokovic",1665.11011254166,1716.42963601808,0,-51.3195234764205,3,3,0.42465116297947,0
20230220,"Marseille","Hard",FALSE,"Leandro Riedi","Arthur Rinderknech",1477.06681746966,1528.30160608731,1,-51.234788617656,0,3,0.245423766450432,0
20220916,"Davis Cup WG1 R1: SVK vs ROU","Clay",FALSE,"Nicholas David Ionel","Alex Molcan",1500,1551.21542845617,0,-51.215428456167,1,3,0.312218564579235,0
20220606,"Stuttgart","Grass",FALSE,"Jan Lennard Struff","Lorenzo Sonego",1427.38015570236,1478.52936375179,0,-51.1492080494343,1,3,0.312278167410562,0
20220815,"Cincinnati Masters","Hard",FALSE,"Miomir Kecmanovic","Pablo Carreno Busta",1589.01406595702,1640.14927638311,1,-51.1352104260848,3,3,0.469341233572207,0
20230220,"Rio De Janeiro","Clay",FALSE,"Sebastian Baez","Juan Pablo Varillas",1482.35493910839,1533.43698945477,1,-51.0820503463797,3,1,0.557013172745694,1
20230529,"Roland Garros","Clay",TRUE,"Guido Pella","Quentin Halys",1449.57633547857,1500.62713151,1,-51.0507960314369,3,3,0.425156895721328,0
20230920,"Zhuhai","Hard",FALSE,"Dalibor Svrcina","Tomas Martin Etcheverry",1502.64317703987,1553.67590138258,0,-51.032724342715,0,1,0.316325997994007,0
20230306,"Indian Wells Masters","Hard",FALSE,"Alejandro Davidovich Fokina","Yibing Wu",1540.56332466091,1591.5378930925,1,-50.9745684315972,3,2,0.513419716145514,1
20220808,"Canada Masters","Hard",FALSE,"Daniil Medvedev","Nick Kyrgios",1694.87607077992,1745.81790321453,0,-50.9418324346086,3,3,0.469543100470076,0
20220725,"Atlanta","Hard",FALSE,"Quentin Halys","Ilya Ivashka",1465.3951743366,1516.20897437967,0,-50.8138000430722,3,2,0.51358804827101,1
20231030,"Paris Masters","Hard",FALSE,"Felix Auger Aliassime","Stefanos Tsitsipas",1646.6954586349,1697.47365628845,0,-50.778197653553,3,3,0.469713926277776,0
20220502,"Madrid Masters","Clay",FALSE,"Sebastian Korda","Reilly Opelka",1561.06587226599,1611.84126366646,1,-50.7753914004766,3,1,0.557330292485228,1
20220926,"Tel Aviv","Hard",FALSE,"Constant Lestienne","Adrian Mannarino",1525.19379042016,1575.83479634374,1,-50.6410059235748,0,3,0.245884941212675,0
20220725,"Kitzbuhel","Clay",FALSE,"Dusan Lajovic","Aslan Karatsev",1432.85440203201,1483.30662076503,1,-50.4522187330128,1,3,0.312905881264156,0
20230927,"Beijing","Hard",FALSE,"Jan Lennard Struff","Casper Ruud",1612.86402573713,1663.2839574085,0,-50.419931671375,1,1,0.392976341598265,0
20230703,"Wimbledon","Grass",TRUE,"Harold Mayot","Benjamin Bonzi",1483.89215785123,1534.20176263788,1,-50.3096047866586,3,3,0.426552592744814,0
20230220,"Rio De Janeiro","Clay",FALSE,"Albert Ramos","Bernabe Zapata Miralles",1470.71139073572,1521.01244960664,0,-50.3010588709276,1,1,0.393095197543059,0
20220221,"Dubai","Hard",FALSE,"Alexei Popyrin","Ricardas Berankis",1448.62196675109,1498.86778152371,0,-50.2458147726222,1,3,0.313091902059255,0
20220418,"Barcelona","Clay",FALSE,"Marcos Giron","Federico Coria",1454.32743096095,1504.56355022105,0,-50.2361192601065,3,1,0.557887846853457,1
20230717,"Newport","Grass",FALSE,"Alex Michelsen","Mackenzie Mcdonald",1502.6291653248,1552.84889961505,1,-50.2197342902459,3,3,0.470296984840884,0
20220117,"Australian Open","Hard",TRUE,"Miomir Kecmanovic","Gael Monfils",1500,1550.11617930209,0,-50.1161793020915,3,2,0.47037640957858,0
20230724,"Atlanta","Hard",FALSE,"Juncheng Shang","Kei Nishikori",1456.96663899665,1507.03645373956,0,-50.0698147429007,0,2,0.280399734145563,0
20220117,"Australian Open","Hard",TRUE,"David Goffin","Daniel Evans",1502.98884733715,1553.04228298079,0,-50.0534356436428,3,2,0.470496793037012,0
20230417,"Barcelona","Clay",FALSE,"Jason Kubler","Lorenzo Musetti",1551.03880258436,1601.06934685357,0,-50.0305442692113,3,3,0.47049452541588,0
20220613,"Halle","Grass",FALSE,"Nikoloz Basilashvili","Oscar Otte",1472.0564414623,1522.01069211652,0,-49.9542506542173,3,3,0.470574189131525,0
20220221,"Dubai","Hard",FALSE,"Marton Fucsovics","Denis Shapovalov",1502.75266884004,1552.65550470464,0,-49.9028358646049,3,3,0.470627875900874,0
20231016,"Stockholm","Hard",FALSE,"Elias Ymer","Miomir Kecmanovic",1467.24124455252,1517.12452693993,0,-49.8832823874143,1,3,0.313418778631877,0
20220523,"Roland Garros","Clay",TRUE,"Casper Ruud","Rafael Nadal",1703.42706141643,1753.3007658449,0,-49.8737044284683,1,3,0.277035239779607,0
20230724,"Umag","Clay",FALSE,"Dino Prizmic","Zsombor Piros",1473.68484821869,1523.48960104133,1,-49.8047528226464,1,2,0.352504702621067,0
20221017,"Stockholm","Hard",FALSE,"Denis Shapovalov","Alex De Minaur",1596.42759398567,1646.11444379097,0,-49.6868498052997,3,3,0.470853413626687,0
20220919,"Metz","Hard",FALSE,"Gregoire Barrere","Oscar Otte",1471.93316120178,1521.60124616982,1,-49.6680849680411,1,3,0.313612898639026,0
20230703,"Wimbledon","Grass",TRUE,"Alexei Popyrin","Dominic Stricker",1476.55399548034,1526.10007833578,0,-49.5460828554328,1,1,0.353182922752376,0
20220502,"Madrid Masters","Clay",FALSE,"Alex De Minaur","Jannik Sinner",1612.54038747601,1662.05877093819,0,-49.5183834621776,3,3,0.471029338413384,0
20230306,"Indian Wells Masters","Hard",FALSE,"Cristian Garin","Alejandro Davidovich Fokina",1508.26024056725,1557.74841754468,0,-49.4881769774265,3,3,0.471060882980068,0
20221114,"Tour Finals","Hard",FALSE,"Casper Ruud","Andrey Rublev",1670.74606180828,1720.10593251537,1,-49.3598707070887,1,3,0.313891038684701,0
20230220,"Marseille","Hard",FALSE,"Gregoire Barrere","Marc Andrea Huesler",1508.04073660625,1557.39784054416,1,-49.3571039379115,1,2,0.352933056156002,0
20220207,"Rotterdam","Hard",FALSE,"Tallon Griekspoor","Aslan Karatsev",1500.30617941504,1549.62016476372,1,-49.3139853486839,3,3,0.471242795423219,0
20230220,"Rio De Janeiro","Clay",FALSE,"Jaume Munar","Bernabe Zapata Miralles",1441.86207459749,1491.07862891817,0,-49.2165543206759,1,1,0.394180131424738,0
20221114,"Tour Finals","Hard",FALSE,"Taylor Fritz","Rafael Nadal",1691.30246660602,1740.49082575718,1,-49.1883591511591,3,3,0.471373994580197,0
20220321,"Miami Masters","Hard",FALSE,"Fabio Fognini","Nick Kyrgios",1528.58359017031,1577.75263166806,0,-49.1690414977468,1,3,0.314063314664885,0
20220221,"Dubai","Hard",FALSE,"Taro Daniel","Denis Shapovalov",1516.36301140035,1565.51572056617,0,-49.1527091658199,1,3,0.31407806147907,0
20230807,"Canada Masters","Hard",FALSE,"Alexander Bublik","Hubert Hurkacz",1591.20406900123,1640.33230147267,0,-49.1282324714405,3,3,0.471436789966796,0
20221017,"Naples","Hard",FALSE,"Miomir Kecmanovic","Pablo Carreno Busta",1572.36211956737,1621.4842178838,1,-49.1220983164312,3,3,0.471443196435515,0
20220221,"Dubai","Hard",FALSE,"Mackenzie Mcdonald","Aslan Karatsev",1478.78908588941,1527.78614709787,1,-48.9970612084642,3,3,0.471573786366461,0
20230807,"Canada Masters","Hard",FALSE,"Ben Shelton","Bernabe Zapata Miralles",1436.14946653018,1485.13626286087,1,-48.9867963306972,3,1,0.559178961163904,1
20230814,"Cincinnati Masters","Hard",FALSE,"Tallon Griekspoor","Frances Tiafoe",1631.84099935594,1680.79658949689,0,-48.9555901409501,3,3,0.471617099999338,0
20220214,"Rio de Janeiro","Clay",FALSE,"Pedro Martinez","Diego Schwartzman",1516.86157073349,1565.74771490653,0,-48.8861441730437,3,1,0.559282945666734,1
20230403,"Houston","Clay",FALSE,"Daniel Elahi Galan","Zhizhen Zhang",1434.63111359918,1483.41970420666,1,-48.7885906074787,3,1,0.559383724027545,1
20231016,"Antwerp","Hard",FALSE,"Nuno Borges","Dominik Koepfer",1447.4051425335,1496.19234437371,1,-48.7872018402138,2,2,0.432793775476097,0
20220307,"Indian Wells Masters","Hard",FALSE,"Dusan Lajovic","Filip Krajinovic",1459.74563681747,1508.49947128678,0,-48.7538344693014,1,3,0.314438330510672,0
20220502,"Madrid Masters","Clay",FALSE,"Jenson Brooksby","Roberto Bautista Agut",1557.33421164436,1606.03718554935,0,-48.7029739049851,3,3,0.471880949216817,0
20231106,"Sofia","Hard",FALSE,"Max Purcell","Cem Ilkel",1428.77201850142,1477.44618937356,0,-48.674170872137,0,2,0.281581533528836,0
20220620,"Mallorca","Grass",FALSE,"Roberto Bautista Agut","Daniil Medvedev",1618.5269757839,1667.16438639289,1,-48.6374106089816,3,3,0.47194943046259,0
20220808,"Canada Masters","Hard",FALSE,"Tommy Paul","Marin Cilic",1584.48414783151,1633.0375550857,1,-48.553407254187,3,3,0.472037174000042,0
20220321,"Miami Masters","Hard",FALSE,"Thanasi Kokkinakis","Diego Schwartzman",1532.15112877126,1580.63635618506,1,-48.485227413807,1,1,0.394912337934669,0
20230116,"Australian Open","Hard",TRUE,"Laslo Djere","Grigor Dimitrov",1520.16441267768,1568.57934652114,0,-48.414933843465,1,3,0.27929104571283,0
20231016,"Antwerp","Hard",FALSE,"Alexander Blockx","Yannick Hanfmann",1500,1548.39486576003,0,-48.394865760027,0,1,0.318721833973606,0
20220523,"Roland Garros","Clay",TRUE,"Hugo Gaston","Pedro Cachin",1451.64104577155,1500,1,-48.3589542284542,3,1,0.517669545576739,1
20220425,"Estoril","Clay",FALSE,"Sebastian Korda","Felix Auger Aliassime",1535.42604514599,1583.77805850639,1,-48.3520133604027,3,3,0.472247541823061,0
20231002,"Shanghai Masters","Hard",FALSE,"Philip Sekulic","Lorenzo Sonego",1503.12459458685,1551.45825281762,0,-48.3336582307747,0,3,0.247682532742616,0
20220829,"Us Open","Hard",TRUE,"Oscar Otte","Hubert Hurkacz",1583.33753889822,1631.6662669261,0,-48.3287280278851,3,3,0.430288361788131,0
20220801,"Los Cabos","Hard",FALSE,"Kaichi Uchida","Brandon Nakashima",1500,1548.2910406073,0,-48.2910406072954,2,3,0.390743113998671,0
20220926,"Sofia","Hard",FALSE,"Grigor Dimitrov","Ilya Ivashka",1530.97151933182,1579.12205347991,0,-48.1505341480909,3,2,0.51637613667991,1
20220221,"Santiago","Clay",FALSE,"Cristian Garin","Alejandro Tabilo",1472.38517456897,1520.48774066342,0,-48.1025660944551,3,3,0.47250811788912,0
20220207,"Buenos Aires","Clay",FALSE,"Federico Delbonis","Pablo Andujar",1467.53586780904,1515.63653484643,1,-48.1006670373888,1,1,0.39529755032621,0
20230612,"s Hertogenbosch","Grass",FALSE,"Rinky Hijikata","Mackenzie Mcdonald",1504.27619673453,1552.3435980129,1,-48.0674012783761,3,3,0.472544852750582,0
20230109,"Adelaide 2","Hard",FALSE,"Jack Draper","Karen Khachanov",1614.99513780965,1663.05081539164,1,-48.05567758199,3,3,0.472557099954888,0
20220829,"Us Open","Hard",TRUE,"Jordan Thompson","Daniel Elahi Galan",1443.26137678744,1491.31251663459,0,-48.0511398471444,3,3,0.430812514866906,0
20230403,"Marrakech","Clay",FALSE,"Alexandre Muller","Richard Gasquet",1539.9527724704,1587.86633559855,1,-47.9135631281451,3,3,0.472705562985708,0
20230424,"Madrid Masters","Clay",FALSE,"Jason Kubler","Dusan Lajovic",1551.54205796226,1599.442475398,0,-47.9004174357367,3,1,0.560301031136117,1
20230920,"Chengdu","Hard",FALSE,"Brandon Nakashima","Roman Safiullin",1509.57949872229,1557.47375745026,0,-47.8942587279737,3,3,0.472725730130474,0
20221017,"Antwerp","Hard",FALSE,"Sebastian Korda","Felix Auger Aliassime",1643.39318779299,1691.27499380581,0,-47.8818060128183,3,3,0.472738739424667,0
20220516,"Geneva","Clay",FALSE,"Reilly Opelka","Casper Ruud",1575.14555871832,1622.98501092039,0,-47.8394522020769,1,1,0.395559282236188,0
20230703,"Wimbledon","Grass",TRUE,"Federico Coria","Ilya Ivashka",1415.4193069012,1463.22207506714,0,-47.802768165935,1,2,0.317029080926964,0
20220913,"Davis Cup Finals RR: KAZ vs NED","Hard",FALSE,"Alexander Bublik","Botic Van De Zandschulp",1544.86772534037,1592.65448526292,0,-47.7867599225467,3,3,0.472838034855919,0
20220321,"Miami Masters","Hard",FALSE,"Arthur Rinderknech","Hubert Hurkacz",1551.20941948675,1598.99367267313,0,-47.7842531863757,3,3,0.472840653692906,0
20221017,"Antwerp","Hard",FALSE,"David Goffin","Richard Gasquet",1521.63713506617,1569.36639821122,0,-47.729263145055,3,3,0.472898103255297,0
20220627,"Wimbledon","Grass",TRUE,"Facundo Bagnis","Dennis Novak",1413.49770161901,1461.1801202165,0,-47.6824185974874,1,0,0.39773376769059,0
20230724,"Hamburg","Clay",FALSE,"Pedro Cachin","Alejandro Davidovich Fokina",1545.41724226166,1593.07143109507,0,-47.6541888334016,1,3,0.315432702356079,0
20230220,"Rio De Janeiro","Clay",FALSE,"Bernabe Zapata Miralles","Francisco Cerundolo",1503.96787913556,1551.62157714414,1,-47.6536980085773,1,3,0.315433146570642,0
20230612,"Stuttgart","Grass",FALSE,"Lorenzo Sonego","Matteo Berrettini",1598.19180778937,1645.80597494872,1,-47.6141671593543,3,3,0.473018349421777,0
20220718,"Hamburg","Clay",FALSE,"Borna Coric","Laslo Djere",1463.49875914643,1510.94636131333,1,-47.4476021668934,1,1,0.395952020148678,0
20230306,"Indian Wells Masters","Hard",FALSE,"Brandon Holt","Thanasi Kokkinakis",1486.57894528464,1533.99206128625,0,-47.4131160016075,0,1,0.319615970396813,0
20231023,"Basel","Hard",FALSE,"Ugo Humbert","Nicolas Jarry",1628.91965320049,1676.2800622854,1,-47.3604090849055,2,3,0.391672074711304,0
20220516,"Lyon","Clay",FALSE,"Holger Rune","Cameron Norrie",1578.10375895289,1625.40048568795,0,-47.296726735055,3,3,0.473350010479746,0
20220404,"Marrakech","Clay",FALSE,"Roberto Carballes Baena","David Goffin",1442.96140425615,1490.24127612968,0,-47.2798718735282,1,3,0.315771570930634,0
20220307,"Indian Wells Masters","Hard",FALSE,"Nick Kyrgios","Sebastian Baez",1501.86039204121,1549.11329958788,1,-47.2529075466687,3,3,0.473395794525526,0
20230102,"Pune","Hard",FALSE,"Laslo Djere","Alex Molcan",1498.62048772253,1545.84445287188,1,-47.2239651493539,1,3,0.315822200027075,0
20231023,"Basel","Hard",FALSE,"Alexander Bublik","Casper Ruud",1601.00299229335,1648.21246652791,0,-47.2094742345653,3,1,0.561014354292935,1
20220117,"Australian Open","Hard",TRUE,"Lorenzo Musetti","Alex De Minaur",1485,1532.12944205597,0,-47.1294420559686,3,3,0.432554007482905,0
20220117,"Australian Open","Hard",TRUE,"Matteo Berrettini","Pablo Carreno Busta",1506.40249495063,1553.45963030428,1,-47.057135353647,3,3,0.432690697766528,0
20220916,"Davis Cup Finals RR: GER vs BEL","Hard",FALSE,"Jan Lennard Struff","Zizou Bergs",1412.82487692074,1459.78160575513,1,-46.9567288343835,1,1,0.396444195097562,0
20220404,"Marrakech","Clay",FALSE,"Federico Delbonis","Joao Sousa",1461.68640578208,1508.57641229078,0,-46.8900065086959,1,1,0.396511110560489,0
20230828,"Us Open","Hard",TRUE,"Benjamin Bonzi","Dominic Stricker",1508.09503023293,1554.92857942431,0,-46.8335491913849,3,1,0.520602229484928,1
20230102,"Adelaide 1","Hard",FALSE,"Roberto Bautista Agut","Sebastian Korda",1609.58806811745,1656.40896309725,0,-46.8208949797995,3,3,0.473847202413461,0
20220801,"Washington","Hard",FALSE,"Aslan Karatsev","Mikael Ymer",1466.1436057901,1512.75372782958,0,-46.6101220394771,3,3,0.47406745362543,0
20221031,"Paris Masters","Hard",FALSE,"Richard Gasquet","Casper Ruud",1608.36258312643,1654.93811895647,0,-46.57553583004,3,1,0.561668604611311,1
20221024,"Basel","Hard",FALSE,"Adrian Mannarino","Botic Van De Zandschulp",1553.69035247617,1600.24163090364,0,-46.5512784274742,3,3,0.474128945187952,0
20220815,"Cincinnati Masters","Hard",FALSE,"Benjamin Bonzi","John Isner",1515.75903734942,1562.26374059348,0,-46.5047032440555,3,3,0.474177616801553,0
20220516,"Lyon","Clay",FALSE,"Francisco Cerundolo","Cameron Norrie",1566.00276161359,1612.39142871129,0,-46.3886670977067,3,3,0.474298878069161,0
20230204,"Davis Cup QLS R1: ARG vs FIN","Hard",FALSE,"Otto Virtanen","Francisco Cerundolo",1485.07592488636,1531.38699484502,0,-46.3110699586566,2,3,0.39272047161756,0
20220131,"Pune","Hard",FALSE,"Arjun Kadhe","Joao Sousa",1500,1546.28439473849,0,-46.284394738487,0,1,0.320645603472257,0
20220207,"Rotterdam","Hard",FALSE,"Andy Murray","Alexander Bublik",1521.63092377702,1567.87532845528,1,-46.2444046782634,3,3,0.474449640867856,0
20230109,"Auckland","Hard",FALSE,"Constant Lestienne","Richard Gasquet",1560.11032419042,1606.27182959966,0,-46.1615054092415,0,3,0.249382834116752,0
20220509,"Rome Masters","Clay",FALSE,"Jannik Sinner","Stefanos Tsitsipas",1665.58486406459,1711.49418747455,0,-45.909323409953,3,3,0.474799838628973,0
20220822,"Winston-Salem","Hard",FALSE,"Albert Ramos","Adrian Mannarino",1538.62332946236,1584.53019874846,0,-45.9068692860994,1,3,0.31701622369065,0
20220915,"Davis Cup Finals RR: CRO vs SWE","Hard",FALSE,"Borna Gojo","Elias Ymer",1488.46796226193,1534.37409351469,0,-45.9061312527631,2,1,0.479367036994688,0
20230206,"Montpellier","Hard",FALSE,"Ugo Humbert","Alejandro Davidovich Fokina",1478.37631774271,1524.27030676572,0,-45.8939890230165,2,3,0.393137453423018,0
20230925,"Astana","Hard",FALSE,"Mikhail Kukushkin","Nuno Borges",1409.86992775128,1455.67010408017,0,-45.8001763288878,0,2,0.28402468111067,0
20220613,"Halle","Grass",FALSE,"Roberto Bautista Agut","Daniil Medvedev",1598.60769841367,1644.3665399478,0,-45.7588415341313,3,3,0.474957117267302,0
20230102,"Adelaide 1","Hard",FALSE,"Sebastian Korda","Jannik Sinner",1639.44982561468,1685.08880340585,1,-45.6389777911691,3,3,0.475082398410627,0
20230227,"Santiago","Clay",FALSE,"Juan Pablo Varillas","Nicolas Jarry",1516.24735487983,1561.86518858427,0,-45.6178337044362,1,3,0.317278574649442,0
20220214,"Delray Beach","Hard",FALSE,"Andreas Seppi","Sebastian Korda",1486.97464096457,1532.57894807628,0,-45.6043071117131,2,3,0.393427158210956,0
20221010,"Gijon","Hard",FALSE,"Marcos Giron","Dominic Thiem",1472.98141843555,1518.58195816263,0,-45.6005397270801,3,1,0.562674421246572,1
20230410,"Monte Carlo Masters","Clay",FALSE,"Francisco Cerundolo","Matteo Berrettini",1587.17106339079,1632.76312125599,0,-45.5920578652028,3,3,0.475131439799766,0
20220221,"Santiago","Clay",FALSE,"Carlos Taberner","Albert Ramos",1485.23616975937,1530.82028381316,0,-45.5841140537952,1,1,0.397821560020959,0
20220131,"Cordoba","Clay",FALSE,"Andrej Martin","Albert Ramos",1500,1545.51335462967,0,-45.5133546296743,0,1,0.321349961237081,0
20230724,"Hamburg","Clay",FALSE,"Jozef Kovalik","Thiago Seyboth Wild",1471.87505193376,1517.3830893368,1,-45.5080374030351,1,1,0.397897947520036,0
20220221,"Acapulco","Hard",FALSE,"Oscar Otte","Pablo Carreno Busta",1483.14661027436,1528.4914936602,0,-45.3448833858483,3,3,0.475389798058383,0
20231123,"Davis Cup Finals QF: ITA vs NED","Hard",FALSE,"Botic Van De Zandschulp","Matteo Arnaldi",1543.74436419286,1589.07923358189,1,-45.3348693890268,3,1,0.562948400710258,1
20230320,"Miami Masters","Hard",FALSE,"Botic Van De Zandschulp","Casper Ruud",1581.47096398072,1626.77964201859,1,-45.3086780378717,3,1,0.562975409146998,1
20230204,"Davis Cup QLS R1: KAZ vs CHI","Clay",FALSE,"Nicolas Jarry","Alexander Bublik",1472.13657208484,1517.41506367023,1,-45.278491585387,3,3,0.475459196105505,0
20220411,"Monte Carlo Masters","Clay",FALSE,"Federico Delbonis","Jaume Munar",1448.69860796623,1493.9571652574,1,-45.2585572911721,1,1,0.398148481886639,0
20220117,"Australian Open","Hard",TRUE,"Cameron Norrie","Sebastian Korda",1456.93093603842,1502.09848282406,0,-45.1675467856385,3,3,0.436266393654458,0
20220829,"Us Open","Hard",TRUE,"Joao Sousa","Mackenzie Mcdonald",1440.75534885605,1485.84909462938,1,-45.0937457733392,1,3,0.284468582542196,0
20220117,"Australian Open","Hard",TRUE,"Benoit Paire","Grigor Dimitrov",1471.88167346985,1516.93569502776,1,-45.0540215579094,0,3,0.221763681951267,0
20231002,"Shanghai Masters","Hard",FALSE,"J J Wolf","Matteo Arnaldi",1529.58650535351,1574.60744260993,1,-45.0209372564264,3,1,0.563272101891629,1
20220117,"Australian Open","Hard",TRUE,"John Millman","Alexander Zverev",1470.62791810312,1515.64619457507,0,-45.0182764719448,0,3,0.221811196810078,0
20230508,"Rome Masters","Clay",FALSE,"Marc Andrea Huesler","Jason Kubler",1478.97803649551,1523.8976386158,0,-44.9196021202902,2,3,0.394112215008967,0
20230508,"Rome Masters","Clay",FALSE,"Luca Van Assche","Tomas Martin Etcheverry",1480.48303413685,1525.36775886374,0,-44.8847247268852,1,1,0.398523994059154,0
20230102,"United Cup","Hard",FALSE,"Alex De Minaur","Rafael Nadal",1660.21124641726,1704.99393921889,1,-44.7826928016223,3,3,0.475977474637978,0
20230220,"Marseille","Hard",FALSE,"Luca Van Assche","Benjamin Bonzi",1469.00764874348,1513.70725409023,0,-44.6996053467517,1,3,0.318112799632048,0
20231127,"NextGen Finals","Hard",FALSE,"Dominic Stricker","Arthur Fils",1549.78819048442,1594.44641374557,0,-44.6582232611493,1,1,0.398751571310166,0
20230529,"Roland Garros","Clay",TRUE,"Daniel Altmaier","Marc Andrea Huesler",1409.66788205173,1454.24468716512,1,-44.5768051133887,1,2,0.322432827027489,0
20230522,"Lyon","Clay",FALSE,"Oriol Roca Batalla","Miomir Kecmanovic",1500,1544.55442386012,0,-44.554423860119,0,3,0.250645819436211,0
20221003,"Tokyo","Hard",FALSE,"Steve Johnson","Denis Shapovalov",1512.835717126,1557.38084167528,0,-44.5451245492816,3,3,0.476225832752308,0
20220110,"Sydney","Hard",FALSE,"Pedro Martinez","Daniel Evans",1500,1544.50763884612,0,-44.5076388461223,3,2,0.520188083278504,1
20230821,"Winston-Salem","Hard",FALSE,"Marc Andrea Huesler","Richard Gasquet",1416.28360476757,1460.75061241178,0,-44.4670076442078,2,3,0.394565270810298,0
20220606,"Stuttgart","Grass",FALSE,"Denis Kudla","Alexander Bublik",1442.6736747292,1487.10696209718,0,-44.4332873679753,0,3,0.25074119141896,0
20220509,"Rome Masters","Clay",FALSE,"Alexander Zverev","Stefanos Tsitsipas",1653.9930106356,1698.40106428378,0,-44.4080536481811,3,3,0.476369134489426,0
20220321,"Miami Masters","Hard",FALSE,"Brandon Nakashima","Soon Woo Kwon",1468.48921937122,1512.89613281291,1,-44.4069134416893,3,2,0.520293451580975,1
20230724,"Hamburg","Clay",FALSE,"Guido Pella","Laslo Djere",1509.6609446796,1554.02655487916,0,-44.3656101995568,3,1,0.563947647660831,1
20220808,"Canada Masters","Hard",FALSE,"Grigor Dimitrov","Alex De Minaur",1578.22102482776,1622.50675290161,0,-44.2857280738413,3,3,0.47649702390735,0
20221010,"Florence","Hard",FALSE,"Bernabe Zapata Miralles","Lorenzo Sonego",1473.58787376072,1517.86678593923,1,-44.2789121785115,1,3,0.318495396645787,0
20221010,"Gijon","Hard",FALSE,"Pedro Cachin","Andy Murray",1510.02088978376,1554.20059317802,0,-44.1797033942512,1,3,0.318585657220646,0
20220307,"Indian Wells Masters","Hard",FALSE,"Steve Johnson","Hubert Hurkacz",1514.97467901394,1559.07824085409,0,-44.1035618401527,3,3,0.476687481478424,0
20220321,"Miami Masters","Hard",FALSE,"Federico Coria","Jenson Brooksby",1504.26121123208,1548.31717188773,0,-44.0559606556517,1,3,0.318698257977686,0
20221010,"Florence","Hard",FALSE,"Corentin Moutet","Alexander Bublik",1532.37428223786,1576.40501810447,0,-44.0307358666078,3,3,0.476763624042808,0
20220425,"Estoril","Clay",FALSE,"Joao Sousa","Sebastian Baez",1505.87030469823,1549.82679723952,0,-43.956492541299,1,3,0.318788785187925,0
20230417,"Banja Luka","Clay",FALSE,"Abedallah Shelbayh","Elias Ymer",1486.23066644385,1530.16893149,1,-43.9382650461444,1,1,0.399475239148435,0
20230116,"Australian Open","Hard",TRUE,"Jeremy Chardy","Daniel Evans",1500,1543.93475806389,0,-43.9347580638948,2,2,0.400268145879044,0
20230227,"Acapulco","Hard",FALSE,"Yoshihito Nishioka","Frances Tiafoe",1624.24206361574,1668.11965963789,0,-43.8775960221492,1,3,0.318860599652998,0
20220523,"Roland Garros","Clay",TRUE,"Gilles Simon","Steve Johnson",1457.95938770079,1501.78464259096,1,-43.825254890178,3,3,0.438810486358088,0
20220523,"Roland Garros","Clay",TRUE,"Alexander Zverev","Rafael Nadal",1675.11794553871,1718.9371342801,0,-43.8191887413927,3,3,0.438821991149783,0
20220110,"Adelaide 2","Hard",FALSE,"Benoit Paire","Thanasi Kokkinakis",1485,1528.81482359211,0,-43.8148235921115,0,1,0.32290446476434,0
20220117,"Australian Open","Hard",TRUE,"Frances Tiafoe","Taylor Fritz",1471.83794229227,1515.58867642162,0,-43.7507341293526,3,3,0.438951823719855,0
20220418,"Belgrade ","Clay",FALSE,"Henri Laaksonen","Jiri Lehecka",1435.065891369,1478.74433451155,0,-43.6784431425533,0,3,0.251336031706251,0
20230213,"Rotterdam","Hard",FALSE,"Gijs Brouwer","Marc Andrea Huesler",1530.64547764647,1574.27149011379,1,-43.6260124673231,3,2,0.521110285910471,1
20220620,"Eastbourne","Grass",FALSE,"James Duckworth","Lorenzo Sonego",1418.78407346454,1462.31277936562,0,-43.5287059010809,3,3,0.477288546312677,0
20220207,"Rotterdam","Hard",FALSE,"Andy Murray","Felix Auger Aliassime",1538.61574787911,1582.04886578593,0,-43.4331179068208,3,3,0.477388498790819,0
20220613,"Queen's Club","Grass",FALSE,"Quentin Halys","Emil Ruusuvuori",1487.61314226582,1530.97537402126,0,-43.3622317554482,3,3,0.477462622726326,0
20231016,"Antwerp","Hard",FALSE,"Botic Van De Zandschulp","Dominic Stricker",1509.9002848187,1553.25819361882,1,-43.3579088001165,3,1,0.564985975746784,1
20220117,"Australian Open","Hard",TRUE,"Emilio Gomez","Marin Cilic",1500,1543.31350848314,0,-43.3135084831449,1,3,0.287267546259409,0
20220502,"Madrid Masters","Clay",FALSE,"Lorenzo Musetti","Sebastian Korda",1534.63065433583,1577.92544320816,1,-43.294788872332,3,3,0.477533147040974,0
20231023,"Basel","Hard",FALSE,"Benjamin Hassan","Dominic Stricker",1502.80882935778,1546.06460389745,0,-43.2557745396787,1,1,0.400161651744475,0
20230731,"Los Cabos","Hard",FALSE,"Dominik Koepfer","Aleksandar Kovacevic",1464.19886318084,1507.3352051583,1,-43.1363419774598,2,2,0.438616835516208,0
20230227,"Santiago","Clay",FALSE,"Tomas Martin Etcheverry","Fabio Fognini",1402.37783390452,1445.46408879399,1,-43.0862548894672,1,1,0.400332206476642,0
20220221,"Acapulco","Hard",FALSE,"J J Wolf","Lorenzo Sonego",1488.6101665328,1531.6571988673,1,-43.047032334503,3,3,0.477792231118994,0
20220117,"Australian Open","Hard",TRUE,"Benoit Paire","Stefanos Tsitsipas",1488.81598173714,1531.85568520061,0,-43.0397034634657,0,3,0.224452601308877,0
20220915,"Davis Cup Finals RR: CRO vs SWE","Hard",FALSE,"Mikael Ymer","Borna Coric",1533.3602628907,1576.37320656762,0,-43.0129436769125,3,1,0.565341294785054,1
20220207,"Dallas","Hard",FALSE,"Yoshihito Nishioka","Mitchell Krueger",1457.00220604968,1500,1,-42.9977939503169,1,3,0.319662009683111,0
20230612,"s Hertogenbosch","Grass",FALSE,"Brandon Nakashima","Emil Ruusuvuori",1581.78862998293,1624.735368393,0,-42.9467384100733,3,3,0.477897113932273,0
20230703,"Wimbledon","Grass",TRUE,"Tomas Barrios Vera","Sebastian Baez",1464.26005154447,1507.12980584382,1,-42.86975429935,3,3,0.44062344985152,0
20230320,"Miami Masters","Hard",FALSE,"Ben Shelton","Adrian Mannarino",1532.28991649219,1575.02187926659,0,-42.7319627743977,3,3,0.478121723043279,0
20220321,"Miami Masters","Hard",FALSE,"Mackenzie Mcdonald","Alexander Zverev",1536.1646941631,1578.88039133984,0,-42.715697176742,3,3,0.478138733720788,0
20220516,"Lyon","Clay",FALSE,"Alex Molcan","Cameron Norrie",1595.77842609303,1638.37104268551,0,-42.5926165924827,3,3,0.478267453910296,0
20220606,"s Hertogenbosch","Grass",FALSE,"Kamil Majchrzak","Karen Khachanov",1532.32597275608,1574.87845209499,0,-42.5524793389131,3,3,0.478309430894962,0
20230213,"Rotterdam","Hard",FALSE,"Roberto Bautista Agut","Hubert Hurkacz",1623.39408368248,1665.91670778362,0,-42.5226241011419,3,3,0.478340654776079,0
20220221,"Dubai","Hard",FALSE,"Jiri Vesely","Novak Djokovic",1490.1546583586,1532.64860676827,1,-42.4939484096701,2,3,0.396542449413235,0
20230220,"Doha","Hard",FALSE,"Fernando Verdasco","Christopher Oconnell",1399.13170740186,1441.6187261043,0,-42.4870187024401,1,3,0.320127763439514,0
20230724,"Umag","Clay",FALSE,"Jaume Munar","Fabian Marozsan",1487.67809302626,1530.15871335581,1,-42.4806203295557,1,1,0.400941736077543,0
20220822,"Winston-Salem","Hard",FALSE,"Taro Daniel","Tallon Griekspoor",1465.16237534923,1507.58448223676,0,-42.4221068875299,1,3,0.320186979415562,0
20231002,"Shanghai Masters","Hard",FALSE,"Matteo Arnaldi","Jan Lennard Struff",1557.67453897159,1600.02567573484,1,-42.3511367632514,1,1,0.401072092238576,0
20220523,"Roland Garros","Clay",TRUE,"Frances Tiafoe","David Goffin",1518.54376036896,1560.83091035123,0,-42.2871499822677,3,3,0.441729662112698,0
20230410,"Monte Carlo Masters","Clay",FALSE,"Marton Fucsovics","Botic Van De Zandschulp",1529.70258813581,1571.95550257134,0,-42.2529144355242,3,3,0.478622736290028,0
20220425,"Estoril","Clay",FALSE,"Hugo Dellien","Richard Gasquet",1452.04420371342,1494.20272447029,0,-42.1585207568744,1,3,0.320427496084015,0
20220725,"Umag","Clay",FALSE,"Bernabe Zapata Miralles","Dino Prizmic",1457.86249175882,1500,1,-42.1375082411766,1,1,0.401287191001761,0
20231016,"Tokyo","Hard",FALSE,"Aslan Karatsev","Zhizhen Zhang",1560.96327018293,1603.05994964294,1,-42.0966794600022,3,1,0.566284733214783,1
20220926,"Sofia","Hard",FALSE,"Marc Andrea Huesler","Holger Rune",1541.68812347301,1583.68764439333,1,-41.999520920325,2,3,0.397038442045653,0
20220131,"Pune","Hard",FALSE,"Stefano Travaglia","Elias Ymer",1458.02405071542,1500,0,-41.9759492845772,0,1,0.324591834716008,0
20220926,"Sofia","Hard",FALSE,"Marc Andrea Huesler","Lorenzo Musetti",1509.35102921182,1551.30860822582,1,-41.9575790140066,2,3,0.397080526475736,0
20230116,"Australian Open","Hard",TRUE,"Nicolas Jarry","Ben Shelton",1464.50536292704,1506.45644423473,0,-41.9510813076881,3,3,0.442368031903802,0
20230626,"Eastbourne","Grass",FALSE,"Mikael Ymer","Botic Van De Zandschulp",1499.33301573489,1541.26549994463,1,-41.9324842097401,3,3,0.478957882672003,0
20220523,"Roland Garros","Clay",TRUE,"Gregoire Barrere","Taro Daniel",1468.46531270445,1510.28161821823,1,-41.8163055137825,1,1,0.366898346057788,0
20230703,"Wimbledon","Grass",TRUE,"Grigor Dimitrov","Frances Tiafoe",1672.51548646287,1714.28870775048,1,-41.7732212876142,3,3,0.442705958107092,0
20220718,"Hamburg","Clay",FALSE,"Aslan Karatsev","Daniel Elahi Galan",1466.51304589072,1508.25619847461,1,-41.7431525838867,3,3,0.479155918510253,0
20230724,"Hamburg","Clay",FALSE,"Dusan Lajovic","Arthur Fils",1542.12890334024,1583.81019342896,0,-41.6812900887198,1,1,0.401746676172612,0
20231016,"Antwerp","Hard",FALSE,"Gregoire Barrere","Alexander Bublik",1506.96629766019,1548.63038494188,0,-41.6640872816879,1,3,0.320878913355044,0
20220117,"Australian Open","Hard",TRUE,"Miomir Kecmanovic","Lorenzo Sonego",1487.14880668732,1528.76243449072,1,-41.6136278034046,3,3,0.443009223859539,0
20230522,"Lyon","Clay",FALSE,"Lloyd Harris","Arthur Rinderknech",1438.19788949234,1479.78150583676,0,-41.5836163444214,3,3,0.47932279425637,0
20220917,"Davis Cup WG1 R1: ECU vs SUI","Hard",FALSE,"Emilio Gomez","Marc Andrea Huesler",1445.91558712399,1487.47239242187,1,-41.5568052978858,1,2,0.36043459400976,0
20220919,"San Diego","Hard",FALSE,"Marc Andrea Huesler","Daniel Elahi Galan",1485.71677360371,1527.26713391598,0,-41.5503603122659,2,3,0.397489208039391,0
20230102,"Pune","Hard",FALSE,"Aslan Karatsev","Tallon Griekspoor",1438.97844159415,1480.49719916155,0,-41.5187575673967,3,3,0.479390638199928,0
20220117,"Australian Open","Hard",TRUE,"Benjamin Bonzi","Karen Khachanov",1486.2205201376,1527.6993805125,0,-41.478860374895,3,3,0.443265347272429,0
20230828,"Us Open","Hard",TRUE,"Nicolas Moreno De Alboran","Lorenzo Sonego",1500,1541.47008907609,0,-41.4700890760857,0,3,0.226563889864052,0
20220321,"Miami Masters","Hard",FALSE,"Miomir Kecmanovic","Taylor Fritz",1602.79255192758,1644.25908021556,1,-41.4665282879762,3,3,0.479445271917886,0
20230102,"Pune","Hard",FALSE,"Nikoloz Basilashvili","Marco Cecchinato",1419.02476320851,1460.40547035809,0,-41.3807071495821,3,1,0.567021605682675,1
20220725,"Umag","Clay",FALSE,"Bernabe Zapata Miralles","Holger Rune",1474.67284662792,1515.95804659303,1,-41.2851999651039,1,3,0.321225064014365,0
20231106,"Metz","Hard",FALSE,"Pierre Hugues Herbert","Gijs Brouwer",1484.51455088961,1525.61988937739,1,-41.1053384877766,2,3,0.397935992073164,0
20230403,"Marrakech","Clay",FALSE,"Roberto Carballes Baena","Daniel Evans",1456.69234019682,1497.73916582515,1,-41.0468256283334,1,2,0.360927469188793,0
20220725,"Kitzbuhel","Clay",FALSE,"Jiri Lehecka","Thiago Monteiro",1446.29418107867,1487.26235657669,1,-40.9681754980204,3,1,0.567446045304431,1
20220502,"Madrid Masters","Clay",FALSE,"Marin Cilic","Albert Ramos",1499.38231021501,1540.33016542396,1,-40.9478552089558,3,1,0.567466949597713,1
20231030,"Paris Masters","Hard",FALSE,"Francisco Cerundolo","Casper Ruud",1620.32340110007,1661.18672168926,1,-40.8633205891927,3,1,0.567553911159471,1
20230306,"Indian Wells Masters","Hard",FALSE,"Ugo Humbert","Bernabe Zapata Miralles",1485.33365676599,1526.15434710053,1,-40.8206903345442,2,1,0.484688686535679,0
20220103,"Atp Cup","Hard",FALSE,"Denis Shapovalov","Pablo Carreno Busta",1515.56481071648,1556.23774138779,1,-40.6729306713075,3,3,0.480275463500109,0
20230731,"Los Cabos","Hard",FALSE,"Dominik Koepfer","Tomas Barrios Vera",1440.45759574516,1481.10155156021,1,-40.6439558150544,2,3,0.398399381370436,0
20230814,"Cincinnati Masters","Hard",FALSE,"Max Purcell","Lloyd Harris",1390.49821073062,1431.13639403087,1,-40.6381833002526,0,3,0.253741324912213,0
20220307,"Indian Wells Masters","Hard",FALSE,"Emil Ruusuvuori","Diego Schwartzman",1546.60587027259,1587.15086957289,0,-40.5449993002958,3,1,0.567881333883078,1
20220307,"Indian Wells Masters","Hard",FALSE,"Filip Krajinovic","Gael Monfils",1521.4083068124,1561.89558250917,0,-40.487275696762,3,2,0.524392269759129,1
20220627,"Wimbledon","Grass",TRUE,"Frances Tiafoe","Alexander Bublik",1492.14769909341,1532.58255748141,1,-40.4348583879939,3,3,0.44525046877113,0
20221003,"Tokyo","Hard",FALSE,"Miomir Kecmanovic","Yoshihito Nishioka",1559.57154894101,1599.9879957248,1,-40.4164467837902,3,1,0.568013545175768,1
20230920,"Zhuhai","Hard",FALSE,"Luke Saville","Tomas Martin Etcheverry",1500,1540.41283744133,0,-40.4128374413253,0,1,0.326029755635806,0
20220117,"Australian Open","Hard",TRUE,"Jaume Munar","Aslan Karatsev",1513.92465924857,1554.33489720822,0,-40.4102379596525,1,3,0.291867262553434,0
20231023,"Vienna","Hard",FALSE,"J J Wolf","Jiri Lehecka",1567.06992212201,1607.42895123648,0,-40.3590291144621,3,3,0.48060386984568,0
20230203,"Davis Cup QLS R1: SRB vs NOR","Hard",FALSE,"Viktor Durasovic","Hamad Medjedovic",1428.18232516802,1468.47560890156,0,-40.2932837335429,1,2,0.361656273894662,0
20230116,"Australian Open","Hard",TRUE,"Karen Khachanov","Frances Tiafoe",1653.33493667109,1693.58037348938,1,-40.245436818285,3,3,0.445610834338517,0
20230102,"Adelaide 1","Hard",FALSE,"Thanasi Kokkinakis","Maxime Cressy",1477.23124163843,1517.43916098205,1,-40.2079193436225,1,3,0.322210338588513,0
20230731,"Kitzbuhel","Clay",FALSE,"Arthur Rinderknech","Dominic Thiem",1483.31432059007,1523.44488698722,0,-40.1305663971498,3,1,0.568307527339684,1
20221017,"Stockholm","Hard",FALSE,"Holger Rune","Alex De Minaur",1609.90557803614,1649.99921640202,1,-40.0936383658839,3,3,0.480881536878854,0
20231002,"Shanghai Masters","Hard",FALSE,"Ben Shelton","Roman Safiullin",1583.49206041327,1623.57919285027,1,-40.0871324370069,3,3,0.480888343904055,0
20220926,"Seoul","Hard",FALSE,"Radu Albot","Steve Johnson",1489.47392517294,1529.55867699393,1,-40.0847518209978,1,3,0.322323087851455,0
20220418,"Belgrade ","Clay",FALSE,"Aljaz Bedene","Fabio Fognini",1483.45866152683,1523.54193468442,0,-40.0832731575904,0,1,0.326333344368094,0
20220516,"Lyon","Clay",FALSE,"Adrian Mannarino","Holger Rune",1498.94828034576,1538.95213234022,0,-40.003851994464,3,3,0.48097547921605,0
20220627,"Wimbledon","Grass",TRUE,"Emil Ruusuvuori","Botic Van De Zandschulp",1527.52341286973,1567.39546530596,0,-39.8720524362334,3,3,0.44632134757142,0
20230821,"Winston-Salem","Hard",FALSE,"Daniel Elahi Galan","Radu Albot",1448.27921497235,1487.86281239156,1,-39.5835974192103,3,1,0.568869863005986,1
20220627,"Wimbledon","Grass",TRUE,"Nick Kyrgios","Novak Djokovic",1651.82722686223,1691.36485362375,0,-39.53762676152,3,3,0.446957912596703,0
20230306,"Indian Wells Masters","Hard",FALSE,"Daniel Elahi Galan","Cristian Garin",1455.45357394998,1494.95849259546,0,-39.5049186454817,3,3,0.481497531148461,0
20230410,"Monte Carlo Masters","Clay",FALSE,"Filip Krajinovic","Roberto Bautista Agut",1508.19443126728,1547.6214116526,0,-39.4269803853219,3,3,0.481579084434233,0
20230220,"Marseille","Hard",FALSE,"Radu Albot","Mikael Ymer",1520.23412188278,1559.65987720232,0,-39.4257553195364,1,3,0.322926693591196,0
20220822,"Winston-Salem","Hard",FALSE,"Adrian Mannarino","Botic Van De Zandschulp",1553.31209991017,1592.50376440182,1,-39.1916644916478,3,3,0.481825320968666,0
20220307,"Indian Wells Masters","Hard",FALSE,"Gael Monfils","Carlos Alcaraz",1575.21154353531,1614.38301566114,0,-39.1714721258238,2,3,0.399879483514222,0
20230626,"Eastbourne","Grass",FALSE,"Luca Van Assche","J J Wolf",1476.2003554981,1515.36010350509,0,-39.1597480069881,1,3,0.323170509566277,0
20230717,"Gstaad","Clay",FALSE,"Hamad Medjedovic","Pedro Cachin",1482.17899824187,1521.3372807145,0,-39.1582824726277,2,1,0.486429122157449,0
20220214,"Rio de Janeiro","Clay",FALSE,"Pablo Andujar","Albert Ramos",1514.52860319828,1553.59118315741,1,-39.0625799591289,1,1,0.40438745672118,0
20220321,"Miami Masters","Hard",FALSE,"Pedro Martinez","Daniil Medvedev",1568.69003724727,1607.73605615363,0,-39.046018906362,3,3,0.481977730167033,0
20220822,"Winston-Salem","Hard",FALSE,"Chun Hsin Tseng","Jaume Munar",1466.77269465966,1505.75983076456,0,-38.9871361048993,0,1,0.32734413331133,0
20230916,"Davis Cup WG1 R1: ARG vs LTU","Clay",FALSE,"Edas Butvilas","Tomas Martin Etcheverry",1488.14184455556,1527.08723814367,0,-38.9453935881133,0,1,0.327382657410024,0
20230109,"Auckland","Hard",FALSE,"Gregoire Barrere","Constant Lestienne",1508.19351141923,1547.09163179801,0,-38.8981203787819,1,0,0.4475140618225,0
20230306,"Indian Wells Masters","Hard",FALSE,"Carlos Alcaraz","Daniil Medvedev",1837.95871274798,1876.85587034725,1,-38.897157599278,3,3,0.482133507886759,0
20220321,"Miami Masters","Hard",FALSE,"Ugo Humbert","Aslan Karatsev",1444.04987168584,1482.94060160798,0,-38.8907299221389,2,3,0.400161886744476,0
20230828,"Us Open","Hard",TRUE,"Pavel Kotov","Rinky Hijikata",1495.20948534259,1534.09073745586,0,-38.8812521132663,3,3,0.448207797626704,0
20221017,"Naples","Hard",FALSE,"Francesco Passaro","Mackenzie Mcdonald",1485.26613388776,1524.14579599914,0,-38.8796621113722,1,3,0.323427333556528,0
20220919,"Metz","Hard",FALSE,"Gregoire Barrere","Mikael Ymer",1485.26200061126,1524.13140043186,0,-38.8693998206013,1,3,0.323436745558838,0
20220117,"Australian Open","Hard",TRUE,"Dusan Lajovic","Marton Fucsovics",1449.00625632437,1487.50821998797,1,-38.5019636635989,1,3,0.294914044776772,0
20220516,"Lyon","Clay",FALSE,"Oscar Otte","Sebastian Baez",1523.37286780209,1561.77443123707,0,-38.4015634349764,3,3,0.482652153268231,0
20220801,"Washington","Hard",FALSE,"Frances Tiafoe","Botic Van De Zandschulp",1550.1573698353,1588.54189960754,1,-38.3845297722323,3,3,0.48266997987638,0
20220711,"Newport","Grass",FALSE,"Jiri Vesely","Steve Johnson",1486.84704196536,1525.15794136521,0,-38.3108993998483,2,3,0.400745357731043,0
20230612,"s Hertogenbosch","Grass",FALSE,"Ilya Ivashka","Mackenzie Mcdonald",1496.97556754684,1535.28150122786,0,-38.3059336810202,2,3,0.400750355845207,0
20230220,"Marseille","Hard",FALSE,"Gijs Brouwer","Grigor Dimitrov",1562.04036548429,1600.3219118153,0,-38.2815463310108,3,3,0.482777758306435,0
20230417,"Barcelona","Clay",FALSE,"Daniel Rincon","Jason Kubler",1500,1538.18398785416,0,-38.1839878541555,0,3,0.255694002902461,0
20230529,"Roland Garros","Clay",TRUE,"Eduardo Nava","Roberto Carballes Baena",1500,1538.1513861595,0,-38.1513861595026,0,1,0.299298245161239,0
20230626,"Mallorca","Grass",FALSE,"Ilya Ivashka","Roberto Carballes Baena",1483.62269898049,1521.74972467072,0,-38.127025690229,2,1,0.487508950733157,0
20221010,"Gijon","Hard",FALSE,"Alejandro Davidovich Fokina","Andy Murray",1529.20342696605,1567.3034165268,0,-38.0999895607513,3,3,0.482967772397048,0
20231106,"Sofia","Hard",FALSE,"Christopher Oconnell","Hamad Medjedovic",1480.95623450238,1518.89005201973,1,-37.9338175173559,3,2,0.527060723481987,1
20230731,"Kitzbuhel","Clay",FALSE,"Sebastian Baez","Dominic Thiem",1517.59007022806,1555.48486880049,1,-37.8947985724244,3,1,0.570604980975749,1
20220418,"Barcelona","Clay",FALSE,"Federico Delbonis","Marton Fucsovics",1455.87020794799,1493.7603145892,0,-37.8901066412107,1,3,0.324335555718943,0
20220117,"Australian Open","Hard",TRUE,"Taro Daniel","Jannik Sinner",1516.07226888907,1553.93789578297,0,-37.8656268939071,1,3,0.295934134340308,0
20220923,"Laver Cup","Hard",FALSE,"Felix Auger Aliassime","Matteo Berrettini",1644.64845256035,1682.49396338097,0,-37.8455108206217,3,3,0.48323411360384,0
20230920,"Zhuhai","Hard",FALSE,"Tomas Martin Etcheverry","Sebastian Korda",1566.48835104672,1604.28925102238,0,-37.8008999756557,1,3,0.324417495480406,0
20230522,"Lyon","Clay",FALSE,"Mikael Ymer","Arthur Fils",1530.79319174989,1568.59181093152,0,-37.798619181626,3,1,0.570703746519401,1
20221125,"Davis Cup Finals SF: AUS vs CRO","Hard",FALSE,"Marin Cilic","Alex De Minaur",1638.4693490758,1676.20061556809,0,-37.7312664922895,3,3,0.483353686511835,0
20220916,"Davis Cup WG2 R1: TUN vs GRE","Hard",FALSE,"Michail Pervolarakis","Skander Mansouri",1455.15150621062,1492.8591456342,1,-37.7076394235871,2,0,0.531854481094507,1
20230306,"Indian Wells Masters","Hard",FALSE,"Tung Lin Wu","Alexander Bublik",1477.51666280737,1515.17517448237,1,-37.6585116750041,2,3,0.401402177991522,0
20221003,"Astana","Hard",FALSE,"David Goffin","Adrian Mannarino",1509.76491948463,1547.39408861408,0,-37.6291691294532,3,3,0.483460547509374,0
20220117,"Australian Open","Hard",TRUE,"Dusan Lajovic","Carlos Alcaraz",1462.38876214035,1500,0,-37.6112378596536,1,3,0.2963425084318,0
20230227,"Santiago","Clay",FALSE,"Pedro Martinez","Yannick Hanfmann",1427.23419692955,1464.82989656365,0,-37.5956996340979,3,1,0.570912103861632,1
20230508,"Rome Masters","Clay",FALSE,"Fabian Marozsan","Corentin Moutet",1503.01701675762,1540.60238865933,1,-37.5853719017016,1,3,0.32461551071778,0
20220110,"Adelaide 2","Hard",FALSE,"Arthur Rinderknech","Thanasi Kokkinakis",1504.35827795286,1541.93315012226,0,-37.5748721693994,3,1,0.570933488035427,1
20230821,"Winston-Salem","Hard",FALSE,"Mitchell Krueger","Pavel Kotov",1474.36029265787,1511.8205360729,1,-37.4602434150245,3,3,0.483637358237124,0
20220627,"Wimbledon","Grass",TRUE,"Joao Sousa","Richard Gasquet",1499.94127075899,1537.39626256189,0,-37.4549918029056,1,3,0.296593493937673,0
20220321,"Miami Masters","Hard",FALSE,"Lloyd Harris","Yoshihito Nishioka",1449.53133438201,1486.98605937765,1,-37.4547249956331,3,1,0.571056841518509,1
20220207,"Rotterdam","Hard",FALSE,"Andrey Rublev","Felix Auger Aliassime",1557.76445765086,1595.18341477515,0,-37.4189571242823,3,3,0.483680572289294,0
20230102,"Pune","Hard",FALSE,"Flavio Cobolli","Sasi Kumar Mukund",1462.62182471628,1500,1,-37.3781752837153,1,0,0.449089650399509,0
20220829,"Us Open","Hard",TRUE,"Diego Schwartzman","Frances Tiafoe",1573.19573511534,1610.5480121389,0,-37.3522770235581,1,3,0.296758556551585,0
20230807,"Canada Masters","Hard",FALSE,"Aslan Karatsev","Mackenzie Mcdonald",1514.45257868585,1551.71585279339,0,-37.2632741075404,3,3,0.483843526730204,0
20230417,"Munich","Clay",FALSE,"Jordan Thompson","Flavio Cobolli",1431.81450472154,1469.03476156821,0,-37.2202568466707,3,1,0.571297541369571,1
20230417,"Munich","Clay",FALSE,"Marcos Giron","Botic Van De Zandschulp",1544.32484099916,1581.51447058548,0,-37.1896295863198,3,3,0.483920612135692,0
20220606,"Stuttgart","Grass",FALSE,"Maxime Cressy","Dominic Stricker",1455.36451848283,1492.53801043525,0,-37.1734919524213,3,1,0.57134554515191,1
20230717,"Gstaad","Clay",FALSE,"Jaume Munar","Alexander Ritschard",1466.01692519403,1503.178476377,1,-37.1615511829668,1,0,0.449314288820654,0
20230828,"Us Open","Hard",TRUE,"Alejandro Davidovich Fokina","Tommy Paul",1657.72342628862,1694.88319937268,0,-37.159773084061,3,3,0.451488951289456,0
20230529,"Roland Garros","Clay",TRUE,"Denis Shapovalov","Brandon Nakashima",1561.32999071087,1598.3822684073,1,-37.0522776964306,3,3,0.451693981411369,0
20220725,"Atlanta","Hard",FALSE,"Alexei Popyrin","John Millman",1392.40436686604,1429.38838345347,0,-36.9840165874309,1,0,0.449498406984403,0
20230220,"Rio De Janeiro","Clay",FALSE,"Pedro Cachin","Daniel Elahi Galan",1435.10165844681,1472.05203258562,0,-36.9503741388103,1,3,0.325199276044091,0
20220829,"Us Open","Hard",TRUE,"Richard Gasquet","Miomir Kecmanovic",1559.15572162628,1596.09113672336,1,-36.9354150970812,3,3,0.451916896582743,0
20230403,"Marrakech","Clay",FALSE,"Aslan Karatsev","Francesco Passaro",1404.47390218714,1441.37901372664,0,-36.9051115395084,3,1,0.571621009468317,1
20230626,"Mallorca","Grass",FALSE,"Corentin Moutet","Christopher Oconnell",1499.67997591861,1536.48497445879,1,-36.8049985401817,3,3,0.484323226603225,0
20230731,"Kitzbuhel","Clay",FALSE,"Marc Andrea Huesler","Daniel Altmaier",1410.66756048425,1447.46913078415,0,-36.8015702998971,2,1,0.488897004398146,0
20220918,"Davis Cup Finals RR: GER vs AUS","Hard",FALSE,"Thanasi Kokkinakis","Oscar Otte",1501.39221170562,1538.1837539145,1,-36.7915422088861,1,3,0.325345378221735,0
20220523,"Roland Garros","Clay",TRUE,"Nikoloz Basilashvili","Mackenzie Mcdonald",1459.6954873431,1496.48030717769,0,-36.7848198345928,3,3,0.452204185180688,0
20220627,"Wimbledon","Grass",TRUE,"Carlos Taberner","Reilly Opelka",1480.31068618856,1517.03228753335,0,-36.7216013447974,1,1,0.376059161617204,0
20230814,"Cincinnati Masters","Hard",FALSE,"Grigor Dimitrov","Alexander Zverev",1700.73446092924,1737.45114508079,0,-36.7166841515502,3,3,0.484415673022033,0
20230227,"Dubai","Hard",FALSE,"Lorenzo Sonego","Marc Andrea Huesler",1503.56650513842,1540.28114323952,1,-36.7146381011,3,2,0.528334273208746,1
20230320,"Miami Masters","Hard",FALSE,"Tomas Martin Etcheverry","Pavel Kotov",1440.7816449841,1477.45091336985,1,-36.6692683857502,1,3,0.325457875428692,0
20220711,"Bastad","Clay",FALSE,"Albert Ramos","Pablo Carreno Busta",1482.81247984003,1519.47515521334,0,-36.6626753733083,1,3,0.325463941857336,0
20220411,"Monte Carlo Masters","Clay",FALSE,"Pedro Martinez","Hubert Hurkacz",1575.75521685021,1612.41615825914,0,-36.660941408936,3,3,0.484474024390748,0
20220711,"Bastad","Clay",FALSE,"Francisco Cerundolo","Sebastian Baez",1520.05456927646,1556.70808379603,1,-36.6535145195694,3,3,0.484481798872643,0
20231106,"Metz","Hard",FALSE,"Matteo Martineau","Dominic Thiem",1500,1536.64916506395,0,-36.6491650639459,0,1,0.329505416979362,0
20230306,"Indian Wells Masters","Hard",FALSE,"Thiago Monteiro","Guido Pella",1429.2261253647,1465.82685701453,0,-36.6007316498301,1,3,0.325520940994009,0
20220207,"Buenos Aires","Clay",FALSE,"Fernando Verdasco","Lorenzo Sonego",1499.40985405787,1535.90556286418,0,-36.4957088063015,1,3,0.32561759230888,0
20230320,"Miami Masters","Hard",FALSE,"Dominic Thiem","Lorenzo Sonego",1496.80577414819,1533.27712033618,0,-36.4713461879933,1,3,0.32564001506687,0
20230109,"Auckland","Hard",FALSE,"Jaume Munar","Laslo Djere",1462.83939911108,1499.27478897595,0,-36.4353898648624,1,1,0.407042363822385,0
20220221,"Dubai","Hard",FALSE,"David Goffin","Taro Daniel",1466.61592835692,1502.92491440041,0,-36.3089860434895,3,1,0.572232710694148,1
20230828,"Us Open","Hard",TRUE,"Constant Lestienne","Daniel Altmaier",1394.27154831838,1430.5428720846,0,-36.2713237662131,0,1,0.302343641755726,0
20230206,"Dallas","Hard",FALSE,"Steve Johnson","Adrian Mannarino",1499.74841583266,1535.95079085242,0,-36.2023750197595,3,3,0.484954066502788,0
20230306,"Indian Wells Masters","Hard",FALSE,"Jack Sock","Gregoire Barrere",1472.39557826345,1508.56780032469,1,-36.1722220612446,3,1,0.572373017015653,1
20220214,"Doha","Hard",FALSE,"Lloyd Harris","Marton Fucsovics",1455.25299847079,1491.28394454073,0,-36.0309460699423,3,3,0.485133531043296,0
20220214,"Marseille","Hard",FALSE,"Benjamin Bonzi","Aslan Karatsev",1508.32991245107,1544.33507398261,1,-36.0051615315399,3,3,0.48516052454351,0
20231016,"Antwerp","Hard",FALSE,"Maximilian Marterer","Alexander Bublik",1525.92626041435,1561.84017487812,0,-35.9139144637691,3,3,0.485256050614444,0
20230102,"United Cup","Hard",FALSE,"Michail Pervolarakis","Dimitar Kuzmanov",1471.77311386615,1507.33444907254,0,-35.5613352063908,2,0,0.534093619073624,1
20230703,"Wimbledon","Grass",TRUE,"Marc Andrea Huesler","Yosuke Watanuki",1453.33271707937,1488.88632777701,0,-35.5536106976404,2,3,0.373879862123094,0
20230821,"Winston-Salem","Hard",FALSE,"Max Purcell","Andrey Kuznetsov",1454.06569482543,1489.44831317721,1,-35.3826183517813,0,0,0.370678570798538,0
20230424,"Madrid Masters","Clay",FALSE,"Alexei Popyrin","Quentin Halys",1465.31955624722,1500.68481285112,0,-35.3652566038936,1,3,0.32665887272373,0
20220404,"Houston","Clay",FALSE,"Christian Harrison","Alejandro Tabilo",1500,1535.34497014661,0,-35.3449701466111,0,3,0.257965136065894,0
20220307,"Indian Wells Masters","Hard",FALSE,"Juan Manuel Cerundolo","Jack Sock",1468.33050131928,1503.60890242079,0,-35.2784011015069,0,3,0.258018547005906,0
20220808,"Canada Masters","Hard",FALSE,"Albert Ramos","Diego Schwartzman",1528.46159395986,1563.71879996507,1,-35.2572060052084,1,1,0.408234753222279,0
20220917,"Davis Cup WG2 R1: TPE vs HKG","Hard",FALSE,"Tung Lin Wu","Coleman Wong",1479.79776310083,1515,1,-35.202236899175,2,0,0.534468117745365,1
20230410,"Monte Carlo Masters","Clay",FALSE,"Andrey Rublev","Taylor Fritz",1755.40823597205,1790.60834377174,1,-35.2001077996924,3,3,0.486003367651931,0
20231002,"Shanghai Masters","Hard",FALSE,"Nuno Borges","Gregoire Barrere",1460.8946018651,1496.00130271684,0,-35.1067008517418,2,1,0.490672165302589,0
20230703,"Wimbledon","Grass",TRUE,"J J Wolf","Alexander Bublik",1546.54903575878,1581.65413090564,0,-35.1050951468608,3,3,0.455410689721385,0
20231016,"Antwerp","Hard",FALSE,"Giovanni Mpetshi Perricard","David Goffin",1474.07173555693,1509.14836424994,1,-35.0766286930088,2,3,0.404005057311754,0
20230102,"Pune","Hard",FALSE,"Aslan Karatsev","Pedro Martinez",1422.46979624523,1457.53214781789,1,-35.0623515726616,3,3,0.486147598292284,0
20220523,"Roland Garros","Clay",TRUE,"Chun Hsin Tseng","Joao Sousa",1484.37954611415,1519.39108962727,0,-35.0115435131215,0,1,0.30439407364143,0
20220801,"Washington","Hard",FALSE,"Sebastian Korda","Grigor Dimitrov",1535.2996475368,1570.30280423173,1,-35.0031566949299,3,3,0.486209575983785,0
20220214,"Rio de Janeiro","Clay",FALSE,"Dusan Lajovic","Fernando Verdasco",1465.93446830245,1500.93743241366,0,-35.0029641112083,1,1,0.408492202818899,0
20231002,"Shanghai Masters","Hard",FALSE,"Sebastian Korda","Hubert Hurkacz",1672.13471030844,1707.10749742576,0,-34.9727871173275,3,3,0.486241373432057,0
20220711,"Newport","Grass",FALSE,"Jack Sock","Alexander Bublik",1496.05867376383,1530.9917796424,0,-34.9331058785663,3,3,0.486282920510819,0
20230206,"Cordoba","Clay",FALSE,"Tomas Barrios Vera","Daniel Elahi Galan",1467.97301810504,1502.86012465072,1,-34.8871065456788,3,3,0.486331083002182,0
20220914,"Davis Cup Finals RR: USA vs GBR","Hard",FALSE,"Taylor Fritz","Cameron Norrie",1661.85668869509,1696.69348257903,0,-34.836793883941,3,3,0.486383761951054,0
20230508,"Rome Masters","Clay",FALSE,"Roman Safiullin","Marcos Giron",1492.72722457434,1527.47058417838,1,-34.7433596040451,3,3,0.48648159140028,0
20220321,"Miami Masters","Hard",FALSE,"Taro Daniel","Jaume Munar",1475.7253419743,1510.4514387776,1,-34.7260968032992,1,1,0.408772620398064,0
20230424,"Madrid Masters","Clay",FALSE,"David Goffin","Roberto Carballes Baena",1491.03291975273,1525.68376649065,0,-34.6508467379233,3,1,0.573933007749879,1
20220418,"Belgrade ","Clay",FALSE,"Oscar Otte","Fabio Fognini",1502.20245613214,1536.81903781327,0,-34.6165816811356,3,1,0.573968125701738,1
20230213,"Rotterdam","Hard",FALSE,"Gregoire Barrere","David Goffin",1491.55355506573,1526.11374618276,1,-34.5601911170263,1,3,0.327401477485398,0
20220307,"Indian Wells Masters","Hard",FALSE,"Matteo Berrettini","Miomir Kecmanovic",1544.75910861152,1579.28672509684,0,-34.5276164853258,3,3,0.486707487067981,0
20231002,"Shanghai Masters","Hard",FALSE,"Brandon Nakashima","Zhizhen Zhang",1533.18893220404,1567.70784323897,0,-34.5189110349215,3,1,0.574068223382587,1
20230703,"Wimbledon","Grass",TRUE,"Daniel Altmaier","Aleksandar Vukic",1415.44456629426,1449.92432175206,0,-34.4797554577981,1,2,0.339650750171329,0
20220917,"Davis Cup Finals RR: ARG vs CRO","Hard",FALSE,"Francisco Cerundolo","Borna Coric",1555.19517832743,1589.52561805061,0,-34.3304397231766,3,1,0.574261360886121,1
20230102,"Pune","Hard",FALSE,"Aslan Karatsev","Pablo Andujar",1425.7624663324,1459.92835740425,1,-34.1658910718475,3,1,0.574429964924946,1
20220418,"Belgrade ","Clay",FALSE,"Holger Rune","Taro Daniel",1462.59555153516,1496.7515175192,0,-34.1559659840373,3,1,0.57444013406862,1
20220822,"Winston-Salem","Hard",FALSE,"Dusan Lajovic","Fabio Fognini",1438.31602560196,1472.45845958397,0,-34.1424339820126,1,1,0.409363961850944,0
20230220,"Rio De Janeiro","Clay",FALSE,"Tomas Martin Etcheverry","Albert Ramos",1406.72163813674,1440.84103227307,0,-34.1193941363281,1,1,0.409387310198989,0
20230306,"Indian Wells Masters","Hard",FALSE,"Dominic Thiem","Adrian Mannarino",1510.34014998729,1544.39613630155,0,-34.0559863142598,1,3,0.327867004660299,0
20220321,"Miami Masters","Hard",FALSE,"Denis Kudla","Lorenzo Sonego",1451.03463479639,1485.03810844786,1,-34.0034736514672,0,3,0.259042862109268,0
20230213,"Rotterdam","Hard",FALSE,"Alexander Bublik","Stan Wawrinka",1468.95882859236,1502.93238398111,0,-33.9735553887565,3,1,0.574627018879127,1
20220711,"Newport","Grass",FALSE,"William Blumberg","Benjamin Bonzi",1500,1533.96197536379,0,-33.9619753637883,0,3,0.259076247490188,0
20220214,"Marseille","Hard",FALSE,"Richard Gasquet","Andrey Rublev",1529.20397045828,1563.08803299546,0,-33.8840625371777,3,3,0.487381357601265,0
20221017,"Antwerp","Hard",FALSE,"Yoshihito Nishioka","Sebastian Korda",1583.25090592784,1617.11827933749,0,-33.8673734096469,1,3,0.328041236151009,0
20230116,"Australian Open","Hard",TRUE,"Jaume Munar","Dalibor Svrcina",1449.4067000279,1483.27227588927,0,-33.8655758613661,1,0,0.423479525440177,0
20230424,"Madrid Masters","Clay",FALSE,"Hugo Grenier","Diego Schwartzman",1436.22282788396,1470.08382215247,1,-33.8609942685061,3,1,0.574742330292332,1
20220801,"Washington","Hard",FALSE,"Mikael Ymer","Emil Ruusuvuori",1477.60743871349,1511.39688116505,1,-33.7894424515548,3,3,0.487480438983424,0
20230731,"Kitzbuhel","Clay",FALSE,"Guido Andreozzi","Tomas Martin Etcheverry",1507.65371214448,1541.34392838889,0,-33.6902162444062,1,1,0.409822309351628,0
20230102,"United Cup","Hard",FALSE,"Matteo Berrettini","Taylor Fritz",1676.93662402697,1710.60945067163,0,-33.6728266446642,3,3,0.487602554528396,0
20220307,"Indian Wells Masters","Hard",FALSE,"Nick Kyrgios","Casper Ruud",1541.79556353047,1575.41337380615,1,-33.6178102756871,3,1,0.57499142840992,1
20230227,"Dubai","Hard",FALSE,"Alexei Popyrin","Pavel Kotov",1437.0293615748,1470.63418751138,0,-33.604825936583,1,3,0.328283843688741,0
20221031,"Paris Masters","Hard",FALSE,"Andrey Rublev","Holger Rune",1701.84789108884,1735.43441769364,0,-33.5865266047983,3,3,0.487692925532901,0
20220808,"Canada Masters","Hard",FALSE,"Botic Van De Zandschulp","Miomir Kecmanovic",1571.89141590707,1605.45879372722,1,-33.5673778201419,3,3,0.487712977717555,0
20230828,"Us Open","Hard",TRUE,"Juan Manuel Cerundolo","Ilya Ivashka",1447.69640244031,1481.26075784763,1,-33.5643554073213,0,2,0.270690491329082,0
20220502,"Madrid Masters","Clay",FALSE,"Stefanos Tsitsipas","Andrey Rublev",1650.86112445239,1684.34685773134,1,-33.4857332789418,3,3,0.487798474522094,0
20220304,"Davis Cup WG1 PO: CHI vs SLO","Clay",FALSE,"Bor Artnak","Alejandro Tabilo",1500,1533.42415440397,0,-33.4241544039655,0,3,0.259509177624824,0
20220926,"Tel Aviv","Hard",FALSE,"Edan Leshem","Vasek Pospisil",1467.91650885552,1501.30451446264,0,-33.388005607123,0,2,0.294721465396738,0
20220919,"Metz","Hard",FALSE,"Nikoloz Basilashvili","Arthur Rinderknech",1428.63830275144,1462.00205988109,0,-33.3637571296497,3,3,0.487926207243842,0
20230731,"Kitzbuhel","Clay",FALSE,"Guido Pella","Roberto Carballes Baena",1496.56601864341,1529.91786753055,0,-33.3518488871357,3,1,0.575263814261821,1
20230927,"Beijing","Hard",FALSE,"J J Wolf","Matteo Arnaldi",1540.04177907132,1573.38146960628,0,-33.3396905349632,3,1,0.575276265215419,1
20230424,"Madrid Masters","Clay",FALSE,"Marco Cecchinato","Marton Fucsovics",1490.72770527506,1524.04006775897,1,-33.3123624839029,1,3,0.328554203116041,0
20220117,"Australian Open","Hard",TRUE,"Norbert Gombos","Marin Cilic",1500,1533.21574118845,0,-33.2157411884516,1,3,0.303449795852219,0
20221114,"Tour Finals","Hard",FALSE,"Rafael Nadal","Felix Auger Aliassime",1723.38126916787,1756.55573682765,0,-33.1744676597787,3,3,0.488124433203842,0
20220822,"Winston-Salem","Hard",FALSE,"Laslo Djere","Jason Kubler",1514.91704041217,1548.07872770339,1,-33.1616872912202,1,3,0.328693534834802,0
20220808,"Canada Masters","Hard",FALSE,"Roberto Bautista Agut","Casper Ruud",1641.4123298592,1674.57355339671,0,-33.1612235375087,3,1,0.575459016178308,1
20220131,"Cordoba","Clay",FALSE,"Alejandro Tabilo","Sebastian Baez",1470.05458375617,1503.16328820324,1,-33.1087044470705,3,3,0.488193302021913,0
20230814,"Cincinnati Masters","Hard",FALSE,"Alexei Popyrin","Emil Ruusuvuori",1542.27505697881,1575.34968506792,1,-33.0746280891092,1,3,0.328774053591332,0
20220523,"Roland Garros","Clay",TRUE,"Norbert Gombos","Pedro Cachin",1449.89032217757,1482.92555517626,0,-33.0352329986883,1,1,0.382743798710257,0
20230828,"Us Open","Hard",TRUE,"Rinky Hijikata","Zhizhen Zhang",1517.66905391725,1550.69775484544,1,-33.0287009281894,3,1,0.547053919040115,1
20230220,"Doha","Hard",FALSE,"Alejandro Davidovich Fokina","Soon Woo Kwon",1511.98985442053,1544.98982717833,1,-32.9999727577974,3,2,0.53221225468392,1
20220321,"Miami Masters","Hard",FALSE,"Nick Kyrgios","Jannik Sinner",1591.33371397604,1624.29777177275,0,-32.9640577967164,3,3,0.488344781046701,0
20220613,"Queen's Club","Grass",FALSE,"Tommy Paul","Denis Shapovalov",1491.44067863604,1524.30433209601,1,-32.8636534599725,3,3,0.488449929235642,0
20230724,"Umag","Clay",FALSE,"Roberto Carballes Baena","Stan Wawrinka",1528.38466016962,1561.21032441649,0,-32.8256642468716,1,1,0.41069901580893,0
20230203,"Davis Cup QLS R1: FRA vs HUN","Hard",FALSE,"Ugo Humbert","Marton Fucsovics",1461.96495499644,1494.75245082541,1,-32.7874958289683,2,3,0.406317337492668,0
20220418,"Barcelona","Clay",FALSE,"Federico Coria","Grigor Dimitrov",1518.1528909758,1550.92394657806,0,-32.7710556022607,1,3,0.329054898457624,0
20220926,"Seoul","Hard",FALSE,"Ji Sung Nam","Steve Johnson",1483.19968273746,1515.96927355879,0,-32.7695908213327,0,3,0.260036715736496,0
20220214,"Delray Beach","Hard",FALSE,"John Millman","Grigor Dimitrov",1495.86429467362,1528.63016486552,1,-32.7658701918942,0,3,0.260039716322845,0
20220606,"s Hertogenbosch","Grass",FALSE,"Andreas Seppi","Adrian Mannarino",1473.93230710886,1506.67177835972,0,-32.7394712508533,2,3,0.406365892576587,0
20230914,"Davis Cup Finals RR: CAN vs SWE","Hard",FALSE,"Leo Borg","Vasek Pospisil",1474.54897691338,1507.28383588607,0,-32.734858972693,1,2,0.369001348102789,0
20220131,"Montpellier","Hard",FALSE,"Hugo Gaston","Soon Woo Kwon",1469.50214532987,1502.07713488974,0,-32.574989559864,3,2,0.532655683263795,1
20230102,"Pune","Hard",FALSE,"Chun Hsin Tseng","Benjamin Bonzi",1421.53502269672,1454.07592033553,0,-32.5408976388057,0,3,0.260221192288726,0
20230821,"Winston-Salem","Hard",FALSE,"Michael Mmoh","Borna Coric",1542.96466648442,1575.48726369412,0,-32.5225972096971,3,1,0.576112802927671,1
20231113,"Tour Finals","Hard",FALSE,"Andrey Rublev","Daniil Medvedev",1804.75596229044,1837.23971350308,0,-32.4837512126392,3,3,0.488847790080497,0
20230417,"Munich","Clay",FALSE,"Quentin Halys","Lorenzo Sonego",1514.28668797846,1546.76485029798,0,-32.4781623195222,3,3,0.488853643276387,0
20220214,"Delray Beach","Hard",FALSE,"John Millman","Marcos Giron",1479.47088879535,1511.83879334265,1,-32.3679045473057,0,3,0.260360794417798,0
20230116,"Australian Open","Hard",TRUE,"Jeremy Chardy","Daniel Elahi Galan",1486.88676975335,1519.25347938552,1,-32.3667096321744,2,3,0.37964302399691,0
20221010,"Florence","Hard",FALSE,"Flavio Cobolli","Corentin Moutet",1486.90752113209,1519.26512998362,0,-32.3576088515256,1,3,0.329437588120218,0
20230522,"Lyon","Clay",FALSE,"Sebastian Baez","Marton Fucsovics",1501.35001890083,1533.68528862315,1,-32.3352697223199,3,3,0.489003294400856,0
20220103,"Atp Cup","Hard",FALSE,"Jan Lennard Struff","Denis Shapovalov",1500,1532.31282437281,0,-32.3128243728104,1,3,0.329479054586228,0
20230417,"Banja Luka","Clay",FALSE,"Hamad Medjedovic","Gregoire Barrere",1481.7437653846,1513.88268576208,0,-32.1389203774784,2,1,0.493781078818931,0
20230424,"Madrid Masters","Clay",FALSE,"Cristian Garin","Miomir Kecmanovic",1561.69468748679,1593.82038719366,1,-32.1256997068713,3,3,0.489222780206893,0
20220509,"Rome Masters","Clay",FALSE,"Cristian Garin","Francesco Passaro",1467.90548348949,1500,1,-32.0945165105136,3,1,0.576550896918094,1
20230828,"Us Open","Hard",TRUE,"Nuno Borges","Sebastian Ofner",1452.81176639173,1484.86797452934,0,-32.0562081376156,2,1,0.465789241233632,0
20230731,"Washington","Hard",FALSE,"Radu Albot","Marcos Giron",1471.4828615459,1503.53642923552,1,-32.0535676896197,1,3,0.329719155491645,0
20230206,"Cordoba","Clay",FALSE,"Federico Coria","Marco Cecchinato",1441.62405632884,1473.62732170387,1,-32.00326537503,1,1,0.411533503331263,0
20230915,"Davis Cup WG2 R1: SLO vs LUX","Clay",FALSE,"Blaz Rola","Chris Rodesch",1483.01363002311,1515,1,-31.9863699768944,1,1,0.411550652431254,0
20230102,"Pune","Hard",FALSE,"Maximilian Marterer","Laslo Djere",1483.77765238763,1515.64684677043,1,-31.8691943828071,3,1,0.576781441291684,1
20220214,"Delray Beach","Hard",FALSE,"Mitchell Krueger","Grigor Dimitrov",1483.15305562957,1515.00132688921,0,-31.8482712596403,3,3,0.489513341539224,0
20220425,"Estoril","Clay",FALSE,"Fernando Verdasco","Albert Ramos",1467.36865989744,1499.16855010583,0,-31.7998902083875,1,1,0.411739946648077,0
20220613,"Queen's Club","Grass",FALSE,"Ryan Peniston","Filip Krajinovic",1500,1531.7727978856,0,-31.7727978855974,0,3,0.260841404639767,0
20220117,"Australian Open","Hard",TRUE,"Andrey Rublev","Marin Cilic",1515.02673764432,1546.7860554214,0,-31.7593177770852,3,3,0.46180836960523,0
20220919,"San Diego","Hard",FALSE,"Taro Daniel","Emilio Nava",1441.79384722262,1473.48126358975,1,-31.6874163671355,1,0,0.454997568565846,0
20230731,"Washington","Hard",FALSE,"Juncheng Shang","Emilio Gomez",1438.86955200723,1470.39532311764,1,-31.5257711104109,0,1,0.334266820517013,0
20231030,"Paris Masters","Hard",FALSE,"Alejandro Davidovich Fokina","Ben Shelton",1625.12370442368,1656.57013887026,1,-31.4464344465794,3,3,0.489934212983387,0
20220718,"Gstaad","Clay",FALSE,"Nicolas Jarry","Thiago Monteiro",1472.22694504347,1503.61376001626,1,-31.3868149727884,3,1,0.577274888192971,1
20230920,"Chengdu","Hard",FALSE,"Daniel Elahi Galan","Pavel Kotov",1446.52565340331,1477.89855705752,0,-31.3729036542104,3,3,0.490011228422193,0
20220627,"Wimbledon","Grass",TRUE,"Nicola Kuhn","Brandon Nakashima",1500,1531.36680600017,0,-31.3668060001696,0,3,0.240488135275994,0
20230828,"Us Open","Hard",TRUE,"Adrian Mannarino","Frances Tiafoe",1637.90615688101,1669.26144400554,0,-31.3552871245211,3,3,0.462581837396637,0
20220103,"Melbourne","Hard",FALSE,"Reilly Opelka","Maxime Cressy",1500,1531.23977036967,0,-31.2397703696706,1,3,0.330473400377559,0
20221010,"Florence","Hard",FALSE,"J J Wolf","Mikael Ymer",1533.98346580347,1565.20517788453,1,-31.2217120810542,3,3,0.490169586495417,0
20220425,"Estoril","Clay",FALSE,"Nuno Borges","Frances Tiafoe",1500,1531.20979212084,0,-31.2097921208428,2,3,0.407913422235036,0
20220221,"Acapulco","Hard",FALSE,"Juan Alejandro Hernandez Serrano","Pablo Andujar",1500,1531.20800001261,0,-31.2080000126084,0,1,0.334563267420955,0
20220321,"Miami Masters","Hard",FALSE,"Benjamin Bonzi","Tommy Paul",1543.85232315695,1575.00532447369,0,-31.1530013167428,3,3,0.490241554812784,0
20220926,"Tel Aviv","Hard",FALSE,"Arthur Rinderknech","Roman Safiullin",1491.13547723736,1522.24826767148,0,-31.1127904341261,3,3,0.490283672266956,0
20230220,"Rio De Janeiro","Clay",FALSE,"Albert Ramos","Daniel Elahi Galan",1454.37269675981,1485.4627441673,1,-31.0900474074842,1,3,0.330612261984779,0
20230320,"Miami Masters","Hard",FALSE,"Andrey Rublev","Jannik Sinner",1724.89756599473,1755.92260804745,0,-31.0250420527282,3,3,0.490375581656086,0
20231030,"Paris Masters","Hard",FALSE,"Benjamin Bonzi","Dusan Lajovic",1492.32674620165,1523.34813988127,0,-31.0213936796181,3,1,0.577648590969593,1
20220718,"Hamburg","Clay",FALSE,"Jozef Kovalik","Max Hans Rehberg",1459.14894641546,1490.16186101362,1,-31.012914598158,1,0,0.455698682853042,0
20230116,"Australian Open","Hard",TRUE,"Hugo Dellien","Enzo Couacaud",1442.51822493753,1473.41966824581,0,-30.9014433082727,1,0,0.429062467274269,0
20220718,"Gstaad","Clay",FALSE,"Federico Delbonis","Dominic Thiem",1410.58241589915,1441.4553569925,0,-30.872941093349,1,1,0.412681272304339,0
20220307,"Indian Wells Masters","Hard",FALSE,"Philipp Kohlschreiber","Emil Ruusuvuori",1502.49046490035,1533.34843546099,0,-30.857970560636,0,3,0.261581341103233,0
20231002,"Shanghai Masters","Hard",FALSE,"Mackenzie Mcdonald","Francisco Cerundolo",1594.46909674205,1625.27741217437,0,-30.8083154323153,3,3,0.490602588177208,0
20230821,"Winston-Salem","Hard",FALSE,"Michael Mmoh","Darian King",1526.63821457745,1557.4424509241,1,-30.8042363466434,3,2,0.53450272868849,1
20230703,"Wimbledon","Grass",TRUE,"Mackenzie Mcdonald","Alexander Bublik",1566.52392538001,1597.29366588601,0,-30.7697405060048,3,3,0.463703114265317,0
20220307,"Indian Wells Masters","Hard",FALSE,"Federico Delbonis","Nick Kyrgios",1488.12095987188,1518.88797781553,0,-30.7670179436548,1,3,0.330911958457717,0
20220919,"Metz","Hard",FALSE,"Holger Rune","Alexander Bublik",1512.79069399359,1543.53698146186,0,-30.7462874682699,3,3,0.490667559004461,0
20220917,"Davis Cup WG1 R1: CHI vs PER","Clay",FALSE,"Juan Pablo Varillas","Alejandro Tabilo",1479.7769892969,1510.48528521347,1,-30.7082959165623,1,3,0.33096645363666,0
20220110,"Adelaide 2","Hard",FALSE,"Gianluca Mager","Egor Gerasimov",1484.95468013175,1515.64719999153,1,-30.6925198597794,2,0,0.539167794624285,1
20230920,"Chengdu","Hard",FALSE,"Nuno Borges","Philip Sekulic",1469.35027088292,1500,0,-30.649729117082,2,0,0.539212355814312,1
20220103,"Melbourne","Hard",FALSE,"Grigor Dimitrov","Facundo Bagnis",1484.35280000847,1515,1,-30.6471999915343,3,1,0.5780311728451,1
20231023,"Basel","Hard",FALSE,"Tomas Martin Etcheverry","Andy Murray",1538.74889421597,1569.37155636254,1,-30.6226621465726,1,3,0.331045931561912,0
20220103,"Atp Cup","Hard",FALSE,"Arthur Rinderknech","Jannik Sinner",1485.64719999153,1516.26425577004,0,-30.6170557785038,3,3,0.4908029229903,0
20220307,"Indian Wells Masters","Hard",FALSE,"Sam Querrey","John Isner",1456.17974700888,1486.7540319578,0,-30.5742849489279,0,3,0.261811068639839,0
20220606,"Stuttgart","Grass",FALSE,"Jurij Rodionov","Marton Fucsovics",1487.34604583029,1517.8201075678,0,-30.4740617375114,1,3,0.331183872600014,0
20220613,"Halle","Grass",FALSE,"Cristian Garin","Sebastian Korda",1531.14015888855,1561.60828392695,0,-30.4681250384037,3,3,0.490958922456311,0
20220711,"Newport","Grass",FALSE,"Christopher Eubanks","Benjamin Bonzi",1489.8160964064,1520.27357217755,0,-30.4574757711487,3,3,0.490970077239424,0
20230529,"Roland Garros","Clay",TRUE,"Daniel Elahi Galan","Matteo Arnaldi",1426.95004827582,1457.38089064377,0,-30.4308423679483,3,1,0.552006674869135,1
20220620,"Mallorca","Grass",FALSE,"Mackenzie Mcdonald","Joao Sousa",1485.8446408489,1516.25066310166,1,-30.4060222527646,3,1,0.57827770739968,1
20230619,"Queen's Club","Grass",FALSE,"Emil Ruusuvuori","Grigor Dimitrov",1637.89059488835,1668.27453678985,0,-30.3839419015021,3,3,0.491047101973121,0
20220131,"Pune","Hard",FALSE,"Daniel Altmaier","Joao Sousa",1457.51796005359,1487.87016831188,0,-30.3522082582967,1,1,0.413210362138082,0
20220321,"Miami Masters","Hard",FALSE,"Dominik Koepfer","Mackenzie Mcdonald",1492.19263827618,1522.46851009511,0,-30.2758718189314,2,3,0.408859141611437,0
20220214,"Doha","Hard",FALSE,"Botic Van De Zandschulp","Marin Cilic",1526.30581812785,1556.45314177673,0,-30.1473236488732,3,3,0.491294956040179,0
20230724,"Umag","Clay",FALSE,"Marco Cecchinato","Alexander Shevchenko",1473.43452482568,1503.56803991753,1,-30.1335150918471,1,1,0.413432624852867,0
20220214,"Delray Beach","Hard",FALSE,"Sam Querrey","Denis Istomin",1469.88272686894,1500,0,-30.1172731310598,0,0,0.375841113158518,0
20220117,"Australian Open","Hard",TRUE,"Maximilian Marterer","Taylor Fritz",1500,1530.09707961684,0,-30.097079616839,3,3,0.464991660718701,0
20220509,"Rome Masters","Clay",FALSE,"Stan Wawrinka","Laslo Djere",1495.70407498043,1525.7902344342,1,-30.0861594537732,1,1,0.413480758087102,0
20230703,"Wimbledon","Grass",TRUE,"Constant Lestienne","Liam Broady",1454.81209898453,1484.88160269619,0,-30.0695037116573,0,0,0.351468332496527,0
20221024,"Basel","Hard",FALSE,"Felix Auger Aliassime","Carlos Alcaraz",1731.48498536956,1761.52829708025,1,-30.0433117106882,3,3,0.491403908345039,0
20220117,"Australian Open","Hard",TRUE,"Mikael Ymer","Stefanos Tsitsipas",1514.97205816258,1545.00695890935,0,-30.0349007467664,3,3,0.465110794171638,0
20220214,"Marseille","Hard",FALSE,"Lucas Pouille","Tallon Griekspoor",1471.15315075317,1501.16736001416,1,-30.014209260989,1,3,0.331610922754639,0
20220103,"Atp Cup","Hard",FALSE,"Dusan Lajovic","Casper Ruud",1469.99879365828,1500,0,-30.0012063417241,1,1,0.413567110301332,0
20220207,"Buenos Aires","Clay",FALSE,"Pablo Andujar","Juan Ignacio Londero",1498.57302902419,1528.52856679011,1,-29.9555377659201,1,1,0.413613533194929,0
20220103,"Atp Cup","Hard",FALSE,"Max Purcell","Jannik Sinner",1500,1529.9458222847,0,-29.9458222846949,0,3,0.262320458818684,0
20230916,"Davis Cup WG1 R1: BUL vs KAZ","Clay",FALSE,"Timofey Skatov","Dimitar Kuzmanov",1487.60556014376,1517.44971045338,1,-29.8441503096249,2,0,0.540051147328218,1
20230320,"Miami Masters","Hard",FALSE,"Holger Rune","Taylor Fritz",1731.04136519976,1760.86068336857,0,-29.8193181688112,3,3,0.491638543907886,0
20230915,"Davis Cup WG2 R1: MON vs ECU","Clay",FALSE,"Emilio Gomez","Valentin Vacherot",1439.98739726473,1469.76417697223,1,-29.7767797074946,1,2,0.371892758807191,0
20220914,"Davis Cup Finals RR: ESP vs SRB","Hard",FALSE,"Miomir Kecmanovic","Roberto Bautista Agut",1591.12876850754,1620.88907543298,0,-29.7603069254374,3,3,0.491700359415862,0
20220627,"Wimbledon","Grass",TRUE,"Dennis Novak","Jason Kubler",1474.89872111707,1504.65148122152,0,-29.7527601044587,0,3,0.242765956619322,0
20221017,"Antwerp","Hard",FALSE,"Jenson Brooksby","Jack Draper",1556.58128755422,1586.28984062949,0,-29.7085530752661,3,3,0.491754572862073,0
20220916,"Davis Cup WG2 R1: LBN vs MON","Hard",FALSE,"Valentin Vacherot","Benjamin Hassan",1485,1514.59664349192,1,-29.5966434919176,2,1,0.496444645536109,0
20230529,"Roland Garros","Clay",TRUE,"Arthur Rinderknech","Richard Gasquet",1486.91871855636,1516.39306213556,1,-29.4743435792034,3,3,0.466184988420112,0
20220117,"Australian Open","Hard",TRUE,"Nick Kyrgios","Daniil Medvedev",1500,1529.43630677022,0,-29.4363067702218,3,3,0.466257889734295,0
20230724,"Hamburg","Clay",FALSE,"Zhizhen Zhang","Laslo Djere",1557.52362263891,1586.91599867445,0,-29.3923760355392,1,1,0.414186122743976,0
20220103,"Melbourne","Hard",FALSE,"Grigor Dimitrov","Botic Van De Zandschulp",1500.67252485988,1530,1,-29.32747514012,3,3,0.492153767372061,0
20220117,"Australian Open","Hard",TRUE,"Soon Woo Kwon","Denis Shapovalov",1500.91007809735,1530.18177348348,0,-29.2716953861354,2,3,0.38527271772657,0
20230731,"Washington","Hard",FALSE,"Daniel Evans","Gregoire Barrere",1542.96119016056,1572.20686658623,1,-29.2456764256681,2,1,0.496812376203633,0
20220808,"Canada Masters","Hard",FALSE,"Benjamin Bonzi","Frances Tiafoe",1529.50022883879,1558.72595860553,0,-29.2257297667334,3,3,0.492260351468507,0
20220117,"Australian Open","Hard",TRUE,"Dominik Koepfer","Carlos Taberner",1470.80439591741,1500,1,-29.1956040825908,2,1,0.4712751378763,0
20231002,"Shanghai Masters","Hard",FALSE,"Diego Schwartzman","Luca Van Assche",1451.88460309055,1481.07643703343,1,-29.1918339428853,1,1,0.414390078179819,0
20230116,"Australian Open","Hard",TRUE,"Rinky Hijikata","Yannick Hanfmann",1477.06964601608,1506.05099701202,1,-28.9813509959461,3,1,0.554765682178967,1
20220307,"Indian Wells Masters","Hard",FALSE,"Alex De Minaur","Tommy Paul",1562.30241111657,1591.25230737809,1,-28.9498962615241,3,3,0.492549306348797,0
20220131,"Montpellier","Hard",FALSE,"Alexander Bublik","Tallon Griekspoor",1487.61461897353,1516.55265375588,1,-28.9380347823553,3,3,0.492561732190479,0
20220411,"Monte Carlo Masters","Clay",FALSE,"Pablo Carreno Busta","Alexander Bublik",1525.57558188613,1554.42602189284,1,-28.8504400067068,3,3,0.492653494959844,0
20220711,"Bastad","Clay",FALSE,"Marc Andrea Huesler","Laslo Djere",1468.39573969905,1497.18652192838,0,-28.7907822293303,2,1,0.49728900305284,0
20220131,"Montpellier","Hard",FALSE,"Alexei Popyrin","Filip Krajinovic",1471.01077161701,1499.76048548099,0,-28.7497138639824,1,3,0.332786646798289,0
20220131,"Montpellier","Hard",FALSE,"Ugo Humbert","Richard Gasquet",1471.20252436565,1499.92590470477,0,-28.7233803391225,2,3,0.410432737660071,0
20220131,"Pune","Hard",FALSE,"Joao Sousa","Emil Ruusuvuori",1517.06514987837,1545.78194371823,1,-28.7167938398595,1,3,0.332817283642458,0
20220103,"Atp Cup","Hard",FALSE,"Taylor Fritz","Felix Auger Aliassime",1499.35275473081,1528.04467998401,1,-28.6919252531998,3,3,0.492819553523442,0
20220926,"Tel Aviv","Hard",FALSE,"Marius Copil","Arthur Rinderknech",1466.67254864112,1495.36227137893,0,-28.6897227378136,0,3,0.263340481829679,0
20220808,"Canada Masters","Hard",FALSE,"Jack Draper","Gael Monfils",1565.40166938128,1594.08655328771,1,-28.6848839064278,3,2,0.536712145003714,1
20220117,"Australian Open","Hard",TRUE,"Alex De Minaur","Kamil Majchrzak",1515.64605445127,1544.29718685015,1,-28.6511323988832,3,3,0.46776307165131,0
20220117,"Australian Open","Hard",TRUE,"Alexander Bublik","Ernesto Escobedo",1471.38186133421,1500,1,-28.6181386657879,3,1,0.555456510141318,1
20231016,"Stockholm","Hard",FALSE,"J J Wolf","Laslo Djere",1562.4709350422,1591.0414613525,0,-28.5705263102932,3,1,0.580152685027904,1
20230102,"United Cup","Hard",FALSE,"Timofey Skatov","Daniel Michalski",1471.43224347532,1500,1,-28.5677565246774,2,0,0.541379698474133,1
20220917,"Davis Cup WG1 R1: COL vs TUR","Clay",FALSE,"Cem Ilkel","Daniel Elahi Galan",1484.97211242149,1513.49584307288,0,-28.523730651393,2,3,0.410635235202799,0
20220117,"Australian Open","Hard",TRUE,"Sebastian Korda","Corentin Moutet",1500,1528.47865935744,1,-28.4786593574443,3,3,0.468093782626159,0
20220207,"Dallas","Hard",FALSE,"Jordan Thompson","Brandon Nakashima",1484.13578655637,1512.60635383006,1,-28.4705672736984,3,3,0.493051448701992,0
20230529,"Roland Garros","Clay",TRUE,"Alejandro Davidovich Fokina","Arthur Fils",1614.96790174025,1643.39215360281,1,-28.4242518625583,3,1,0.555825194266955,1
20230410,"Monte Carlo Masters","Clay",FALSE,"Karen Khachanov","Andrey Rublev",1713.23406524246,1741.63153021841,0,-28.3974649759527,3,3,0.493128031515425,0
20220916,"Davis Cup WG1 R1: CZE vs ISR","Hard",FALSE,"Jiri Lehecka","Edan Leshem",1455.79198622883,1484.13757844247,1,-28.3455922136386,3,0,0.622494708593503,1
20230724,"Hamburg","Clay",FALSE,"Jan Choinski","Zhizhen Zhang",1485.29977086385,1513.62467476617,0,-28.3249039023265,0,1,0.337258840818157,0
20220404,"Houston","Clay",FALSE,"Sam Querrey","Michael Mmoh",1459.95152214077,1488.20769908545,0,-28.2561769446872,0,3,0.263693136249398,0
20230731,"Washington","Hard",FALSE,"Bradley Klahn","Michael Mmoh",1484.61682982573,1512.85466252549,0,-28.2378326997589,0,3,0.263708064490741,0
20220117,"Australian Open","Hard",TRUE,"Reilly Opelka","Denis Shapovalov",1517.8452130377,1546.04209163466,0,-28.1968785969541,1,3,0.311681316218364,0
20230213,"Rotterdam","Hard",FALSE,"Alex De Minaur","Andrey Rublev",1676.26007037582,1704.4328529282,1,-28.172782552381,3,3,0.493363413426807,0
20230109,"Adelaide 2","Hard",FALSE,"Tomas Machac","Soon Woo Kwon",1486.79627004328,1514.9374258,0,-28.1411557567258,1,2,0.373495480425943,0
20220321,"Miami Masters","Hard",FALSE,"Mackenzie Mcdonald","Grigor Dimitrov",1506.25875279675,1534.34059390783,1,-28.0818411110795,3,3,0.493458686386697,0
20220103,"Atp Cup","Hard",FALSE,"Jan Lennard Struff","John Isner",1472.62341204321,1500.64719999153,1,-28.0237879483286,1,3,0.333462553626816,0
20230703,"Wimbledon","Grass",TRUE,"Yannick Hanfmann","Taylor Fritz",1625.63973939666,1653.58008389851,0,-27.940344501844,1,3,0.312105334723454,0
20230925,"Astana","Hard",FALSE,"Tallon Griekspoor","Sebastian Korda",1608.44207815099,1636.3220344247,0,-27.8799562737152,3,3,0.49367018863737,0
20231127,"NextGen Finals","Hard",FALSE,"Abedallah Shelbayh","Luca Van Assche",1451.9267913571,1479.80119460564,0,-27.8744032485454,1,1,0.41573065910284,0
20220214,"Doha","Hard",FALSE,"Marton Fucsovics","Soon Woo Kwon",1486.55254048712,1514.40990385331,1,-27.8573633661915,3,2,0.537574445492827,1
20230717,"Gstaad","Clay",FALSE,"Miomir Kecmanovic","Dominic Stricker",1511.17230417402,1538.97538523698,1,-27.8030810629521,3,1,0.580935955946605,1
20220221,"Dubai","Hard",FALSE,"Malek Jaziri","Filip Krajinovic",1483.23586871464,1510.93561041034,0,-27.6997416956979,0,3,0.264146195248859,0
20220919,"Metz","Hard",FALSE,"Nikoloz Basilashvili","Zizou Bergs",1415.07432056993,1442.7665748476,1,-27.6922542776708,3,1,0.581049034514719,1
20230828,"Us Open","Hard",TRUE,"Juan Pablo Varillas","Miomir Kecmanovic",1474.28231848424,1501.93503444198,1,-27.6527159577486,1,3,0.312581122909917,0
20220321,"Miami Masters","Hard",FALSE,"Adrian Mannarino","Nick Kyrgios",1530.60822961109,1558.24244841623,0,-27.6342188051476,3,3,0.493927635625833,0
20231030,"Paris Masters","Hard",FALSE,"Tallon Griekspoor","Alejandro Davidovich Fokina",1613.89702767741,1641.47766091073,1,-27.58063323332,3,3,0.493983775010795,0
20230626,"Eastbourne","Grass",FALSE,"Miomir Kecmanovic","Yibing Wu",1512.57033380861,1540.13288511262,1,-27.5625513040072,3,2,0.537881594216107,1
20220214,"Rio de Janeiro","Clay",FALSE,"Juan Ignacio Londero","Albert Ramos",1512.23847739816,1539.77766154796,0,-27.5391841497963,1,1,0.416071968698949,0
20230206,"Dallas","Hard",FALSE,"Emilio Gomez","Gabriel Diallo",1458.27326019891,1485.75356955743,1,-27.4803093585188,1,0,0.459373472883498,0
20220801,"Washington","Hard",FALSE,"Daniel Evans","Kyle Edmund",1472.52551055116,1500,1,-27.4744894488397,2,0,0.542517172937814,1
20220214,"Marseille","Hard",FALSE,"Alexei Popyrin","Roman Safiullin",1445.87658199667,1473.30664089893,0,-27.4300589022628,1,3,0.334015882022214,0
20230731,"Washington","Hard",FALSE,"Daniel Evans","Alexander Shevchenko",1459.84925287054,1487.27032380143,1,-27.4210709308857,2,1,0.498724178804504,0
20220425,"Estoril","Clay",FALSE,"Roberto Carballes Baena","Pablo Cuevas",1432.39950368922,1459.7675437499,0,-27.3680400606811,1,0,0.459490335554294,0
20220822,"Winston-Salem","Hard",FALSE,"Kamil Majchrzak","Richard Gasquet",1505.16186752084,1532.49892634175,0,-27.3370588209059,3,3,0.494238959728811,0
20231016,"Stockholm","Hard",FALSE,"Laslo Djere","Gael Monfils",1616.66162912631,1643.89695819373,0,-27.2353290674182,1,2,0.374384284476936,0
20230703,"Wimbledon","Grass",TRUE,"Ryan Peniston","Andy Murray",1506.09001245685,1533.26978082223,0,-27.1797683653845,0,3,0.246427290656245,0
20230916,"Davis Cup WG1 R1: BIH vs GER","Clay",FALSE,"Andrej Nedic","Maximilian Marterer",1485,1512.09362071095,0,-27.0936207109523,0,3,0.26464027666555,0
20221010,"Florence","Hard",FALSE,"Oscar Otte","Marton Fucsovics",1494.74498267598,1521.71914266476,1,-26.9741599887868,3,3,0.494619162154588,0
20220923,"Laver Cup","Hard",FALSE,"Taylor Fritz","Cameron Norrie",1642.06606006649,1669.03844585663,1,-26.972385790144,3,3,0.494621020965491,0
20230724,"Umag","Clay",FALSE,"Dino Prizmic","Alexei Popyrin",1471.15538086737,1498.03216113108,0,-26.8767802637094,1,1,0.416746644018175,0
20230724,"Umag","Clay",FALSE,"Martin Landaluce","Taro Daniel",1476.90675662209,1503.7382053187,0,-26.8314486966169,0,1,0.338659343476866,0
20221017,"Antwerp","Hard",FALSE,"Francisco Cerundolo","Marc Andrea Huesler",1515.66899537179,1542.49904975519,1,-26.8300543834041,3,2,0.538644618129786,1
20220627,"Wimbledon","Grass",TRUE,"Hugo Grenier","Marc Andrea Huesler",1457.80509099554,1484.54805128321,1,-26.7429602876696,3,2,0.515339339988435,1
20220523,"Roland Garros","Clay",TRUE,"Alexander Bublik","Arthur Rinderknech",1482.43837639873,1509.11871023826,1,-26.6803338395284,3,3,0.471543624368825,0
20220502,"Madrid Masters","Clay",FALSE,"Filip Krajinovic","John Isner",1493.48693634822,1520.1651674545,0,-26.6782311062716,3,3,0.494929206023689,0
20230213,"Delray Beach","Hard",FALSE,"Matija Pecotic","Marcos Giron",1500,1526.53039193429,0,-26.5303919342937,2,3,0.412658657651771,0
20230612,"s Hertogenbosch","Grass",FALSE,"Alexei Popyrin","Arthur Rinderknech",1476.76345848648,1503.18818435373,1,-26.4247258672447,1,3,0.334953848658457,0
20230619,"Halle","Grass",FALSE,"Nicolas Jarry","Alexander Zverev",1647.45007380626,1673.82328979448,0,-26.3732159882225,3,3,0.49524877359543,0
20230724,"Atlanta","Hard",FALSE,"Juncheng Shang","Ben Shelton",1440.83496279251,1467.09717210708,1,-26.262209314566,0,3,0.265318965787215,0
20230116,"Australian Open","Hard",TRUE,"Sebastian Korda","Daniil Medvedev",1692.6808294028,1718.87412053677,1,-26.1932911339627,3,3,0.472478431092586,0
20220418,"Barcelona","Clay",FALSE,"Hugo Grenier","Mackenzie Mcdonald",1485.2044972522,1511.36644526046,0,-26.1619480082627,3,3,0.495470123588435,0
20231030,"Paris Masters","Hard",FALSE,"Miomir Kecmanovic","Tomas Martin Etcheverry",1519.55430662233,1545.63026826576,0,-26.07596164343,3,1,0.582697193764979,1
20220425,"Munich","Clay",FALSE,"Marko Topo","Oscar Otte",1500,1525.99789775208,0,-25.9978977520775,0,3,0.265534958652848,0
20220214,"Delray Beach","Hard",FALSE,"Daniel Altmaier","Jack Sock",1463.77697282113,1489.7271843654,0,-25.9502115442745,1,3,0.335397020093943,0
20230213,"Buenos Aires","Clay",FALSE,"Federico Coria","Facundo Diaz Acosta",1474.09703911982,1500,0,-25.9029608801841,1,2,0.375693154075939,0
20220523,"Roland Garros","Clay",TRUE,"Corentin Moutet","Stan Wawrinka",1486.12717343035,1511.99976186798,1,-25.8725884376277,3,1,0.560671416272455,1
20220725,"Atlanta","Hard",FALSE,"Ben Shelton","Ramkumar Ramanathan",1487.85512262385,1513.45644409403,1,-25.6013214701884,3,3,0.496057512410678,0
20220214,"Marseille","Hard",FALSE,"Dennis Novak","Radu Albot",1485,1510.43668243353,0,-25.4366824335327,0,1,0.339969857064738,0
20220117,"Australian Open","Hard",TRUE,"Brandon Nakashima","Matteo Berrettini",1512.55637371612,1537.9884725428,0,-25.4320988266761,3,3,0.473939811721644,0
20220801,"Los Cabos","Hard",FALSE,"Gonzalo Villanueva","Steve Johnson",1500,1525.31328086303,0,-25.313280863031,0,3,0.266094942716925,0
20220711,"Newport","Grass",FALSE,"Dominik Koepfer","Christopher Eubanks",1450.83190449675,1476.12769322016,0,-25.295788723409,2,3,0.413913379705464,0
20220221,"Santiago","Clay",FALSE,"Tomas Martin Etcheverry","Juan Ignacio Londero",1473.15307435038,1498.42495578871,0,-25.271881438329,1,1,0.418382563394723,0
20230403,"Houston","Clay",FALSE,"Max Purcell","Tomas Martin Etcheverry",1447.91111736978,1472.98713082261,0,-25.0760134528298,0,1,0.340309139367855,0
20220425,"Estoril","Clay",FALSE,"Sebastian Baez","Frances Tiafoe",1489.30586929136,1514.26764828434,1,-24.9617789929721,3,3,0.496727597529476,0
20230619,"Queen's Club","Grass",FALSE,"Sebastian Korda","Cameron Norrie",1654.03340103575,1678.97861278203,1,-24.9452117462793,3,3,0.496744956145059,0
20220711,"Bastad","Clay",FALSE,"Hugo Gaston","Nikoloz Basilashvili",1477.09914004936,1502.04219277687,1,-24.9430527275138,3,3,0.496747218294411,0
20230213,"Delray Beach","Hard",FALSE,"Marcos Giron","Miomir Kecmanovic",1540.38720393206,1565.25623743746,0,-24.869033505408,3,3,0.496824773297907,0
20230717,"Gstaad","Clay",FALSE,"Roberto Carballes Baena","Stan Wawrinka",1542.31351035475,1567.1661832885,0,-24.8526729337509,1,1,0.418810172055852,0
20230306,"Indian Wells Masters","Hard",FALSE,"Lorenzo Sonego","Jason Kubler",1532.46768366243,1557.31911205069,0,-24.8514283882546,3,3,0.496843219406347,0
20230529,"Roland Garros","Clay",TRUE,"Daniel Evans","Thanasi Kokkinakis",1513.7280633091,1538.56597920096,0,-24.8379158918581,2,1,0.479644963403921,0
20220915,"Davis Cup WG1 R1: HUN vs UKR","Hard",FALSE,"Zsombor Piros","Vladyslav Orlov",1475.17468126685,1500,1,-24.8253187331509,2,2,0.457594256697074,0
20220627,"Wimbledon","Grass",TRUE,"Jack Sock","Maxime Cressy",1478.38077700298,1503.15671637211,1,-24.7759393691279,3,3,0.475199903591314,0
20230206,"Cordoba","Clay",FALSE,"Sebastian Baez","Federico Coria",1452.26770895594,1477.01596852055,1,-24.7482595646118,3,1,0.584049693468043,1
20220117,"Australian Open","Hard",TRUE,"Jan Lennard Struff","Botic Van De Zandschulp",1474.940708964,1499.63709320503,0,-24.6963842410235,1,3,0.317494200590594,0
20230612,"Stuttgart","Grass",FALSE,"Zhizhen Zhang","Jan Lennard Struff",1542.28313849402,1566.96947796287,0,-24.6863394688467,1,1,0.418979872378249,0
20230731,"Washington","Hard",FALSE,"Bjorn Fratangelo","Gael Monfils",1491.79140420427,1516.41944686892,0,-24.6280426646545,0,2,0.302410191606981,0
20220523,"Roland Garros","Clay",TRUE,"Marton Fucsovics","Marin Cilic",1507.13092170182,1531.72636176346,0,-24.5954400616472,3,3,0.475546591430603,0
20220627,"Wimbledon","Grass",TRUE,"Daniel Elahi Galan","Brandon Nakashima",1492.89479959759,1517.42406340228,0,-24.5292638046808,3,3,0.475673703123674,0
20220620,"Eastbourne","Grass",FALSE,"Jack Draper","Ryan Peniston",1514.7334484861,1539.16140328189,1,-24.4279547957883,3,0,0.626345445222389,1
20231002,"Shanghai Masters","Hard",FALSE,"Alexei Popyrin","Matteo Arnaldi",1550.06723891533,1574.49398190494,0,-24.4267429896099,1,1,0.419244761803545,0
20220214,"Delray Beach","Hard",FALSE,"Cameron Norrie","Sebastian Korda",1521.23761217019,1545.62128193199,1,-24.3836697618051,3,3,0.497333325715869,0
20230724,"Atlanta","Hard",FALSE,"Lloyd Harris","Ugo Humbert",1443.29559945524,1467.63127482237,0,-24.3356753671287,3,2,0.541241571932589,1
20220801,"Los Cabos","Hard",FALSE,"Juan Alejandro Hernandez Serrano","Nicolas Barrientos",1475.76202139939,1500,1,-24.2379786006131,0,1,0.341098113238352,0
20220207,"Rotterdam","Hard",FALSE,"Jiri Lehecka","Botic Van De Zandschulp",1503.71510264851,1527.85633508018,1,-24.1412324316739,3,3,0.497587347832041,0
20231127,"NextGen Finals","Hard",FALSE,"Luca Van Assche","Hamad Medjedovic",1493.60033529404,1517.67676973098,0,-24.0764344369441,1,2,0.377490418355475,0
20220307,"Indian Wells Masters","Hard",FALSE,"Steve Johnson","Aslan Karatsev",1486.62397967401,1510.68468677777,1,-24.0607071037625,3,3,0.497671721317589,0
20220304,"Davis Cup QLS R1: SWE vs JPN","Hard",FALSE,"Taro Daniel","Elias Ymer",1503.47105927651,1527.50374512645,0,-24.0326858499425,1,1,0.419646942343438,0
20220523,"Roland Garros","Clay",TRUE,"Quentin Halys","John Isner",1501.57797378809,1525.59310449385,0,-24.0151307057615,3,3,0.476661358719974,0
20231030,"Paris Masters","Hard",FALSE,"Dominic Thiem","Stan Wawrinka",1539.81223713625,1563.81609001674,1,-24.0038528804916,1,1,0.419676373895896,0
20230807,"Canada Masters","Hard",FALSE,"Aleksandar Vukic","Gael Monfils",1517.59440726834,1541.37185229949,0,-23.7774450311524,2,2,0.458684534627432,0
20220221,"Dubai","Hard",FALSE,"Hubert Hurkacz","Alexander Bublik",1524.28246016884,1548.02125030461,1,-23.7387901357765,3,3,0.498009023383357,0
20220916,"Davis Cup WG1 R1: FIN vs NZL","Hard",FALSE,"Isaac Becroft","Emil Ruusuvuori",1500,1523.73446704802,0,-23.7344670480229,0,3,0.267389203506956,0
20230320,"Miami Masters","Hard",FALSE,"Aleksandar Kovacevic","Francisco Cerundolo",1499.18952842527,1522.73892890538,0,-23.5494004801142,2,3,0.415690132941558,0
20221003,"Tokyo","Hard",FALSE,"Mackenzie Mcdonald","Kaichi Uchida",1467.84029491799,1491.32779755323,1,-23.4875026352422,3,2,0.542124120525343,1
20220718,"Gstaad","Clay",FALSE,"Albert Ramos","Dominic Stricker",1482.45932827247,1505.93919803287,1,-23.4798697603992,1,1,0.420211334443101,0
20230731,"Washington","Hard",FALSE,"Lloyd Harris","Sho Shimabukuro",1445.12846816868,1468.50965483495,0,-23.381186666275,3,0,0.627371656006903,1
20220627,"Wimbledon","Grass",TRUE,"Kamil Majchrzak","Thanasi Kokkinakis",1519.15397985118,1542.5342778757,0,-23.3802980245218,3,1,0.565393738895519,1
20220307,"Indian Wells Masters","Hard",FALSE,"Sebastian Korda","Thanasi Kokkinakis",1524.81126378812,1548.1575548619,1,-23.3462910737776,3,1,0.585476473625748,1
20230203,"Davis Cup WG1 PO: IND vs DEN","Hard",FALSE,"Prajnesh Gunneswaran","Elmer Moller",1476.6542106094,1499.97066487249,1,-23.3164542630825,2,0,0.546839195491692,1
20230529,"Roland Garros","Clay",TRUE,"Emil Ruusuvuori","Grigor Dimitrov",1614.11676321502,1637.42820072434,0,-23.3114375093137,3,3,0.478013455842772,0
20230612,"s Hertogenbosch","Grass",FALSE,"Alexander Bublik","David Goffin",1458.79319990952,1482.08592945086,1,-23.2927295413474,3,3,0.498476405093966,0
20221017,"Antwerp","Hard",FALSE,"Sebastian Korda","Karen Khachanov",1630.44742264232,1653.71932938238,1,-23.271906740061,3,3,0.498498223269457,0
20220516,"Lyon","Clay",FALSE,"Sebastian Baez","Cameron Norrie",1575.12322104178,1598.39463667535,0,-23.2714156335671,3,3,0.498498737851955,0
20220919,"San Diego","Hard",FALSE,"Alejandro Tabilo","Steve Johnson",1508.70345178554,1531.97237437069,1,-23.2689225851527,3,3,0.49850135007379,0
20230403,"Houston","Clay",FALSE,"Tomas Machac","Yannick Hanfmann",1507.83214771252,1531.05766694552,0,-23.2255192330081,1,1,0.420471081280986,0
20220214,"Rio de Janeiro","Clay",FALSE,"Pablo Andujar","Diego Schwartzman",1528.52755302251,1551.7487650823,0,-23.221212059796,1,1,0.420475480214997,0
20220117,"Australian Open","Hard",TRUE,"Miomir Kecmanovic","Tommy Paul",1503.93686923332,1527.09502817222,1,-23.1581589389077,3,3,0.478308013290576,0
20231002,"Shanghai Masters","Hard",FALSE,"Karen Khachanov","Grigor Dimitrov",1713.20767264782,1736.32233985066,0,-23.1146672028337,3,3,0.49866297936991,0
20221024,"Vienna","Hard",FALSE,"Marcos Giron","Grigor Dimitrov",1469.81342466162,1492.88697323632,0,-23.0735485746993,3,3,0.498706063652054,0
20230410,"Monte Carlo Masters","Clay",FALSE,"Andrey Rublev","Holger Rune",1720.13179068236,1743.09223831668,1,-22.9604476343188,3,3,0.498824571419544,0
20230529,"Roland Garros","Clay",TRUE,"Tomas Martin Etcheverry","Yoshihito Nishioka",1554.34122571695,1577.28819266385,1,-22.9469669468967,1,1,0.401258739625516,0
20230925,"Astana","Hard",FALSE,"Juan Pablo Varillas","Dominic Thiem",1523.15604237723,1546.10007531368,0,-22.9440329364484,1,1,0.420758590942598,0
20220627,"Wimbledon","Grass",TRUE,"Jack Sock","Bernabe Zapata Miralles",1480.07260896174,1502.94519463654,1,-22.8725856748024,3,1,0.566354313339469,1
20230320,"Miami Masters","Hard",FALSE,"Aleksandar Vukic","Laslo Djere",1488.05463603856,1510.85209558474,0,-22.7974595461774,2,1,0.503568789619444,1
20220411,"Monte Carlo Masters","Clay",FALSE,"Lorenzo Sonego","Ilya Ivashka",1468.5747298297,1491.34310838522,1,-22.7683785555228,3,2,0.542872183406323,1
20230828,"Us Open","Hard",TRUE,"Borna Coric","Sebastian Baez",1601.17320033436,1623.92745063762,0,-22.7542503032514,1,3,0.320744162590366,0
20220221,"Santiago","Clay",FALSE,"Nicolas Jarry","Thiago Monteiro",1467.73821699681,1490.49143845459,0,-22.7532214577857,3,1,0.586079609362592,1
20221031,"Paris Masters","Hard",FALSE,"Daniel Evans","Brandon Nakashima",1581.98784458794,1604.73036813896,1,-22.7425235510207,2,3,0.416511783030383,0
20220613,"Queen's Club","Grass",FALSE,"Botic Van De Zandschulp","Matteo Berrettini",1602.98622190308,1625.68569131001,0,-22.6994694069313,3,3,0.499098026277478,0
20221031,"Paris Masters","Hard",FALSE,"Arthur Rinderknech","Jack Draper",1568.92231139275,1591.60537372407,0,-22.6830623313219,3,3,0.499115217748679,0
20220606,"s Hertogenbosch","Grass",FALSE,"Jesper De Jong","Jenson Brooksby",1500,1522.66964139662,0,-22.6696413966233,0,3,0.268264367207171,0
20221031,"Paris Masters","Hard",FALSE,"Tommy Paul","Pablo Carreno Busta",1592.73929915023,1615.37839745548,1,-22.6390983052472,3,3,0.499161283633514,0
20230206,"Montpellier","Hard",FALSE,"Maxime Cressy","Emil Ruusuvuori",1557.34146557752,1579.94027444335,1,-22.59880886583,3,3,0.499203499267352,0
20230925,"Astana","Hard",FALSE,"Alexander Shevchenko","Hamad Medjedovic",1482.29390898904,1504.86307291629,0,-22.5691639272454,1,2,0.378976084470178,0
20220411,"Monte Carlo Masters","Clay",FALSE,"Fabio Fognini","Arthur Rinderknech",1515.6923292388,1538.25952147363,1,-22.5671922348311,1,3,0.338564958302166,0
20220822,"Winston-Salem","Hard",FALSE,"Dominic Thiem","J J Wolf",1502.59040459748,1525.14046076971,1,-22.5500561722245,1,3,0.338581042096963,0
20220404,"Houston","Clay",FALSE,"Mitchell Krueger","Juan Pablo Varillas",1460.79638842556,1483.19610648081,1,-22.3997180552497,3,1,0.586438990111365,1
20221024,"Basel","Hard",FALSE,"Dominic Stricker","Maxime Cressy",1500.79372634074,1523.04995154143,1,-22.2562252006924,1,3,0.338856887897601,0
20230403,"Estoril","Clay",FALSE,"Chun Hsin Tseng","Pedro Cachin",1384.91659720017,1407.15938779573,0,-22.2427905955562,0,1,0.342980037197497,0
20220926,"Seoul","Hard",FALSE,"Mackenzie Mcdonald","Aleksandar Kovacevic",1482.59774172339,1504.77350666983,0,-22.175764946441,3,2,0.54348849967896,1
20230920,"Chengdu","Hard",FALSE,"Alibek Kachmazov","Christopher Oconnell",1500,1522.15163420717,0,-22.1516342071664,0,3,0.268690764669128,0
20220418,"Barcelona","Clay",FALSE,"Alex De Minaur","Cameron Norrie",1575.13872922646,1597.28446721872,1,-22.1457379922599,3,3,0.499678231608568,0
20231002,"Shanghai Masters","Hard",FALSE,"J J Wolf","Cameron Norrie",1546.51940899186,1568.58864378035,1,-22.0692347884922,3,3,0.499758392536349,0
20230116,"Australian Open","Hard",TRUE,"Zhizhen Zhang","Ben Shelton",1515.79137471962,1537.85692690571,0,-22.0655521860897,1,3,0.32190083678762,0
20231002,"Shanghai Masters","Hard",FALSE,"Botic Van De Zandschulp","Christopher Oconnell",1514.15408307569,1536.1965650566,1,-22.0424819809134,3,3,0.499786424435812,0
20220523,"Roland Garros","Clay",TRUE,"Richard Gasquet","Sebastian Korda",1540.71080274477,1562.57741179394,0,-21.8666090491731,3,3,0.480790580762369,0
20220307,"Indian Wells Masters","Hard",FALSE,"Lloyd Harris","Facundo Bagnis",1429.20093829727,1450.98530814992,1,-21.7843698526506,3,1,0.587064349327878,1
20220627,"Wimbledon","Grass",TRUE,"Richard Gasquet","Botic Van De Zandschulp",1551.45779857768,1573.22327931985,0,-21.7654807421709,3,3,0.480985007344322,0
20220620,"Mallorca","Grass",FALSE,"Roberto Bautista Agut","Nick Kyrgios",1623.41313530081,1645.16566527641,1,-21.7525299756023,3,3,0.500090239530751,1
20220321,"Miami Masters","Hard",FALSE,"Roberto Carballes Baena","David Goffin",1437.65268833042,1459.30786346776,0,-21.6551751373429,1,3,0.339421489089234,0
20230925,"Astana","Hard",FALSE,"Corentin Moutet","Alibek Kachmazov",1464.39465734672,1485.95506915056,0,-21.5604118038495,3,0,0.629153937226952,1
20230206,"Dallas","Hard",FALSE,"Yibing Wu","Adrian Mannarino",1538.6055401122,1560.1247977181,1,-21.5192576058944,2,3,0.417758329565154,0
20230807,"Canada Masters","Hard",FALSE,"Tommy Paul","Francisco Cerundolo",1657.4321997089,1678.7268903054,1,-21.2946905964986,3,3,0.50056996875137,1
20220915,"Davis Cup Finals RR: FRA vs AUS","Hard",FALSE,"Jason Kubler","Richard Gasquet",1556.35129452081,1577.6343871764,0,-21.2830926555853,3,3,0.500582121193637,1
20230626,"Eastbourne","Grass",FALSE,"Miomir Kecmanovic","Gregoire Barrere",1526.65359853036,1547.91385874875,0,-21.260260218384,3,1,0.587596764283188,1
20220822,"Winston-Salem","Hard",FALSE,"Richard Gasquet","Steve Johnson",1543.24606004851,1564.3418670562,1,-21.0958070076836,3,3,0.500778360924435,1
20220110,"Adelaide 2","Hard",FALSE,"Mackenzie Mcdonald","Arthur Rinderknech",1500,1521.08909002824,0,-21.0890900282429,3,3,0.500785399036993,1
20230717,"Newport","Grass",FALSE,"John Isner","Corentin Moutet",1494.60226299515,1515.67449238257,1,-21.0722293874169,3,3,0.50080306576945,1
20231126,"Davis Cup Finals F: AUS vs ITA","Hard",FALSE,"Alexei Popyrin","Matteo Arnaldi",1551.06910570552,1572.13300301523,0,-21.0638973097077,1,1,0.422680328322744,0
20220718,"Gstaad","Clay",FALSE,"Tomas Martin Etcheverry","Jiri Lehecka",1411.36338785912,1432.19236449823,0,-20.8289766391063,1,3,0.340198330812307,0
20230724,"Atlanta","Hard",FALSE,"Gael Monfils","Thanasi Kokkinakis",1521.47387428083,1542.29559389388,0,-20.8217196130513,2,1,0.505638814603933,1
20230828,"Us Open","Hard",TRUE,"James Duckworth","Felipe Meligeni Alves",1433.2792285728,1454.05547335585,0,-20.7762447830589,3,2,0.526806659969786,1
20220207,"Dallas","Hard",FALSE,"Marcos Giron","Jenson Brooksby",1479.91803255272,1500.68361100539,0,-20.7655784526653,3,3,0.501124377007565,1
20230916,"Davis Cup WG1 R1: ISR vs JPN","Hard",FALSE,"Sho Shimabukuro","Daniel Cukierman",1463.82843787127,1484.46345607246,0,-20.635018201187,0,2,0.305952367348285,0
20230731,"Los Cabos","Hard",FALSE,"Gonzalo Lama","Thiago Agustin Tirante",1483.70981787297,1504.33114366553,0,-20.621325792566,0,0,0.385222666790274,0
20230213,"Delray Beach","Hard",FALSE,"Nuno Borges","Steve Johnson",1465.74019393183,1486.30576582457,1,-20.5655718927403,2,3,0.418730895675608,0
20230828,"Us Open","Hard",TRUE,"Richard Gasquet","Fabian Marozsan",1482.5575725937,1503.09932018494,0,-20.5417475912434,3,1,0.570757677697391,1
20231106,"Sofia","Hard",FALSE,"Christopher Oconnell","Sebastian Ofner",1495.07050854202,1515.60991696384,0,-20.5394084218174,3,1,0.588328704204144,1
20220627,"Wimbledon","Grass",TRUE,"Max Purcell","Adrian Mannarino",1469.42624360409,1489.96072611987,0,-20.5344825157799,0,3,0.25605410302754,0
20230116,"Australian Open","Hard",TRUE,"Hubert Hurkacz","Sebastian Korda",1671.22301126485,1691.67105177592,0,-20.4480405110658,3,3,0.48351838742074,0
20220221,"Acapulco","Hard",FALSE,"Yoshihito Nishioka","Feliciano Lopez",1447.15353152354,1467.5436484308,1,-20.3901169072551,1,0,0.466761988042504,0
20221003,"Tokyo","Hard",FALSE,"Ramkumar Ramanathan","Rio Noguchi",1479.61139532137,1500,0,-20.3886046786279,3,0,0.630299117088698,1
20230204,"Davis Cup QLS R1: KAZ vs CHI","Clay",FALSE,"Cristian Garin","Alexander Bublik",1480.18660356407,1500.47122620322,1,-20.2846226391459,3,3,0.501628324283669,1
20220214,"Marseille","Hard",FALSE,"Benjamin Bonzi","Pierre Hugues Herbert",1492.45648107288,1512.7101352272,1,-20.2536541543195,3,2,0.545486563088814,1
20220516,"Lyon","Clay",FALSE,"Hugo Gaston","Manuel Guinard",1465.77262466582,1485.90983647597,0,-20.1372118101519,3,2,0.545607560287827,1
20221114,"Tour Finals","Hard",FALSE,"Andrey Rublev","Daniil Medvedev",1699.05095874843,1719.16444725393,1,-20.1134885054958,3,3,0.501807638515406,1
20220418,"Belgrade ","Clay",FALSE,"Novak Djokovic","Karen Khachanov",1512.99924495578,1533.10559389168,1,-20.106348935904,3,3,0.501815119341905,1
20230717,"Newport","Grass",FALSE,"Aleksandar Vukic","Li Tu",1463.44057884109,1483.5435452029,0,-20.1029663618062,2,0,0.550174622454498,1
20230626,"Mallorca","Grass",FALSE,"Constant Lestienne","Arthur Rinderknech",1450.63946123069,1470.717055759,0,-20.0775945283101,0,3,0.270402298496769,0
20220404,"Marrakech","Clay",FALSE,"Lorenzo Musetti","Carlos Taberner",1467.67410459015,1487.69532450739,1,-20.0212199172329,3,1,0.588854622360914,1
20220916,"Davis Cup WG1 R1: CZE vs ISR","Hard",FALSE,"Tomas Machac","Edan Leshem",1480.00221607258,1500,1,-19.997783927419,1,0,0.467171284777372,0
20230306,"Indian Wells Masters","Hard",FALSE,"John Isner","Brandon Nakashima",1571.94308525706,1591.93567027805,0,-19.9925850209845,3,3,0.501934320828719,1
20220627,"Wimbledon","Grass",TRUE,"Chun Hsin Tseng","Alastair Gray",1470.88602006008,1490.85381389768,0,-19.9677938375953,0,0,0.369399823702488,0
20220221,"Santiago","Clay",FALSE,"Yannick Hanfmann","Thiago Seyboth Wild",1495.05402949426,1515,1,-19.9459705057386,1,1,0.423824105889473,0
20220117,"Australian Open","Hard",TRUE,"Salvatore Caruso","Miomir Kecmanovic",1500,1519.93520927843,0,-19.9352092784322,0,3,0.256934268570996,0
20230717,"Bastad","Clay",FALSE,"Thiago Monteiro","Daniel Elahi Galan",1431.56282876783,1451.48653408169,1,-19.923705313859,1,3,0.341050509121512,0
20220725,"Atlanta","Hard",FALSE,"James Duckworth","Dominik Koepfer",1417.18195904519,1436.92208585888,1,-19.7401268136939,3,2,0.546020137401398,1
20230724,"Umag","Clay",FALSE,"Jesper De Jong","Matteo Arnaldi",1473.82422130507,1493.52229661382,0,-19.6980753087507,0,1,0.345387467091289,0
20220523,"Roland Garros","Clay",TRUE,"Peter Gojowczyk","Lorenzo Sonego",1445.17992909315,1464.85560413465,0,-19.6756750415075,2,3,0.402917590483264,0
20230102,"Adelaide 1","Hard",FALSE,"Mackenzie Mcdonald","Daniel Elahi Galan",1515.42699430178,1535.10201130081,1,-19.6750169990362,3,3,0.502267066437576,1
20220214,"Doha","Hard",FALSE,"Karen Khachanov","Emil Ruusuvuori",1548.47668801766,1568.12065474403,1,-19.6439667263653,3,3,0.50229960059863,1
20220725,"Umag","Clay",FALSE,"Tomas Martin Etcheverry","Facundo Bagnis",1397.26157127868,1416.89722837635,0,-19.6356570976741,1,1,0.424141740260296,0
20230306,"Indian Wells Masters","Hard",FALSE,"Jack Sock","Francisco Cerundolo",1488.95164046845,1508.58569811012,0,-19.6340576416719,3,3,0.502309983233071,1
20230424,"Madrid Masters","Clay",FALSE,"Borna Coric","Alejandro Davidovich Fokina",1575.29641444374,1594.90846697168,1,-19.6120525279355,1,3,0.341344122068169,0
20220207,"Dallas","Hard",FALSE,"Vasek Pospisil","Jurij Rodionov",1498.60593718471,1518.17076242024,1,-19.5648252355275,2,1,0.506955593600123,1
20230213,"Delray Beach","Hard",FALSE,"Radu Albot","Aleksandar Vukic",1483.64692436568,1503.19540999898,1,-19.5484856332998,1,2,0.381960284831377,0
20231121,"Davis Cup Finals QF: CAN vs FIN","Hard",FALSE,"Patrick Kaukovalta","Milos Raonic",1500,1519.5175201082,0,-19.517520108199,0,2,0.306947835172632,0
20230417,"Barcelona","Clay",FALSE,"Oleksii Krutykh","Pavel Kotov",1468.53114729615,1487.99902143637,0,-19.4678741402238,0,3,0.270906753518455,0
20230206,"Dallas","Hard",FALSE,"Michael Mmoh","Yibing Wu",1485.97255813873,1505.3606576873,0,-19.3880995485774,3,2,0.546385846046477,1
20220919,"Metz","Hard",FALSE,"Benjamin Bonzi","Holger Rune",1479.73972462059,1499.114663574,0,-19.3749389534078,3,3,0.502581484328178,1
20230703,"Wimbledon","Grass",TRUE,"Aleksandar Vukic","Quentin Halys",1464.08982096825,1483.43881755635,0,-19.3489965880929,2,3,0.403523007707513,0
20230717,"Bastad","Clay",FALSE,"Bernabe Zapata Miralles","Sebastian Ofner",1503.29709738078,1522.61989125631,0,-19.322793875529,1,1,0.424462048057411,0
20220321,"Miami Masters","Hard",FALSE,"Francisco Cerundolo","Casper Ruud",1582.04005076146,1601.34355223654,0,-19.3035014750847,3,1,0.589582711337358,1
20230612,"Stuttgart","Grass",FALSE,"Marton Fucsovics","Yibing Wu",1543.73175627284,1562.96226582376,1,-19.2305095509232,3,2,0.546549544511786,1
20230920,"Chengdu","Hard",FALSE,"Jordan Thompson","Dusan Lajovic",1519.64629633827,1538.7643561107,1,-19.1180597724215,3,1,0.589770768888434,1
20220207,"Dallas","Hard",FALSE,"John Isner","Kevin Anderson",1467.38688987938,1486.45610145845,1,-19.0692115790685,3,3,0.502901819410973,1
20220926,"Sofia","Hard",FALSE,"Kamil Majchrzak","Ricardas Berankis",1522.71436546682,1541.78355213304,1,-19.0691866662241,3,3,0.502901845514064,1
20220919,"San Diego","Hard",FALSE,"Constant Lestienne","Brandon Holt",1487.93040381126,1506.99120697135,1,-19.0608031600916,0,0,0.386772794909691,0
20220307,"Indian Wells Masters","Hard",FALSE,"Lorenzo Musetti","Marcos Giron",1497.10438031881,1516.14659783793,1,-19.0422175191145,3,3,0.50293010314131,1
20220214,"Rio de Janeiro","Clay",FALSE,"Carlos Alcaraz","Diego Schwartzman",1572.08759361244,1591.11611523578,1,-19.0285216233351,3,1,0.589861560675785,1
20230724,"Hamburg","Clay",FALSE,"Laslo Djere","Tomas Martin Etcheverry",1538.2091324459,1557.16135082215,1,-18.9522183762524,1,1,0.424841523473416,0
20220307,"Indian Wells Masters","Hard",FALSE,"Botic Van De Zandschulp","Miomir Kecmanovic",1558.29023645187,1577.23932903349,0,-18.9490925816201,3,3,0.503027677078248,1
20220829,"Us Open","Hard",TRUE,"Pedro Cachin","Brandon Holt",1481.07296052336,1500,1,-18.9270394766372,1,0,0.451786307957057,0
20221010,"Florence","Hard",FALSE,"Mackenzie Mcdonald","Lorenzo Musetti",1517.60744483962,1536.53192635605,0,-18.9244815164318,3,3,0.503053463887108,1
20221107,"NextGen Finals","Hard",FALSE,"Jiri Lehecka","Francesco Passaro",1453.01887888412,1471.93773203615,1,-18.9188531520301,3,1,0.589972756289615,1
20230522,"Lyon","Clay",FALSE,"Pedro Cachin","Sebastian Baez",1468.42268340058,1487.15810912204,0,-18.7354257214645,1,3,0.34217065799719,0
20220117,"Australian Open","Hard",TRUE,"Dominik Koepfer","Reilly Opelka",1485,1503.64960895511,0,-18.6496089551131,2,1,0.491549394802355,0
20220725,"Atlanta","Hard",FALSE,"Mackenzie Mcdonald","Jenson Brooksby",1503.72868322658,1522.31832635365,0,-18.5896431270612,3,3,0.503404296829547,1
20220214,"Rio de Janeiro","Clay",FALSE,"Miomir Kecmanovic","Lorenzo Sonego",1528.88947461779,1547.45810883437,1,-18.5686342165779,3,3,0.503426309185054,1
20230529,"Roland Garros","Clay",TRUE,"Lucas Pouille","Jurij Rodionov",1465.2310203183,1483.75228755713,1,-18.5212672388307,1,1,0.409474456770016,0
20220207,"Dallas","Hard",FALSE,"Adrian Mannarino","Reilly Opelka",1525.9866064471,1544.46151591352,0,-18.4749094664173,3,1,0.590422787850614,1
20231002,"Shanghai Masters","Hard",FALSE,"Francisco Cerundolo","Sebastian Korda",1639.48166120861,1657.93046127419,0,-18.4488000655822,3,3,0.503551866697747,1
20221010,"Florence","Hard",FALSE,"Mikael Ymer","Tim Van Rijthoven",1549.41124625036,1567.81778762278,1,-18.4065413724159,3,3,0.503596143589216,1
20230927,"Beijing","Hard",FALSE,"Grigor Dimitrov","Holger Rune",1711.62482756244,1729.94146897722,1,-18.3166414147736,3,3,0.503690336816782,1
20220829,"Us Open","Hard",TRUE,"Aslan Karatsev","Fabio Fognini",1451.3299010368,1469.61309192777,0,-18.2831908909718,3,1,0.575013839013269,1
20220516,"Geneva","Clay",FALSE,"Johan Nikles","Leandro Riedi",1481.71943312753,1500,1,-18.2805668724684,1,0,0.468963263913259,0
20220829,"Us Open","Hard",TRUE,"Pablo Carreno Busta","Alex De Minaur",1618.04036533027,1636.3066394242,1,-18.2662740939202,3,3,0.487715630255515,0
20231030,"Paris Masters","Hard",FALSE,"Stefanos Tsitsipas","Karen Khachanov",1697.83781316853,1716.09668633304,1,-18.2588731645058,3,3,0.503750863714636,1
20230724,"Atlanta","Hard",FALSE,"Lloyd Harris","James Duckworth",1429.34454016861,1447.51873089031,1,-18.1741907217015,3,3,0.503839589858057,1
20220117,"Australian Open","Hard",TRUE,"Felix Auger Aliassime","Daniil Medvedev",1525.55267449341,1543.65343160707,0,-18.1007571136536,3,3,0.48803412699541,0
20230508,"Rome Masters","Clay",FALSE,"Stan Wawrinka","Grigor Dimitrov",1579.80629803501,1597.85648486344,0,-18.05018682843,1,3,0.342817410114381,0
20230206,"Cordoba","Clay",FALSE,"Joao Sousa","Albert Ramos",1422.96219952255,1440.93888990368,0,-17.9766903811294,1,1,0.425840902740015,0
20230522,"Lyon","Clay",FALSE,"Arthur Fils","Francisco Cerundolo",1627.61767847839,1645.57232573619,1,-17.9546472577922,1,3,0.342907630104801,0
20220801,"Washington","Hard",FALSE,"Ilya Ivashka","Sebastian Korda",1549.20696573521,1567.12742194938,0,-17.9204562141692,2,3,0.421431663005469,0
20221003,"Tokyo","Hard",FALSE,"Soon Woo Kwon","Mackenzie Mcdonald",1465.7227526653,1483.61195193067,1,-17.8891992653726,2,3,0.421463606036088,0
20220418,"Barcelona","Clay",FALSE,"Stefanos Tsitsipas","Carlos Alcaraz",1675.42927918319,1693.31173429144,0,-17.8824551082519,3,3,0.504145254353232,1
20220919,"San Diego","Hard",FALSE,"Mitchell Krueger","Christopher Eubanks",1485.27696798116,1503.1254510762,1,-17.8484830950442,3,3,0.504180848159074,1
20220725,"Umag","Clay",FALSE,"Mikael Ymer","Jaume Munar",1491.83886060665,1509.65655663158,0,-17.8176960249368,3,1,0.591088735582215,1
20230925,"Astana","Hard",FALSE,"Egor Gerasimov","Bernabe Zapata Miralles",1463.17941425385,1480.82615386602,1,-17.6467396121739,0,1,0.347333928893418,0
20230213,"Rotterdam","Hard",FALSE,"Daniil Medvedev","Jannik Sinner",1735.4486874685,1753.03597402653,1,-17.5872865580297,3,3,0.504454512535977,1
20230508,"Rome Masters","Clay",FALSE,"Alexander Shevchenko","Sebastian Baez",1492.74128700312,1510.28135796458,1,-17.5400709614676,1,3,0.343299254498736,0
20220711,"Newport","Grass",FALSE,"Stefan Kozlov","Steve Johnson",1505.44439390068,1522.93481143518,0,-17.4904175345014,2,3,0.421871198522679,0
20220117,"Australian Open","Hard",TRUE,"Diego Schwartzman","Filip Krajinovic",1498.06607568912,1515.5131016214,1,-17.4470259322854,1,3,0.32971370599028,0
20221003,"Tokyo","Hard",FALSE,"Sho Shimabukuro","Kamil Majchrzak",1499.40472839851,1516.80282708721,0,-17.3980986887016,0,3,0.272623596649042,0
20220304,"Davis Cup WG1 PO: IND vs DEN","Grass",FALSE,"Ramkumar Ramanathan","Christian Sigsgaard",1482.63783546537,1500,1,-17.3621645346323,3,0,0.633249983173303,1
20220307,"Indian Wells Masters","Hard",FALSE,"Denis Shapovalov","Reilly Opelka",1572.02258249397,1589.33834610966,0,-17.315763615695,3,1,0.591597113718125,1
20220404,"Houston","Clay",FALSE,"Gijs Brouwer","J J Wolf",1489.26655376013,1506.51467561956,1,-17.2481218594321,3,3,0.504809862764787,1
20220103,"Atp Cup","Hard",FALSE,"Daniel Evans","Denis Shapovalov",1528.76763631845,1545.92177601116,1,-17.1541396927139,2,3,0.422214988910756,0
20230206,"Cordoba","Clay",FALSE,"Hugo Dellien","Pedro Cachin",1428.84884068506,1445.9021479863,1,-17.0533073012436,1,1,0.426787420787781,0
20220221,"Acapulco","Hard",FALSE,"Jenson Brooksby","Alexander Zverev",1528.59795549719,1545.65013047884,0,-17.0521749816446,3,3,0.505015158377298,1
20220110,"Adelaide 2","Hard",FALSE,"Yoshihito Nishioka","Thiago Monteiro",1485,1502.03037494247,0,-17.0303749424736,1,1,0.426810934562267,0
20230306,"Indian Wells Masters","Hard",FALSE,"Stan Wawrinka","Miomir Kecmanovic",1559.95643224093,1576.96339293186,1,-17.0069606909283,1,3,0.343803164023802,0
20221031,"Paris Masters","Hard",FALSE,"Miomir Kecmanovic","Cameron Norrie",1605.51509340704,1622.49416013938,0,-16.9790667323346,3,3,0.505091754232438,1
20221017,"Antwerp","Hard",FALSE,"Daniel Evans","Constant Lestienne",1547.91538817394,1564.8802854809,1,-16.9648973069609,2,0,0.553427423383875,1
20230703,"Wimbledon","Grass",TRUE,"Roman Safiullin","Corentin Moutet",1499.29878288626,1516.26305815121,1,-16.9642752649572,3,3,0.490221255690449,0
20230410,"Monte Carlo Masters","Clay",FALSE,"Stan Wawrinka","Tallon Griekspoor",1575.69009587311,1592.64470483384,1,-16.954608960729,1,3,0.343852667211532,0
20220919,"Metz","Hard",FALSE,"Lorenzo Sonego","Gilles Simon",1469.64956047141,1486.55959221965,1,-16.9100317482396,3,3,0.505164082289196,1
20220808,"Canada Masters","Hard",FALSE,"Jenson Brooksby","Alexander Bublik",1543.99890866382,1560.85858827669,1,-16.8596796128634,3,3,0.505216836161083,1
20230915,"Davis Cup WG2 R1: LBN vs JAM","Clay",FALSE,"Hady Habib","Blaise Bicknell",1512.40283827087,1529.22245333297,1,-16.8196150621,1,1,0.427027053423393,0
20221010,"Gijon","Hard",FALSE,"Andy Murray","Sebastian Korda",1568.47795730376,1585.22888561917,0,-16.7509283154093,3,3,0.505330774367168,1
20220418,"Belgrade ","Clay",FALSE,"Laslo Djere","Novak Djokovic",1512.20714350006,1528.86633806342,0,-16.6591945633606,1,3,0.344132071187404,0
20220926,"Sofia","Hard",FALSE,"Fernando Verdasco","Nikoloz Basilashvili",1414.6256734064,1431.2673659528,1,-16.6416925463977,1,3,0.34414862804264,0
20220207,"Rotterdam","Hard",FALSE,"Bernabe Zapata Miralles","Botic Van De Zandschulp",1496.96831825729,1513.57265672239,0,-16.6043384651002,1,3,0.34418396615702,0
20220808,"Canada Masters","Hard",FALSE,"Fabio Fognini","Holger Rune",1477.49112491516,1494.02390859117,0,-16.5327836760011,1,3,0.344251664011561,0
20220307,"Indian Wells Masters","Hard",FALSE,"Federico Coria","Daniel Evans",1518.54865990162,1535.06547044191,0,-16.5168105402904,1,2,0.384964330380177,0
20230306,"Indian Wells Masters","Hard",FALSE,"Jack Draper","Andy Murray",1612.85862374651,1629.37442543546,1,-16.5158016889468,3,3,0.50557711348326,1
20220718,"Hamburg","Clay",FALSE,"Emil Ruusuvuori","Lorenzo Musetti",1525.68562054105,1542.17246776562,0,-16.4868472245737,3,3,0.5056074485151,1
20220207,"Buenos Aires","Clay",FALSE,"Pedro Martinez","Alejandro Tabilo",1502.67503073807,1518.99842789662,1,-16.3233971585516,3,3,0.505778691204463,1
20220418,"Barcelona","Clay",FALSE,"Felix Auger Aliassime","Diego Schwartzman",1585.83037265874,1602.0871522048,0,-16.2567795460561,3,1,0.592669053229655,1
20230915,"Davis Cup Finals RR: CRO vs FIN","Hard",FALSE,"Borna Gojo","Emil Ruusuvuori",1551.34377125195,1567.57175622257,0,-16.227984970619,2,3,0.423162222983943,0
20220829,"Us Open","Hard",TRUE,"Quentin Halys","Arthur Rinderknech",1439.51696325167,1455.74202482594,0,-16.2250615742701,3,3,0.491644058728401,0
20230814,"Cincinnati Masters","Hard",FALSE,"Novak Djokovic","Carlos Alcaraz",1939.72217049606,1955.87530155238,1,-16.1531310563257,3,3,0.505957073448065,1
20220509,"Rome Masters","Clay",FALSE,"Matteo Arnaldi","Marin Cilic",1500,1516.14203104594,0,-16.1420310459371,1,3,0.344621465872694,0
20230213,"Buenos Aires","Clay",FALSE,"Daniel Elahi Galan","Camilo Ugo Carabelli",1486.35896908312,1502.42340213566,0,-16.0644330525408,3,0,0.634512268972349,1
20221017,"Naples","Hard",FALSE,"Borna Gojo","Laslo Djere",1491.40694705906,1507.42780474844,0,-16.0208576893765,2,1,0.510667833914746,1
20230814,"Cincinnati Masters","Hard",FALSE,"Felix Auger Aliassime","Adrian Mannarino",1597.34881257933,1613.36259582944,0,-16.0137832501152,3,3,0.506103062474557,1
20230717,"Bastad","Clay",FALSE,"Leo Borg","Elias Ymer",1489.81974360101,1505.80870701605,1,-15.9889634150425,1,1,0.427879096571979,0
20220131,"Cordoba","Clay",FALSE,"Facundo Bagnis","Juan Pablo Varillas",1468.41029215365,1484.29946126883,0,-15.8891691151803,1,1,0.427981489734891,0
20220509,"Rome Masters","Clay",FALSE,"Giulio Zeppieri","Karen Khachanov",1500,1515.78862310897,0,-15.7886231089697,0,3,0.273963320455222,0
20220425,"Estoril","Clay",FALSE,"Frances Tiafoe","Alejandro Davidovich Fokina",1515.52864921791,1531.31639231934,1,-15.7877431014319,3,3,0.506339873316415,1
20220131,"Pune","Hard",FALSE,"Gian Marco Moroni","Elias Ymer",1500,1515.67235784185,0,-15.6723578418487,0,1,0.349212203742288,0
20220110,"Adelaide 2","Hard",FALSE,"Alex Bolt","Steve Johnson",1485,1500.64719999153,0,-15.6471999915343,0,3,0.274081236474712,0
20220110,"Sydney","Hard",FALSE,"Sebastian Baez","Lorenzo Sonego",1484.38069207016,1500,0,-15.6193079298398,3,3,0.506516332490798,1
20220103,"Atp Cup","Hard",FALSE,"Hubert Hurkacz","Roberto Bautista Agut",1500,1515.61925815412,0,-15.6192581541156,3,3,0.506516384637526,1
20220815,"Cincinnati Masters","Hard",FALSE,"Sebastian Korda","Frances Tiafoe",1564.19630036364,1579.79697436573,1,-15.6006740020921,3,3,0.506535854012402,1
20230206,"Cordoba","Clay",FALSE,"Dusan Lajovic","Albert Ramos",1411.02542313746,1426.61133687179,0,-15.5859137343343,1,1,0.428292680373607,0
20220815,"Cincinnati Masters","Hard",FALSE,"John Isner","Sebastian Korda",1564.35523211434,1579.86548742798,1,-15.5102553136369,3,3,0.50663057934948,1
20220509,"Rome Masters","Clay",FALSE,"Botic Van De Zandschulp","Sebastian Korda",1562.82631141269,1578.24254776331,1,-15.4162363506255,3,3,0.506729075937499,1
20220131,"Cordoba","Clay",FALSE,"Sebastian Baez","Cristian Garin",1487.49868859772,1502.90247703337,1,-15.4037884356503,3,3,0.506742116641712,1
20220523,"Roland Garros","Clay",TRUE,"Grigor Dimitrov","Diego Schwartzman",1590.60072093357,1605.9952872954,0,-15.3945663618219,3,1,0.580441091887525,1
20230417,"Banja Luka","Clay",FALSE,"Alex Molcan","Taro Daniel",1527.95968562694,1543.28916649846,1,-15.32948087152,3,1,0.593606972813915,1
20221024,"Basel","Hard",FALSE,"Arthur Rinderknech","Alex Molcan",1544.84637686791,1560.04253972091,1,-15.1961628529955,3,3,0.506959628313968,1
20220404,"Houston","Clay",FALSE,"Steve Johnson","John Isner",1501.8686208666,1517.01033138147,0,-15.1417105148764,3,3,0.507016672966768,1
20231023,"Basel","Hard",FALSE,"Christopher Eubanks","Jan Lennard Struff",1546.57936842738,1561.71897344437,0,-15.1396050169903,3,1,0.593798939492754,1
20230320,"Miami Masters","Hard",FALSE,"Emil Ruusuvuori","Botic Van De Zandschulp",1583.27707660186,1598.41608280121,1,-15.1390061993529,3,3,0.507019506022001,1
20230821,"Winston-Salem","Hard",FALSE,"Jiri Lehecka","Sebastian Korda",1609.56202886177,1624.65955581335,1,-15.09752695158,3,3,0.507062959844565,1
20220214,"Marseille","Hard",FALSE,"Ilya Ivashka","Norbert Gombos",1486.95765003557,1502.01526557809,1,-15.0576155425276,2,1,0.511676626064358,1
20230915,"Davis Cup WG2 R1: LBN vs JAM","Clay",FALSE,"Benjamin Hassan","Rowland Phillips",1498.50382634105,1513.56126636179,1,-15.0574400207388,1,1,0.428835118046382,0
20220103,"Atp Cup","Hard",FALSE,"Alexander Zverev","Taylor Fritz",1499.99894930587,1515,1,-15.0010506941264,3,3,0.507164028336187,1
20220103,"Adelaide 1","Hard",FALSE,"Gael Monfils","Juan Manuel Cerundolo",1500,1515,1,-15,2,0,0.555461851395043,1
20220103,"Adelaide 1","Hard",FALSE,"Steve Johnson","Aleksandar Vukic",1485,1500,1,-15,3,2,0.550940162221843,1
20220103,"Melbourne","Hard",FALSE,"Maxime Cressy","Grigor Dimitrov",1485,1500,1,-15,3,3,0.507165129039757,1
20220103,"Atp Cup","Hard",FALSE,"Arthur Rinderknech","Roman Safiullin",1500,1515,0,-15,3,3,0.507165129039757,1
20220304,"Davis Cup WG2 PO: EGY vs CYP","Clay",FALSE,"Petros Chrysochos","Karim Mohamed Maamoun",1485,1500,1,-15,1,1,0.428894086142938,0
20220916,"Davis Cup WG2 R1: LBN vs MON","Hard",FALSE,"Hugo Nys","Hady Habib",1500,1515,0,-15,0,1,0.349852906838777,0
20230916,"Davis Cup WG2 R1: PAK vs INA","Grass",FALSE,"David Agung Susanto","Aisam Ul Haq Qureshi",1500,1515,0,-15,0,3,0.274621262925807,0
20230821,"Winston-Salem","Hard",FALSE,"Facundo Diaz Acosta","Quentin Halys",1491.54784403854,1506.5471525977,1,-14.9993085591661,2,3,0.424419735358856,0
20220103,"Atp Cup","Hard",FALSE,"Diego Schwartzman","Stefanos Tsitsipas",1499.38058819137,1514.35280000847,1,-14.9722118170966,1,3,0.34572968756406,0
20220110,"Sydney","Hard",FALSE,"Sebastian Baez","Christopher Oconnell",1470.05457787789,1485,1,-14.945422122106,3,3,0.507222304542033,1
20220214,"Marseille","Hard",FALSE,"Jo-Wilfried Tsonga","Gilles Simon",1486.12293912756,1501.0359990759,1,-14.9130599483415,2,3,0.424508045113261,0
20230403,"Marrakech","Clay",FALSE,"Jaume Munar","Andrea Vavassori",1461.35305896898,1476.13647727858,0,-14.7834183096015,1,0,0.472615093884641,0
20220131,"Montpellier","Hard",FALSE,"Damir Dzumhur","Filip Krajinovic",1513.84444708741,1528.58589212622,0,-14.7414450388078,0,3,0.274837187036527,0
20220207,"Dallas","Hard",FALSE,"Kevin Anderson","Sam Querrey",1470.82205773045,1485.51677059694,1,-14.6947128664881,3,0,0.635842574805201,1
20230724,"Umag","Clay",FALSE,"Benjamin Bonzi","Alexei Popyrin",1497.24902248497,1511.87410633971,0,-14.6250838547355,3,1,0.594318982125464,1
20230529,"Roland Garros","Clay",TRUE,"Grigor Dimitrov","Alexander Zverev",1651.4232726191,1666.04072668318,0,-14.6174540640773,3,3,0.49473874070075,0
20230522,"Lyon","Clay",FALSE,"Mikael Ymer","Richard Gasquet",1517.4186813012,1532.02321962919,1,-14.6045383279895,3,3,0.507579408305626,1
20220418,"Barcelona","Clay",FALSE,"Brandon Nakashima","Nicolas Alvarez Varona",1485.3960477493,1500,1,-14.6039522506951,3,2,0.551350803514896,1
20220404,"Marrakech","Clay",FALSE,"Richard Gasquet","Pavel Kotov",1485.41697870289,1500,1,-14.5830212971123,3,3,0.507601948906507,1
20220307,"Indian Wells Masters","Hard",FALSE,"Fabio Fognini","Pablo Andujar",1517.8941246177,1532.47601189833,1,-14.5818872806365,1,1,0.429323382640682,0
20220304,"Davis Cup WG1 PO: PAK vs LTU","Grass",FALSE,"Muhammad Shoaib","Ricardas Berankis",1500,1514.5771381423,0,-14.5771381423012,0,3,0.274974457589763,0
20230403,"Houston","Clay",FALSE,"Tomas Martin Etcheverry","Juan Manuel Cerundolo",1457.35893230687,1471.9180160866,1,-14.5590837797292,1,0,0.472849455132897,0
20220110,"Adelaide 2","Hard",FALSE,"John Millman","Jaume Munar",1485,1499.55257735169,0,-14.5525773516872,0,1,0.350279565425306,0
20220404,"Marrakech","Clay",FALSE,"Tallon Griekspoor","Pavel Kotov",1469.82881455678,1484.37076983417,0,-14.5419552773849,3,3,0.507644968360182,1
20230724,"Umag","Clay",FALSE,"Flavio Cobolli","Matteo Arnaldi",1464.62136388911,1479.14914609724,0,-14.5277822081284,1,1,0.429378942713387,0
20220214,"Rio de Janeiro","Clay",FALSE,"Felipe Meligeni Alves","Miomir Kecmanovic",1500,1514.51580803677,0,-14.5158080367685,2,3,0.424914852575598,0
20220131,"Montpellier","Hard",FALSE,"Lucas Pouille","Gilles Simon",1485.5287371622,1500,0,-14.4712628377995,1,3,0.346204772391311,0
20220801,"Washington","Hard",FALSE,"Mackenzie Mcdonald","Emil Ruusuvuori",1501.84499417278,1516.26775102612,0,-14.4227568533331,3,3,0.507769836187386,1
20230916,"Davis Cup WG2 R1: PAK vs INA","Grass",FALSE,"David Agung Susanto","Aqeel Khan",1485.64719999153,1500.06504196603,0,-14.417841974491,0,3,0.275107582542887,0
20230612,"Stuttgart","Grass",FALSE,"Aslan Karatsev","Corentin Moutet",1504.09197164518,1518.50752074528,1,-14.4155491001004,3,3,0.507777386730156,1
20220117,"Australian Open","Hard",TRUE,"Oscar Otte","Lorenzo Sonego",1500,1514.38304601499,0,-14.3830460149927,3,3,0.495190020987242,0
20220117,"Australian Open","Hard",TRUE,"Alejandro Tabilo","Carlos Alcaraz",1484.43402639846,1498.8158156363,0,-14.3817892378406,3,3,0.495192440545192,0
20220103,"Melbourne","Hard",FALSE,"Maxime Cressy","Jaume Munar",1515.61925815412,1530,1,-14.3807418458844,3,1,0.594565872231409,1
20220117,"Australian Open","Hard",TRUE,"Oscar Otte","Chun Hsin Tseng",1485.62061152427,1500,1,-14.3793884757304,3,0,0.62438685566021,1
20220103,"Atp Cup","Hard",FALSE,"Hubert Hurkacz","Diego Schwartzman",1500.64478980312,1515,1,-14.3552101968799,3,1,0.594591667377562,1
20220103,"Adelaide 1","Hard",FALSE,"Marin Cilic","Laslo Djere",1515.64719999153,1530,1,-14.3528000084657,3,1,0.594594102413143,1
20220103,"Adelaide 1","Hard",FALSE,"Gael Monfils","Tommy Paul",1515.64719999153,1530,1,-14.3528000084657,2,3,0.425081811086389,0
20220103,"Melbourne","Hard",FALSE,"Emil Ruusuvuori","Sebastian Baez",1485.64719999153,1500,1,-14.3528000084657,3,3,0.507843119920761,1
20220103,"Melbourne","Hard",FALSE,"Ricardas Berankis","Rafael Nadal",1515,1529.35280000847,0,-14.3528000084657,3,3,0.507843119920761,1
20220103,"Atp Cup","Hard",FALSE,"Cristian Garin","Casper Ruud",1499.38194818761,1513.70795354378,0,-14.3260053561721,3,1,0.594621172983966,1
20220304,"Davis Cup WG2 PO: GRE vs JAM","Clay",FALSE,"Aristotelis Thanos","Blaise Bicknell",1485.70166956264,1500,1,-14.2983304373643,1,1,0.429614584689085,0
20220103,"Atp Cup","Hard",FALSE,"Alex De Minaur","Matteo Berrettini",1485,1499.29713314081,1,-14.2971331408064,3,3,0.507901433857866,1
20220418,"Barcelona","Clay",FALSE,"Sebastian Baez","Lorenzo Musetti",1503.68976596094,1517.96821375584,0,-14.2784477949001,3,3,0.507921007680738,1
20230703,"Wimbledon","Grass",TRUE,"Maximilian Marterer","Michael Mmoh",1484.71210022296,1498.96479201283,1,-14.2526917898681,3,3,0.495440981217537,0
20230717,"Newport","Grass",FALSE,"Jordan Thompson","Liam Broady",1496.78960419482,1511.0123505906,1,-14.2227463957704,3,0,0.636300480807136,1
20221003,"Astana","Hard",FALSE,"Luca Nardi","Alexander Shevchenko",1470.21757783374,1484.40663176516,1,-14.1890539314231,0,1,0.350626394872454,0
20220917,"Davis Cup WG1 R1: CHI vs PER","Clay",FALSE,"Nicolas Jarry","Juan Pablo Varillas",1482.01398032102,1496.0993314129,0,-14.0853510918844,3,1,0.594864279585162,1
20230403,"Marrakech","Clay",FALSE,"Roberto Carballes Baena","Maxime Cressy",1511.03617211701,1525.01500820807,1,-13.9788360910625,1,3,0.346672074125037,0
20220829,"Us Open","Hard",TRUE,"Sebastian Korda","Tommy Paul",1579.86938330183,1593.83457158612,0,-13.9651882842854,3,3,0.495994495927773,0
20231016,"Stockholm","Hard",FALSE,"Borna Gojo","Stan Wawrinka",1555.85323726252,1569.81728522484,0,-13.9640479623188,2,1,0.512821790778224,1
20230724,"Atlanta","Hard",FALSE,"Aleksandar Vukic","Ugo Humbert",1490.30578578543,1504.25881631942,1,-13.9530305339968,2,2,0.468924357736938,0
20220110,"Adelaide 2","Hard",FALSE,"Gianluca Mager","Karen Khachanov",1499.35280000847,1513.30126063579,0,-13.9484606273209,2,3,0.425496023294124,0
20230508,"Rome Masters","Clay",FALSE,"Guido Pella","Maxime Cressy",1473.37619879852,1487.28086957484,1,-13.9046707763237,3,3,0.508312552390414,1
20220131,"Pune","Hard",FALSE,"Federico Gaio","Radu Albot",1500,1513.89641356451,0,-13.8964135645103,0,1,0.350905711142418,0
20220110,"Adelaide 2","Hard",FALSE,"Benjamin Bonzi","Tommy Paul",1485,1498.88491135074,0,-13.8849113507413,3,3,0.508333250811317,1
20230109,"Auckland","Hard",FALSE,"Christopher Eubanks","David Goffin",1499.58746899232,1513.39292335611,0,-13.8054543637836,3,3,0.5084164834154,1
20220103,"Atp Cup","Hard",FALSE,"Filip Krajinovic","Alejandro Tabilo",1486.26425577004,1500.02794183742,1,-13.7636860673806,3,3,0.5084602362604,1
20220725,"Kitzbuhel","Clay",FALSE,"Dominic Thiem","Alexander Shevchenko",1486.24900836111,1500,1,-13.7509916388894,1,1,0.43017681835187,0
20220103,"Melbourne","Hard",FALSE,"Emil Ruusuvuori","Jordan Thompson",1501.26650792137,1515,1,-13.7334920786259,3,3,0.50849186478381,1
20220117,"Australian Open","Hard",TRUE,"Jiri Vesely","Stefan Kozlov",1470.56628130386,1484.29593638617,0,-13.7296550823094,2,2,0.45717469409124,0
20220307,"Indian Wells Masters","Hard",FALSE,"Taylor Fritz","Alex De Minaur",1564.19562241508,1577.89348934873,1,-13.6978669336454,3,3,0.508529182413519,1
20230109,"Auckland","Hard",FALSE,"Adrian Mannarino","J J Wolf",1526.40451058431,1540.09505581625,0,-13.6905452319374,3,3,0.508536851943969,1
20220207,"Rotterdam","Hard",FALSE,"Stefanos Tsitsipas","Felix Auger Aliassime",1594.90765027421,1608.57412597809,0,-13.6664757038827,3,3,0.50856206490377,1
20220411,"Monte Carlo Masters","Clay",FALSE,"Laslo Djere","Maxime Cressy",1492.11982049188,1505.74400358664,1,-13.6241830947695,1,3,0.347008815025705,0
20220926,"Seoul","Hard",FALSE,"Chun Hsin Tseng","Christopher Oconnell",1452.05057824185,1465.63062238882,1,-13.5800441469667,0,3,0.275808394071132,0
20220117,"Australian Open","Hard",TRUE,"Norbert Gombos","Timofey Skatov",1486.42968576705,1500,1,-13.5703142329508,1,2,0.376644325607649,0
20220207,"Rotterdam","Hard",FALSE,"Cameron Norrie","Ugo Humbert",1443.87006387667,1457.43979485212,1,-13.5697309754526,3,2,0.552422802261898,1
20230916,"Davis Cup WG2 R1: HKG vs LAT","Hard",FALSE,"Martins Rocens","Coleman Wong",1500,1513.55076778224,0,-13.5507677822425,0,0,0.392264316770626,0
20230920,"Chengdu","Hard",FALSE,"Arthur Rinderknech","Marcos Giron",1503.98881615771,1517.49574314457,1,-13.5069269868577,3,3,0.508729191933701,1
20220926,"Sofia","Hard",FALSE,"Dusan Lajovic","Jan Lennard Struff",1432.83010942952,1446.33606464853,0,-13.5059552190085,1,1,0.430428581466782,0
20220808,"Canada Masters","Hard",FALSE,"Alejandro Davidovich Fokina","Diego Schwartzman",1535.83527041328,1549.29982047471,0,-13.4645500614354,3,1,0.595491191711111,1
20230731,"Washington","Hard",FALSE,"Yoshihito Nishioka","Emil Ruusuvuori",1546.33951663608,1559.79631715971,0,-13.4568005236313,1,3,0.347167797005293,0
20221017,"Naples","Hard",FALSE,"Nuno Borges","Albert Ramos",1501.8654952841,1515.2724081264,1,-13.4069128422998,2,1,0.513405161869415,1
20230529,"Roland Garros","Clay",TRUE,"J J Wolf","Yoshihito Nishioka",1559.75183624755,1573.15003771942,0,-13.3982014718731,3,1,0.5841806784634,1
20221010,"Florence","Hard",FALSE,"J J Wolf","Maxime Cressy",1515.46761243734,1528.85612687199,1,-13.3885144346461,3,3,0.508853227636426,1
20220711,"Newport","Grass",FALSE,"Maxime Cressy","Steve Johnson",1525.16745616614,1538.51059812965,1,-13.3431419635119,3,3,0.508900754457971,1
20220131,"Cordoba","Clay",FALSE,"Sebastian Baez","Fernando Verdasco",1486.73818173752,1500,1,-13.2618182624763,3,1,0.59569585180953,1
20230206,"Montpellier","Hard",FALSE,"Lorenzo Sonego","Benjamin Bonzi",1489.04147642473,1502.29575568935,1,-13.2542792646157,3,3,0.508993836019138,1
20220304,"Davis Cup QLS R1: ARG vs CZE","Clay",FALSE,"Jiri Lehecka","Sebastian Baez",1521.43583795712,1534.68503634648,0,-13.2491983893585,3,3,0.508999158096202,1
20220117,"Australian Open","Hard",TRUE,"Steve Johnson","Jordan Thompson",1485.78019182358,1498.9686899371,1,-13.188498113517,3,3,0.497489860102276,0
20230508,"Rome Masters","Clay",FALSE,"Luca Nardi","David Goffin",1455.87205013459,1469.03350349495,0,-13.1614533603561,0,3,0.276158955891183,0
20231023,"Vienna","Hard",FALSE,"Filip Misolic","Cameron Norrie",1531.43413310387,1544.58025412225,0,-13.1461210183852,1,3,0.347462974488481,0
20220103,"Atp Cup","Hard",FALSE,"Denis Shapovalov","Roman Safiullin",1500,1513.08854423843,1,-13.0885442384276,3,3,0.509167437841657,1
20220103,"Atp Cup","Hard",FALSE,"Arthur Rinderknech","James Duckworth",1471.96563347688,1485,1,-13.0343665231226,3,3,0.509224186684667,1
20220321,"Miami Masters","Hard",FALSE,"Sebastian Baez","Kamil Majchrzak",1532.08571381356,1545.11401387524,0,-13.0283000616748,3,3,0.509230541029179,1
20220613,"Queen's Club","Grass",FALSE,"Alex De Minaur","Reilly Opelka",1551.36441520006,1564.3376000796,1,-12.973184879547,3,1,0.595987173115564,1
20220725,"Kitzbuhel","Clay",FALSE,"Filip Misolic","Yannick Hanfmann",1527.91703642726,1540.86314814485,1,-12.9461117175892,1,1,0.43100392849816,0
20220207,"Dallas","Hard",FALSE,"Peter Gojowczyk","Liam Broady",1455.79642627695,1468.6054433032,0,-12.809017026251,2,0,0.557728171947179,1
20220307,"Indian Wells Masters","Hard",FALSE,"Jordan Thompson","Grigor Dimitrov",1484.0343177262,1496.83945748949,0,-12.8051397632928,3,3,0.509464289277818,1
20220919,"Metz","Hard",FALSE,"Emil Ruusuvuori","Alexander Bublik",1537.71135875527,1550.40774826093,0,-12.6963895056599,3,3,0.509578197751586,1
20220304,"Davis Cup QLS R1: FRA vs ECU","Hard",FALSE,"Cayetano March","Benjamin Bonzi",1500,1512.56863140675,0,-12.568631406748,0,3,0.276655904229893,0
20230306,"Indian Wells Masters","Hard",FALSE,"Sebastian Baez","Rinky Hijikata",1494.63179978227,1507.14013133518,1,-12.5083315529041,3,3,0.509775173270239,1
20220627,"Wimbledon","Grass",TRUE,"Sam Querrey","Ricardas Berankis",1476.28338245569,1488.70800821726,0,-12.4246257615607,0,3,0.268131932770221,0
20220131,"Cordoba","Clay",FALSE,"Pedro Martinez","Thiago Monteiro",1487.13947573508,1499.54947515483,1,-12.4099994197513,3,1,0.596555408341509,1
20220221,"Santiago","Clay",FALSE,"Jaume Munar","Daniel Elahi Galan",1487.00205335436,1499.4063345707,1,-12.404281216337,1,3,0.34816827262845,0
20230724,"Atlanta","Hard",FALSE,"Kei Nishikori","Jordan Thompson",1500,1512.40330674377,1,-12.403306743769,2,3,0.427079864372489,0
20220117,"Australian Open","Hard",TRUE,"Stefanos Tsitsipas","Taylor Fritz",1516.32104959585,1528.70972643717,1,-12.3886768413222,3,3,0.499029805318033,0
20231016,"Stockholm","Hard",FALSE,"Pavel Kotov","Miomir Kecmanovic",1517.6016239765,1529.98556982055,1,-12.3839458440502,3,3,0.509905455591393,1
20231002,"Shanghai Masters","Hard",FALSE,"Aleksandar Vukic","Roberto Carballes Baena",1506.11336982431,1518.47539048861,1,-12.3620206642986,2,1,0.514499159193333,1
20220131,"Cordoba","Clay",FALSE,"Federico Coria","Juan Pablo Ficovich",1487.68914175321,1500,0,-12.3108582467944,1,0,0.475198809770881,0
20230724,"Umag","Clay",FALSE,"Matteo Arnaldi","Alexei Popyrin",1471.25355151392,1483.5633976363,0,-12.3098461223788,1,1,0.431658040077488,0
20220307,"Indian Wells Masters","Hard",FALSE,"Pedro Martinez","Cameron Norrie",1573.84848628551,1586.1329198812,0,-12.2844335956852,3,3,0.51000968433611,1
20230828,"Us Open","Hard",TRUE,"Enzo Couacaud","Jiri Vesely",1474.06225513029,1486.32544946117,0,-12.2631943308795,0,2,0.304264903225973,0
20230203,"Davis Cup QLS R1: FRA vs HUN","Hard",FALSE,"Marton Fucsovics","Adrian Mannarino",1509.22352814736,1521.47971353046,0,-12.2561853830971,3,3,0.510039271246716,1
20220117,"Australian Open","Hard",TRUE,"Lucas Pouille","Corentin Moutet",1500,1512.25188304857,0,-12.2518830485667,1,3,0.338615622395768,0
20231113,"Tour Finals","Hard",FALSE,"Jannik Sinner","Daniil Medvedev",1853.77119614974,1866.01884036861,1,-12.2476442188702,3,3,0.51004821716748,1
20230417,"Munich","Clay",FALSE,"Alexander Ritschard","Marcos Giron",1517.65200640167,1529.85131097448,0,-12.1993045728129,0,3,0.276965781038406,0
20220214,"Delray Beach","Hard",FALSE,"Steve Johnson","Stefan Kozlov",1501.10221604647,1513.19237718719,0,-12.0901611407239,3,2,0.553955567733827,1
20230914,"Davis Cup WG1 R1: UKR vs COL","Hard",FALSE,"Daniel Elahi Galan","Oleksii Krutykh",1442.28063762729,1454.37076445383,0,-12.0901268265418,3,0,0.638366479032918,1
20220221,"Acapulco","Hard",FALSE,"Taylor Fritz","Adrian Mannarino",1539.21894204181,1551.22918779123,1,-12.0102457494183,3,3,0.510296863097829,1
20220117,"Australian Open","Hard",TRUE,"Benjamin Bonzi","Peter Gojowczyk",1473.00284671808,1485,1,-11.9971532819152,3,2,0.543624330335027,1
20220829,"Us Open","Hard",TRUE,"James Duckworth","Christopher Oconnell",1420.45660772223,1432.45287448843,1,-11.9962667661953,3,3,0.499785345177844,0
20220304,"Davis Cup QLS R1: BEL vs FIN","Hard",FALSE,"David Goffin","Otto Virtanen",1472.34377425007,1484.24303425022,1,-11.8992600001475,3,2,0.55415325834704,1
20220926,"Seoul","Hard",FALSE,"Radu Albot","Hiroki Moriya",1488.12086454804,1500,1,-11.879135451956,1,2,0.389576686497203,0
20220214,"Doha","Hard",FALSE,"Thomas Fabbiano","Botic Van De Zandschulp",1500,1511.81574841778,0,-11.8157484177768,0,3,0.277287823260373,0
20220718,"Gstaad","Clay",FALSE,"Nicolas Jarry","Albert Ramos",1486.71977593202,1498.47149530839,0,-11.7517193763674,3,1,0.597219262471953,1
20220304,"Davis Cup QLS R1: ARG vs CZE","Clay",FALSE,"Federico Coria","Vit Kopriva",1489.54644999615,1501.19032385732,1,-11.6438738611666,1,2,0.389811198781652,0
20220221,"Santiago","Clay",FALSE,"Carlos Taberner","Juan Manuel Cerundolo",1472.19297894234,1483.83284688433,1,-11.6398679419924,1,0,0.475900199899011,0
20220131,"Pune","Hard",FALSE,"Joao Sousa","Elias Ymer",1501.56308163335,1513.19651897721,1,-11.6334373438528,1,1,0.432353682236445,0
20220221,"Acapulco","Hard",FALSE,"Tommy Paul","Matteo Berrettini",1537.22010172361,1548.84034681279,1,-11.6202450891781,3,3,0.510705330085919,1
20220829,"Us Open","Hard",TRUE,"Jack Draper","Karen Khachanov",1602.18296798749,1613.77975276299,0,-11.5967847754955,3,3,0.500554502172416,1
20230920,"Zhuhai","Hard",FALSE,"Marc Polmans","Dane Sweeny",1488.50012887292,1500,1,-11.4998711270841,2,2,0.471485673635804,0
20220110,"Adelaide 2","Hard",FALSE,"Marin Cilic","Tommy Paul",1502.89305003627,1514.38069207016,1,-11.4876420338853,3,3,0.510844208597512,1
20231106,"Sofia","Hard",FALSE,"Miomir Kecmanovic","Roberto Bautista Agut",1505.67798731436,1517.02423158769,0,-11.3462442733319,3,3,0.51099229618015,1
20220620,"Eastbourne","Grass",FALSE,"Jay Clarke","Brandon Nakashima",1486.65292585611,1497.94505005624,0,-11.2921242001305,0,3,0.277727842115051,0
20220110,"Sydney","Hard",FALSE,"Reilly Opelka","Jordan Thompson",1488.16437866609,1499.40738610116,1,-11.2430074350721,1,3,0.349273681009378,0
20220110,"Sydney","Hard",FALSE,"David Goffin","Facundo Bagnis",1487.5066075773,1498.68027514859,1,-11.1736675712878,3,1,0.597801915503277,1
20230102,"Pune","Hard",FALSE,"Bernabe Zapata Miralles","Roberto Carballes Baena",1464.86077185772,1476.0319410911,0,-11.1711692333761,1,1,0.432829248405604,0
20220117,"Australian Open","Hard",TRUE,"Mikhail Kukushkin","Tommy Paul",1500,1511.09668812711,0,-11.0966881271083,0,3,0.270143637453118,0
20220523,"Roland Garros","Clay",TRUE,"Borna Gojo","Filip Krajinovic",1500,1511.02255324475,0,-11.022553244753,2,3,0.419048484198032,0
20220131,"Pune","Hard",FALSE,"Emil Ruusuvuori","Kamil Majchrzak",1530.31142654815,1541.21329697992,1,-10.9018704317778,3,3,0.511457681591714,1
20230109,"Auckland","Hard",FALSE,"Laslo Djere","Constant Lestienne",1534.6945999906,1545.5801368775,0,-10.885536886899,1,0,0.47668881999767,0
20230821,"Winston-Salem","Hard",FALSE,"Marton Fucsovics","Sebastian Korda",1607.56860297742,1618.45014660363,0,-10.881543626208,3,3,0.511478969051768,1
20220307,"Indian Wells Masters","Hard",FALSE,"John Isner","Grigor Dimitrov",1500.43743079155,1511.28686535242,0,-10.8494345608769,3,3,0.511512595521915,1
20221017,"Naples","Hard",FALSE,"Marton Fucsovics","Zhizhen Zhang",1505.5569088021,1516.40608050908,0,-10.8491717069815,3,1,0.598128873435469,1
20220822,"Winston-Salem","Hard",FALSE,"Maxime Cressy","Adrian Mannarino",1559.18129059746,1569.99699966473,0,-10.8157090672651,3,3,0.511547914697036,1
20230529,"Roland Garros","Clay",TRUE,"Alexander Zverev","Frances Tiafoe",1675.71312890349,1686.49001886394,1,-10.7768899604459,3,3,0.502133103873279,1
20220725,"Kitzbuhel","Clay",FALSE,"Jiri Lehecka","Joao Sousa",1463.05476712704,1473.82722741282,1,-10.7724602857811,3,1,0.598206154151559,1
20220917,"Davis Cup WG1 R1: CHI vs PER","Clay",FALSE,"Nicolas Alvarez","Alejandro Tabilo",1483.51670337508,1494.16294309747,0,-10.6462397223866,0,3,0.278271191917969,0
20230821,"Winston-Salem","Hard",FALSE,"Marco Cecchinato","Max Purcell",1459.95810136077,1470.58802606124,0,-10.6299247004672,1,0,0.476956077916224,0
20230724,"Umag","Clay",FALSE,"Alexei Popyrin","Sebastian Ofner",1526.24306339208,1536.78651823793,1,-10.5434548458568,1,1,0.433475218269156,0
20220613,"Halle","Grass",FALSE,"Mackenzie Mcdonald","Marc Andrea Huesler",1489.52862608419,1500,1,-10.4713739158144,3,2,0.55563138030868,1
20230731,"Los Cabos","Hard",FALSE,"Ilya Ivashka","Borna Gojo",1491.76631561142,1502.21346212418,1,-10.4471465127517,2,2,0.472585279945564,0
20220207,"Dallas","Hard",FALSE,"Steve Johnson","Adrian Mannarino",1501.34931173051,1511.78348146943,0,-10.4341697389198,3,3,0.51194747536229,1
20220523,"Roland Garros","Clay",TRUE,"Laslo Djere","Ricardas Berankis",1498.66812212571,1509.04241134119,1,-10.3742892154721,1,3,0.341861615492267,0
20220131,"Montpellier","Hard",FALSE,"Filip Krajinovic","Alexander Bublik",1542.94983442448,1553.32304283817,0,-10.3732084136841,3,3,0.51201131468682,1
20230814,"Cincinnati Masters","Hard",FALSE,"Yannick Hanfmann","Mackenzie Mcdonald",1578.38279058477,1588.70102530599,0,-10.318234721223,1,3,0.35015512705038,0
20230227,"Santiago","Clay",FALSE,"Roberto Carballes Baena","Yannick Hanfmann",1467.99685094514,1478.21306542147,0,-10.2162144763272,1,1,0.433812065407698,0
20230306,"Indian Wells Masters","Hard",FALSE,"Alejandro Tabilo","Maximilian Marterer",1490.01074820471,1500.14971018212,1,-10.1389619774052,3,3,0.512256616291573,1
20230403,"Estoril","Clay",FALSE,"Dominic Thiem","Sebastian Ofner",1484.67532914325,1494.76050117296,1,-10.0851720297126,1,1,0.433946972023973,0
20221017,"Naples","Hard",FALSE,"Roberto Carballes Baena","Nicolas Jarry",1469.86789264625,1479.94009299196,1,-10.0722003457163,1,3,0.350389807165504,0
20220214,"Rio de Janeiro","Clay",FALSE,"Federico Delbonis","Carlos Alcaraz",1517.62377204147,1527.69040319182,0,-10.0666311503508,1,3,0.35039512018619,0
20220117,"Australian Open","Hard",TRUE,"Carlos Alcaraz","Matteo Berrettini",1513.38250581597,1523.42178236313,0,-10.0392765471513,3,3,0.503553247911188,1
20220207,"Rotterdam","Hard",FALSE,"Alex De Minaur","Stefanos Tsitsipas",1570.51239239075,1580.49737533764,0,-9.9849829468933,3,3,0.512417859093495,1
20230320,"Miami Masters","Hard",FALSE,"Francisco Cerundolo","Lorenzo Sonego",1536.72377369572,1546.70828402456,1,-9.98451032884532,3,3,0.512418354002757,1
20220131,"Montpellier","Hard",FALSE,"Alexander Bublik","Pierre Hugues Herbert",1503.86109331438,1513.68582074632,1,-9.82472743193921,3,2,0.556300454948501,1
20220131,"Montpellier","Hard",FALSE,"Mackenzie Mcdonald","Ilya Ivashka",1490.23700567836,1500,1,-9.76299432164251,3,2,0.556364318559471,1
20220425,"Munich","Clay",FALSE,"Marcos Giron","Hugo Gaston",1441.48130935581,1451.19174891567,0,-9.71043955986579,3,3,0.512705347293543,1
20220926,"Sofia","Hard",FALSE,"Mikael Ymer","Ilya Ivashka",1554.84719824726,1564.54043563092,0,-9.69323738365892,3,2,0.556436480670553,1
20231127,"NextGen Finals","Hard",FALSE,"Hamad Medjedovic","Alex Michelsen",1502.25879427534,1511.94260430233,1,-9.68381002699334,2,3,0.429871067040579,0
20220221,"Santiago","Clay",FALSE,"Sebastian Baez","Juan Pablo Varillas",1488.93323068359,1498.61394854036,1,-9.68071785677671,3,1,0.599305468045136,1
20230915,"Davis Cup WG1 R1: AUT vs POR","Hard",FALSE,"Nuno Borges","Jurij Rodionov",1453.93637445195,1463.52563188833,1,-9.58925743637769,2,1,0.517401528180277,1
20230828,"Us Open","Hard",TRUE,"John Isner","Facundo Diaz Acosta",1486.65452856354,1496.21368667072,1,-9.55915810718193,3,2,0.54827873126324,1
20230731,"Los Cabos","Hard",FALSE,"James Duckworth","Dominik Koepfer",1447.87661344429,1457.20437543252,0,-9.3277619882299,3,2,0.556814518425291,1
20230424,"Madrid Masters","Clay",FALSE,"Yibing Wu","Alex Molcan",1553.37859131824,1562.69959166447,0,-9.32100034622385,2,3,0.43024378441459,0
20230731,"Kitzbuhel","Clay",FALSE,"Sebastian Baez","Roberto Carballes Baena",1534.21966329188,1543.48235912192,1,-9.26269583003887,3,1,0.599726125315354,1
20230807,"Canada Masters","Hard",FALSE,"Zhizhen Zhang","Thanasi Kokkinakis",1542.27522485051,1551.49918716983,0,-9.22396231932794,1,1,0.434833819687847,0
20220425,"Estoril","Clay",FALSE,"Sebastian Baez","Albert Ramos",1505.38170546762,1514.56492945358,1,-9.18322398596524,3,1,0.59980608154678,1
20230529,"Roland Garros","Clay",TRUE,"Taro Daniel","Christopher Oconnell",1524.3506148988,1533.50515622873,1,-9.15454132992818,1,3,0.343978309085597,0
20230717,"Bastad","Clay",FALSE,"Dragos Nicolae Madaras","Luca Van Assche",1456.03226316809,1465.16467366021,0,-9.13241049211933,0,1,0.355467065825924,0
20230626,"Eastbourne","Grass",FALSE,"Nuno Borges","Sebastian Baez",1483.45411795969,1492.52117324369,0,-9.06705528400539,2,3,0.430504711339516,0
20220627,"Wimbledon","Grass",TRUE,"Andrea Vavassori","Frances Tiafoe",1500,1508.88557311808,0,-8.88557311808063,0,3,0.273514290998921,0
20220418,"Belgrade ","Clay",FALSE,"Aslan Karatsev","Oscar Otte",1478.74989229257,1487.58376281529,0,-8.83387052271928,3,3,0.513623189661547,1
20220620,"Mallorca","Grass",FALSE,"Tallon Griekspoor","Antoine Bellier",1480.72189722522,1489.51998216634,0,-8.79808494112444,3,2,0.557362284989981,1
20230220,"Doha","Hard",FALSE,"Daniel Evans","Emil Ruusuvuori",1548.445135514,1557.18038765134,0,-8.73525213733228,2,3,0.430845695096394,0
20230417,"Munich","Clay",FALSE,"Christopher Oconnell","Ugo Humbert",1478.06145238008,1486.79017106994,1,-8.72871868986545,3,2,0.557434009933457,1
20230417,"Munich","Clay",FALSE,"Cristian Garin","Lorenzo Sonego",1553.43588452143,1562.14058375979,1,-8.70469923836367,3,3,0.513758435369124,1
20220516,"Lyon","Clay",FALSE,"Lucas Pouille","Oscar Otte",1501.32708574356,1510.02407799739,0,-8.69699225382965,1,3,0.351702881821817,0
20231106,"Metz","Hard",FALSE,"Pierre Hugues Herbert","Alexander Shevchenko",1484.77837946131,1493.41969140299,0,-8.64131194168272,2,1,0.518393523589818,1
20230508,"Rome Masters","Clay",FALSE,"Yibing Wu","Richard Gasquet",1538.78091473336,1547.39504535761,1,-8.61413062424595,2,3,0.430970184260356,0
20230916,"Davis Cup Finals RR: CAN vs CHI","Hard",FALSE,"Alexis Galarneau","Alejandro Tabilo",1485.4153779217,1493.99574739271,1,-8.58036947100686,2,3,0.431004885661076,0
20230410,"Monte Carlo Masters","Clay",FALSE,"Emil Ruusuvuori","Jiri Lehecka",1605.85126767487,1614.39562786415,0,-8.54436018928595,3,3,0.513926311735332,1
20230821,"Winston-Salem","Hard",FALSE,"Luca Van Assche","Aleksandar Vukic",1504.88241850793,1513.33448738057,0,-8.45206887264226,1,2,0.392997833628364,0
20220926,"Tel Aviv","Hard",FALSE,"Constant Lestienne","Emil Ruusuvuori",1542.36478588424,1550.81025823287,1,-8.44547234862944,0,3,0.280127481473577,0
20220627,"Wimbledon","Grass",TRUE,"Alejandro Tabilo","Laslo Djere",1498.40984868304,1506.84011438044,1,-8.43026569740618,3,1,0.593443779498367,1
20220214,"Marseille","Hard",FALSE,"Stefano Travaglia","Ilya Ivashka",1494.25232101829,1502.60733284149,0,-8.35501182320354,0,2,0.316989273819022,0
20221024,"Basel","Hard",FALSE,"Roberto Bautista Agut","Holger Rune",1622.29579639,1630.61966397565,0,-8.32386758565349,3,3,0.51415716425225,1
20220131,"Cordoba","Clay",FALSE,"Benoit Paire","Jaume Munar",1492.41093573099,1500.6614845834,0,-8.25054885241661,0,1,0.35631433176566,0
20230821,"Winston-Salem","Hard",FALSE,"Sebastian Ofner","Alex Michelsen",1507.30387555462,1515.48033245837,0,-8.17645690374184,1,3,0.352200485807305,0
20220914,"Davis Cup Finals RR: FRA vs GER","Hard",FALSE,"Oscar Otte","Adrian Mannarino",1570.41070369528,1578.57413350162,0,-8.16342980634022,3,3,0.514325136459233,1
20220725,"Atlanta","Hard",FALSE,"Ilya Ivashka","Steve Johnson",1529.0306755921,1537.18032665658,1,-8.14965106447494,2,3,0.431447658918616,0
20220404,"Marrakech","Clay",FALSE,"Laslo Djere","Lorenzo Musetti",1475.03334300567,1483.0188039576,1,-7.98546095193569,1,3,0.352383148281926,0
20220214,"Doha","Hard",FALSE,"Taro Daniel","Andy Murray",1517.58402468766,1525.4811988899,0,-7.89717420224338,1,3,0.352467597525012,0
20230204,"Davis Cup QLS R1: KAZ vs CHI","Clay",FALSE,"Timofey Skatov","Cristian Garin",1487.66284060854,1495.52602664433,1,-7.86318603579502,2,3,0.43174220219779,0
20220418,"Belgrade ","Clay",FALSE,"Mikhail Kukushkin","Aljaz Bedene",1460.9889641787,1468.79564638062,0,-7.80668220192297,0,0,0.398018246547186,0
20220214,"Doha","Hard",FALSE,"Arthur Rinderknech","Denis Shapovalov",1546.39727653515,1554.16137987939,1,-7.76410334424008,3,3,0.514743201830446,1
20220307,"Indian Wells Masters","Hard",FALSE,"Taro Daniel","Andy Murray",1504.31241091536,1512.06922249616,0,-7.75681158080965,1,3,0.352601878071265,0
20220718,"Gstaad","Clay",FALSE,"Pedro Martinez","Carlos Taberner",1459.14270899254,1466.89020788915,1,-7.74749889660984,3,1,0.60124963816197,1
20230424,"Madrid Masters","Clay",FALSE,"Matteo Arnaldi","Jaume Munar",1455.25230193567,1462.9958782733,0,-7.74357633762952,1,1,0.436359248441187,0
20230424,"Madrid Masters","Clay",FALSE,"Yoshihito Nishioka","Alex Molcan",1569.76431120696,1577.29726824935,1,-7.53295704238508,1,3,0.352816080916287,0
20220801,"Washington","Hard",FALSE,"Sebastian Korda","Sebastian Baez",1551.80576304601,1559.2572886562,1,-7.45152561018813,3,3,0.515070433311928,1
20220117,"Australian Open","Hard",TRUE,"Alex De Minaur","Jannik Sinner",1531.88022691248,1539.25629855977,0,-7.37607164729161,3,3,0.508680134350051,1
20230619,"Halle","Grass",FALSE,"Roberto Bautista Agut","Brandon Nakashima",1561.36199634608,1568.63340348758,1,-7.27140714150028,3,3,0.515258989943829,1
20220815,"Cincinnati Masters","Hard",FALSE,"Emil Ruusuvuori","J J Wolf",1533.18360480538,1540.45431682622,1,-7.27071202084153,3,3,0.515259717621016,1
20220207,"Dallas","Hard",FALSE,"Andreas Seppi","Daniel Altmaier",1471.84971740902,1479.08949386415,1,-7.23977645512969,2,1,0.51985991887713,1
20231106,"Metz","Hard",FALSE,"Abedallah Shelbayh","Hugo Gaston",1436.61450502851,1443.84884258134,1,-7.23433755283645,1,3,0.353101917250785,0
20220110,"Sydney","Hard",FALSE,"Andy Murray","Aslan Karatsev",1539.56650357203,1546.79936832686,0,-7.23286475483178,3,3,0.515299337396083,1
20220606,"Stuttgart","Grass",FALSE,"Oscar Otte","Benjamin Bonzi",1507.43553543169,1514.65596319827,1,-7.22042776658259,3,3,0.515312356806493,1
20230206,"Dallas","Hard",FALSE,"Alex Rybakov","Marcos Giron",1500,1507.18925836506,0,-7.18925836506423,0,3,0.281190449559156,0
20220523,"Roland Garros","Clay",TRUE,"Tallon Griekspoor","Brandon Nakashima",1460.76586469679,1467.9239552586,0,-7.15809056181001,3,3,0.509099699490454,1
20220829,"Us Open","Hard",TRUE,"Pedro Martinez","Christopher Eubanks",1481.33702283204,1488.43171081118,0,-7.09468797914133,3,3,0.509221732989754,1
20220915,"Davis Cup WG1 R1: HUN vs UKR","Hard",FALSE,"Viacheslav Bielinskyi","Marton Fucsovics",1500,1507.02227747703,0,-7.02227747702887,0,3,0.281331928209109,0
20230529,"Roland Garros","Clay",TRUE,"Genaro Alberto Olivieri","Andrea Vavassori",1500,1507.01686907721,1,-7.01686907721182,1,0,0.474589626087588,0
20220801,"Los Cabos","Hard",FALSE,"Daniil Medvedev","Cameron Norrie",1679.57848747177,1686.47212736359,1,-6.89363989182311,3,3,0.515654440604064,1
20220321,"Miami Masters","Hard",FALSE,"Benoit Paire","Henri Laaksonen",1426.84848653802,1433.73574249218,0,-6.88725595415735,0,0,0.39894191608226,0
20220815,"Cincinnati Masters","Hard",FALSE,"Nikoloz Basilashvili","Mackenzie Mcdonald",1469.89646186414,1476.6695582587,0,-6.7730963945603,3,3,0.515780622680567,1
20221114,"Tour Finals","Hard",FALSE,"Andrey Rublev","Stefanos Tsitsipas",1714.9183590657,1721.68075936224,1,-6.76240029653877,3,3,0.515791819005567,1
20221031,"Paris Masters","Hard",FALSE,"Frances Tiafoe","Alex De Minaur",1637.37406322614,1644.13640859363,1,-6.76234536749143,3,3,0.515791876503453,1
20220627,"Wimbledon","Grass",TRUE,"Roberto Carballes Baena","Jordan Thompson",1432.56585471291,1439.08039254463,0,-6.51453783171473,1,3,0.348580838220892,0
20230116,"Australian Open","Hard",TRUE,"Stan Wawrinka","Alex Molcan",1502.77190664809,1509.23485410119,0,-6.46294745310001,1,3,0.348671065278189,0
20230320,"Miami Masters","Hard",FALSE,"Sebastian Baez","Cristian Garin",1510.17159467,1516.57713220454,0,-6.40553753454537,3,3,0.516165362096783,1
20230821,"Winston-Salem","Hard",FALSE,"Marcos Giron","Michael Mmoh",1522.96110165863,1529.36469307609,0,-6.40359141745785,3,3,0.516167399129315,1
20220110,"Adelaide 2","Hard",FALSE,"Soon Woo Kwon","Arthur Rinderknech",1500,1506.36380693799,0,-6.36380693799128,2,3,0.433284646540144,0
20230403,"Houston","Clay",FALSE,"Yannick Hanfmann","Yosuke Watanuki",1492.77212306421,1499.07512268789,1,-6.30299962367849,1,3,0.353994061379154,0
20220606,"s Hertogenbosch","Grass",FALSE,"Soon Woo Kwon","Hugo Gaston",1477.97845073201,1484.10778293715,0,-6.12933220514219,2,3,0.433525973593973,0
20230920,"Chengdu","Hard",FALSE,"Taro Daniel","Christopher Oconnell",1501.32673868276,1507.41443425866,0,-6.08769557589835,1,3,0.354200449700419,0
20230403,"Marrakech","Clay",FALSE,"Roberto Carballes Baena","Dimitar Kuzmanov",1526.63936153845,1532.71185434974,1,-6.0724928112827,1,0,0.481723218631305,0
20220131,"Montpellier","Hard",FALSE,"Richard Gasquet","Mikael Ymer",1528.77438580657,1534.84018883574,0,-6.06580302917519,3,3,0.516520959552432,1
20220321,"Miami Masters","Hard",FALSE,"Jordan Thompson","Jo-Wilfried Tsonga",1485.37497997302,1491.43129045597,1,-6.0563104829414,3,2,0.560195437828747,1
20230821,"Winston-Salem","Hard",FALSE,"Illya Marchenko","Rinky Hijikata",1500,1505.98053503278,0,-5.98053503277652,0,3,0.282215547370112,0
20230915,"Davis Cup WG1 R1: AUT vs POR","Hard",FALSE,"Dennis Novak","Nuno Borges",1433.27429535299,1439.19183026981,0,-5.91753491682243,0,2,0.319205248518016,0
20220926,"Tel Aviv","Hard",FALSE,"J J Wolf","Emil Ruusuvuori",1530.21517884285,1536.06269182737,0,-5.84751298452056,3,3,0.516749433233089,1
20221010,"Florence","Hard",FALSE,"Altug Celikbilek","Giulio Zeppieri",1511.30830282276,1517.15354619746,1,-5.84524337469929,2,0,0.564915009705903,1
20221031,"Paris Masters","Hard",FALSE,"Alex De Minaur","Sebastian Korda",1648.87860529998,1654.70118296865,1,-5.82257766867019,3,3,0.516775531383907,1
20220829,"Us Open","Hard",TRUE,"Gijs Brouwer","Lorenzo Musetti",1517.72539090519,1523.51413079704,0,-5.78873989185627,3,3,0.511735078195113,1
20220207,"Buenos Aires","Clay",FALSE,"Federico Coria","Dusan Lajovic",1475.40004063144,1481.18416600028,1,-5.78412536884548,1,1,0.438380167016032,0
20230306,"Indian Wells Masters","Hard",FALSE,"Lorenzo Musetti","Adrian Mannarino",1543.69424851161,1549.4670291285,0,-5.77278061688935,3,3,0.516827650400295,1
20220221,"Santiago","Clay",FALSE,"Renzo Olivo","Alejandro Tabilo",1500,1505.7353323773,0,-5.73533237730476,0,3,0.282423776061564,0
20220718,"Gstaad","Clay",FALSE,"Joao Sousa","Alexander Ritschard",1472.31565554692,1477.89671816814,0,-5.58106262121987,1,0,0.482237476095022,0
20230403,"Estoril","Clay",FALSE,"Quentin Halys","Dominic Thiem",1494.41465184954,1499.9126782103,1,-5.49802636076015,3,1,0.603507837448918,1
20230227,"Acapulco","Hard",FALSE,"Tommy Paul","Alex De Minaur",1713.97212687099,1719.4398117526,0,-5.46768488161115,3,3,0.517146964274221,1
20231106,"Sofia","Hard",FALSE,"Adrian Mannarino","Jack Draper",1677.23709156837,1682.65936806069,1,-5.42227649232746,3,3,0.517194487604468,1
20230220,"Marseille","Hard",FALSE,"Roman Safiullin","Arthur Fils",1521.62999252272,1526.98772002534,0,-5.35772750262049,3,1,0.603648535620968,1
20220117,"Australian Open","Hard",TRUE,"Radu Albot","Aleksandar Vukic",1500,1505.20397603215,1,-5.20397603215383,1,2,0.391888185059604,0
20221010,"Gijon","Hard",FALSE,"Pedro Cachin","Alexey Vatutin",1494.79624230242,1500,1,-5.20375769758016,1,0,0.48263233268807,0
20220131,"Cordoba","Clay",FALSE,"Francisco Cerundolo","Alejandro Tabilo",1485,1490.1328119748,0,-5.13281197480273,3,3,0.517497426873123,1
20230828,"Us Open","Hard",TRUE,"Alexander Zverev","Jannik Sinner",1772.13501150476,1777.256430282,1,-5.12141877724093,3,3,0.513019141237846,1
20230116,"Australian Open","Hard",TRUE,"Guido Pella","Francisco Cerundolo",1500,1505.0381696264,0,-5.03816962640167,3,3,0.513179318013975,1
20220117,"Australian Open","Hard",TRUE,"Facundo Bagnis","Cristian Garin",1483.19803538873,1488.11473379828,0,-4.91669840954569,1,3,0.351380332528531,0
20220131,"Pune","Hard",FALSE,"Hugo Grenier","Aleksandar Vukic",1500,1504.73693499151,0,-4.73693499151113,3,2,0.561557400819672,1
20230724,"Hamburg","Clay",FALSE,"Rudolf Molleker","Maximilian Marterer",1500,1504.70062446605,0,-4.70062446604788,0,3,0.283303486217317,0
20220418,"Belgrade ","Clay",FALSE,"Mikael Ymer","Roman Safiullin",1502.75368628276,1507.45105711651,0,-4.69737083375662,3,3,0.517953113770613,1
20230220,"Marseille","Hard",FALSE,"Arthur Fils","Stan Wawrinka",1511.78547268697,1516.47028475518,1,-4.68481206820979,1,1,0.43951486585271,0
20220321,"Miami Masters","Hard",FALSE,"Felix Auger Aliassime","Miomir Kecmanovic",1614.89715969849,1619.57435360388,0,-4.67719390538878,3,3,0.517974228103539,1
20220214,"Marseille","Hard",FALSE,"Henri Laaksonen","Stefano Travaglia",1474.81999357376,1479.4523019997,0,-4.63230842593816,0,0,0.401210305191947,0
20230717,"Gstaad","Clay",FALSE,"Jaume Munar","Pedro Cachin",1501.97216043602,1506.53422976103,0,-4.56206932500299,1,1,0.439641599005483,0
20220725,"Umag","Clay",FALSE,"Giulio Zeppieri","Daniel Elahi Galan",1501.95703184051,1506.50903099154,1,-4.55199915103799,0,3,0.283429983691756,0
20220822,"Winston-Salem","Hard",FALSE,"Alejandro Tabilo","Shintaro Mochizuki",1495.54799902177,1500,1,-4.45200097822817,3,2,0.561851411061632,1
20230403,"Estoril","Clay",FALSE,"Constant Lestienne","Ben Shelton",1498.16917414092,1502.58748919446,0,-4.41831505353571,0,3,0.283543793608549,0
20230828,"Us Open","Hard",TRUE,"Max Purcell","Christopher Oconnell",1496.13212283588,1500.46025262937,0,-4.32812979349342,0,3,0.280543841760307,0
20220214,"Rio de Janeiro","Clay",FALSE,"Fabio Fognini","Federico Coria",1516.56676343304,1520.88784725122,1,-4.32108381817739,1,1,0.439890441916398,0
20230731,"Washington","Hard",FALSE,"Ben Shelton","Juncheng Shang",1450.96549590293,1455.22690575603,0,-4.26140985309507,3,0,0.645906395385008,1
20230828,"Us Open","Hard",TRUE,"Quentin Halys","Benjamin Bonzi",1490.8999824025,1495.10483876955,0,-4.20485636705303,3,3,0.514782512279861,1
20220404,"Houston","Clay",FALSE,"Reilly Opelka","Nick Kyrgios",1586.44465443826,1590.64389259957,1,-4.19923816130404,1,3,0.356013026767734,0
20220917,"Davis Cup WG2 R1: LTU vs EGY","Hard",FALSE,"Ricardas Berankis","Amr Elsayed Abdou Ahmed Mohamed",1510.90029198649,1515,1,-4.09970801351301,3,0,0.646061385111103,1
20220110,"Adelaide 2","Hard",FALSE,"Jaume Munar","Marin Cilic",1514.37948778445,1518.38883075569,0,-4.00934297124877,1,3,0.356195521329924,0
20230828,"Us Open","Hard",TRUE,"Jiri Vesely","Borna Gojo",1501.15260222059,1505.15633158494,0,-4.00372936434269,2,2,0.475814563410977,0
20221017,"Antwerp","Hard",FALSE,"David Goffin","Diego Schwartzman",1523.31002773181,1527.30536815061,1,-3.99534041879178,3,1,0.605013905258246,1
20220620,"Mallorca","Grass",FALSE,"Benjamin Bonzi","Alejandro Tabilo",1521.54312602729,1525.44826943441,1,-3.90514340711093,3,3,0.518782098553753,1
20230508,"Rome Masters","Clay",FALSE,"Flavio Cobolli","Arthur Rinderknech",1481.80162445602,1485.66408465639,0,-3.86246020037561,1,3,0.356336708418565,0
20220321,"Miami Masters","Hard",FALSE,"Gilles Simon","Jack Draper",1485.39254564084,1489.22592020625,0,-3.83337456540926,3,3,0.518857192249565,1
20220207,"Buenos Aires","Clay",FALSE,"Lorenzo Sonego","Diego Schwartzman",1549.33568624712,1553.06988341821,0,-3.73419717109391,3,1,0.605275433894058,1
20220926,"Seoul","Hard",FALSE,"Denis Shapovalov","Yoshihito Nishioka",1520.54930391442,1524.26887035578,0,-3.71956644135184,3,1,0.605290084433991,1
20220725,"Umag","Clay",FALSE,"Bernabe Zapata Miralles","Giulio Zeppieri",1472.70281946674,1476.40134825312,0,-3.69852878637425,1,0,0.484207793619958,0
20230213,"Rotterdam","Hard",FALSE,"Gijs Brouwer","Tallon Griekspoor",1545.48777388315,1549.14070176972,0,-3.65292788657393,3,3,0.519045994758247,1
20231121,"Davis Cup Finals QF: CAN vs FIN","Hard",FALSE,"Gabriel Diallo","Otto Virtanen",1482.68771194892,1486.28324130557,0,-3.59552935664692,0,2,0.321323873583173,0
20221123,"Davis Cup Finals QF: CRO vs ESP","Hard",FALSE,"Marin Cilic","Pablo Carreno Busta",1623.31418170241,1626.90835439049,1,-3.59417268808079,3,3,0.519107469525196,1
20220917,"Davis Cup WG1 R1: ECU vs SUI","Hard",FALSE,"Alexander Ritschard","Roberto Quiroz",1482.96577486465,1486.53635569139,1,-3.57058082673802,0,0,0.402279835242941,0
20230914,"Davis Cup Finals RR: CAN vs SWE","Hard",FALSE,"Elias Ymer","Gabriel Diallo",1473.59273962561,1477.15215254121,0,-3.55941291559861,1,0,0.484353416782549,0
20221024,"Basel","Hard",FALSE,"Alex De Minaur","Holger Rune",1658.98379557126,1662.5187972014,0,-3.53500163013814,3,3,0.519169378815563,1
20220627,"Wimbledon","Grass",TRUE,"Maximilian Marterer","Frances Tiafoe",1486.29615482988,1489.82790299301,0,-3.53174816313003,3,3,0.516077270798626,1
20220627,"Wimbledon","Grass",TRUE,"Alexander Bublik","Marton Fucsovics",1515.84468345674,1519.25188930439,1,-3.40720584765018,3,3,0.516316811255721,1
20230213,"Rotterdam","Hard",FALSE,"Mikael Ymer","Tallon Griekspoor",1571.40540748129,1574.80636332332,0,-3.4009558420305,3,3,0.519309625600161,1
20220214,"Marseille","Hard",FALSE,"Damir Dzumhur","Tomas Machac",1499.48050478915,1502.82457817072,0,-3.34407338157553,0,1,0.361044643942675,0
20220829,"Us Open","Hard",TRUE,"David Goffin","Lorenzo Musetti",1519.98141133059,1523.29021372782,0,-3.30880239723729,3,3,0.516506071811029,1
20220627,"Wimbledon","Grass",TRUE,"Jenson Brooksby","Cristian Garin",1524.89651425055,1528.18761216796,0,-3.29109791741735,3,3,0.516540122551796,1
20220131,"Cordoba","Clay",FALSE,"Nikola Milojevic","Tomas Martin Etcheverry",1483.88481050648,1487.16793637717,1,-3.28312587069126,1,1,0.440962586625698,0
20230529,"Roland Garros","Clay",TRUE,"Casper Ruud","Nicolas Jarry",1652.2617628277,1655.54121479965,1,-3.27945197194344,1,3,0.354259509740612,0
20220221,"Dubai","Hard",FALSE,"Lorenzo Musetti","Novak Djokovic",1496.77279368844,1500,0,-3.22720631155653,3,3,0.519491408302036,1
20230116,"Australian Open","Hard",TRUE,"Roberto Bautista Agut","Tommy Paul",1639.27786163841,1642.48313985519,0,-3.20527821678047,3,3,0.516705176016844,1
20230227,"Dubai","Hard",FALSE,"Alexander Zverev","Jiri Lehecka",1618.03662199347,1621.1993812535,1,-3.16275926002822,3,3,0.519558833702269,1
20221114,"Tour Finals","Hard",FALSE,"Daniil Medvedev","Stefanos Tsitsipas",1703.29704693666,1706.388839935,0,-3.09179299834341,3,3,0.519633078766427,1
20220509,"Rome Masters","Clay",FALSE,"Aslan Karatsev","Lloyd Harris",1452.33254991886,1455.42290298096,1,-3.0903530621033,3,3,0.519634585222027,1
20220627,"Wimbledon","Grass",TRUE,"Jay Clarke","Christian Harrison",1472.14027445763,1475.07659205172,0,-2.9363175940889,0,0,0.400442010118448,0
20221031,"Paris Masters","Hard",FALSE,"Diego Schwartzman","Maxime Cressy",1504.34015512323,1507.09038522723,0,-2.75023010400105,1,3,0.357406618674655,0
20220919,"Metz","Hard",FALSE,"Lorenzo Musetti","Sebastian Korda",1551.58848185577,1554.19302001669,0,-2.60453816092786,3,3,0.520142822295722,1
20221010,"Florence","Hard",FALSE,"Francesco Passaro","Mackenzie Mcdonald",1500.15550052193,1502.71807820545,0,-2.56257768351793,1,3,0.357587271574838,0
20230821,"Winston-Salem","Hard",FALSE,"Sebastian Baez","Borna Coric",1578.86644919072,1581.36112160872,1,-2.49467241799812,3,1,0.606515963728938,1
20220822,"Winston-Salem","Hard",FALSE,"Kyle Edmund","Benjamin Bonzi",1500.34572389634,1502.75490158134,0,-2.40917768499639,0,3,0.285257563160065,0
20220913,"Davis Cup Finals RR: ARG vs SWE","Hard",FALSE,"Elias Ymer","Sebastian Baez",1519.27209201584,1521.634725132,1,-2.36263311615926,1,3,0.357779802655281,0
20221003,"Astana","Hard",FALSE,"Roberto Bautista Agut","Daniil Medvedev",1667.63306940289,1669.91734505672,0,-2.28427565382253,3,3,0.520477843379615,1
20220613,"Halle","Grass",FALSE,"Henri Squire","Laslo Djere",1500,1502.2605692757,0,-2.26056927570085,0,1,0.362092927122527,0
20230529,"Roland Garros","Clay",TRUE,"Casper Ruud","Alexander Zverev",1688.55763156408,1690.81038680235,1,-2.2527552382669,1,3,0.356070425020015,0
20220131,"Cordoba","Clay",FALSE,"Juan Ignacio Londero","Pedro Martinez",1500,1502.23601074627,1,-2.23601074626663,1,3,0.357901753897991,0
20230717,"Newport","Grass",FALSE,"Jordan Thompson","Aleksandar Kovacevic",1481.69587112838,1483.86697957635,1,-2.1711084479698,3,2,0.5642033765062,1
20220404,"Houston","Clay",FALSE,"Frances Tiafoe","John Isner",1499.9596312803,1502.10286086713,0,-2.14322958683351,3,3,0.520625383413268,1
20231002,"Shanghai Masters","Hard",FALSE,"Dane Sweeny","Taro Daniel",1484.50369188558,1486.58953873426,1,-2.08584684868288,2,1,0.52524922518738,1
20220418,"Belgrade ","Clay",FALSE,"Laslo Djere","Hamad Medjedovic",1497.92582805155,1500,1,-2.07417194845402,1,2,0.399392519264675,0
20220425,"Estoril","Clay",FALSE,"Soon Woo Kwon","Albert Ramos",1510.77590260569,1512.79945943268,0,-2.02355682699203,2,1,0.525314326532481,1
20220404,"Houston","Clay",FALSE,"Steven Diez","Jordan Thompson",1469.99459279694,1472.00160364632,0,-2.00701084938532,0,3,0.285601353253544,0
20230522,"Geneva","Clay",FALSE,"Guido Pella","Ilya Ivashka",1479.00149484512,1480.99648130199,0,-1.99498645687504,3,2,0.564384867788547,1
20220131,"Montpellier","Hard",FALSE,"Richard Gasquet","Soon Woo Kwon",1513.68863421829,1515.67486607499,1,-1.98623185670135,3,2,0.564393888833595,1
20220214,"Rio de Janeiro","Clay",FALSE,"Juncheng Shang","Pedro Martinez",1500,1501.94556672302,0,-1.94556672302451,0,3,0.285653900320205,0
20220725,"Umag","Clay",FALSE,"Franco Agamenone","Laslo Djere",1491.98499694009,1493.91052410677,1,-1.9255271666766,1,1,0.442365729894076,0
20230206,"Dallas","Hard",FALSE,"Yibing Wu","John Isner",1576.45612844566,1578.35001040035,1,-1.89388195469496,2,3,0.437890522038681,0
20220829,"Us Open","Hard",TRUE,"Grigor Dimitrov","Brandon Nakashima",1529.43091613895,1531.30180733477,0,-1.87089119582242,3,3,0.51927105581399,1
20220523,"Roland Garros","Clay",TRUE,"Michael Mmoh","Bernabe Zapata Miralles",1486.16213134563,1488.02564836195,0,-1.86351701631293,3,1,0.60558573996051,1
20220103,"Atp Cup","Hard",FALSE,"Casper Ruud","Roberto Bautista Agut",1528.0898004638,1529.94537449104,0,-1.85557402723907,1,3,0.358268266827783,0
20220207,"Buenos Aires","Clay",FALSE,"Jaume Munar","Tomas Martin Etcheverry",1486.41895280364,1488.23131981433,1,-1.81236701068519,1,1,0.442482728200184,0
20230116,"Australian Open","Hard",TRUE,"Taro Daniel","Ernesto Escobedo",1464.21344658132,1465.99273655356,1,-1.77928997223944,1,1,0.440976664483619,0
20220117,"Australian Open","Hard",TRUE,"Alejandro Davidovich Fokina","Alex Bolt",1468.90266973876,1470.67508757004,1,-1.77241783128693,3,0,0.64686873766386,1
20230731,"Kitzbuhel","Clay",FALSE,"Zhizhen Zhang","Dusan Lajovic",1527.2010176932,1528.91984552562,1,-1.71882783242745,1,1,0.442579444846737,0
20221024,"Basel","Hard",FALSE,"Mackenzie Mcdonald","Alex Molcan",1542.69179244657,1544.38688667129,0,-1.69509422472061,3,3,0.521094127582417,1
20230821,"Winston-Salem","Hard",FALSE,"Jack Draper","Tallon Griekspoor",1617.27065036209,1618.94070433842,0,-1.67005397633739,3,3,0.521120318291373,1
20220916,"Davis Cup WG1 R1: BRA vs POR","Hard",FALSE,"Joao Sousa","Thiago Monteiro",1473.89480185391,1475.5281635132,1,-1.63336165928945,1,1,0.442667818060385,0
20220304,"Davis Cup WG1 PO: IND vs DEN","Grass",FALSE,"Ramkumar Ramanathan","Johannes Ingildsen",1498.38679702343,1500,1,-1.61320297656744,3,2,0.564778231107899,1
20220131,"Montpellier","Hard",FALSE,"Filip Krajinovic","Jo-Wilfried Tsonga",1513.52208582714,1515,1,-1.47791417286476,3,2,0.564917603801674,1
20220916,"Davis Cup WG2 R1: SLO vs EST","Clay",FALSE,"Mark Lajal","Bor Artnak",1485,1486.43860143687,0,-1.4386014368672,0,0,0.404430283077904,0
20230828,"Us Open","Hard",TRUE,"Soon Woo Kwon","Christopher Eubanks",1542.3387063587,1543.75172566953,0,-1.41301931082876,2,3,0.437165837953467,0
20220620,"Mallorca","Grass",FALSE,"Benjamin Bonzi","Denis Shapovalov",1506.48236643036,1507.88971053663,1,-1.40734410626646,3,3,0.521395091196846,1
20220117,"Australian Open","Hard",TRUE,"Richard Gasquet","Ugo Humbert",1484.8655800821,1486.26284898831,1,-1.39726890621546,3,2,0.563794811930848,1
20220321,"Miami Masters","Hard",FALSE,"Albert Ramos","Sebastian Korda",1543.86347463019,1545.24435933301,0,-1.38088470281537,1,3,0.358725815081387,0
20230724,"Atlanta","Hard",FALSE,"Corentin Moutet","Yibing Wu",1514.77595427578,1516.15483576198,0,-1.37888148619913,3,2,0.565019619431552,1
20220214,"Doha","Hard",FALSE,"Arthur Rinderknech","Alexander Bublik",1561.73242403463,1563.07940380461,1,-1.34697976998336,3,3,0.521458225502116,1
20220110,"Sydney","Hard",FALSE,"Andy Murray","Reilly Opelka",1485,1486.34510630322,1,-1.34510630321847,3,1,0.607665235884716,1
20230213,"Delray Beach","Hard",FALSE,"Matija Pecotic","Jack Sock",1486.14318800224,1487.45208774033,1,-1.30889973808939,2,3,0.438494106820682,0
20230109,"Adelaide 2","Hard",FALSE,"Marc Andrea Huesler","Arthur Rinderknech",1556.8270090921,1558.11161385564,1,-1.28460476354076,2,3,0.438519178330614,0
20220103,"Adelaide 1","Hard",FALSE,"Karen Khachanov","Marin Cilic",1530,1531.26650792137,1,-1.26650792137411,3,3,0.521542388936955,1
20230403,"Estoril","Clay",FALSE,"Radu Albot","Sebastian Baez",1496.3973430565,1497.56352914041,0,-1.16618608391127,1,3,0.358932845455074,0
20220321,"Miami Masters","Hard",FALSE,"Juan Manuel Cerundolo","Frances Tiafoe",1483.91760136549,1485.00664909638,0,-1.08904773089307,0,3,0.286386999810388,0
20220110,"Sydney","Hard",FALSE,"Jordan Thompson","Marcos Giron",1483.92215581214,1485,1,-1.07784418786014,3,3,0.521739702675794,1
20220523,"Roland Garros","Clay",TRUE,"Franco Agamenone","Mackenzie Mcdonald",1500,1501.02988071365,0,-1.02988071365417,1,3,0.358232745060915,0
20230403,"Estoril","Clay",FALSE,"Henrique Rocha","Bernabe Zapata Miralles",1500,1500.98999935098,0,-0.98999935098368,0,1,0.363323868315573,0
20231106,"Metz","Hard",FALSE,"Harold Mayot","Yosuke Watanuki",1508.45656069469,1509.4155559726,1,-0.958995277908116,3,3,0.521863997186541,1
20230920,"Zhuhai","Hard",FALSE,"Aleksandar Kovacevic","Kimmer Coppejans",1490.48237016471,1491.42774615852,0,-0.945375993808284,2,0,0.569955710909001,1
20220321,"Miami Masters","Hard",FALSE,"Frances Tiafoe","Brandon Nakashima",1482.6798128994,1483.52574094873,1,-0.845928049327995,3,3,0.521982242589242,1
20220103,"Atp Cup","Hard",FALSE,"Alex De Minaur","Ugo Humbert",1500.61690867892,1501.29199476067,1,-0.675086081748077,3,2,0.565744454612953,1
20220110,"Sydney","Hard",FALSE,"Lorenzo Sonego","Aslan Karatsev",1514.32611419227,1515,0,-0.673885807733768,3,3,0.52216215917097,1
20220103,"Atp Cup","Hard",FALSE,"Alejandro Tabilo","Viktor Durasovic",1485,1485.64719999153,1,-0.647199991534308,3,1,0.608362383090071,1
20220117,"Australian Open","Hard",TRUE,"Andrey Rublev","Ricardas Berankis",1500,1500.61930792984,1,-0.619307929839806,3,3,0.521676792123844,1
20220214,"Doha","Hard",FALSE,"Soon Woo Kwon","Christopher Eubanks",1499.38327784554,1500,1,-0.616722154464696,2,3,0.439208530840588,0
20220103,"Atp Cup","Hard",FALSE,"Daniil Medvedev","Felix Auger Aliassime",1514.41087209853,1515,1,-0.589127901472693,3,3,0.522250794318837,1
20230116,"Australian Open","Hard",TRUE,"Ugo Humbert","Denis Kudla",1429.56766991403,1430.1523700695,1,-0.584700155472319,2,0,0.569823154675097,1
20220418,"Belgrade ","Clay",FALSE,"Filip Krajinovic","Thiago Monteiro",1489.94672111088,1490.5043076721,0,-0.557586561221115,3,1,0.608451867095522,1
20221017,"Naples","Hard",FALSE,"Taro Daniel","Pedro Martinez",1456.45566176881,1456.97601265562,1,-0.520350886803499,1,3,0.359555930433398,0
20220411,"Monte Carlo Masters","Clay",FALSE,"Novak Djokovic","Alejandro Davidovich Fokina",1515.82308917786,1516.33865089143,0,-0.515561713577881,3,3,0.522327724648653,1
20230320,"Miami Masters","Hard",FALSE,"Cristian Garin","Marcos Giron",1531.3006142484,1531.79544617454,1,-0.494831926139796,3,3,0.522349402206908,1
20220304,"Davis Cup WG1 PO: PAK vs LTU","Grass",FALSE,"Ricardas Berankis","Aqeel Khan",1499.55805798191,1500,1,-0.441942018085911,3,3,0.522404709872552,1
20220516,"Lyon","Clay",FALSE,"Aljaz Bedene","Soon Woo Kwon",1470.18155839797,1470.5957315296,0,-0.414173131625148,0,2,0.324238551530481,0
20230915,"Davis Cup Finals RR: ITA vs CHI","Hard",FALSE,"Cristian Garin","Matteo Arnaldi",1564.9581172764,1565.36192904269,0,-0.403811766289436,3,1,0.608605402809935,1
20220131,"Cordoba","Clay",FALSE,"Daniel Elahi Galan","Jaume Munar",1515,1515.30534669781,1,-0.305346697811956,3,1,0.608703703504958,1
20220221,"Acapulco","Hard",FALSE,"John Millman","Marcos Giron",1500.87904583668,1501.15867018905,0,-0.279624352370092,0,3,0.287080824038881,0
20230508,"Rome Masters","Clay",FALSE,"Nicolas Jarry","Yannick Hanfmann",1564.2336860022,1564.50634841062,0,-0.272662408422093,3,1,0.60873633128331,1
20230403,"Houston","Clay",FALSE,"J J Wolf","Gijs Brouwer",1575.30355293726,1575.56699908376,0,-0.263446146497245,3,3,0.522591361266527,1
20220221,"Santiago","Clay",FALSE,"Thiago Monteiro","Sebastian Baez",1519.4478068606,1519.69574050034,0,-0.247933639742996,1,3,0.359818893712412,0
20230206,"Cordoba","Clay",FALSE,"Guido Pella","Andrea Vavassori",1485.21750002265,1485.38353741275,1,-0.166037390091788,3,0,0.649822257347331,1
20220808,"Canada Masters","Hard",FALSE,"Maxime Cressy","Gael Monfils",1578.96450997613,1579.09206006757,0,-0.127550091438707,3,2,0.566308164799688,1
20220131,"Pune","Hard",FALSE,"Ricardas Berankis","Quentin Halys",1499.89306554625,1500,0,-0.106934453751137,3,3,0.522755018829236,1
20220917,"Davis Cup WG2 R1: DEN vs ESA","Hard",FALSE,"Johannes Ingildsen","Cesar Cruz",1484.9303529294,1485,1,-0.0696470706018317,2,0,0.570855115801269,1
20230914,"Davis Cup WG1 R1: UKR vs COL","Hard",FALSE,"Vladyslav Orlov","Nicolas Mejia",1500.87998688286,1500.91278365488,1,-0.0327967720190827,2,1,0.527394470005032,1
20220425,"Estoril","Clay",FALSE,"Carlos Taberner","Lloyd Harris",1482.83455524009,1482.8638799664,1,-0.029324726313007,1,3,0.360029976916917,0
20220103,"Atp Cup","Hard",FALSE,"Felix Auger Aliassime","Alexander Zverev",1499.97456532831,1500,1,-0.0254346716944838,3,3,0.522840237722732,1
20220117,"Australian Open","Hard",TRUE,"Jiri Lehecka","Grigor Dimitrov",1500,1500.00138676047,0,-0.00138676047367881,3,3,0.52286416832677,1
20220103,"Atp Cup","Hard",FALSE,"Roberto Bautista Agut","Felix Auger Aliassime",1500,1500,0,0,3,3,0.522866832792736,1
20220103,"Adelaide 1","Hard",FALSE,"Gianluca Mager","Francisco Cerundolo",1500,1500,1,0,2,3,0.439845286721118,0
20220103,"Adelaide 1","Hard",FALSE,"Marton Fucsovics","Egor Gerasimov",1500,1500,0,0,3,0,0.649980596007744,1
20220103,"Adelaide 1","Hard",FALSE,"Daniel Altmaier","Thiago Monteiro",1500,1500,0,0,1,1,0.444357428023077,0
20220103,"Adelaide 1","Hard",FALSE,"Holger Rune","Corentin Moutet",1500,1500,0,0,3,3,0.522866832792736,1
20220103,"Adelaide 1","Hard",FALSE,"Laslo Djere","Roberto Carballes Baena",1500,1500,1,0,1,1,0.444357428023077,0
20220103,"Adelaide 1","Hard",FALSE,"Yoshihito Nishioka","Soon Woo Kwon",1500,1500,0,0,1,2,0.401479680175636,0
20220103,"Adelaide 1","Hard",FALSE,"Benjamin Bonzi","Mikael Ymer",1500,1500,0,0,3,3,0.522866832792736,1
20220103,"Adelaide 1","Hard",FALSE,"John Millman","Thanasi Kokkinakis",1500,1500,0,0,0,1,0.364284233465609,0
20220103,"Adelaide 1","Hard",FALSE,"Tommy Paul","Jiri Vesely",1500,1500,1,0,3,2,0.56643945813499,1
20220103,"Adelaide 1","Hard",FALSE,"Lorenzo Musetti","Taro Daniel",1500,1500,0,0,3,1,0.609008484356956,1
20220103,"Adelaide 1","Hard",FALSE,"Alex Bolt","Juan Manuel Cerundolo",1500,1500,0,0,0,0,0.405883428307007,0
20220103,"Adelaide 1","Hard",FALSE,"Steve Johnson","Karen Khachanov",1500,1500,0,0,3,3,0.522866832792736,1
20220103,"Adelaide 1","Hard",FALSE,"Laslo Djere","Corentin Moutet",1515,1515,1,0,1,3,0.360058296246968,0
20220103,"Adelaide 1","Hard",FALSE,"Soon Woo Kwon","Mikael Ymer",1515,1515,0,0,2,3,0.439845286721118,0
20220103,"Adelaide 1","Hard",FALSE,"Tommy Paul","Taro Daniel",1515,1515,1,0,3,1,0.609008484356956,1
20220103,"Adelaide 1","Hard",FALSE,"Egor Gerasimov","Karen Khachanov",1515,1515,0,0,0,3,0.287320746578664,0
20220103,"Melbourne","Hard",FALSE,"Rafael Nadal","Maxime Cressy",1500,1500,1,0,3,3,0.522866832792736,1
20220103,"Melbourne","Hard",FALSE,"Jaume Munar","Kevin Anderson",1500,1500,1,0,1,3,0.360058296246968,0
20220103,"Melbourne","Hard",FALSE,"Benoit Paire","Henri Laaksonen",1500,1500,0,0,0,0,0.405883428307007,0
20220103,"Melbourne","Hard",FALSE,"Andy Murray","Facundo Bagnis",1500,1500,0,0,3,1,0.609008484356956,1
20220103,"Melbourne","Hard",FALSE,"Botic Van De Zandschulp","Adrian Mannarino",1500,1500,1,0,3,3,0.522866832792736,1
20220103,"Melbourne","Hard",FALSE,"Mackenzie Mcdonald","Peter Gojowczyk",1500,1500,1,0,3,2,0.56643945813499,1
20220103,"Melbourne","Hard",FALSE,"Christopher Oconnell","Jordan Thompson",1500,1500,0,0,3,3,0.522866832792736,1
20220103,"Melbourne","Hard",FALSE,"Alex Molcan","Andreas Seppi",1500,1500,1,0,3,2,0.56643945813499,1
20220103,"Melbourne","Hard",FALSE,"Dominik Koepfer","Tallon Griekspoor",1500,1500,0,0,2,3,0.439845286721118,0
20220103,"Melbourne","Hard",FALSE,"Stefano Travaglia","Alexei Popyrin",1500,1500,0,0,0,1,0.364284233465609,0
20220103,"Melbourne","Hard",FALSE,"Marcos Giron","Ricardas Berankis",1500,1500,0,0,3,3,0.522866832792736,1
20220103,"Melbourne","Hard",FALSE,"Henri Laaksonen","Jaume Munar",1515,1515,0,0,0,1,0.364284233465609,0
20220103,"Melbourne","Hard",FALSE,"Botic Van De Zandschulp","Mackenzie Mcdonald",1515,1515,1,0,3,3,0.522866832792736,1
20220103,"Melbourne","Hard",FALSE,"Tallon Griekspoor","Alexei Popyrin",1515,1515,1,0,3,1,0.609008484356956,1
20220103,"Atp Cup","Hard",FALSE,"Diego Schwartzman","Nikoloz Basilashvili",1500,1500,1,0,1,3,0.360058296246968,0
20220103,"Atp Cup","Hard",FALSE,"Matteo Berrettini","Ugo Humbert",1500,1500,1,0,3,2,0.56643945813499,1
20220103,"Atp Cup","Hard",FALSE,"James Duckworth","Roman Safiullin",1500,1500,0,0,3,3,0.522866832792736,1
20220103,"Atp Cup","Hard",FALSE,"Alex De Minaur","Daniil Medvedev",1500,1500,0,0,3,3,0.522866832792736,1
20220103,"Atp Cup","Hard",FALSE,"Alejandro Tabilo","Pablo Carreno Busta",1500,1500,0,0,3,3,0.522866832792736,1
20220103,"Atp Cup","Hard",FALSE,"Aleksandre Bakshi","Kamil Majchrzak",1500,1500,0,0,0,3,0.287320746578664,0
20220103,"Atp Cup","Hard",FALSE,"Federico Delbonis","Kamil Majchrzak",1515,1515,0,0,1,3,0.360058296246968,0
20220103,"Atp Cup","Hard",FALSE,"Daniel Evans","John Isner",1500,1500,1,0,2,3,0.439845286721118,0
20220103,"Atp Cup","Hard",FALSE,"Taylor Fritz","Cameron Norrie",1500,1500,1,0,3,3,0.522866832792736,1
20220110,"Sydney","Hard",FALSE,"Brandon Nakashima","Fabio Fognini",1500,1500,1,0,3,1,0.609008484356956,1
20220110,"Sydney","Hard",FALSE,"Aslan Karatsev","Miomir Kecmanovic",1500,1500,1,0,3,3,0.522866832792736,1
20220110,"Sydney","Hard",FALSE,"Stefano Travaglia","Miomir Kecmanovic",1485,1485,0,0,0,3,0.287320746578664,0
20220110,"Sydney","Hard",FALSE,"Daniel Altmaier","Fabio Fognini",1485,1485,0,0,1,1,0.444357428023077,0
20220131,"Pune","Hard",FALSE,"Vit Kopriva","Cem Ilkel",1500,1500,1,0,2,2,0.483510382935212,0
20220131,"Pune","Hard",FALSE,"Dennis Novak","Bernabe Zapata Miralles",1500,1500,0,0,0,1,0.364284233465609,0
20220131,"Pune","Hard",FALSE,"Yuki Bhambri","Jozef Kovalik",1500,1500,1,0,3,1,0.609008484356956,1
20220131,"Cordoba","Clay",FALSE,"Daniel Elahi Galan","Hugo Dellien",1500,1500,1,0,3,1,0.609008484356956,1
20220304,"Davis Cup WG2 PO: HKG vs BEN","Hard",FALSE,"Delmas Ntcha","Coleman Wong",1500,1500,0,0,0,0,0.405883428307007,0
20220304,"Davis Cup QLS R1: CAN vs NED","Clay",FALSE,"Robin Haase","Steven Diez",1500,1500,1,0,1,0,0.488080159879273,0
20220304,"Davis Cup QLS R1: SWE vs JPN","Hard",FALSE,"Yosuke Watanuki","Dragos Nicolae Madaras",1500,1500,1,0,3,0,0.649980596007744,1
20220304,"Davis Cup WG2 PO: EGY vs CYP","Clay",FALSE,"Mohamed Safwat","Petros Chrysochos",1500,1500,1,0,1,1,0.444357428023077,0
20220304,"Davis Cup WG1 PO: PAK vs LTU","Grass",FALSE,"Aisam Ul Haq Qureshi","Edas Butvilas",1500,1500,1,0,3,0,0.649980596007744,1
20220304,"Davis Cup WG2 PO: EGY vs CYP","Clay",FALSE,"Stylianos Christodoulou","Amr Elsayed Abdou Ahmed Mohamed",1500,1500,0,0,0,0,0.405883428307007,0
20220725,"Kitzbuhel","Clay",FALSE,"Daniel Dutra Da Silva","Filip Misolic",1500,1500,0,0,0,1,0.364284233465609,0
20220916,"Davis Cup WG2 R1: SLO vs EST","Clay",FALSE,"Matic Kriznik","Mark Lajal",1500,1500,1,0,1,0,0.488080159879273,0
20220916,"Davis Cup WG2 R1: BOL vs THA","Hard",FALSE,"Federico Zeballos","Kasidit Samrej",1500,1500,0,0,0,2,0.32461901734719,0
20220916,"Davis Cup WG2 R1: DOM vs LAT","Hard",FALSE,"Nick Hardt","Karlis Ozolins",1500,1500,0,0,0,0,0.405883428307007,0
20220916,"Davis Cup WG2 R1: BAR vs IRL","Hard",FALSE,"Darian King","Osgar Ohoisin",1500,1500,1,0,2,2,0.483510382935212,0
20220916,"Davis Cup WG2 R1: LBN vs MON","Hard",FALSE,"Hady Habib","Valentin Vacherot",1500,1500,1,0,1,2,0.401479680175636,0
20220916,"Davis Cup WG2 R1: POL vs INA","Hard",FALSE,"Fitriadi M Rifqi","Olaf Pieczkowski",1500,1500,0,0,0,2,0.32461901734719,0
20220916,"Davis Cup WG2 R1: RSA vs BUL","Clay",FALSE,"Lleyton Cronje","Dimitar Kuzmanov",1500,1500,0,0,0,0,0.405883428307007,0
20220916,"Davis Cup WG2 R1: URU vs CHN","Clay",FALSE,"Ignacio Carou","Rigele Te",1500,1500,0,0,0,1,0.364284233465609,0
20220916,"Davis Cup WG1 R1: IND vs NOR","Hard",FALSE,"Lukas Hellum Lilleengen","Sumit Nagal",1500,1500,0,0,0,2,0.32461901734719,0
20220917,"Davis Cup WG2 R1: DEN vs ESA","Hard",FALSE,"Cesar Cruz","Elmer Moller",1500,1500,0,0,0,0,0.405883428307007,0
20220103,"Atp Cup","Hard",FALSE,"Cameron Norrie","Alexander Zverev",1485,1484.99890189695,0,0.00109810304593339,3,3,0.522867980991285,1
20220117,"Australian Open","Hard",TRUE,"Andrey Rublev","Gianluca Mager",1501.3940912388,1501.27634643115,1,0.117744807642794,3,2,0.566662146093855,1
20220304,"Davis Cup QLS R1: CAN vs NED","Clay",FALSE,"Steven Diez","Tallon Griekspoor",1485,1484.87475634375,0,0.125243656251541,0,3,0.287428246602471,0
20230508,"Rome Masters","Clay",FALSE,"Matteo Arnaldi","Diego Schwartzman",1453.78566019653,1453.62653656081,1,0.159123635725564,1,1,0.444522100869909,0
20230717,"Newport","Grass",FALSE,"Eliot Spizzirri","Corentin Moutet",1500,1499.76584499302,0,0.234155006977971,0,3,0.287521747670274,0
20221010,"Gijon","Hard",FALSE,"Francisco Cerundolo","Dominic Thiem",1544.14121310341,1543.77968614702,0,0.361526956392481,3,1,0.609369231410133,1
20220207,"Buenos Aires","Clay",FALSE,"Fernando Verdasco","Thiago Monteiro",1484.42771918999,1484.01392015184,1,0.413799038149136,1,1,0.444785683060725,0
20220304,"Davis Cup QLS R1: AUT vs KOR","Hard",FALSE,"Soon Woo Kwon","Jurij Rodionov",1502.76875128522,1502.32697272702,1,0.441778558200213,2,1,0.527890215715211,1
20220304,"Davis Cup WG2 PO: GRE vs JAM","Clay",FALSE,"Rowland Phillips","Michail Pervolarakis",1485,1484.43744832547,1,0.562551674529686,1,2,0.402046374451681,0
20220103,"Atp Cup","Hard",FALSE,"Federico Delbonis","Michail Pervolarakis",1500,1499.41206516233,1,0.587934837667035,1,2,0.402071950718997,0
20220829,"Us Open","Hard",TRUE,"Ilya Ivashka","Lorenzo Musetti",1538.86598829421,1538.26423392949,1,0.60175436472241,2,3,0.44098744269366,0
20220110,"Sydney","Hard",FALSE,"Hugo Gaston","Lorenzo Sonego",1500,1499.35520814482,0,0.644791855181666,3,3,0.52354099807637,1
20220103,"Adelaide 1","Hard",FALSE,"Mikael Ymer","Thanasi Kokkinakis",1530,1529.35280000847,0,0.647199991534308,3,1,0.609654203640899,1
20220103,"Melbourne","Hard",FALSE,"Maxime Cressy","Rinky Hijikata",1500.64719999153,1500,1,0.647199991534308,3,3,0.523543515755885,1
20220103,"Atp Cup","Hard",FALSE,"Roberto Bautista Agut","Dusan Lajovic",1500.64719999153,1500,1,0.647199991534308,3,1,0.609654203640899,1
20230916,"Davis Cup WG2 R1: HKG vs LAT","Hard",FALSE,"Ki Lung Ng","Daniels Tens",1485,1484.35280000847,1,0.647199991534308,2,0,0.571590995494361,1
20220131,"Cordoba","Clay",FALSE,"Juan Pablo Ficovich","Diego Schwartzman",1514.46871985267,1513.81869182953,0,0.650028023143477,0,1,0.364915392815592,0
20220221,"Santiago","Clay",FALSE,"Pedro Martinez","Alejandro Tabilo",1503.95833615899,1503.29420826942,1,0.664127889573138,3,3,0.523561213649419,1
20220117,"Australian Open","Hard",TRUE,"Pablo Andujar","Damir Dzumhur",1500.66525623162,1500,1,0.665256231619196,1,0,0.489360382676028,0
20230703,"Wimbledon","Grass",TRUE,"Daniel Evans","Quentin Halys",1492.19191152913,1491.51806013071,0,0.673851398414399,2,3,0.44112432815332,0
20220103,"Atp Cup","Hard",FALSE,"Dusan Lajovic","Cristian Garin",1485.02794183742,1484.35280000847,0,0.675141828952974,1,3,0.360710559954291,0
20220725,"Atlanta","Hard",FALSE,"Soon Woo Kwon","Marcos Giron",1458.37295494382,1457.68067014873,1,0.6922847950907,2,3,0.440560295669088,0
20220117,"Australian Open","Hard",TRUE,"Alex Molcan","Roman Safiullin",1498.21756834072,1497.52373352194,1,0.693834818775485,3,3,0.524199772819949,1
20220917,"Davis Cup WG1 R1: ECU vs SUI","Hard",FALSE,"Roberto Quiroz","Marc Andrea Huesler",1471.38220675224,1470.68674828834,0,0.695458463898831,0,2,0.32525839726192,0
20220509,"Rome Masters","Clay",FALSE,"Casper Ruud","Novak Djokovic",1585.73732717195,1584.99263477128,0,0.744692400668328,1,3,0.360777782965919,0
20220627,"Wimbledon","Grass",TRUE,"Nuno Borges","Mackenzie Mcdonald",1489.44954882799,1488.69615672587,0,0.753392102112912,2,3,0.441275356757788,0
20230508,"Rome Masters","Clay",FALSE,"Daniel Evans","Roberto Carballes Baena",1528.7638396663,1527.93517278747,0,0.828666878828244,2,1,0.528294322125609,1
20230306,"Indian Wells Masters","Hard",FALSE,"Hubert Hurkacz","Tommy Paul",1700.04429984467,1699.20816631726,0,0.836133527403263,3,3,0.523741039906258,1
20230306,"Indian Wells Masters","Hard",FALSE,"Marton Fucsovics","Alex Molcan",1494.11655006893,1493.26649234625,1,0.850057722678457,3,3,0.523755596927355,1
20230821,"Winston-Salem","Hard",FALSE,"Omni Kumar","Arthur Rinderknech",1483.65545116339,1482.78623023372,1,0.869220929673929,0,3,0.288067316808511,0
20221003,"Astana","Hard",FALSE,"Roberto Bautista Agut","Felix Auger Aliassime",1652.67470101203,1651.71041170295,1,0.96428930907814,3,3,0.523875018576587,1
20220207,"Buenos Aires","Clay",FALSE,"Fernando Verdasco","Hugo Dellien",1485.97973067493,1485,1,0.979730674929442,1,1,0.445371518107215,0
20230731,"Washington","Hard",FALSE,"Aleksandar Vukic","Brandon Nakashima",1513.63221576086,1512.62082834286,0,1.01138741800423,2,3,0.440889956021637,0
20230206,"Dallas","Hard",FALSE,"Denis Kudla","Jordan Thompson",1433.7201942096,1432.66947935012,0,1.05071485948292,0,3,0.288223346864445,0
20220725,"Umag","Clay",FALSE,"Fabio Fognini","Daniel Elahi Galan",1492.5375323064,1491.46262360031,0,1.07490870609672,1,3,0.361097022761622,0
20231106,"Sofia","Hard",FALSE,"Cem Ilkel","Dimitar Kuzmanov",1490.35839751562,1489.24635373135,1,1.11204378427078,2,0,0.572068012145773,1
20220131,"Cordoba","Clay",FALSE,"Daniel Elahi Galan","Diego Schwartzman",1530.01318287325,1528.84675576246,0,1.16642711079203,3,1,0.610171965308797,1
20230522,"Geneva","Clay",FALSE,"Yibing Wu","Marco Cecchinato",1529.58984550763,1528.42180418231,1,1.16804132531524,2,1,0.52864876959217,1
20220613,"Halle","Grass",FALSE,"Hubert Hurkacz","Felix Auger Aliassime",1629.6107928436,1628.43977404237,1,1.17101880122709,3,3,0.524091133783487,1
20220725,"Atlanta","Hard",FALSE,"Jenson Brooksby","Frances Tiafoe",1553.34552991051,1552.12771022396,1,1.21781968654932,3,3,0.52414005822377,1
20220926,"Seoul","Hard",FALSE,"Shintaro Mochizuki","Mackenzie Mcdonald",1469.89966955651,1468.5538484536,0,1.34582110290989,2,3,0.441235510614221,0
20230731,"Washington","Hard",FALSE,"Yosuke Watanuki","Ugo Humbert",1502.35669061149,1500.99229393093,0,1.36439668055687,3,2,0.567843309051909,1
20220117,"Australian Open","Hard",TRUE,"Radu Albot","Alexander Zverev",1515.22465690549,1513.81847604604,0,1.40618085944993,1,3,0.362557414290655,0
20230403,"Houston","Clay",FALSE,"Tomas Machac","Jack Sock",1476.20910480943,1474.79840967318,1,1.41069513624393,1,3,0.361421773419073,0
20220110,"Sydney","Hard",FALSE,"Daniel Evans","Maxime Cressy",1557.59653223487,1556.15015610162,1,1.44637613325085,2,3,0.441339420543351,0
20220221,"Santiago","Clay",FALSE,"Thiago Monteiro","Federico Delbonis",1504.51050486572,1503.05826186676,1,1.4522429989679,1,1,0.445860764730146,0
20220321,"Miami Masters","Hard",FALSE,"Kevin Anderson","Juan Manuel Cerundolo",1456.33108273548,1454.84837934316,0,1.48270339232477,3,0,0.651393081677829,1
20220917,"Davis Cup WG2 R1: TPE vs HKG","Hard",FALSE,"Jason Jung","Coleman Wong",1500,1498.48537664998,0,1.51462335002338,0,0,0.407415146855133,0
20220627,"Wimbledon","Grass",TRUE,"David Goffin","Sebastian Baez",1560.76954359686,1559.19803212208,1,1.57151147478089,3,3,0.525885398923095,1
20220829,"Us Open","Hard",TRUE,"Alejandro Tabilo","J J Wolf",1510.7401968354,1509.16826135291,0,1.57193548249256,3,3,0.525886213113682,1
20220117,"Australian Open","Hard",TRUE,"Alex De Minaur","Pablo Andujar",1517.19862968928,1515.59606859831,1,1.60256109096463,3,1,0.611943387488988,1
20220131,"Montpellier","Hard",FALSE,"David Goffin","Benjamin Bonzi",1490.13500068466,1488.52059969482,1,1.61440098984281,3,3,0.524554615414075,1
20220117,"Australian Open","Hard",TRUE,"Tallon Griekspoor","Fabio Fognini",1501.62271132603,1500,1,1.62271132602905,3,1,0.61198023912911,1
20230220,"Doha","Hard",FALSE,"Liam Broady","Oleksii Krutykh",1485.11006264109,1483.45990479058,1,1.65015785051196,0,0,0.407552299330278,0
20220829,"Us Open","Hard",TRUE,"Mikael Ymer","Jason Kubler",1531.03303639088,1529.37601812317,0,1.6570182677076,3,3,0.526049588490163,1
20220711,"Newport","Grass",FALSE,"Jack Sock","Radu Albot",1482.5617953661,1480.84127308343,1,1.72052228266693,3,1,0.610724222815819,1
20220103,"Adelaide 1","Hard",FALSE,"Gael Monfils","Karen Khachanov",1546.83242617515,1545.05467930018,1,1.77774687497049,2,3,0.441681883391597,0
20220815,"Cincinnati Masters","Hard",FALSE,"Filip Krajinovic","Daniel Evans",1563.6066979409,1561.79097381485,1,1.81572412604964,3,2,0.568307448925922,1
20220404,"Houston","Clay",FALSE,"Tommy Paul","Nick Kyrgios",1589.07351799634,1587.25490665667,0,1.81861133967232,3,3,0.524768068867982,1
20220418,"Barcelona","Clay",FALSE,"Gian Marco Moroni","Jaume Munar",1485.67617151819,1483.72285689419,0,1.95331462399508,0,1,0.36618224644446,0
20221031,"Paris Masters","Hard",FALSE,"Nikoloz Basilashvili","Quentin Halys",1411.22706140331,1409.19402643716,1,2.03303496615308,3,3,0.524992188137244,1
20230206,"Cordoba","Clay",FALSE,"Juan Manuel Cerundolo","Diego Schwartzman",1482.86538546532,1480.74168830824,1,2.12369715708314,0,1,0.36634800329366,0
20220916,"Davis Cup WG1 R1: JPN vs UZB","Hard",FALSE,"Sergey Fomin","Shintaro Mochizuki",1486.93569502776,1484.80780218637,1,2.12789284139421,2,2,0.485737901797325,0
20220117,"Australian Open","Hard",TRUE,"Soon Woo Kwon","Holger Rune",1487.17085710527,1485,1,2.17085710527022,2,3,0.443968577510133,0
20230807,"Canada Masters","Hard",FALSE,"Milos Raonic","Taro Daniel",1512.22370853554,1510.05215243742,1,2.17155609812062,2,1,0.529696684251171,1
20230403,"Marrakech","Clay",FALSE,"Alexandre Muller","Lorenzo Musetti",1519.45756097117,1517.25536593724,1,2.20219503393082,3,3,0.525168990055457,1
20230220,"Rio De Janeiro","Clay",FALSE,"Diego Schwartzman","Dusan Lajovic",1450.6588886803,1448.37257875867,0,2.28630992163221,1,1,0.446724626108415,0
20220207,"Dallas","Hard",FALSE,"Jenson Brooksby","Jordan Thompson",1485.78666871855,1483.39957003016,1,2.3870986883876,3,3,0.525362239561434,1
20220718,"Hamburg","Clay",FALSE,"Daniel Elahi Galan","Federico Coria",1493.36037675195,1490.94732190021,1,2.41305485173984,3,1,0.611414059225463,1
20220117,"Australian Open","Hard",TRUE,"Denis Shapovalov","Alexander Zverev",1531.14716377607,1528.71340390463,1,2.4337598714369,3,3,0.527540820118851,1
20220620,"Eastbourne","Grass",FALSE,"Alexander Bublik","Frances Tiafoe",1507.22281296078,1504.71984296099,1,2.50296999978605,3,3,0.525483336997372,1
20220523,"Roland Garros","Clay",TRUE,"Pablo Cuevas","Aljaz Bedene",1457.73231784748,1455.19943968098,0,2.5328781665005,0,0,0.410595907835954,0
20220117,"Australian Open","Hard",TRUE,"Taro Daniel","Tomas Barrios Vera",1502.70061736357,1500,1,2.70061736357025,1,3,0.364864524831962,0
20220913,"Davis Cup Finals RR: KOR vs CAN","Hard",FALSE,"Vasek Pospisil","Seong Chan Hong",1502.70784826327,1500,1,2.70784826326963,2,0,0.573704581562329,1
20230724,"Umag","Clay",FALSE,"Taro Daniel","Roberto Carballes Baena",1517.58209600276,1514.79765617339,0,2.78443982937119,1,1,0.44724070398835,0
20221123,"Davis Cup Finals QF: CRO vs ESP","Hard",FALSE,"Roberto Bautista Agut","Borna Coric",1624.70983559729,1621.88934992991,0,2.82048566737649,3,1,0.611819695603064,1
20230913,"Davis Cup Finals RR: ESP vs CZE","Hard",FALSE,"Tomas Machac","Bernabe Zapata Miralles",1485.47092753639,1482.63309084711,1,2.83783668928254,1,1,0.447296031541549,0
20230306,"Indian Wells Masters","Hard",FALSE,"Marcos Giron","Aleksandar Kovacevic",1516.91858235389,1514.06639224592,1,2.85219010796777,3,2,0.5693728832038,1
20231002,"Shanghai Masters","Hard",FALSE,"Fabian Marozsan","Dusan Lajovic",1544.38754348659,1541.48214115315,1,2.90540233344177,1,1,0.447366042056324,0
20230703,"Wimbledon","Grass",TRUE,"Oscar Otte","Daniel Elahi Galan",1401.78435257325,1398.87770698152,0,2.90664559172842,3,3,0.528448453455389,1
20220307,"Indian Wells Masters","Hard",FALSE,"Taylor Fritz","Kamil Majchrzak",1549.32446502084,1546.34009121253,1,2.98437380831479,3,3,0.525986421227525,1
20220117,"Australian Open","Hard",TRUE,"Richard Gasquet","Botic Van De Zandschulp",1500,1496.88643246067,0,3.11356753932728,3,3,0.528845550355791,1
20220718,"Gstaad","Clay",FALSE,"Juan Pablo Varillas","Dominic Thiem",1458.25865872965,1455.1259621102,0,3.13269661945196,1,1,0.447601576316504,0
20230306,"Indian Wells Masters","Hard",FALSE,"Pedro Cachin","Nikoloz Basilashvili",1402.71591113703,1399.56344287282,1,3.15246826420548,1,3,0.363108329911102,0
20230717,"Bastad","Clay",FALSE,"Dusan Lajovic","Filip Misolic",1542.73922548055,1539.53034134541,0,3.20888413514263,1,1,0.447680531083406,0
20230424,"Madrid Masters","Clay",FALSE,"Jan Lennard Struff","Ben Shelton",1519.15370654243,1515.9133806369,1,3.24032590552224,1,3,0.36319349202844,0
20230703,"Wimbledon","Grass",TRUE,"Richard Gasquet","Corentin Moutet",1503.8495610737,1500.53123299938,0,3.31832807431897,3,3,0.529238463427728,1
20220725,"Kitzbuhel","Clay",FALSE,"Pedro Martinez","Albert Ramos",1521.42093784392,1518.06025508136,0,3.3606827625656,3,1,0.612357274627143,1
20220829,"Us Open","Hard",TRUE,"Denis Shapovalov","Marc Andrea Huesler",1505.69469432592,1502.32700201037,1,3.36769231554968,3,2,0.572797765733886,1
20220725,"Kitzbuhel","Clay",FALSE,"Gerald Melzer","Yannick Hanfmann",1500,1496.61544408225,0,3.38455591775391,0,1,0.367575612553424,0
20220926,"Sofia","Hard",FALSE,"Kamil Majchrzak","Oscar Otte",1507.86068852966,1504.47139175368,1,3.38929677597912,3,3,0.526409539432681,1
20221017,"Naples","Hard",FALSE,"Zhizhen Zhang","Mackenzie Mcdonald",1530.93783629798,1527.5453308682,0,3.39250542978016,1,3,0.36334102289665,0
20220214,"Rio de Janeiro","Clay",FALSE,"Federico Coria","Cristian Garin",1490.64973832927,1487.23787742784,1,3.41186090142787,1,3,0.363359788957366,0
20230917,"Davis Cup Finals RR: GBR vs FRA","Hard",FALSE,"Daniel Evans","Arthur Fils",1574.97714750226,1571.53709690013,1,3.4400506021318,2,1,0.531020926810946,1
20220321,"Miami Masters","Hard",FALSE,"Juncheng Shang","Denis Kudla",1471.0142345225,1467.49801341456,0,3.51622110794597,0,0,0.409442095146002,0
20230915,"Davis Cup Finals RR: GBR vs SUI","Hard",FALSE,"Cameron Norrie","Stan Wawrinka",1615.11284530949,1611.58357798572,0,3.52926732377659,3,1,0.612524986213568,1
20220725,"Kitzbuhel","Clay",FALSE,"Pedro Martinez","Nicolas Jarry",1492.14520115901,1488.57834848304,1,3.56685267597049,3,3,0.526595061891606,1
20220418,"Barcelona","Clay",FALSE,"Marton Fucsovics","Jordan Thompson",1490.50736766047,1486.91495498644,1,3.59241267402967,3,3,0.526621768109446,1
20220926,"Tel Aviv","Hard",FALSE,"Vasek Pospisil","Tallon Griekspoor",1514.86745935501,1511.25041229897,1,3.61704705603938,2,3,0.443583751084925,0
20231122,"Davis Cup Finals QF: CZE vs AUS","Hard",FALSE,"Jordan Thompson","Tomas Machac",1528.1014575052,1524.47259301007,0,3.62886449513144,3,1,0.612624055116283,1
20231002,"Shanghai Masters","Hard",FALSE,"Pedro Cachin","J J Wolf",1518.187960907,1514.42400883697,0,3.76395207002884,1,3,0.36370123085069,0
20230612,"Stuttgart","Grass",FALSE,"Christopher Eubanks","Richard Gasquet",1503.95272209486,1500.12359633819,0,3.82912575667115,3,3,0.526869089162827,1
20220214,"Marseille","Hard",FALSE,"Mikael Ymer","Richard Gasquet",1517.92141577111,1514.03624096993,0,3.88517480118708,3,3,0.5269276480419,1
20220418,"Barcelona","Clay",FALSE,"Lorenzo Musetti","Daniel Evans",1519.79879233183,1515.90415433838,1,3.89463799345049,3,2,0.570443819019744,1
20230717,"Newport","Grass",FALSE,"James Duckworth","Constant Lestienne",1445.11756305308,1441.1070721483,1,4.01049090478091,3,0,0.653795025618579,1
20230213,"Buenos Aires","Clay",FALSE,"Diego Schwartzman","Bernabe Zapata Miralles",1465.83337454292,1461.79168571643,0,4.04168882648628,1,1,0.448543755752138,0
20220718,"Gstaad","Clay",FALSE,"Alexander Ritschard","Jaume Munar",1493.07144593603,1489.02415325011,0,4.04729268591905,0,1,0.368221562854425,0
20221024,"Vienna","Hard",FALSE,"Daniil Medvedev","Jannik Sinner",1710.25875923623,1706.17486048539,1,4.08389875083185,3,3,0.527135264721464,1
20220613,"Queen's Club","Grass",FALSE,"Stan Wawrinka","Tommy Paul",1511.95836386098,1507.85530019542,0,4.10306366556165,1,3,0.364030215628732,0
20220829,"Us Open","Hard",TRUE,"Alejandro Tabilo","Kamil Majchrzak",1495.6723313883,1491.33967365914,1,4.33265772916184,3,3,0.531184307414518,1
20220304,"Davis Cup QLS R1: ITA vs SVK","Hard",FALSE,"Norbert Gombos","Lorenzo Musetti",1486.36558277217,1481.91211937798,0,4.45346339419302,1,3,0.364370285042163,0
20220523,"Roland Garros","Clay",TRUE,"Daniel Evans","Mikael Ymer",1492.41900505195,1487.95647572779,0,4.46252932416087,2,3,0.448329721194585,0
20231113,"Tour Finals","Hard",FALSE,"Andrey Rublev","Alexander Zverev",1791.15432635836,1786.66961486871,0,4.48471148964495,3,3,0.527553984868239,1
20220523,"Roland Garros","Clay",TRUE,"Steve Johnson","Jiri Vesely",1484.90252585442,1480.39672253927,1,4.50580331515471,3,2,0.574941236469041,1
20220304,"Davis Cup QLS R1: SWE vs JPN","Hard",FALSE,"Taro Daniel","Dragos Nicolae Madaras",1489.50698205849,1485,1,4.50698205848835,1,0,0.492800867134429,0
20220418,"Barcelona","Clay",FALSE,"Alexander Bublik","Emil Ruusuvuori",1551.54140259584,1547.00765332817,0,4.53374926766946,3,3,0.527605210893926,1
20231016,"Antwerp","Hard",FALSE,"David Goffin","Quentin Halys",1494.34734656848,1489.7381736356,1,4.6091729328748,3,3,0.527683999108061,1
20230927,"Beijing","Hard",FALSE,"Lorenzo Sonego","Ugo Humbert",1566.65837986328,1562.0226876409,0,4.63569222237675,3,2,0.571204724520796,1
20230916,"Davis Cup Finals RR: SRB vs CZE","Hard",FALSE,"Jiri Lehecka","Laslo Djere",1650.32680471721,1645.66940713928,1,4.65739757793244,3,1,0.613646586695486,1
20220307,"Indian Wells Masters","Hard",FALSE,"Brandon Nakashima","Frances Tiafoe",1480.16107199115,1475.49088629986,0,4.67018569128527,3,3,0.527747732555327,1
20230920,"Zhuhai","Hard",FALSE,"Aslan Karatsev","Yoshihito Nishioka",1541.01980097235,1536.25465368452,0,4.76514728782354,3,1,0.613753649873833,1
20230920,"Chengdu","Hard",FALSE,"Arthur Rinderknech","Li Tu",1489.19984948722,1484.31149438687,1,4.88835510034323,3,0,0.654627362851078,1
20231002,"Shanghai Masters","Hard",FALSE,"Rigele Te","Jaume Munar",1497.29819540586,1492.35366202646,0,4.94453337939945,1,1,0.449479928837258,0
20220627,"Wimbledon","Grass",TRUE,"Elias Ymer","Cristian Garin",1547.99228103557,1543.04552829879,0,4.94675273678126,1,3,0.368882594141105,0
20221003,"Tokyo","Hard",FALSE,"Bernabe Zapata Miralles","Taro Daniel",1458.80573380295,1453.75922351265,1,5.04651029029947,1,1,0.449585692851617,0
20231127,"NextGen Finals","Hard",FALSE,"Dominic Stricker","Hamad Medjedovic",1536.70569246189,1531.63896719555,0,5.06672526634088,1,2,0.406593039133242,0
20230814,"Cincinnati Masters","Hard",FALSE,"Mackenzie Mcdonald","Adrian Mannarino",1603.25568222496,1598.14182897967,0,5.11385324528692,3,3,0.528211156859567,1
20230821,"Winston-Salem","Hard",FALSE,"Brandon Nakashima","Jason Kubler",1505.97274707048,1500.79893635877,1,5.17381071171303,3,3,0.528273780551974,1
20220509,"Rome Masters","Clay",FALSE,"Novak Djokovic","Felix Auger Aliassime",1600.02478567744,1594.77782451036,1,5.24696116707173,3,3,0.528350182702024,1
20220418,"Belgrade ","Clay",FALSE,"Roman Safiullin","Karen Khachanov",1522.68623545548,1517.23850078404,0,5.44773467143887,3,3,0.528559874183532,1
20220404,"Marrakech","Clay",FALSE,"Federico Coria","Richard Gasquet",1506.53499822668,1501.04620886872,1,5.48878935795642,1,3,0.36537587860472,0
20230717,"Newport","Grass",FALSE,"Kevin Anderson","Ugo Humbert",1441.26706967293,1435.66583806125,0,5.60123161167348,3,2,0.572195623322169,1
20220117,"Australian Open","Hard",TRUE,"Aleksandar Vukic","Lloyd Harris",1489.97931912666,1484.3646388124,1,5.61468031426102,2,3,0.45052535922313,0
20220914,"Davis Cup Finals RR: ESP vs SRB","Hard",FALSE,"Laslo Djere","Albert Ramos",1532.71717557865,1526.97214183964,0,5.74503373901143,1,1,0.450310279326902,0
20220801,"Washington","Hard",FALSE,"Yoshihito Nishioka","Daniel Evans",1516.87696527239,1511.09108842053,1,5.78587685185562,1,2,0.407320480879776,0
20220926,"Sofia","Hard",FALSE,"Lorenzo Sonego","Holger Rune",1519.10876204964,1513.27904623944,0,5.82971581019933,3,3,0.528958794308205,1
20220307,"Indian Wells Masters","Hard",FALSE,"Mackenzie Mcdonald","Marton Fucsovics",1501.80804580201,1495.89348592793,1,5.91455987407721,3,3,0.529047395786857,1
20230529,"Roland Garros","Clay",TRUE,"Jordan Thompson","Max Purcell",1418.41531316038,1412.43434755351,0,5.98096560686713,3,0,0.660386395885958,1
20220425,"Munich","Clay",FALSE,"Holger Rune","Jiri Lehecka",1490.1663629488,1484.17025363191,1,5.99610931688767,3,3,0.529132555013376,1
20230320,"Miami Masters","Hard",FALSE,"Lorenzo Sonego","Daniel Evans",1518.53878001993,1512.4775061414,1,6.06127387852962,3,2,0.572667545238025,1
20230403,"Marrakech","Clay",FALSE,"Christopher Oconnell","Pavel Kotov",1455.23088317858,1448.99991048334,0,6.23097269523828,3,3,0.529377805119685,1
20230807,"Canada Masters","Hard",FALSE,"Lorenzo Sonego","Andy Murray",1558.49803248774,1552.24428897786,0,6.25374350988113,3,3,0.529401582211044,1
20230227,"Acapulco","Hard",FALSE,"Mackenzie Mcdonald","Brandon Nakashima",1613.1177327914,1606.65675980129,1,6.46097299011171,3,3,0.529617963328926,1
20220523,"Roland Garros","Clay",TRUE,"Zdenek Kolar","Lucas Pouille",1493.1773244593,1486.70248667669,1,6.4748377826063,1,1,0.456701295182319,0
20220523,"Roland Garros","Clay",TRUE,"Christopher Oconnell","Aljaz Bedene",1469.12380509592,1462.61243597645,0,6.51136911946287,3,0,0.661301946710843,1
20221122,"Davis Cup Finals QF: AUS vs NED","Hard",FALSE,"Jordan Thompson","Tallon Griekspoor",1445.94922680432,1439.31627500454,1,6.63295179977649,3,3,0.52979752859188,1
20230703,"Wimbledon","Grass",TRUE,"Gregoire Barrere","Denis Shapovalov",1567.22961740174,1560.55673050182,0,6.67288689991597,1,3,0.371982882149507,0
20220523,"Roland Garros","Clay",TRUE,"Geoffrey Blancaneaux","Marton Fucsovics",1500,1493.19102193062,0,6.80897806938174,0,3,0.298177279367326,0
20220613,"Queen's Club","Grass",FALSE,"Emil Ruusuvuori","Jack Draper",1516.27482617287,1509.33788228227,1,6.93694389059533,3,3,0.530114911705118,1
20230508,"Rome Masters","Clay",FALSE,"Bernabe Zapata Miralles","Jason Kubler",1545.5596346458,1538.59708125549,1,6.96255339030267,1,3,0.366809345124911,0
20231106,"Sofia","Hard",FALSE,"Fabian Marozsan","Jan Lennard Struff",1575.49498104829,1568.52790180568,0,6.96707924260159,1,1,0.451578426596658,0
20231023,"Basel","Hard",FALSE,"Roberto Bautista Agut","Botic Van De Zandschulp",1533.73775200305,1526.76253892485,0,6.97521307820307,3,3,0.530154864951222,1
20220606,"Stuttgart","Grass",FALSE,"Benjamin Bonzi","Arthur Rinderknech",1499.95764273778,1492.9690865361,1,6.98855620167592,3,3,0.530168795155984,1
20230227,"Acapulco","Hard",FALSE,"Nick Chappell","Nuno Borges",1482.83971741245,1475.8498316104,0,6.98988580204536,0,2,0.331074698235391,0
20230920,"Chengdu","Hard",FALSE,"Jordan Thompson","Roman Safiullin",1534.94841783436,1527.94962072131,0,6.99879711304948,3,3,0.530179486623186,1
20220131,"Cordoba","Clay",FALSE,"Juan Ignacio Londero","Yannick Hanfmann",1513.83078011611,1506.82985514103,1,7.00092497507808,1,1,0.451613558190942,0
20230703,"Wimbledon","Grass",TRUE,"Carlos Alcaraz","Novak Djokovic",1929.34038999132,1922.33023679991,1,7.01015319141243,3,3,0.536315986324682,1
20220829,"Us Open","Hard",TRUE,"Yoshihito Nishioka","Alejandro Davidovich Fokina",1539.58099757718,1532.35034692143,0,7.23065065575611,1,3,0.372986944921398,0
20220711,"Newport","Grass",FALSE,"John Isner","Benjamin Bonzi",1542.21363800914,1534.9604733716,1,7.25316463754029,3,3,0.53044503630597,1
20230306,"Indian Wells Masters","Hard",FALSE,"Roman Safiullin","Ilya Ivashka",1506.86128587937,1499.60247032789,0,7.25881555148885,3,2,0.573895388814482,1
20231023,"Basel","Hard",FALSE,"Yannick Hanfmann","Andy Murray",1561.31890018582,1554.05812931221,0,7.26077087360477,1,3,0.367099696227933,0
20220711,"Bastad","Clay",FALSE,"Lorenzo Musetti","Laslo Djere",1498.755257683,1491.47622196468,0,7.27903571831666,3,1,0.616248379560389,1
20230807,"Canada Masters","Hard",FALSE,"Alejandro Davidovich Fokina","J J Wolf",1586.20876468257,1578.91629182417,1,7.29247285840506,3,3,0.530486071007264,1
20220214,"Doha","Hard",FALSE,"Alex Molcan","Christopher Oconnell",1496.97455097879,1489.55190966005,1,7.42264131874504,3,3,0.53062195373063,1
20220916,"Davis Cup WG2 R1: POL vs INA","Hard",FALSE,"Tegar Abdi Satrio Wibowo","Kamil Majchrzak",1500,1492.53860366926,0,7.46139633074313,0,3,0.293766697235126,0
20220404,"Marrakech","Clay",FALSE,"Vit Kopriva","Bernabe Zapata Miralles",1472.38414305861,1464.83558101449,1,7.54856204412545,2,1,0.535306907316431,1
20230920,"Zhuhai","Hard",FALSE,"Diego Schwartzman","Alex Bolt",1450.49878788776,1442.94977807199,0,7.54900981576338,1,0,0.495987928031385,0
20231016,"Stockholm","Hard",FALSE,"Lorenzo Sonego","Dusan Lajovic",1552.63404923855,1544.93869479458,1,7.69535444397297,3,1,0.616660939454161,1
20220523,"Roland Garros","Clay",TRUE,"Hugo Dellien","Dominic Thiem",1437.01268017843,1429.18974954182,1,7.822930636612,1,1,0.459278565729528,0
20230828,"Us Open","Hard",TRUE,"Mackenzie Mcdonald","Felix Auger Aliassime",1590.88127993934,1583.03969400769,1,7.84158593164807,3,3,0.537907995034374,1
20221017,"Stockholm","Hard",FALSE,"Alex Molcan","J J Wolf",1575.38182810239,1567.5217636075,0,7.86006449488082,3,3,0.531078545960804,1
20221010,"Gijon","Hard",FALSE,"Manuel Guinard","Fabio Fognini",1477.51844019432,1469.60667900058,1,7.91176119374472,2,1,0.53568555360555,1
20220221,"Santiago","Clay",FALSE,"Juan Ignacio Londero","Sebastian Baez",1512.3358011401,1504.35107274313,0,7.98472839696615,1,3,0.367804958239919,0
20230522,"Lyon","Clay",FALSE,"Gregoire Barrere","Corentin Moutet",1532.0954932002,1523.98599822214,1,8.10949497806428,1,3,0.367926560093544,0
20220822,"Winston-Salem","Hard",FALSE,"Richard Gasquet","Lorenzo Musetti",1546.32112020345,1538.16193520718,1,8.15918499626991,3,3,0.531390744815266,1
20220926,"Sofia","Hard",FALSE,"Mirza Basic","Nuno Borges",1502.23963135972,1494.0661040824,0,8.17352727732259,1,2,0.409738554419665,0
20220627,"Wimbledon","Grass",TRUE,"Nikoloz Basilashvili","Quentin Halys",1482.65459859697,1474.47558013197,1,8.17901846499262,3,3,0.538553884640399,1
20220919,"San Diego","Hard",FALSE,"Brandon Nakashima","Daniel Elahi Galan",1560.54302540457,1552.34104398185,1,8.20198142272579,3,3,0.531435410413006,1
20230227,"Dubai","Hard",FALSE,"Alexandar Lazarov","Alexander Bublik",1513.00414569163,1504.78860766195,0,8.21553802968219,1,3,0.368029926549867,0
20230102,"United Cup","Hard",FALSE,"Matteo Berrettini","Hubert Hurkacz",1673.29656634709,1665.0699384761,1,8.22662787099398,3,3,0.531461133087894,1
20220321,"Miami Masters","Hard",FALSE,"Alexander Zverev","Casper Ruud",1594.2364615065,1585.98748206989,0,8.24897943660403,3,1,0.61720930568563,1
20220725,"Kitzbuhel","Clay",FALSE,"Sebastian Ofner","Dominic Thiem",1510.11770842051,1501.84237659595,0,8.27533182456045,1,1,0.45293673001604,0
20220915,"Davis Cup WG1 R1: HUN vs UKR","Hard",FALSE,"Illia Biloborodko","Marton Fucsovics",1500,1491.66238268518,0,8.33761731481923,0,3,0.294529190846451,0
20220207,"Rotterdam","Hard",FALSE,"Jiri Lehecka","Lorenzo Musetti",1519.75568931092,1511.41266561899,1,8.34302369193142,3,3,0.531582609257166,1
20220307,"Indian Wells Masters","Hard",FALSE,"Ugo Humbert","Holger Rune",1441.85424018395,1433.42977671967,0,8.42446346427937,2,3,0.448562378957432,0
20220829,"Us Open","Hard",TRUE,"Fernando Verdasco","Soon Woo Kwon",1446.18502108262,1437.75298166203,0,8.4320394205904,1,2,0.417179220462174,0
20220221,"Dubai","Hard",FALSE,"Ilya Ivashka","Soon Woo Kwon",1506.71002024651,1498.20977550039,0,8.50024474612292,2,2,0.492411639580992,0
20221017,"Naples","Hard",FALSE,"Hugo Grenier","Fabio Fognini",1463.49930686495,1454.94819815852,0,8.55110870643239,3,1,0.617508439403158,1
20220117,"Australian Open","Hard",TRUE,"Maxime Cressy","Daniil Medvedev",1566.50203950799,1557.87266536631,0,8.62937414168528,3,3,0.539415721785081,1
20221017,"Naples","Hard",FALSE,"Lorenzo Musetti","Miomir Kecmanovic",1595.67080990861,1586.98730036563,1,8.68350954298012,3,3,0.531937934809634,1
20230204,"Davis Cup QLS R1: NED vs SVK","Hard",FALSE,"Tim Van Rijthoven","Alex Molcan",1525.92719692788,1517.20421760669,1,8.72297932118681,3,3,0.531979122746674,1
20231002,"Shanghai Masters","Hard",FALSE,"Yannick Hanfmann","Christopher Eubanks",1556.65293956625,1547.92198788395,0,8.73095168230248,1,3,0.368532503386393,0
20220829,"Us Open","Hard",TRUE,"Corentin Moutet","Pedro Cachin",1505.66031404186,1496.88929912009,1,8.77101492176735,3,1,0.624969786233784,1
20230703,"Wimbledon","Grass",TRUE,"Borna Gojo","Maximilian Marterer",1498.09442040387,1489.32196770176,0,8.77245270211347,2,3,0.456552718305496,0
20220221,"Acapulco","Hard",FALSE,"Grigor Dimitrov","Stefan Kozlov",1512.21972751275,1503.40988397667,0,8.80984353607778,3,2,0.575484307757469,1
20220620,"Eastbourne","Grass",FALSE,"Francisco Cerundolo","Tommy Paul",1540.93630062822,1532.10161692852,0,8.83468369970387,3,3,0.532095687364525,1
20220404,"Marrakech","Clay",FALSE,"Mirza Basic","Federico Coria",1500,1491.15313070457,0,8.84686929542954,1,1,0.453530354500036,0
20230522,"Lyon","Clay",FALSE,"Arthur Fils","Brandon Nakashima",1613.000441969,1604.13280642732,1,8.8676355416801,1,3,0.368665830958849,0
20220801,"Washington","Hard",FALSE,"Bradley Klahn","Adrian Mannarino",1500,1491.12293855569,0,8.87706144430626,0,3,0.294999191782601,0
20220214,"Rio de Janeiro","Clay",FALSE,"Fernando Verdasco","Federico Coria",1514.43132513513,1505.50244118814,0,8.92888394698821,1,1,0.453615549483396,0
20220516,"Geneva","Clay",FALSE,"Ilya Ivashka","Marcos Giron",1467.71591006168,1458.72357363827,1,8.99233642341096,2,3,0.449151177379009,0
20220110,"Adelaide 2","Hard",FALSE,"Corentin Moutet","Arthur Rinderknech",1500,1490.97422034258,0,9.0257796574233,3,3,0.532295089746876,1
20230703,"Wimbledon","Grass",TRUE,"Arthur Fils","Alejandro Davidovich Fokina",1607.86488578632,1598.83818763421,0,9.02669815211061,1,3,0.376227524483093,0
20230717,"Gstaad","Clay",FALSE,"Jurij Rodionov","Marc Andrea Huesler",1448.91643971705,1439.86235424489,1,9.05408547216007,1,2,0.410631441949725,0
20220725,"Kitzbuhel","Clay",FALSE,"Yannick Hanfmann","Dominic Thiem",1526.25396889884,1517.19958384349,1,9.0543850553463,1,1,0.453745922482035,0
20220725,"Kitzbuhel","Clay",FALSE,"Albert Ramos","Juan Pablo Varillas",1503.45157267991,1494.38567169836,1,9.06590098155175,1,1,0.453757885768779,0
20220718,"Hamburg","Clay",FALSE,"Lorenzo Musetti","Alejandro Davidovich Fokina",1527.56415630579,1518.48965757927,1,9.07449872652046,3,3,0.532345924854551,1
20220926,"Sofia","Hard",FALSE,"Lorenzo Musetti","Alexandar Lazarov",1536.70092670086,1527.61182721659,1,9.08909948426935,3,1,0.618040875617579,1
20220916,"Davis Cup WG1 R1: FIN vs NZL","Hard",FALSE,"Emil Ruusuvuori","Kiranpal Pannu",1509.1284847536,1500,1,9.12848475360283,3,0,0.658634196194178,1
20220627,"Wimbledon","Grass",TRUE,"Maximilian Marterer","Aljaz Bedene",1471.44862740331,1462.31831196381,1,9.13031543949705,3,0,0.665804840225576,1
20220214,"Doha","Hard",FALSE,"Roberto Bautista Agut","Andy Murray",1549.31364418858,1540.14030917715,1,9.17333501143094,3,3,0.532449051878904,1
20220613,"Queen's Club","Grass",FALSE,"Alejandro Davidovich Fokina","Albert Ramos",1515.28493625496,1506.02315741896,1,9.2617788360053,3,1,0.618211712100012,1
20220916,"Davis Cup WG1 R1: AUT vs PAK","Clay",FALSE,"Jurij Rodionov","Muhammad Shoaib",1494.9172107271,1485.6289766164,1,9.28823411070175,1,0,0.497810235517024,0
20231106,"Metz","Hard",FALSE,"Thiago Seyboth Wild","Fabio Fognini",1492.87934890031,1483.57282369382,0,9.30652520649551,1,1,0.454007869746248,0
20220916,"Davis Cup WG2 R1: LBN vs MON","Hard",FALSE,"Benjamin Hassan","Lucas Catarina",1500,1490.6550534988,1,9.34494650120337,1,1,0.454047787695107,0
20220613,"Queen's Club","Grass",FALSE,"Grigor Dimitrov","Botic Van De Zandschulp",1585.81952447406,1576.45827219452,0,9.36125227954449,3,3,0.53264511946907,1
20230417,"Barcelona","Clay",FALSE,"Bernabe Zapata Miralles","Attila Balazs",1488.66024354408,1479.23594854531,1,9.42429499876698,1,0,0.497952799149644,0
20220214,"Doha","Hard",FALSE,"Roberto Bautista Agut","Karen Khachanov",1573.77473324329,1564.32388366797,1,9.45084957532572,3,3,0.532738599220673,1
20230619,"Queen's Club","Grass",FALSE,"Francisco Cerundolo","Grigor Dimitrov",1662.33197522733,1652.8659570251,0,9.46601820223373,3,3,0.532754424911565,1
20230724,"Umag","Clay",FALSE,"Federico Coria","Marc Andrea Huesler",1434.85405542014,1425.25316207361,1,9.60089334652935,1,2,0.411186202965881,0
20220221,"Dubai","Hard",FALSE,"Karen Khachanov","Alex De Minaur",1565.61252773725,1555.94336011343,1,9.66916762382334,3,3,0.53296636785298,1
20221024,"Vienna","Hard",FALSE,"Borna Coric","Denis Shapovalov",1613.69535775698,1603.97769306235,0,9.7176646946341,1,3,0.36949543725795,0
20220516,"Geneva","Clay",FALSE,"Nikoloz Basilashvili","Facundo Bagnis",1445.11595269784,1435.37442561829,1,9.74152707955068,3,1,0.618686186846965,1
20230828,"Us Open","Hard",TRUE,"Alexei Popyrin","Dominic Stricker",1577.67305600104,1567.91877088769,0,9.75428511335485,1,1,0.462974674916838,0
20220404,"Marrakech","Clay",FALSE,"Malek Jaziri","Laslo Djere",1469.42923530984,1459.60950397614,0,9.81973133370388,0,1,0.373867579669167,0
20220425,"Estoril","Clay",FALSE,"Sebastian Baez","Marin Cilic",1535.25600741175,1525.31176699798,1,9.94424041377579,3,3,0.533253328459339,1
20220725,"Umag","Clay",FALSE,"Pedro Cachin","Giulio Zeppieri",1496.50359215932,1486.52640020455,0,9.97719195476293,1,0,0.498532123836243,0
20220926,"Tel Aviv","Hard",FALSE,"Laslo Djere","Dominic Thiem",1531.71559558019,1521.73543100063,0,9.98016457955873,1,1,0.454707835156405,0
20220815,"Cincinnati Masters","Hard",FALSE,"Daniil Medvedev","Stefanos Tsitsipas",1703.34051329221,1693.34603622516,0,9.9944770670495,3,3,0.533305733818759,1
20220523,"Roland Garros","Clay",TRUE,"Benjamin Bonzi","Frances Tiafoe",1515.39055559376,1505.36048135462,0,10.0300742391391,3,3,0.542094686243134,1
20230206,"Cordoba","Clay",FALSE,"Hugo Dellien","Sebastian Baez",1478.50682939184,1468.33437377464,0,10.1724556171987,1,3,0.369939618547751,0
20230220,"Rio De Janeiro","Clay",FALSE,"Joao Fonseca","Alex Molcan",1500,1489.80189995326,0,10.1981000467374,0,3,0.296152011262208,0
20221107,"NextGen Finals","Hard",FALSE,"Matteo Arnaldi","Jiri Lehecka",1469.03075104483,1458.81578412334,0,10.2149669214994,1,3,0.369981149391235,0
20230320,"Miami Masters","Hard",FALSE,"Emil Ruusuvuori","Roberto Bautista Agut",1591.29499694516,1581.01417476797,1,10.2808221771854,3,3,0.533604426320589,1
20230213,"Rotterdam","Hard",FALSE,"Pablo Carreno Busta","Richard Gasquet",1584.57577290135,1574.22834084588,0,10.3474320554715,3,3,0.533673905014994,1
20230529,"Roland Garros","Clay",TRUE,"Genaro Alberto Olivieri","Giovanni Mpetshi Perricard",1510.37027849292,1500,1,10.3702784929196,1,2,0.420813113437081,0
20220321,"Miami Masters","Hard",FALSE,"Fernando Verdasco","Borna Coric",1482.81735035178,1472.42151360449,0,10.3958367472833,1,1,0.455139841420766,0
20230403,"Marrakech","Clay",FALSE,"Daniel Evans","Andrea Vavassori",1480.97523104546,1470.37636900293,1,10.5988620425314,2,0,0.581772809726739,1
20231016,"Tokyo","Hard",FALSE,"Sebastian Ofner","Christopher Oconnell",1530.99769395294,1520.24618937564,1,10.7515045772982,1,3,0.370505477820936,0
20230828,"Us Open","Hard",TRUE,"Ben Shelton","Pedro Cachin",1543.47769872966,1532.7238271593,1,10.7538715703606,3,1,0.628542169630247,1
20230227,"Santiago","Clay",FALSE,"Juan Manuel Cerundolo","Dusan Lajovic",1487.3826987136,1476.61610159864,0,10.7665971149581,0,1,0.374797043593744,0
20230916,"Davis Cup WG2 R1: ESA vs IRL","Clay",FALSE,"Diego Duran","Osgar Ohoisin",1484.40728359292,1473.6266882576,0,10.780595335317,0,2,0.334602672056621,0
20220117,"Australian Open","Hard",TRUE,"Hugo Gaston","Christopher Oconnell",1484.97216212983,1474.08189286009,0,10.890269269732,3,3,0.543738690718766,1
20230724,"Hamburg","Clay",FALSE,"Dusan Lajovic","Miomir Kecmanovic",1527.6006907551,1516.6693693845,1,10.9313213706025,1,3,0.370681271172326,0
20220425,"Estoril","Clay",FALSE,"Pablo Andujar","Nuno Borges",1497.31243927351,1486.34382243593,0,10.9686168375868,1,2,0.412574805762337,0
20230206,"Montpellier","Hard",FALSE,"Maxime Cressy","Antoine Bellier",1542.81668009072,1531.8058998145,1,11.0107802762213,3,2,0.577736329907505,1
20230220,"Marseille","Hard",FALSE,"Gijs Brouwer","Elias Ymer",1547.5191272161,1536.42610177574,1,11.0930254403556,3,1,0.62002160934249,1
20220214,"Delray Beach","Hard",FALSE,"Brandon Nakashima","Denis Kudla",1483.21439184684,1471.94892168243,1,11.2654701644153,3,0,0.660645092006477,1
20220718,"Gstaad","Clay",FALSE,"Matteo Berrettini","Casper Ruud",1667.02249602629,1655.74801911655,0,11.2744769097471,3,1,0.620200764698607,1
20230109,"Adelaide 2","Hard",FALSE,"Benjamin Bonzi","Robin Haase",1508.47181766674,1497.16634909646,0,11.3054685702768,3,1,0.620231360912672,1
20230529,"Roland Garros","Clay",TRUE,"Thiago Seyboth Wild","Guido Pella",1475.41134052048,1464.08762438746,1,11.3237161330201,1,3,0.380388160353569,0
20230213,"Buenos Aires","Clay",FALSE,"Bernabe Zapata Miralles","Pedro Martinez",1447.28545592535,1435.84443280623,1,11.4410231191202,1,3,0.371179754338372,0
20230916,"Davis Cup WG2 R1: IND vs MAR","Hard",FALSE,"Sumit Nagal","Yassine Dlimi",1525.09431590538,1513.65118458963,1,11.4431313157506,2,2,0.49549476984757,0
20220214,"Rio de Janeiro","Clay",FALSE,"Carlos Alcaraz","Jaume Munar",1513.19525827859,1501.49719826759,1,11.6980600109964,3,1,0.620618860176285,1
20220725,"Kitzbuhel","Clay",FALSE,"Yannick Hanfmann","Ivan Gakhov",1511.76156248523,1500,1,11.761562485234,1,1,0.456559706214477,0
20230828,"Us Open","Hard",TRUE,"Ben Shelton","Aslan Karatsev",1528.98547218846,1517.2197386535,1,11.7657335349631,3,3,0.545410899567578,1
20230529,"Roland Garros","Clay",TRUE,"Sebastian Baez","Gael Monfils",1517.74202796652,1505.96564142216,0,11.7763865443578,3,2,0.588564714523238,1
20221003,"Tokyo","Hard",FALSE,"Miomir Kecmanovic","Daniel Evans",1556.79592812799,1545.01729969473,1,11.7786284332626,3,2,0.578521245532484,1
20220411,"Monte Carlo Masters","Clay",FALSE,"Marton Fucsovics","Lloyd Harris",1487.81136514581,1475.97625333282,1,11.8351118129935,3,3,0.535225312201399,1
20220214,"Delray Beach","Hard",FALSE,"Stefan Kozlov","Emilio Gomez",1498.70348788528,1486.86036670642,1,11.8431211788659,2,1,0.539781394475485,1
20231002,"Shanghai Masters","Hard",FALSE,"Tomas Martin Etcheverry","Zhizhen Zhang",1552.81355681169,1540.91368326752,0,11.8998735441758,1,1,0.456703539860584,0
20220117,"Australian Open","Hard",TRUE,"Federico Delbonis","Pedro Martinez",1498.63069069695,1486.72207575631,0,11.9086149406405,1,3,0.381450439556997,0
20220214,"Delray Beach","Hard",FALSE,"Tommy Paul","Denis Istomin",1525.61776842555,1513.70297986006,1,11.9147885654825,3,0,0.661254956298282,1
20220117,"Australian Open","Hard",TRUE,"Lorenzo Sonego","Sam Querrey",1511.97437194473,1500,1,11.9743719447251,3,0,0.670660760606678,1
20230612,"s Hertogenbosch","Grass",FALSE,"Ricardas Berankis","Laslo Djere",1538.60908915098,1526.63349261166,0,11.9755965393242,3,1,0.620892704107714,1
20220117,"Australian Open","Hard",TRUE,"Juan Manuel Cerundolo","Tomas Machac",1499.35280000847,1487.30462504659,0,12.0481749618782,0,1,0.386030811299766,0
20220425,"Estoril","Clay",FALSE,"Sebastian Baez","Richard Gasquet",1520.77808481537,1508.68064706667,1,12.0974377486989,3,3,0.535498805520429,1
20220207,"Buenos Aires","Clay",FALSE,"Benoit Paire","Dusan Lajovic",1477.76707361658,1465.6617484837,0,12.1053251328806,0,1,0.376112743477385,0
20220321,"Miami Masters","Hard",FALSE,"Yoshihito Nishioka","Emilio Gomez",1472.50894796103,1460.3926985406,1,12.1162494204343,1,1,0.456928569828553,0
20220627,"Wimbledon","Grass",TRUE,"Arthur Rinderknech","Denis Shapovalov",1490.80983372063,1478.67549174732,0,12.1343419733048,3,3,0.546114667938617,1
20220822,"Winston-Salem","Hard",FALSE,"Emil Ruusuvuori","Adrian Mannarino",1536.82104969851,1524.67133551585,0,12.1497141826549,3,3,0.535553304849881,1
20220926,"Sofia","Hard",FALSE,"Geoffrey Blancaneaux","Marc Andrea Huesler",1484.70607041553,1472.50214342742,0,12.2039269881195,0,2,0.335932168686545,0
20220404,"Marrakech","Clay",FALSE,"Alex Molcan","David Goffin",1545.38874607267,1533.12056993578,0,12.2681761368945,3,3,0.535676800892398,1
20230529,"Roland Garros","Clay",TRUE,"Jason Kubler","Facundo Diaz Acosta",1518.29687000324,1506.01794064744,1,12.278929355798,3,2,0.589501623402156,1
20230529,"Roland Garros","Clay",TRUE,"Tommy Paul","Nicolas Jarry",1641.85937426532,1629.56486481872,0,12.2945094466093,3,3,0.546420411605993,1
20220829,"Us Open","Hard",TRUE,"Emilio Nava","John Millman",1459.01491566779,1446.64904856248,1,12.3658671053061,0,0,0.429038956929351,0
20220926,"Sofia","Hard",FALSE,"Kamil Majchrzak","Marc Andrea Huesler",1538.53682273784,1526.15372858628,0,12.3830941515544,3,2,0.579138868304205,1
20220214,"Delray Beach","Hard",FALSE,"Tommy Paul","Stefan Kozlov",1540.10356721183,1527.67061355965,1,12.4329536521755,3,2,0.579189802038079,1
20230320,"Miami Masters","Hard",FALSE,"Quentin Halys","Pedro Martinez",1441.38284064335,1428.94405188438,1,12.4387887589696,3,3,0.535854656074383,1
20220711,"Newport","Grass",FALSE,"Jason Kubler","Alexander Bublik",1573.84186748356,1561.34863529082,0,12.4932321927367,3,3,0.5359114087319,1
20220103,"Melbourne","Hard",FALSE,"Alex Molcan","Emil Ruusuvuori",1529.35280000847,1516.85912182021,0,12.4936781882541,3,3,0.535911873640523,1
20220815,"Cincinnati Masters","Hard",FALSE,"Botic Van De Zandschulp","Maxime Cressy",1576.49870615326,1563.970016756,1,12.5286893972636,3,3,0.535948369357307,1
20220916,"Davis Cup WG1 R1: BRA vs POR","Hard",FALSE,"Thiago Monteiro","Nuno Borges",1491.06953054493,1478.52473705066,0,12.5447934942661,1,2,0.414176769654047,0
20230213,"Delray Beach","Hard",FALSE,"Aleksandar Vukic","Christopher Eubanks",1487.3523235127,1474.75311410837,1,12.5992094043302,2,3,0.452894219815394,0
20230116,"Australian Open","Hard",TRUE,"Oscar Otte","Juncheng Shang",1468.46268380993,1455.86243223697,0,12.6002515729579,3,0,0.671724553663703,1
20220304,"Davis Cup QLS R1: CAN vs NED","Clay",FALSE,"Botic Van De Zandschulp","Alexis Galarneau",1512.60412594312,1500,1,12.6041259431199,3,2,0.57936464943732,1
20220627,"Wimbledon","Grass",TRUE,"Benjamin Bonzi","Zdenek Kolar",1520.50450935419,1507.89781559873,1,12.6066937554617,3,1,0.631867634523643,1
20231023,"Vienna","Hard",FALSE,"Alexander Zverev","Andrey Rublev",1796.43241788555,1783.79404843118,0,12.6383694543654,3,3,0.536062697456461,1
20231002,"Shanghai Masters","Hard",FALSE,"Marton Fucsovics","Felix Auger Aliassime",1572.2698582885,1559.57900208786,1,12.6908562006365,3,3,0.536117407155643,1
20231106,"Metz","Hard",FALSE,"Gregoire Barrere","Harold Mayot",1505.66460330292,1492.90597385402,0,12.7586294488954,1,3,0.372469629479009,0
20220214,"Marseille","Hard",FALSE,"Pierre Hugues Herbert","Mikhail Kukushkin",1498.26176619018,1485.47891970156,1,12.7828464886222,2,0,0.583998324503509,1
20220502,"Madrid Masters","Clay",FALSE,"Gael Monfils","Novak Djokovic",1582.22539150941,1569.44093436475,0,12.7844571446592,2,3,0.453086608756751,0
20220117,"Australian Open","Hard",TRUE,"Felix Auger Aliassime","Emil Ruusuvuori",1545.21683121087,1532.39828488965,1,12.8185463212228,3,3,0.547420499647176,1
20230109,"Adelaide 2","Hard",FALSE,"Mikael Ymer","Emil Ruusuvuori",1568.55963287358,1555.73386591774,1,12.8257669558468,3,3,0.536258027746862,1
20220214,"Rio de Janeiro","Clay",FALSE,"Daniel Elahi Galan","Federico Delbonis",1514.962824356,1502.06728225617,0,12.8955420998338,3,1,0.621799858362579,1
20220117,"Australian Open","Hard",TRUE,"Stefanos Tsitsipas","Sebastian Baez",1498.70679749993,1485.69942592371,1,13.0073715762235,3,3,0.54778076616829,1
20220307,"Indian Wells Masters","Hard",FALSE,"Miomir Kecmanovic","Taylor Fritz",1592.8009361049,1579.78670064724,0,13.0142354576626,3,3,0.53645446315386,1
20220117,"Australian Open","Hard",TRUE,"Marco Cecchinato","Philipp Kohlschreiber",1500,1486.92629389012,0,13.0737061098789,1,0,0.513246737707242,1
20220110,"Sydney","Hard",FALSE,"Alexei Popyrin","Pedro Martinez",1500,1486.91110661125,0,13.0888933887502,1,3,0.372793228068046,0
20220103,"Adelaide 1","Hard",FALSE,"Thanasi Kokkinakis","Gael Monfils",1544.38074184588,1531.26650792137,0,13.1142339245102,1,2,0.414755975087254,0
20220110,"Sydney","Hard",FALSE,"Brandon Nakashima","Jiri Vesely",1498.12265501998,1485,1,13.1226550199797,3,2,0.579894189772417,1
20220411,"Monte Carlo Masters","Clay",FALSE,"Sebastian Korda","Botic Van De Zandschulp",1547.75929026592,1534.5894857099,1,13.1698045560199,3,3,0.536616599919643,1
20220411,"Monte Carlo Masters","Clay",FALSE,"David Goffin","Daniel Evans",1543.52506626533,1530.33496533177,1,13.1901009335591,3,2,0.579963054449981,1
20220919,"Metz","Hard",FALSE,"Jaume Munar","Arthur Rinderknech",1488.76185305999,1475.56604206259,0,13.1958109973928,1,3,0.372898012311532,0
20220214,"Delray Beach","Hard",FALSE,"Marcos Giron","Tennys Sandgren",1497.40847183818,1484.20701681728,1,13.2014550209014,3,0,0.662461859831154,1
20220725,"Kitzbuhel","Clay",FALSE,"Pedro Martinez","Federico Coria",1506.99121316008,1493.77591436869,1,13.2152987913926,3,1,0.622114969852704,1
20220131,"Cordoba","Clay",FALSE,"Juan Ignacio Londero","Albert Ramos",1529.40323233297,1516.13743809205,0,13.2657942409185,1,1,0.458124384051412,0
20231002,"Shanghai Masters","Hard",FALSE,"Stefano Napolitano","Beibit Zhukayev",1487.64753196117,1474.36785339381,0,13.2796785673618,0,0,0.419372190100503,0
20230912,"Davis Cup Finals RR: NED vs FIN","Hard",FALSE,"Tallon Griekspoor","Emil Ruusuvuori",1595.29833717131,1581.99780650356,1,13.3005306677521,3,3,0.536752838916624,1
20231016,"Tokyo","Hard",FALSE,"Felix Auger Aliassime","Sebastian Ofner",1558.8422816133,1545.53366229872,1,13.3086193145743,3,1,0.622206915251072,1
20220606,"s Hertogenbosch","Grass",FALSE,"Aljaz Bedene","Tallon Griekspoor",1477.89352147089,1464.56376824481,0,13.3297532260815,0,3,0.298895276320571,0
20220926,"Seoul","Hard",FALSE,"Mackenzie Mcdonald","Pedro Martinez",1468.17561809005,1454.78400267744,1,13.3916154126166,3,3,0.536847761578085,1
20230619,"Queen's Club","Grass",FALSE,"Francisco Cerundolo","Tommy Paul",1646.92339546257,1633.51874799845,1,13.4046474641204,3,3,0.536861342525571,1
20230102,"Pune","Hard",FALSE,"Sebastian Baez","Pedro Martinez",1455.36196031925,1441.95354731876,0,13.4084130004892,3,3,0.536865266652095,1
20220725,"Atlanta","Hard",FALSE,"Andres Martin","Adrian Mannarino",1500,1486.56556585453,0,13.4344341454714,2,3,0.453761752511204,0
20220131,"Cordoba","Clay",FALSE,"Federico Delbonis","Carlos Taberner",1483.11675570699,1469.65528186142,0,13.4614738455687,1,1,0.458327988242054,0
20230227,"Dubai","Hard",FALSE,"Botic Van De Zandschulp","Mikael Ymer",1596.90279219138,1583.39419159097,1,13.5086006004094,3,3,0.536969672096467,1
20230424,"Madrid Masters","Clay",FALSE,"Jurij Rodionov","Zhizhen Zhang",1499.33609219259,1485.80695780623,0,13.5291343863582,1,1,0.458398392124846,0
20220627,"Wimbledon","Grass",TRUE,"Lukas Rosol","Nikoloz Basilashvili",1500,1486.45782603097,0,13.542173969033,0,3,0.309141353446111,0
20231030,"Paris Masters","Hard",FALSE,"Yoshihito Nishioka","Jordan Thompson",1556.1294579848,1542.51392858335,1,13.6155294014468,1,3,0.373309471252572,0
20220815,"Cincinnati Masters","Hard",FALSE,"Taylor Fritz","Andrey Rublev",1651.08063949422,1637.45002563394,1,13.6306138602795,3,3,0.537096817670848,1
20230626,"Eastbourne","Grass",FALSE,"Mikael Ymer","Liam Broady",1484.92217577763,1471.26880753403,1,13.6533682435979,3,0,0.662885257317442,1
20220829,"Us Open","Hard",TRUE,"Alejandro Davidovich Fokina","Daniel Elahi Galan",1517.94108501928,1504.25110864822,1,13.6899763710596,3,3,0.54908271220197,1
20230916,"Davis Cup WG2 R1: HKG vs LAT","Hard",FALSE,"Coleman Wong","Robert Strombachs",1527.96603057506,1514.26697596945,0,13.6990546056095,0,2,0.337331533203683,0
20231106,"Metz","Hard",FALSE,"Mathias Bourgue","Alexander Shevchenko",1500,1486.29284536251,0,13.7071546374898,0,1,0.377689423014459,0
20220627,"Wimbledon","Grass",TRUE,"Daniel Elahi Galan","Dominik Koepfer",1478.9520569997,1465.240224249,1,13.7118327506978,3,2,0.592169453278326,1
20220117,"Australian Open","Hard",TRUE,"Liam Broady","Nick Kyrgios",1500,1486.2678353632,0,13.7321646367975,0,3,0.309453945338998,0
20220103,"Melbourne","Hard",FALSE,"Rafael Nadal","Tallon Griekspoor",1543.73349207863,1530,1,13.7334920786259,3,3,0.53720401956748,1
20220117,"Australian Open","Hard",TRUE,"Hubert Hurkacz","Egor Gerasimov",1513.07490017157,1499.32553369214,1,13.7493664794363,3,0,0.673673090620169,1
20230703,"Wimbledon","Grass",TRUE,"Tomas Barrios Vera","David Goffin",1479.85434878417,1466.08180541124,0,13.7725433729258,3,3,0.549240148735028,1
20230731,"Washington","Hard",FALSE,"Corentin Moutet","Liam Broady",1499.83548506238,1486.05064933276,0,13.7848357296209,3,0,0.663008380184088,1
20220418,"Belgrade ","Clay",FALSE,"Karen Khachanov","Thiago Monteiro",1518.70070897459,1504.90919258919,1,13.7915163853952,3,1,0.622682556048016,1
20230731,"Los Cabos","Hard",FALSE,"Beibit Zhukayev","Ilya Ivashka",1489.96298034351,1476.17118866173,0,13.7917916817828,0,2,0.337418424713076,0
20220117,"Australian Open","Hard",TRUE,"Alex Molcan","Pablo Andujar",1513.81363693903,1500,0,13.8136369390297,3,1,0.634027166896873,1
20220214,"Rio de Janeiro","Clay",FALSE,"Sebastian Baez","Thiago Monteiro",1501.67607087194,1487.81367220285,0,13.8623986690889,3,1,0.622752353359632,1
20230116,"Australian Open","Hard",TRUE,"Nuno Borges","Lorenzo Sonego",1503.11913670343,1489.09053293471,0,14.0286037687174,2,3,0.466612746527996,0
20230626,"Eastbourne","Grass",FALSE,"Maxime Cressy","Daniel Elahi Galan",1427.5644650659,1413.26050401696,1,14.303961048937,3,3,0.537798401040068,1
20220606,"s Hertogenbosch","Grass",FALSE,"Brandon Nakashima","Sam Querrey",1477.28034131521,1462.94965006702,1,14.3306912481924,3,0,0.663519351998467,1
20220404,"Houston","Clay",FALSE,"Frances Tiafoe","Marcos Giron",1498.83003710337,1484.49822558312,1,14.3318115202512,3,3,0.537827416190407,1
20220627,"Wimbledon","Grass",TRUE,"Tomas Martin Etcheverry","Ugo Humbert",1440.05178689242,1425.71642315546,0,14.3353637369571,1,2,0.428273409490313,0
20220516,"Geneva","Clay",FALSE,"Dominic Thiem","Marco Cecchinato",1444.80948384116,1430.44679122866,0,14.3626926124987,1,1,0.459265882966659,0
20220110,"Adelaide 2","Hard",FALSE,"Roberto Carballes Baena","Benjamin Bonzi",1485,1470.59914087778,0,14.4008591222187,1,3,0.374079839126697,0
20220110,"Sydney","Hard",FALSE,"Andy Murray","David Goffin",1500.05807261715,1485.64719999153,1,14.410872625614,3,3,0.537909782155817,1
20220627,"Wimbledon","Grass",TRUE,"Jason Kubler","Jack Sock",1508.90979045438,1494.44863080515,1,14.4611596492332,3,3,0.550552796753516,1
20220131,"Montpellier","Hard",FALSE,"Alexander Zverev","Adrian Mannarino",1554.82521323656,1540.36256409526,1,14.4626491413003,3,3,0.537963721878106,1
20220829,"Us Open","Hard",TRUE,"Lorenzo Sonego","Jordan Thompson",1444.84111290597,1430.32278477381,0,14.5183281321624,3,3,0.550661740564984,1
20220523,"Roland Garros","Clay",TRUE,"Alessandro Giannessi","Borna Gojo",1500,1485.47572228241,0,14.5242777175881,0,2,0.349607412134609,0
20220916,"Davis Cup WG1 R1: FIN vs NZL","Hard",FALSE,"Eero Vasa","Kiranpal Pannu",1500,1485.39401770558,1,14.6059822944201,2,0,0.5858535135441,1
20220207,"Dallas","Hard",FALSE,"Feliciano Lopez","Jordan Thompson",1483.17680724384,1468.50262774333,0,14.6741795005089,0,3,0.300077428657632,0
20220321,"Miami Masters","Hard",FALSE,"Emil Ruusuvuori","Maxime Cressy",1534.79593461106,1520.11035339993,1,14.6855812111321,3,3,0.538195957812787,1
20220418,"Barcelona","Clay",FALSE,"Lloyd Harris","Roberto Carballes Baena",1461.48701863999,1446.76425090336,1,14.7227677366309,3,1,0.623599146399851,1
20220110,"Adelaide 2","Hard",FALSE,"Lloyd Harris","Soon Woo Kwon",1500,1485.27471690975,0,14.7252830902517,3,2,0.581529683185715,1
20230116,"Australian Open","Hard",TRUE,"Alexei Popyrin","Chun Hsin Tseng",1422.66488521849,1407.93583249472,1,14.7290527237662,1,0,0.51643110174526,1
20220110,"Adelaide 2","Hard",FALSE,"Thiago Monteiro","Corentin Moutet",1499.35280000847,1484.61041340459,0,14.7423866038803,1,3,0.374415059460166,0
20231106,"Metz","Hard",FALSE,"Pierre Hugues Herbert","Luca Van Assche",1470.15137797817,1455.39207997522,1,14.7592980029556,2,1,0.542816142674975,1
20230206,"Montpellier","Hard",FALSE,"Alexander Bublik","Gregoire Barrere",1484.59646234826,1469.81844623496,0,14.7780161132964,3,1,0.623653497262872,1
20220307,"Indian Wells Masters","Hard",FALSE,"Roberto Bautista Agut","Carlos Alcaraz",1613.53931550903,1598.74466504163,0,14.7946504674037,3,3,0.538309572941598,1
20220502,"Madrid Masters","Clay",FALSE,"Novak Djokovic","Andy Murray",1555.07944782051,1540.28101883423,1,14.7984289862879,3,3,0.538313508873255,1
20220207,"Rotterdam","Hard",FALSE,"Ilya Ivashka","Lloyd Harris",1484.57860855975,1469.60702294755,1,14.9715856122007,2,3,0.455359094062597,0
20220103,"Adelaide 1","Hard",FALSE,"Thiago Monteiro","Marin Cilic",1515,1500,0,15,1,3,0.374667995159513,0
20220103,"Adelaide 1","Hard",FALSE,"Thanasi Kokkinakis","Frances Tiafoe",1515,1500,1,15,1,3,0.374667995159513,0
20220103,"Melbourne","Hard",FALSE,"Rafael Nadal","Emil Ruusuvuori",1515,1500,1,15,3,3,0.538523470382111,1
20220103,"Melbourne","Hard",FALSE,"Alex Molcan","David Goffin",1515,1500,1,15,3,3,0.538523470382111,1
20220103,"Adelaide 1","Hard",FALSE,"Gianluca Mager","Egor Gerasimov",1515,1500,0,15,2,0,0.586254140651501,1
20220103,"Atp Cup","Hard",FALSE,"Cristian Garin","Roberto Bautista Agut",1500,1485,0,15,3,3,0.538523470382111,1
20220103,"Atp Cup","Hard",FALSE,"Pablo Carreno Busta","Viktor Durasovic",1515,1500,1,15,3,1,0.623871843618737,1
20220103,"Atp Cup","Hard",FALSE,"Stefanos Tsitsipas","Nikoloz Basilashvili",1500,1485,1,15,3,3,0.538523470382111,1
20220304,"Davis Cup WG1 PO: UZB vs TUR","Hard",FALSE,"Sergey Fomin","Cem Ilkel",1500,1485,0,15,2,2,0.499221577234202,0
20220916,"Davis Cup WG2 R1: DOM vs LAT","Hard",FALSE,"Daniels Tens","Nick Hardt",1500,1485,0,15,0,0,0.42112890373129,0
20220916,"Davis Cup WG2 R1: BOL vs THA","Hard",FALSE,"Kasidit Samrej","Murkel Alejandro Dellien Velasco",1515,1500,1,15,2,0,0.586254140651501,1
20230204,"Davis Cup QLS R1: BEL vs KOR","Hard",FALSE,"Soon Woo Kwon","David Goffin",1542.80640919932,1527.79720747045,1,15.0092017288698,2,3,0.455398194762176,0
20230410,"Monte Carlo Masters","Clay",FALSE,"Hubert Hurkacz","Jack Draper",1656.43648240228,1641.41898991651,1,15.0174924857688,3,3,0.538541690358034,1
20220207,"Buenos Aires","Clay",FALSE,"Miomir Kecmanovic","Laslo Djere",1516.3493115233,1501.3316696193,1,15.017641903996,3,1,0.623889194276748,1
20230417,"Banja Luka","Clay",FALSE,"Alex Molcan","Laslo Djere",1555.8003288591,1540.75573878808,1,15.0445900710131,3,1,0.623915696949254,1
20221017,"Stockholm","Hard",FALSE,"Jason Kubler","Cristian Garin",1522.08102899109,1507.03527187645,0,15.045757114633,3,3,0.538571130259107,1
20220207,"Dallas","Hard",FALSE,"Oscar Otte","Jack Sock",1501.24106541012,1486.09077972059,0,15.1502856895286,3,3,0.538680002900325,1
20220801,"Washington","Hard",FALSE,"J J Wolf","Denis Shapovalov",1509.37572930108,1494.1991604984,1,15.1765688026744,3,3,0.538707377724003,1
20221107,"NextGen Finals","Hard",FALSE,"Brandon Nakashima","Jack Draper",1616.6773146216,1601.44364407505,1,15.2336705465484,3,3,0.538766850474056,1
20220110,"Adelaide 2","Hard",FALSE,"Corentin Moutet","Marton Fucsovics",1500.24651168385,1485,1,15.2465116838541,3,3,0.538780224655335,1
20230102,"United Cup","Hard",FALSE,"Arthur Rinderknech","Francisco Cerundolo",1543.76993112918,1528.51193992074,1,15.2579912084366,3,3,0.538792180655197,1
20230717,"Bastad","Clay",FALSE,"Pavel Kotov","Marco Cecchinato",1503.04349584213,1487.7757888986,1,15.267706943529,3,1,0.624135096847324,1
20230417,"Munich","Clay",FALSE,"Jan Lennard Struff","Alexander Ritschard",1517.30285949844,1501.99138451097,0,15.311474987471,1,0,0.504121350548002,1
20220822,"Winston-Salem","Hard",FALSE,"Thiago Monteiro","Nikoloz Basilashvili",1470.50177052832,1455.18884290388,1,15.3129276244367,1,3,0.374975332785125,0
20220509,"Rome Masters","Clay",FALSE,"Casper Ruud","Denis Shapovalov",1570.7051762658,1555.32830864873,1,15.376867617068,1,3,0.37503814299287,0
20220321,"Miami Masters","Hard",FALSE,"Stefanos Tsitsipas","Alex De Minaur",1594.01190576523,1578.54939402097,1,15.462511744262,3,3,0.539005182636222,1
20220916,"Davis Cup WG1 R1: JPN vs UZB","Hard",FALSE,"Denis Istomin","Sho Shimabukuro",1499.21718107378,1483.73682983212,0,15.4803512416624,0,0,0.421619775318685,0
20230116,"Australian Open","Hard",TRUE,"Andy Murray","Thanasi Kokkinakis",1551.01784781165,1535.53481453498,1,15.4830332766724,3,1,0.6370052745464,1
20230410,"Monte Carlo Masters","Clay",FALSE,"Taylor Fritz","Stefanos Tsitsipas",1776.27793214685,1760.75836297549,1,15.5195691713552,3,3,0.539064603691098,1
20220411,"Monte Carlo Masters","Clay",FALSE,"Benjamin Bonzi","Daniel Evans",1530.19371337987,1514.66498218916,0,15.5287311907075,3,2,0.582348936086485,1
20230916,"Davis Cup WG2 R1: PAK vs INA","Grass",FALSE,"Gunawan Trismuwantara","Aqeel Khan",1500,1484.39162731871,0,15.6083726812863,0,3,0.300900434276879,0
20220606,"s Hertogenbosch","Grass",FALSE,"Felix Auger Aliassime","Karen Khachanov",1604.81341270896,1589.20503733151,1,15.6083753774476,3,3,0.539157086522084,1
20220321,"Miami Masters","Hard",FALSE,"John Millman","Daniel Elahi Galan",1487.56816199513,1471.93965985016,0,15.6285021449671,0,3,0.300918182079418,0
20221017,"Naples","Hard",FALSE,"Daniel Elahi Galan","Nuno Borges",1533.09164935661,1517.44403111255,1,15.6476182440604,3,2,0.582470123315367,1
20220221,"Santiago","Clay",FALSE,"Pedro Martinez","Sebastian Baez",1518.92966348807,1503.25704806742,1,15.6726154206442,3,3,0.539223984457798,1
20230213,"Buenos Aires","Clay",FALSE,"Roberto Carballes Baena","Albert Ramos",1470.86820355767,1455.16346564125,1,15.7047379164223,1,1,0.460663077084198,0
20230410,"Monte Carlo Masters","Clay",FALSE,"Benjamin Bonzi","Bernabe Zapata Miralles",1531.65985868191,1515.94725775889,1,15.7126009230121,3,1,0.624572427089457,1
20220725,"Umag","Clay",FALSE,"Norbert Gombos","Federico Delbonis",1432.45800176344,1416.69168540902,1,15.7663163544278,1,1,0.460727200976331,0
20230703,"Wimbledon","Grass",TRUE,"Aslan Karatsev","Luca Van Assche",1495.34397206732,1479.4802576059,1,15.8637144614265,3,1,0.637682928456846,1
20220822,"Winston-Salem","Hard",FALSE,"Kyle Edmund","Michail Pervolarakis",1485.449734791,1469.46173561237,1,15.9879991786343,0,2,0.339479396824284,0
20230915,"Davis Cup WG1 R1: DEN vs BRA","Hard",FALSE,"Marcelo Demoliner","Elmer Moller",1500,1483.96552114893,0,16.0344788510706,0,0,0.422186231486018,0
20220131,"Cordoba","Clay",FALSE,"Juan Ignacio Londero","Nikola Milojevic",1515.09653501119,1499.02655022553,1,16.0699847856586,1,1,0.461043441052971,0
20220418,"Belgrade ","Clay",FALSE,"Joao Sousa","Thiago Monteiro",1521.56421010663,1505.48023474582,0,16.083975360817,1,1,0.461058011585097,0
20220214,"Delray Beach","Hard",FALSE,"Steve Johnson","Kevin Anderson",1486.79965566686,1470.63364311509,1,16.1660125517651,3,3,0.539737748314282,1
20220718,"Gstaad","Clay",FALSE,"Dominic Stricker","Marc Andrea Huesler",1489.92703099695,1473.7268730833,1,16.2001579136574,1,2,0.417898879226299,0
20220117,"Australian Open","Hard",TRUE,"Daniil Medvedev","Stefanos Tsitsipas",1529.35264374295,1513.14548635092,1,16.2071573920341,3,3,0.553877842203703,1
20220117,"Australian Open","Hard",TRUE,"Ricardas Berankis","Roberto Carballes Baena",1485.59257028552,1469.37862074018,1,16.2139495453437,3,1,0.63830590203937,1
20220926,"Tel Aviv","Hard",FALSE,"Thiago Monteiro","Pablo Andujar",1460.4576461413,1444.2281844078,0,16.2294617335017,1,1,0.461209532802503,0
20220131,"Cordoba","Clay",FALSE,"Juan Pablo Varillas","Albert Ramos",1500,1483.762048475,0,16.2379515250016,1,1,0.461218374976257,0
20220516,"Lyon","Clay",FALSE,"Yosuke Watanuki","Soon Woo Kwon",1501.14050230943,1484.89486155199,1,16.2456407574414,3,2,0.583079564777606,1
20221017,"Stockholm","Hard",FALSE,"Cameron Norrie","Holger Rune",1642.88980236211,1626.628916504,0,16.2608858581186,3,3,0.539836528209511,1
20220103,"Atp Cup","Hard",FALSE,"Hubert Hurkacz","Aristotelis Thanos",1516.26420161175,1500,1,16.2642016117511,3,1,0.625114367784673,1
20220103,"Atp Cup","Hard",FALSE,"Kamil Majchrzak","Michail Pervolarakis",1530,1513.70925201249,1,16.2907479875141,3,2,0.583125523038079,1
20220103,"Atp Cup","Hard",FALSE,"Matteo Berrettini","Daniil Medvedev",1515,1498.70800523933,0,16.2919947606663,3,3,0.539868917399379,1
20220808,"Canada Masters","Hard",FALSE,"Pablo Carreno Busta","Jack Draper",1596.01005424911,1579.69793561459,1,16.3121186345193,3,3,0.539889869292189,1
20220117,"Australian Open","Hard",TRUE,"Stefan Kozlov","Matteo Berrettini",1500,1483.68022446189,0,16.3197755381118,2,3,0.471006942842827,0
20230109,"Adelaide 2","Hard",FALSE,"Mikael Ymer","Mackenzie Mcdonald",1564.33729528275,1547.96907567186,1,16.3682196108866,3,3,0.539948277860437,1
20220917,"Davis Cup WG2 R1: LTU vs EGY","Hard",FALSE,"Mohamed Safwat","Ricardas Berankis",1542.4482701866,1526.07728239493,0,16.370987791672,1,3,0.376015237640641,0
20230206,"Cordoba","Clay",FALSE,"Albert Ramos","Federico Coria",1442.31896572722,1425.91642747341,0,16.4025382538027,1,1,0.461389797953889,0
20230410,"Monte Carlo Masters","Clay",FALSE,"Ilya Ivashka","Daniel Evans",1525.52984434159,1509.12725042078,1,16.4025939208036,2,2,0.500691230511166,1
20230508,"Rome Masters","Clay",FALSE,"Sebastian Baez","Juan Pablo Varillas",1495.98968366375,1479.57096881925,1,16.4187148444914,3,1,0.625266118936515,1
20220404,"Marrakech","Clay",FALSE,"Federico Coria","David Goffin",1533.86264296179,1517.41081794978,0,16.4518250120075,1,3,0.376094734923039,0
20220404,"Houston","Clay",FALSE,"John Isner","Cristian Garin",1487.81558793131,1471.29469777288,1,16.520890158429,3,3,0.540107222618843,1
20220207,"Rotterdam","Hard",FALSE,"Andrey Rublev","Soon Woo Kwon",1530.19283355483,1513.67048809271,1,16.5223454621275,3,2,0.58336146725856,1
20230522,"Lyon","Clay",FALSE,"Alvaro Lopez San Martin","David Goffin",1500,1483.46554952647,0,16.5344504735283,0,3,0.301717557890713,0
20220801,"Los Cabos","Hard",FALSE,"Thanasi Kokkinakis","Steve Johnson",1538.45725768643,1521.82854245298,0,16.6287152334523,1,3,0.376268716334363,0
20220404,"Marrakech","Clay",FALSE,"Jiri Lehecka","Laslo Djere",1507.00757471572,1490.37804237312,0,16.6295323426025,3,1,0.625473128142682,1
20220815,"Cincinnati Masters","Hard",FALSE,"Daniil Medvedev","Taylor Fritz",1682.05978030972,1665.36021605366,1,16.699564256058,3,3,0.540293229216841,1
20230508,"Rome Masters","Clay",FALSE,"Francisco Cerundolo","Gregoire Barrere",1550.85657018155,1534.10870549476,1,16.7478646867914,3,1,0.625589302777445,1
20230213,"Delray Beach","Hard",FALSE,"Tung Lin Wu","Emilio Gomez",1498.68678613714,1481.84275781602,0,16.844028321116,2,1,0.54498370483546,1
20231127,"NextGen Finals","Hard",FALSE,"Alex Michelsen","Luca Van Assche",1496.52462884669,1479.63813782947,0,16.8864910172142,3,1,0.625725382943515,1
20220207,"Buenos Aires","Clay",FALSE,"Fabio Fognini","Federico Delbonis",1501.50374121239,1484.59937363129,0,16.9043675810979,1,1,0.461912527385342,0
20230522,"Geneva","Clay",FALSE,"Marcos Giron","Alexander Bublik",1510.97557276297,1493.99854464735,1,16.9770281156227,3,3,0.54058205748249,1
20231106,"Sofia","Hard",FALSE,"Nicolas Moreno De Alboran","Jurij Rodionov",1486.78195323849,1469.75849569619,0,17.0234575423067,0,1,0.380961860700819,0
20220725,"Umag","Clay",FALSE,"Henri Laaksonen","Roberto Carballes Baena",1420.59582742466,1403.57110609046,0,17.0247213341954,0,1,0.380963109860581,0
20221010,"Florence","Hard",FALSE,"Brandon Nakashima","Richard Gasquet",1600.66677214944,1583.63151588839,1,17.0352562610487,3,3,0.540642667090669,1
20230914,"Davis Cup WG1 R1: UKR vs COL","Hard",FALSE,"Nicolas Mejia","Oleksii Krutykh",1485.91136770441,1468.84900230596,0,17.0623653984521,1,0,0.505955765678569,1
20220404,"Houston","Clay",FALSE,"Steve Johnson","Denis Kudla",1487.52192749532,1470.43088741405,1,17.0910400812741,3,0,0.666097425157427,1
20231030,"Paris Masters","Hard",FALSE,"Grigor Dimitrov","Hubert Hurkacz",1782.1832073735,1765.04604784047,1,17.1371595330213,3,3,0.540748735192399,1
20230529,"Roland Garros","Clay",TRUE,"Alexei Popyrin","Aslan Karatsev",1505.50467594134,1488.35203360631,0,17.152642335026,1,3,0.391024155124948,0
20220718,"Gstaad","Clay",FALSE,"Jaume Munar","Bernabe Zapata Miralles",1504.19888101801,1486.95912983445,1,17.2397511835595,1,1,0.462261925751944,0
20220613,"Halle","Grass",FALSE,"Nick Kyrgios","Hubert Hurkacz",1631.17048079714,1613.86423969418,0,17.3062411029603,3,3,0.540924719047968,1
20221031,"Paris Masters","Hard",FALSE,"Alexander Bublik","Mikael Ymer",1595.87006636652,1578.55068020119,0,17.3193861653294,3,3,0.540938400293939,1
20220516,"Lyon","Clay",FALSE,"Pedro Martinez","Yosuke Watanuki",1520.94261192036,1503.61761944286,0,17.324992477495,3,3,0.540944235267316,1
20231023,"Vienna","Hard",FALSE,"Tomas Machac","Aleksandar Vukic",1518.91796236614,1501.58861643774,1,17.3293459284005,1,2,0.419050599775582,0
20220321,"Miami Masters","Hard",FALSE,"Facundo Bagnis","Lloyd Harris",1451.12239047524,1433.78336952506,0,17.3390209501815,1,3,0.376967662738396,0
20220718,"Gstaad","Clay",FALSE,"Lorenzo Sonego","Juan Pablo Varillas",1482.25758888566,1464.88910910993,0,17.3684797757319,3,1,0.626198364125722,1
20230731,"Kitzbuhel","Clay",FALSE,"Daniel Altmaier","Daniel Elahi Galan",1460.88619491214,1443.50128234564,0,17.3849125665031,1,3,0.377012838091715,0
20220307,"Indian Wells Masters","Hard",FALSE,"Pedro Martinez","Joao Sousa",1559.59899526648,1542.20089898026,1,17.3980962862299,3,1,0.62622741929784,1
20230220,"Doha","Hard",FALSE,"Constant Lestienne","Alejandro Davidovich Fokina",1539.27002040613,1521.84429007617,0,17.4257303299605,0,3,0.30250516628256,0
20220917,"Davis Cup Finals RR: SRB vs CAN","Hard",FALSE,"Laslo Djere","Gabriel Diallo",1517.46916513762,1500,1,17.4691651376202,1,0,0.506381950303069,1
20220117,"Australian Open","Hard",TRUE,"Pedro Martinez","Cristian Garin",1502.47593238039,1485.00010126759,0,17.4758311128,3,3,0.556290877240897,1
20220829,"Us Open","Hard",TRUE,"Nick Kyrgios","Daniil Medvedev",1729.91972200732,1712.41040757197,1,17.5093144353464,3,3,0.556354527540369,1
20220304,"Davis Cup QLS R1: BEL vs FIN","Hard",FALSE,"Otto Virtanen","Zizou Bergs",1500,1482.4519710514,0,17.5480289486034,2,1,0.545715296586784,1
20230529,"Roland Garros","Clay",TRUE,"Carlos Alcaraz","Novak Djokovic",1907.94307364917,1890.30247581196,0,17.6405978372156,3,3,0.556604073553458,1
20220711,"Bastad","Clay",FALSE,"Alejandro Davidovich Fokina","Joao Sousa",1504.25321575214,1486.55209737405,1,17.7011183780905,3,1,0.626524645694529,1
20220926,"Tel Aviv","Hard",FALSE,"Maxime Cressy","Constant Lestienne",1537.39924446741,1519.65606412028,0,17.7431803471213,3,0,0.666705062408435,1
20220425,"Estoril","Clay",FALSE,"Benjamin Bonzi","Dominic Thiem",1501.15680745565,1483.39313418447,1,17.7636732711817,3,1,0.626585992256292,1
20231002,"Shanghai Masters","Hard",FALSE,"Andrey Rublev","Grigor Dimitrov",1768.42009860934,1750.5515730335,1,17.8685255758326,3,3,0.541509883567046,1
20220321,"Miami Masters","Hard",FALSE,"Alexander Zverev","Thanasi Kokkinakis",1580.01145592848,1562.04474833483,1,17.9667075936488,3,1,0.62678507663496,1
20230828,"Us Open","Hard",TRUE,"Daniel Evans","Botic Van De Zandschulp",1529.82410043441,1511.85086647679,1,17.9732339576171,2,3,0.474180914000962,0
20220321,"Miami Masters","Hard",FALSE,"Gael Monfils","Francisco Cerundolo",1585.99809369667,1567.87259342838,0,18.1255002682867,2,3,0.458639348080154,0
20220926,"Sofia","Hard",FALSE,"Aleksandar Vukic","Fabio Fognini",1501.95871486,1483.82447094249,1,18.134243917518,2,1,0.546324335989822,1
20220919,"Metz","Hard",FALSE,"Joao Sousa","Stan Wawrinka",1488.9653192258,1470.77451051185,0,18.190808713952,1,1,0.463252925862218,0
20230731,"Los Cabos","Hard",FALSE,"Rinky Hijikata","John Isner",1521.76519466019,1503.57401125803,0,18.1911834021619,3,3,0.541845619145982,1
20220207,"Dallas","Hard",FALSE,"Reilly Opelka","Jenson Brooksby",1518.23784673613,1500,1,18.2378467361305,1,3,0.377852848202901,0
20220307,"Indian Wells Masters","Hard",FALSE,"David Goffin","Jordan Thompson",1487.85730582854,1469.58690986326,0,18.2703959652745,3,3,0.541928036502588,1
20231002,"Shanghai Masters","Hard",FALSE,"Sebastian Ofner","Juan Pablo Varillas",1527.42781731695,1509.14517843398,1,18.2826388829724,1,1,0.463348628216121,0
20220411,"Monte Carlo Masters","Clay",FALSE,"Marcos Giron","Alejandro Davidovich Fokina",1470.11662890948,1451.82003711231,0,18.2965917971633,3,3,0.541955291664639,1
20220207,"Dallas","Hard",FALSE,"Tennys Sandgren","Marcos Giron",1500,1481.61548865546,0,18.3845113445423,0,3,0.303353722618857,0
20230821,"Winston-Salem","Hard",FALSE,"Alex Michelsen","Juan Pablo Varillas",1512.88493093862,1494.39095526945,1,18.4939756691736,3,1,0.627301886180125,1
20230102,"United Cup","Hard",FALSE,"Felipe Meligeni Alves","Viktor Durasovic",1469.42287517632,1450.86776836377,1,18.5551068125494,2,1,0.546761499910273,1
20231016,"Tokyo","Hard",FALSE,"Felix Auger Aliassime","Marcos Giron",1573.26798319092,1554.70505010817,0,18.5629330827496,3,3,0.542232389211337,1
20221003,"Tokyo","Hard",FALSE,"Brandon Nakashima","Borna Coric",1616.46789881036,1597.89423109606,0,18.573667714302,3,1,0.627379972244248,1
20220404,"Marrakech","Clay",FALSE,"David Goffin","Damir Dzumhur",1503.21254749451,1484.62487558443,1,18.5876719100884,3,0,0.667491101953026,1
20220207,"Dallas","Hard",FALSE,"Liam Broady","Marcos Giron",1484.40744332199,1465.81348863667,0,18.593954685319,0,3,0.303539266397045,0
20220916,"Davis Cup WG2 R1: URU vs CHN","Clay",FALSE,"Zhizhen Zhang","Ignacio Carou",1503.63386000884,1485,1,18.6338600088375,1,0,0.507602091981596,1
20230417,"Munich","Clay",FALSE,"Christopher Oconnell","Flavio Cobolli",1514.64392193543,1495.99735969776,1,18.6465622376686,3,1,0.627451391954356,1
20230410,"Monte Carlo Masters","Clay",FALSE,"Jiri Lehecka","Grigor Dimitrov",1629.02681253159,1610.32482383389,1,18.7019886977034,3,3,0.542377050252833,1
20230306,"Indian Wells Masters","Hard",FALSE,"Felix Auger Aliassime","Tommy Paul",1733.06727290027,1714.24426503375,1,18.8230078665194,3,3,0.542502941972221,1
20220919,"San Diego","Hard",FALSE,"James Duckworth","Marcos Giron",1466.83924369381,1448.00461482163,0,18.834628872173,3,3,0.542515030584793,1
20230220,"Doha","Hard",FALSE,"Daniil Medvedev","Felix Auger Aliassime",1774.83609782889,1755.99391233841,1,18.8421854904766,3,3,0.542522891240023,1
20221024,"Vienna","Hard",FALSE,"Tommy Paul","Dominic Thiem",1608.55361963411,1589.67346295415,0,18.8801566799552,3,1,0.627680222795575,1
20230529,"Roland Garros","Clay",TRUE,"Jan Lennard Struff","Jiri Lehecka",1593.59609195547,1574.70685947033,0,18.8892324851363,1,3,0.394213532141239,0
20220307,"Indian Wells Masters","Hard",FALSE,"Alexander Zverev","Tommy Paul",1584.41777891509,1565.4627379359,0,18.9550409791818,3,3,0.542640284893902,1
20220117,"Australian Open","Hard",TRUE,"Reilly Opelka","Kevin Anderson",1504.05990446658,1485,1,19.0599044665807,1,3,0.394527475696573,0
20220917,"Davis Cup Finals RR: FRA vs BEL","Hard",FALSE,"David Goffin","Benjamin Bonzi",1512.99952780913,1493.9166792947,1,19.0828485144318,3,3,0.542773226130046,1
20230807,"Canada Masters","Hard",FALSE,"Vasek Pospisil","Matteo Arnaldi",1523.10747260029,1504.01088473467,0,19.0965878656261,2,1,0.547323847650175,1
20220523,"Roland Garros","Clay",TRUE,"Tommy Paul","Cristian Garin",1534.45627985801,1515.31458043792,0,19.1416994200883,3,3,0.559455335641618,1
20230102,"United Cup","Hard",FALSE,"Borna Gojo","Stefanos Sakellaridis",1508.11723680595,1488.96116813517,1,19.1560686707801,2,2,0.503576293071607,1
20220321,"Miami Masters","Hard",FALSE,"Marcos Giron","Marton Fucsovics",1500.32530142304,1481.14881334011,0,19.1764880829326,3,3,0.542870623094226,1
20220516,"Lyon","Clay",FALSE,"Michael Mmoh","Manuel Guinard",1501.99046436467,1482.78476809578,0,19.2056962688939,3,2,0.586092370550892,1
20230717,"Bastad","Clay",FALSE,"Casper Ruud","Lorenzo Musetti",1699.95049836527,1680.73357153789,1,19.2169268273765,1,3,0.378817997302178,0
20230529,"Roland Garros","Clay",TRUE,"Zhizhen Zhang","Thiago Agustin Tirante",1519.2278545409,1500,1,19.2278545408979,1,0,0.525077892216073,1
20220725,"Atlanta","Hard",FALSE,"Brandon Nakashima","Frances Tiafoe",1555.6150463592,1536.29443096803,0,19.3206153911633,3,3,0.54302052726993,1
20220307,"Indian Wells Masters","Hard",FALSE,"Miomir Kecmanovic","Marin Cilic",1554.24229067506,1534.89964545847,1,19.3426452165847,3,3,0.543043439402418,1
20230920,"Chengdu","Hard",FALSE,"Daniel Evans","Roman Safiullin",1589.82863343225,1570.4189950598,0,19.4096383724564,2,3,0.459975970105351,0
20220926,"Sofia","Hard",FALSE,"Oscar Otte","Dragos Nicolae Madaras",1489.61771481652,1470.19457114313,1,19.4231436733903,3,0,0.668267829467058,1
20220207,"Buenos Aires","Clay",FALSE,"Lorenzo Sonego","Sebastian Baez",1521.74368883213,1502.31046254753,1,19.4332262846001,3,3,0.543137646378895,1
20220711,"Newport","Grass",FALSE,"Ugo Humbert","Peter Gojowczyk",1441.33497958261,1421.88172121652,0,19.4532583660953,2,2,0.503887674558566,1
20230731,"Washington","Hard",FALSE,"Tallon Griekspoor","J J Wolf",1599.24366454704,1579.7726099763,1,19.4710545707355,3,3,0.543176987996739,1
20220926,"Seoul","Hard",FALSE,"Denis Shapovalov","Radu Albot",1523.11951938758,1503.63352829654,1,19.4859910910361,3,1,0.628273435877198,1
20220131,"Montpellier","Hard",FALSE,"Alexander Zverev","Mikael Ymer",1569.20117088472,1549.57833367239,1,19.6228372123339,3,3,0.543334837326221,1
20220627,"Wimbledon","Grass",TRUE,"Brandon Nakashima","Denis Shapovalov",1512.45770145473,1492.82895093969,1,19.628750515039,3,3,0.560379630316275,1
20231106,"Sofia","Hard",FALSE,"Marton Fucsovics","Pavel Kotov",1589.51434473682,1569.8681986937,0,19.6461460431249,3,3,0.543359077031026,1
20231016,"Antwerp","Hard",FALSE,"Arthur Fils","Alexander Bublik",1595.05564244767,1575.29514554521,0,19.7604969024635,1,3,0.379354248135023,0
20220425,"Estoril","Clay",FALSE,"Pablo Cuevas","Fernando Verdasco",1473.58840829999,1453.73775057058,0,19.8506577294038,0,1,0.383760240414073,0
20220711,"Bastad","Clay",FALSE,"Diego Schwartzman","Elias Ymer",1552.66490697771,1532.77872698246,1,19.8861799952506,1,1,0.465020214595755,0
20230828,"Us Open","Hard",TRUE,"Arthur Rinderknech","Diego Schwartzman",1484.67654094219,1464.63446021971,1,20.0420807224834,3,1,0.645084445709999,1
20231002,"Shanghai Masters","Hard",FALSE,"Fabian Marozsan","Arthur Rinderknech",1530.2531431973,1510.18150065105,1,20.0716425462558,1,3,0.379661336936127,0
20230821,"Winston-Salem","Hard",FALSE,"Zhizhen Zhang","Ilya Ivashka",1515.56330809277,1495.39081880465,1,20.1724892881209,1,2,0.421954360067238,0
20220117,"Australian Open","Hard",TRUE,"Pablo Carreno Busta","Sebastian Korda",1536.44034289178,1516.22677630888,1,20.2135665829005,3,3,0.56148890355443,1
20220815,"Cincinnati Masters","Hard",FALSE,"Alex De Minaur","Felix Auger Aliassime",1641.52498251533,1621.18395873407,0,20.3410237812611,3,3,0.544081610968495,1
20230920,"Chengdu","Hard",FALSE,"Miomir Kecmanovic","Corentin Moutet",1481.59918149347,1461.25205949787,1,20.3471219956057,3,3,0.544087951075612,1
20230731,"Washington","Hard",FALSE,"Andy Murray","Brandon Nakashima",1547.09872383002,1526.74300551645,1,20.3557183135708,3,3,0.544096888352271,1
20220613,"Queen's Club","Grass",FALSE,"Filip Krajinovic","Jenson Brooksby",1557.05162041492,1536.69230087372,1,20.3593195411975,3,3,0.544100632408179,1
20220509,"Rome Masters","Clay",FALSE,"Casper Ruud","Botic Van De Zandschulp",1598.85582240775,1578.49144738206,1,20.3643750256958,1,3,0.379950340666053,0
20220321,"Miami Masters","Hard",FALSE,"Mitchell Krueger","Oscar Otte",1485.85211576514,1465.43205307214,0,20.4200626929983,3,3,0.544163783942569,1
20220214,"Doha","Hard",FALSE,"Marin Cilic","Karen Khachanov",1570.15483396146,1549.73180903556,0,20.4230249258958,3,3,0.544166863587636,1
20230227,"Santiago","Clay",FALSE,"Laslo Djere","Riccardo Bonadio",1534.15809903329,1513.67047624141,1,20.487622791881,1,1,0.465647383967458,0
20220822,"Winston-Salem","Hard",FALSE,"Benjamin Bonzi","Thiago Monteiro",1517.65089068668,1497.15849628406,1,20.4923944026184,3,1,0.629258018194561,1
20220117,"Australian Open","Hard",TRUE,"Daniel Evans","Arthur Rinderknech",1555.70562523888,1535.17971737961,1,20.5259078592737,2,3,0.479085023680717,0
20230529,"Roland Garros","Clay",TRUE,"Francisco Cerundolo","Yannick Hanfmann",1629.79785061177,1609.26058211542,1,20.5372684963438,3,1,0.645957112950257,1
20230220,"Rio De Janeiro","Clay",FALSE,"Nicolas Jarry","Sebastian Baez",1520.08660785171,1499.54457368333,1,20.5420341683837,3,3,0.54429058712883,1
20230916,"Davis Cup Finals RR: SRB vs CZE","Hard",FALSE,"Dusan Lajovic","Jakub Mensik",1544.83107434886,1524.27143542638,0,20.5596389224881,1,2,0.422350186335234,0
20220829,"Us Open","Hard",TRUE,"Frances Tiafoe","Jason Kubler",1564.12389142754,1543.4860576875,1,20.6378337400386,3,3,0.562293265398026,1
20230703,"Wimbledon","Grass",TRUE,"Tomas Martin Etcheverry","Stan Wawrinka",1578.16901503864,1557.47683639541,0,20.692178643231,1,1,0.483971941403118,0
20220523,"Roland Garros","Clay",TRUE,"Novak Djokovic","Diego Schwartzman",1641.03802818641,1620.33108505767,1,20.7069431287387,3,1,0.646255906696729,1
20220808,"Canada Masters","Hard",FALSE,"Marin Cilic","Karen Khachanov",1609.7930936693,1589.03946923263,1,20.7536244366711,3,3,0.544510545587755,1
20230731,"Kitzbuhel","Clay",FALSE,"Hamad Medjedovic","Sebastian Baez",1486.52910706868,1465.62306460255,0,20.9060424661302,2,3,0.461534258969003,0
20220404,"Houston","Clay",FALSE,"Jack Sock","Cristian Garin",1494.28314093936,1473.35698354868,0,20.9261573906865,3,3,0.544689889205043,1
20220919,"San Diego","Hard",FALSE,"Alejandro Tabilo","Constant Lestienne",1524.70655259743,1503.75250022489,0,20.9540523725373,3,0,0.669688719753342,1
20230206,"Dallas","Hard",FALSE,"Liam Krall","Radu Albot",1500,1479.02417358413,0,20.9758264158747,0,1,0.38487609576393,0
20220916,"Davis Cup WG1 R1: AUT vs PAK","Clay",FALSE,"Muzammil Murtaza","Jurij Rodionov",1500,1479.0121949057,0,20.9878050943,0,1,0.384887981831682,0
20220711,"Bastad","Clay",FALSE,"Francisco Cerundolo","Pablo Carreno Busta",1536.63118396739,1515.62577397792,1,21.0054099894767,3,3,0.544772266383393,1
20220404,"Marrakech","Clay",FALSE,"Botic Van De Zandschulp","Alex Molcan",1550.49558244057,1529.482649342,0,21.0129330985712,3,3,0.544780085968155,1
20220606,"Stuttgart","Grass",FALSE,"Matteo Berrettini","Oscar Otte",1542.60174267343,1521.52677004141,1,21.0749726320246,3,3,0.544844569554396,1
20220207,"Buenos Aires","Clay",FALSE,"Francisco Cerundolo","Facundo Bagnis",1475.1916098545,1454.09580488211,1,21.0958049723934,3,1,0.629847831414362,1
20220131,"Cordoba","Clay",FALSE,"Alejandro Tabilo","Carlos Taberner",1504.91122678884,1483.7424829692,1,21.168743819637,3,1,0.629919100441718,1
20220131,"Montpellier","Hard",FALSE,"Adrian Mannarino","David Goffin",1526.27722005716,1505.06530189279,1,21.2119181643759,3,3,0.544986904741316,1
20230403,"Estoril","Clay",FALSE,"Quentin Halys","Nuno Borges",1500.20162061505,1478.98327008431,1,21.2183505307403,3,2,0.588137232815532,1
20220725,"Kitzbuhel","Clay",FALSE,"Lorenzo Sonego","Pablo Andujar",1466.50835535671,1445.13574886227,0,21.3726064944431,3,1,0.630118265971118,1
20230828,"Us Open","Hard",TRUE,"Gregoire Barrere","Jakub Mensik",1529.72587062718,1508.34971534695,0,21.3761552802259,1,2,0.441599247168008,0
20230227,"Santiago","Clay",FALSE,"Jaume Munar","Thiago Monteiro",1428.9728243801,1407.55907915776,1,21.4137452223415,1,1,0.466613332798792,0
20230206,"Cordoba","Clay",FALSE,"Joao Sousa","Tomas Martin Etcheverry",1408.73762378499,1387.21247095244,1,21.5251528325457,1,1,0.466729548327668,0
20230417,"Munich","Clay",FALSE,"Dominic Thiem","Marc Andrea Huesler",1525.89191932158,1504.33615188311,1,21.5557674384709,1,2,0.423369097048002,0
20220307,"Indian Wells Masters","Hard",FALSE,"Jaume Munar","Juncheng Shang",1506.65821365096,1485.08399598954,1,21.574217661424,1,0,0.510681993448567,1
20220606,"Stuttgart","Grass",FALSE,"Andy Murray","Matteo Berrettini",1602.41268762676,1580.78201595681,0,21.630671669951,3,3,0.545422093090968,1
20230828,"Us Open","Hard",TRUE,"J J Wolf","Zhizhen Zhang",1555.97748798208,1534.27607130683,0,21.7014166752497,3,1,0.648004853260157,1
20220606,"s Hertogenbosch","Grass",FALSE,"Brandon Nakashima","Adrian Mannarino",1493.21751172158,1471.48211089026,0,21.7354008313168,3,3,0.545530921743713,1
20220926,"Seoul","Hard",FALSE,"Daniel Evans","Yoshihito Nishioka",1560.95944813799,1539.10828989862,0,21.8511582393635,2,1,0.550182669318875,1
20220516,"Geneva","Clay",FALSE,"Kamil Majchrzak","Alexander Bublik",1528.34654816933,1506.32838221973,1,22.0181659496009,3,3,0.545824733590791,1
20230915,"Davis Cup WG2 R1: MON vs ECU","Clay",FALSE,"Lucas Catarina","Emilio Gomez",1476.05841000688,1454.03796936885,1,22.0204406380269,1,1,0.46724625436307,0
20230731,"Los Cabos","Hard",FALSE,"Jason Jung","Ernesto Escobedo",1472.97873864876,1450.915919102,1,22.0628195467609,0,1,0.385955242931721,0
20220822,"Winston-Salem","Hard",FALSE,"Hugo Gaston","John Millman",1465.13024582845,1442.79765889388,0,22.332586934577,3,0,0.670965542171734,1
20230522,"Geneva","Clay",FALSE,"Nicolas Jarry","Dusan Lajovic",1615.5314611509,1593.11173002647,1,22.4197311244209,3,1,0.631140564977144,1
20220917,"Davis Cup Finals RR: ARG vs CRO","Hard",FALSE,"Sebastian Baez","Borna Gojo",1497.90270668617,1475.4384357912,0,22.4642708949705,3,2,0.589401572907627,1
20230731,"Kitzbuhel","Clay",FALSE,"Alex Molcan","Sebastian Ofner",1543.88653506148,1521.33146038181,1,22.555074679671,3,1,0.631272614092497,1
20220214,"Rio de Janeiro","Clay",FALSE,"Matteo Berrettini","Carlos Alcaraz",1564.81284167692,1542.25591336654,0,22.5569283103775,3,3,0.546384455181161,1
20230320,"Miami Masters","Hard",FALSE,"Taro Daniel","Arthur Rinderknech",1522.51396500708,1499.67966567747,1,22.8342993296137,1,3,0.382392176003411,0
20220718,"Gstaad","Clay",FALSE,"Hugo Gaston","Dominic Thiem",1493.17417190353,1470.26120783015,0,22.9129640733825,3,1,0.631621697192817,1
20220926,"Sofia","Hard",FALSE,"Lorenzo Sonego","Bernabe Zapata Miralles",1503.85709660397,1480.88573799572,1,22.9713586082485,3,1,0.631678641791502,1
20230403,"Houston","Clay",FALSE,"Gijs Brouwer","John Isner",1561.55775832257,1538.5759641683,1,22.9817941542642,3,3,0.546825766777699,1
20221017,"Antwerp","Hard",FALSE,"Manuel Guinard","Geoffrey Blancaneaux",1492.17692103638,1469.17940112043,1,22.9975199159526,2,0,0.59436046154311,1
20221003,"Astana","Hard",FALSE,"Marc Andrea Huesler","Emil Ruusuvuori",1558.49260744576,1535.44570968027,0,23.0468977654909,2,3,0.463764950837839,0
20230508,"Rome Masters","Clay",FALSE,"Ben Shelton","Alexander Bublik",1501.05327269577,1478.00492461643,0,23.0483480793475,3,3,0.54689489022989,1
20220321,"Miami Masters","Hard",FALSE,"Juan Manuel Cerundolo","Dusan Lajovic",1469.91239240571,1446.83680129185,1,23.0755911138649,0,1,0.386961714134229,0
20220411,"Monte Carlo Masters","Clay",FALSE,"Laslo Djere","Lorenzo Sonego",1507.70772245015,1484.55631500269,1,23.1514074474571,1,3,0.38270611134903,0
20230206,"Montpellier","Hard",FALSE,"Marton Fucsovics","Geoffrey Blancaneaux",1478.34108807914,1455.17083633094,1,23.1702517481922,3,0,0.671740171734814,1
20220606,"Stuttgart","Grass",FALSE,"Marcos Giron","Jan Lennard Struff",1434.55711604082,1411.38104579193,0,23.1760702488939,3,1,0.631878241446941,1
20221024,"Basel","Hard",FALSE,"Roberto Bautista Agut","Andy Murray",1617.6675085414,1594.37272570261,1,23.2947828387851,3,3,0.54715082362564,1
20220801,"Los Cabos","Hard",FALSE,"Rodrigo Pacheco Mendez","Rinky Hijikata",1500,1476.66203293034,0,23.337967069662,1,3,0.382890850133387,0
20220627,"Wimbledon","Grass",TRUE,"Hugo Gaston","Lorenzo Sonego",1498.84318584343,1475.44326545565,0,23.3999203877768,3,3,0.567521678051812,1
20230814,"Cincinnati Masters","Hard",FALSE,"Gregoire Barrere","Yoshihito Nishioka",1545.73601538718,1522.30320015802,0,23.4328152291632,1,1,0.46872008786247,0
20220916,"Davis Cup WG2 R1: POL vs INA","Hard",FALSE,"Nathan Anthony Barki","Kamil Majchrzak",1500,1476.52671983398,0,23.4732801660202,0,3,0.307879846105828,0
20230206,"Montpellier","Hard",FALSE,"Mikael Ymer","Emil Ruusuvuori",1587.41802576716,1563.92765615748,0,23.4903696096819,3,3,0.547353931400467,1
20220718,"Gstaad","Clay",FALSE,"Yannick Hanfmann","Nicolas Jarry",1494.23398279251,1470.70552056257,0,23.5284622299337,1,3,0.383079520958524,0
20230227,"Acapulco","Hard",FALSE,"Miomir Kecmanovic","Denis Shapovalov",1592.97924188137,1569.41369875392,0,23.5655431274563,3,3,0.547431991414943,1
20220304,"Davis Cup QLS R1: USA vs COL","Hard",FALSE,"Sebastian Korda","Nicolas Mejia",1510.82723427351,1487.25886311467,1,23.5683711588426,3,1,0.632260619702457,1
20221024,"Vienna","Hard",FALSE,"Frances Tiafoe","Hubert Hurkacz",1653.39349459013,1629.74459056488,0,23.6489040252454,3,3,0.54751855045846,1
20230213,"Delray Beach","Hard",FALSE,"Jordan Thompson","Denis Kudla",1436.98348536122,1413.33011924157,0,23.6533661196513,3,0,0.672186506906392,1
20230220,"Doha","Hard",FALSE,"Jiri Lehecka","Andy Murray",1637.21949907228,1613.55462129559,0,23.6648777766977,3,3,0.547535136715843,1
20220404,"Marrakech","Clay",FALSE,"Alex Molcan","Laslo Djere",1529.85930635648,1506.09544923815,1,23.7638571183247,3,1,0.63245109909663,1
20220822,"Winston-Salem","Hard",FALSE,"Laslo Djere","Marc Andrea Huesler",1483.21984503298,1459.42578368375,1,23.7940613492315,1,2,0.425660948999551,0
20220207,"Buenos Aires","Clay",FALSE,"Casper Ruud","Federico Coria",1513.16991127262,1489.3743050603,1,23.7956062123192,1,1,0.469098754690521,0
20220725,"Umag","Clay",FALSE,"Franco Agamenone","Marco Cecchinato",1478.01147048384,1454.19869071114,1,23.8127797726966,1,1,0.469116680656737,0
20230227,"Santiago","Clay",FALSE,"Cristian Garin","Sebastian Baez",1490.36742446856,1466.53907248769,0,23.8283519808738,3,3,0.547704873185955,1
20220711,"Newport","Grass",FALSE,"Alexander Bublik","Maxime Cressy",1576.88777912996,1553.01176310978,0,23.8760160201837,3,3,0.54775436102154,1
20220221,"Dubai","Hard",FALSE,"Ricardas Berankis","Jan Lennard Struff",1484.89768227759,1461.00514544664,1,23.8925368309424,3,1,0.632576460651968,1
20220117,"Australian Open","Hard",TRUE,"Pablo Carreno Busta","Tallon Griekspoor",1539.48972773147,1515.59261389884,1,23.8971138326297,3,3,0.568461265712811,1
20230717,"Newport","Grass",FALSE,"John Isner","Alex Michelsen",1510.63876195975,1486.59266636021,0,24.046095599537,3,3,0.547930940750114,1
20220321,"Miami Masters","Hard",FALSE,"Carlos Alcaraz","Miomir Kecmanovic",1658.52559437104,1634.37243510834,1,24.1531592627034,3,3,0.548042090016834,1
20221003,"Tokyo","Hard",FALSE,"Taylor Fritz","Frances Tiafoe",1701.06082422447,1676.90718243733,1,24.1536417871389,3,3,0.548042590943806,1
20220411,"Monte Carlo Masters","Clay",FALSE,"Pablo Carreno Busta","Sebastian Baez",1541.81830049227,1517.64792725063,1,24.1703732416404,3,3,0.548059960443008,1
20220207,"Dallas","Hard",FALSE,"Brandon Nakashima","John Millman",1498.6524088056,1474.38390152972,1,24.2685072758859,3,0,0.672754367389841,1
20221003,"Tokyo","Hard",FALSE,"Daniel Evans","Radu Albot",1530.52562923238,1506.19688504087,1,24.328744191514,2,1,0.552751200886443,1
20220926,"Sofia","Hard",FALSE,"Ilya Ivashka","Holger Rune",1592.05643550681,1567.63502015252,0,24.4214153542944,2,3,0.465197917644878,0
20230102,"Pune","Hard",FALSE,"Ramkumar Ramanathan","Pedro Martinez",1465.4906330959,1441.02350246897,0,24.4671306269349,3,3,0.54836801501373,1
20220214,"Delray Beach","Hard",FALSE,"Oscar Otte","Yoshihito Nishioka",1485.58738926402,1461.0979865263,1,24.4894027377229,3,1,0.633157701034427,1
20220207,"Buenos Aires","Clay",FALSE,"Nicolas Jarry","Roberto Carballes Baena",1483.79487684378,1459.2795228983,0,24.5153539454839,3,1,0.633182964087045,1
20230204,"Davis Cup QLS R1: NED vs SVK","Hard",FALSE,"Matwe Middelkoop","Jozef Kovalik",1500,1475.48433675873,1,24.5156632412725,2,1,0.552944868818446,1
20220516,"Geneva","Clay",FALSE,"Richard Gasquet","Joao Sousa",1507.39147563866,1482.75061415187,0,24.6408614867885,3,1,0.633305133179587,1
20221024,"Vienna","Hard",FALSE,"Marcos Giron","Tallon Griekspoor",1477.90214593392,1453.2539066605,1,24.648239273421,3,3,0.548556000044895,1
20230821,"Winston-Salem","Hard",FALSE,"Laslo Djere","Sebastian Baez",1618.66954923908,1593.97415100587,0,24.6953982332072,1,3,0.384236048447824,0
20220523,"Roland Garros","Clay",TRUE,"Miomir Kecmanovic","Daniil Medvedev",1626.73266684251,1601.89394481489,0,24.8387220276136,3,3,0.570239345902196,1
20220718,"Hamburg","Clay",FALSE,"Nikoloz Basilashvili","Aslan Karatsev",1485.9671609227,1461.12498206513,0,24.8421788575699,3,3,0.548757287816919,1
20230724,"Umag","Clay",FALSE,"Christopher Oconnell","Zsombor Piros",1532.28978894387,1507.41761353388,0,24.8721754099925,3,2,0.591841718426274,1
20220117,"Australian Open","Hard",TRUE,"Andy Murray","Taro Daniel",1524.87872634238,1500,0,24.8787263423756,3,1,0.65356595391005,1
20220627,"Wimbledon","Grass",TRUE,"Fabio Fognini","Tallon Griekspoor",1517.27330718043,1492.38316749559,0,24.8901396848373,1,3,0.405302643555286,0
20220613,"Queen's Club","Grass",FALSE,"Frances Tiafoe","Stan Wawrinka",1520.79339421061,1495.88481261136,0,24.9085815992435,3,1,0.633565674780748,1
20230807,"Canada Masters","Hard",FALSE,"Alejandro Davidovich Fokina","Mackenzie Mcdonald",1590.07822521486,1565.1132083266,1,24.9650168882563,3,3,0.548884771815934,1
20220307,"Indian Wells Masters","Hard",FALSE,"Henri Laaksonen","Facundo Bagnis",1460.01997455517,1435.04603185215,0,24.9739427030183,0,1,0.388850853375954,0
20230424,"Madrid Masters","Clay",FALSE,"Bernabe Zapata Miralles","Roman Safiullin",1531.63651880454,1506.6503404156,1,24.9861783889394,1,3,0.384524439378242,0
20230320,"Miami Masters","Hard",FALSE,"Gregoire Barrere","Roman Safiullin",1516.54458584184,1491.54794321024,1,24.9966426316073,1,3,0.384534819154797,0
20220321,"Miami Masters","Hard",FALSE,"Fabio Fognini","Taro Daniel",1514.6616883835,1489.64724376111,1,25.0144446223928,1,1,0.470371187960503,0
20230807,"Canada Masters","Hard",FALSE,"Mackenzie Mcdonald","Milos Raonic",1551.18918357484,1526.144303097,1,25.0448804778373,3,2,0.592016563589217,1
20230529,"Roland Garros","Clay",TRUE,"Alexander Bublik","Giulio Zeppieri",1479.73091907246,1454.63207062495,0,25.0988484475106,3,0,0.692589578835276,1
20221114,"Tour Finals","Hard",FALSE,"Rafael Nadal","Casper Ruud",1709.80918918124,1684.66227408525,1,25.1469150959902,3,1,0.633797552030199,1
20231016,"Stockholm","Hard",FALSE,"Emil Ruusuvuori","Tallon Griekspoor",1611.90254636927,1586.7403913791,0,25.162154990169,3,3,0.549089352636777,1
20220523,"Roland Garros","Clay",TRUE,"Maxime Cressy","Nikoloz Basilashvili",1471.44936898514,1446.27770808932,0,25.1716608958227,3,3,0.570867618035591,1
20230626,"Eastbourne","Grass",FALSE,"Francisco Cerundolo","Tommy Paul",1677.6309202922,1652.32684426264,1,25.3040760295528,3,3,0.549236621469504,1
20220207,"Dallas","Hard",FALSE,"Taylor Fritz","Jack Sock",1525.3097217624,1500,1,25.3097217624011,3,3,0.549242479763632,1
20230116,"Australian Open","Hard",TRUE,"Alexander Bublik","Alejandro Davidovich Fokina",1533.50662300649,1508.17874742946,0,25.3278755770361,3,3,0.571162324308124,1
20230213,"Delray Beach","Hard",FALSE,"Ben Shelton","Marcos Giron",1551.90555920641,1526.4590564853,0,25.4465027211104,3,3,0.549384406335997,1
20220131,"Montpellier","Hard",FALSE,"Corentin Moutet","Mikael Ymer",1526.72314588637,1501.26554851798,0,25.4575973683868,3,3,0.549395918004886,1
20220214,"Rio de Janeiro","Clay",FALSE,"Francisco Cerundolo","Roberto Carballes Baena",1489.28194836428,1463.80444342993,1,25.4775049343509,3,1,0.634119083857217,1
20230213,"Buenos Aires","Clay",FALSE,"Pedro Cachin","Thiago Monteiro",1430.16648820996,1404.67864303749,1,25.4878451724699,1,1,0.470865509693382,0
20230206,"Cordoba","Clay",FALSE,"Juan Manuel Cerundolo","Pablo Andujar",1468.96461918158,1443.45803371874,1,25.5065854628376,0,1,0.389381514328846,0
20230116,"Australian Open","Hard",TRUE,"Tallon Griekspoor","Pavel Kotov",1510.05219458885,1484.53447570934,1,25.5177188795064,3,3,0.57152040460097,1
20220829,"Us Open","Hard",TRUE,"Yibing Wu","Nuno Borges",1500,1474.41702232728,1,25.5829776727217,2,2,0.532714716578353,1
20230703,"Wimbledon","Grass",TRUE,"Harold Mayot","Guido Pella",1500,1474.29293774609,0,25.7070622539059,3,3,0.571877467350583,1
20220110,"Adelaide 2","Hard",FALSE,"Corentin Moutet","Jan Lennard Struff",1514.58868906733,1488.83067925412,1,25.7580098132087,3,1,0.634391809340116,1
20230626,"Mallorca","Grass",FALSE,"Christopher Eubanks","Arthur Rinderknech",1510.3656502846,1484.60699848409,1,25.7586518005082,3,3,0.549708268135885,1
20220502,"Madrid Masters","Clay",FALSE,"Jack Draper","Lorenzo Sonego",1504.06042683792,1478.18808043673,1,25.8723464011969,3,3,0.549826218430427,1
20220117,"Australian Open","Hard",TRUE,"Nikola Milojevic","Mackenzie Mcdonald",1500,1474.12181618483,0,25.8781838151674,1,3,0.407138085571385,0
20220110,"Adelaide 2","Hard",FALSE,"Steve Johnson","Aleksandar Vukic",1514.97211242149,1489.08855586095,0,25.883556560542,3,2,0.592865300313318,1
20230424,"Madrid Masters","Clay",FALSE,"Alexander Bublik","Daniel Elahi Galan",1466.72769499589,1440.83420146427,1,25.8934935316163,3,3,0.549848156500079,1
20230807,"Canada Masters","Hard",FALSE,"Alex De Minaur","Taylor Fritz",1732.10588060752,1706.16146886016,1,25.9444117473554,3,3,0.549900978349632,1
20230916,"Davis Cup WG2 R1: PAK vs INA","Grass",FALSE,"Gunawan Trismuwantara","Muhammad Shoaib",1484.32658535269,1458.38189212457,0,25.944693228118,0,0,0.432350158985373,0
20220620,"Eastbourne","Grass",FALSE,"Jack Draper","Jenson Brooksby",1548.53785416684,1522.57027864506,1,25.9675755217831,3,3,0.549925007755142,1
20230306,"Indian Wells Masters","Hard",FALSE,"Taylor Fritz","Jannik Sinner",1762.39449274491,1736.36336929509,0,26.0311234498267,3,3,0.5499909292751,1
20220207,"Buenos Aires","Clay",FALSE,"Diego Schwartzman","Jaume Munar",1526.44052820604,1500.29216382456,1,26.1483643814868,1,1,0.471555314788624,0
20220516,"Lyon","Clay",FALSE,"Adrian Mannarino","Aslan Karatsev",1485.6677934774,1459.51723886591,1,26.1505546114993,3,3,0.550114816583421,1
20220304,"Davis Cup QLS R1: ITA vs SVK","Hard",FALSE,"Lorenzo Sonego","Filip Horansky",1514.80816097042,1488.64198002179,0,26.1661809486313,3,0,0.674502991865119,1
20230213,"Rotterdam","Hard",FALSE,"Felix Auger Aliassime","Daniil Medvedev",1745.5006903782,1719.3205336586,0,26.1801567196067,3,3,0.550145522227704,1
20220725,"Kitzbuhel","Clay",FALSE,"Hernan Casanova","Jurij Rodionov",1500,1473.65835323992,0,26.3416467600823,0,1,0.390213995857342,0
20220502,"Madrid Masters","Clay",FALSE,"Pablo Carreno Busta","Botic Van De Zandschulp",1589.72010170278,1563.27491271309,0,26.4451889896977,3,3,0.550420417577882,1
20220304,"Davis Cup QLS R1: SWE vs JPN","Hard",FALSE,"Elias Ymer","Yosuke Watanuki",1541.46782234448,1515,1,26.4678223444751,1,3,0.38599516616398,0
20220214,"Rio de Janeiro","Clay",FALSE,"Carlos Alcaraz","Fabio Fognini",1558.22840823067,1531.75330999947,1,26.4750982311996,3,1,0.635088618298318,1
20221031,"Paris Masters","Hard",FALSE,"Marin Cilic","Lorenzo Musetti",1639.45574044339,1612.96330622262,0,26.4924342207692,3,3,0.550469417794225,1
20230731,"Los Cabos","Hard",FALSE,"Otto Virtanen","James Duckworth",1458.2331036845,1431.73480289024,0,26.498300794261,2,3,0.467364202079082,0
20220613,"Halle","Grass",FALSE,"Daniil Medvedev","Hubert Hurkacz",1677.21416445911,1650.68482932849,0,26.5293351306202,3,3,0.550507688754985,1
20230731,"Kitzbuhel","Clay",FALSE,"Alex Molcan","Luca Van Assche",1530.03988668646,1503.27269344788,1,26.7671932385808,3,1,0.635372290802724,1
20220207,"Buenos Aires","Clay",FALSE,"Pablo Cuevas","Federico Coria",1500,1473.22042190053,0,26.7795780994677,0,1,0.390650830390849,0
20220221,"Santiago","Clay",FALSE,"Federico Coria","Yannick Hanfmann",1505.7013006848,1478.89917880561,0,26.8021218791826,1,1,0.472238165367745,0
20231023,"Basel","Hard",FALSE,"Felix Auger Aliassime","Botic Van De Zandschulp",1568.86763734565,1542.06364262798,1,26.8039947176649,3,3,0.55079252704064,1
20220207,"Buenos Aires","Clay",FALSE,"Casper Ruud","Federico Delbonis",1527.14417570149,1500.32861849529,1,26.8155572061962,1,1,0.472252199682957,0
20220620,"Eastbourne","Grass",FALSE,"Taylor Fritz","Alex De Minaur",1629.3337937085,1602.51398214806,1,26.8198115604341,3,3,0.550808929032393,1
20230320,"Miami Masters","Hard",FALSE,"Aleksandar Kovacevic","Jaume Munar",1485.20468363494,1458.3062263031,1,26.8984573318382,2,1,0.555412268424735,1
20220502,"Madrid Masters","Clay",FALSE,"Alexander Zverev","Felix Auger Aliassime",1616.36062553032,1589.44260851068,1,26.9180170196398,3,3,0.550910765158763,1
20220207,"Buenos Aires","Clay",FALSE,"Diego Schwartzman","Casper Ruud",1567.90867137436,1540.98874840309,0,26.9199229712708,1,1,0.472361219886679,0
20220606,"s Hertogenbosch","Grass",FALSE,"Tommy Paul","Brandon Nakashima",1518.63070140737,1491.66198627269,0,26.9687151346866,3,3,0.550963335919156,1
20220131,"Cordoba","Clay",FALSE,"Holger Rune","Roberto Carballes Baena",1470.09372221553,1443.11718710923,0,26.9765351063036,3,1,0.63557553851609,1
20230828,"Us Open","Hard",TRUE,"Roberto Carballes Baena","Aslan Karatsev",1528.08255111554,1501.05522315265,0,27.0273279628932,1,3,0.40927605721142,0
20220110,"Adelaide 2","Hard",FALSE,"Alexander Bublik","Aleksandar Vukic",1500,1472.9218598691,0,27.0781401308977,3,2,0.594073256388316,1
20220926,"Seoul","Hard",FALSE,"Emilio Gomez","Taro Daniel",1474.44040085856,1447.35189845403,0,27.0885024045322,1,1,0.472537323082798,0
20220307,"Indian Wells Masters","Hard",FALSE,"Borna Coric","Alejandro Davidovich Fokina",1500,1472.90858956466,0,27.0914104353417,1,3,0.386614783966905,0
20230915,"Davis Cup WG2 R1: SLO vs LUX","Clay",FALSE,"Chris Rodesch","Bor Artnak",1498.6229258103,1471.52117001981,1,27.1017557904854,1,0,0.516469478073432,1
20230717,"Gstaad","Clay",FALSE,"Juan Pablo Varillas","Otto Virtanen",1499.20768954868,1472.06357669422,1,27.1441128544591,1,2,0.429097108279487,0
20220214,"Doha","Hard",FALSE,"Denis Shapovalov","Alex Molcan",1538.82623237991,1511.65413853931,1,27.1720938405999,3,3,0.551174215404021,1
20230306,"Indian Wells Masters","Hard",FALSE,"Cameron Norrie","Andrey Rublev",1750.11979536407,1722.89898429312,1,27.2208110709576,3,3,0.551224726638699,1
20230203,"Davis Cup QLS R1: FRA vs HUN","Hard",FALSE,"Benjamin Bonzi","Zsombor Piros",1518.46871310164,1491.24465612159,0,27.2240569800474,3,2,0.594220728993881,1
20221003,"Astana","Hard",FALSE,"Stefanos Tsitsipas","Andrey Rublev",1687.99543361029,1660.74224176255,1,27.253191847735,3,3,0.551258299247985,1
20220718,"Hamburg","Clay",FALSE,"Sebastian Baez","Filip Krajinovic",1593.42550514846,1566.06265174543,0,27.3628534030304,3,3,0.551371993621983,1
20220411,"Monte Carlo Masters","Clay",FALSE,"Stefanos Tsitsipas","Alexander Zverev",1629.24525395489,1601.81683391584,1,27.4284200390439,3,3,0.551439968916087,1
20220117,"Australian Open","Hard",TRUE,"Rafael Nadal","Daniil Medvedev",1570.65390622728,1543.16847140702,1,27.4854348202639,3,3,0.575227411943018,1
20220214,"Rio de Janeiro","Clay",FALSE,"Miomir Kecmanovic","Francisco Cerundolo",1530.70135128915,1503.18396342058,0,27.5173878685637,3,3,0.551532201997223,1
20230206,"Cordoba","Clay",FALSE,"Cristian Garin","Pedro Martinez",1477.18051587818,1449.65869955668,1,27.5218163215009,3,3,0.55153679288841,1
20220509,"Rome Masters","Clay",FALSE,"Casper Ruud","Jenson Brooksby",1585.0417366478,1557.51570179246,1,27.5260348553438,1,3,0.387046858548847,0
20220207,"Rotterdam","Hard",FALSE,"Hubert Hurkacz","Jo-Wilfried Tsonga",1527.48160199073,1499.93619370092,1,27.5454082898125,3,2,0.5945454465704,1
20230612,"Stuttgart","Grass",FALSE,"Tommy Paul","Jan Lennard Struff",1637.92683824492,1610.34564094182,0,27.5811973030989,3,1,0.636162326659432,1
20220207,"Dallas","Hard",FALSE,"Jenson Brooksby","Andreas Seppi",1514.78815492144,1487.16223845204,1,27.6259164693934,3,2,0.594626785158512,1
20220131,"Pune","Hard",FALSE,"Emil Ruusuvuori","Vit Kopriva",1542.62881689721,1515,1,27.6288168972096,3,2,0.594629715406131,1
20220110,"Adelaide 2","Hard",FALSE,"Tommy Paul","Frances Tiafoe",1513.28577047296,1485.64719999153,1,27.6385704814256,3,3,0.5516578264888,1
20220829,"Us Open","Hard",TRUE,"Francisco Cerundolo","Andy Murray",1579.80768879476,1552.13961204722,0,27.66807674754,3,3,0.575571071501924,1
20220516,"Geneva","Clay",FALSE,"Thanasi Kokkinakis","Fabio Fognini",1560.03867104285,1532.34889302367,1,27.6897780191775,1,1,0.473165489207928,0
20230814,"Cincinnati Masters","Hard",FALSE,"Jordan Thompson","John Isner",1541.25296537664,1513.55745884502,1,27.695506531619,3,3,0.551716847221862,1
20220815,"Cincinnati Masters","Hard",FALSE,"Karen Khachanov","Sebastian Korda",1591.39801262627,1563.67094871126,0,27.7270639150115,3,3,0.551749559434507,1
20220221,"Santiago","Clay",FALSE,"Miomir Kecmanovic","Matheus Pucinelli De Almeida",1540.43760890437,1512.69237431701,1,27.7452345873555,3,1,0.636321445188059,1
20220919,"San Diego","Hard",FALSE,"Fernando Verdasco","Denis Kudla",1430.82105213415,1403.07440730383,0,27.7466448303169,1,0,0.517144436767869,1
20220307,"Indian Wells Masters","Hard",FALSE,"Carlos Alcaraz","Cameron Norrie",1627.69897668729,1599.9368782052,1,27.7620984820833,3,3,0.551785875552367,1
20220207,"Rotterdam","Hard",FALSE,"Andrey Rublev","Henri Laaksonen",1516.38900778701,1488.62381934158,1,27.7651884454306,3,0,0.675972646855654,1
20220131,"Cordoba","Clay",FALSE,"Albert Ramos","Alejandro Tabilo",1531.70989030891,1503.93627629557,1,27.7736140133461,1,3,0.387293064764445,0
20220606,"s Hertogenbosch","Grass",FALSE,"Mackenzie Mcdonald","Ilya Ivashka",1515.98541731928,1488.18530879773,0,27.8001085215481,3,2,0.594802756147089,1
20230529,"Roland Garros","Clay",TRUE,"Sebastian Ofner","Fabio Fognini",1496.6963644394,1468.8220391122,1,27.8743253272035,1,1,0.497794870520818,0
20220926,"Seoul","Hard",FALSE,"Kaichi Uchida","Seong Chan Hong",1487.07156875765,1459.18676276935,1,27.8848059882935,2,0,0.599289332150072,1
20231023,"Basel","Hard",FALSE,"Adrian Mannarino","Nicolas Jarry",1687.14258034173,1659.24792028959,0,27.8946600521488,3,3,0.551923281171289,1
20220916,"Davis Cup WG1 R1: BRA vs POR","Hard",FALSE,"Felipe Meligeni Alves","Joao Sousa",1485.62633341897,1457.69134361125,0,27.934989807721,2,1,0.55648475997775,1
20220131,"Cordoba","Clay",FALSE,"Nicolas Jarry","Tomas Martin Etcheverry",1500,1472.02619665811,0,27.9738033418878,3,1,0.636543110435989,1
20230417,"Barcelona","Clay",FALSE,"Emil Ruusuvuori","Alejandro Davidovich Fokina",1611.98442110896,1583.98526053573,0,27.9991605732318,3,3,0.552031594750743,1
20220627,"Wimbledon","Grass",TRUE,"Benjamin Bonzi","Jenson Brooksby",1536.71171752132,1508.68930608342,0,28.0224114379009,3,3,0.576237580013492,1
20230724,"Umag","Clay",FALSE,"Stan Wawrinka","Lorenzo Sonego",1574.79732841272,1546.65115349248,1,28.1461749202399,1,3,0.387663668157649,0
20220131,"Montpellier","Hard",FALSE,"Alex Molcan","Damir Dzumhur",1513.18761312346,1485.02872138519,0,28.1588917382776,3,0,0.676333970928939,1
20230417,"Munich","Clay",FALSE,"Roberto Carballes Baena","Marcos Giron",1541.90150543481,1513.63357203033,0,28.267933404479,1,3,0.387784815109877,0
20220307,"Indian Wells Masters","Hard",FALSE,"Arthur Rinderknech","Benjamin Bonzi",1555.29892356585,1527.02623655271,0,28.272687013138,3,3,0.552315078339699,1
20220404,"Houston","Clay",FALSE,"Frances Tiafoe","Pablo Cuevas",1485.05216076595,1456.68199064882,1,28.3701701171287,3,0,0.67652778655247,1
20230227,"Santiago","Clay",FALSE,"Roberto Carballes Baena","Carlos Taberner",1454.2191466922,1425.84496405072,1,28.3741826414796,1,1,0.473880605359733,0
20220829,"Us Open","Hard",TRUE,"Alejandro Davidovich Fokina","Marton Fucsovics",1515.31603009544,1486.93316733587,1,28.3828627595699,3,3,0.576915309487851,1
20230522,"Geneva","Clay",FALSE,"Marco Cecchinato","Ben Shelton",1513.47223239002,1485.05965266485,1,28.412579725165,1,3,0.387928752976898,0
20220509,"Rome Masters","Clay",FALSE,"Alexander Zverev","Alex De Minaur",1650.23197553802,1621.76956363379,1,28.4624119042369,3,3,0.552511689801636,1
20220523,"Roland Garros","Clay",TRUE,"Cristian Garin","Ilya Ivashka",1510.82374417475,1482.32776635636,1,28.4959778183863,3,2,0.619352739861927,1
20220221,"Acapulco","Hard",FALSE,"Fernando Verdasco","John Isner",1499.04591907205,1470.52546323753,0,28.5204558345124,1,3,0.388036113462064,0
20220131,"Montpellier","Hard",FALSE,"Adrian Mannarino","Alejandro Davidovich Fokina",1512.50606399063,1483.97919050389,1,28.5268734867402,3,3,0.552578487455214,1
20230220,"Doha","Hard",FALSE,"Soon Woo Kwon","Abedallah Shelbayh",1528.56937280255,1500,1,28.5693728025492,2,1,0.557140891832036,1
20230703,"Wimbledon","Grass",TRUE,"Lorenzo Musetti","Hubert Hurkacz",1669.05275807041,1640.48309535342,0,28.5696627169948,3,3,0.57726642169925,1
20220103,"Atp Cup","Hard",FALSE,"Daniel Evans","Jan Lennard Struff",1515,1486.39104836165,1,28.608951638349,2,1,0.557181820984954,1
20220718,"Hamburg","Clay",FALSE,"Alex Molcan","Pablo Carreno Busta",1574.66377357933,1546.01844304564,1,28.6453305336865,3,3,0.552701232405244,1
20220110,"Sydney","Hard",FALSE,"Denis Kudla","David Goffin",1500,1471.26901082665,0,28.7309891733473,0,3,0.312595342755982,0
20220117,"Australian Open","Hard",TRUE,"Albert Ramos","Sebastian Baez",1500,1471.26073707272,0,28.7392629272845,1,3,0.41246744504914,0
20230417,"Munich","Clay",FALSE,"Dominic Thiem","Constant Lestienne",1512.13124576355,1483.35991785325,1,28.7713279103018,1,0,0.518216768753925,1
20230703,"Wimbledon","Grass",TRUE,"Jason Kubler","Ugo Humbert",1487.04047533795,1458.21754694429,1,28.8229283936639,3,2,0.619946197963499,1
20220221,"Dubai","Hard",FALSE,"Filip Krajinovic","Mackenzie Mcdonald",1524.74224381514,1495.89054620951,0,28.8516976056271,3,3,0.552915054192854,1
20230306,"Indian Wells Masters","Hard",FALSE,"Stan Wawrinka","Aleksandar Vukic",1530.73618371193,1501.80861023072,1,28.9275734812109,1,2,0.430929223615517,0
20220801,"Washington","Hard",FALSE,"J J Wolf","Holger Rune",1536.76715888312,1507.77511878372,1,28.9920400993949,3,3,0.553060455182729,1
20220725,"Kitzbuhel","Clay",FALSE,"Juan Pablo Varillas","Carlos Taberner",1480.63834263888,1451.55577690419,1,29.0825657346902,1,1,0.474620888804893,0
20230102,"United Cup","Hard",FALSE,"Borna Gojo","Federico Coria",1494.37063634466,1465.27107595543,1,29.0995603892216,2,1,0.557689103271943,1
20220207,"Rotterdam","Hard",FALSE,"Tallon Griekspoor","Marton Fucsovics",1517.42105217808,1488.31466622568,0,29.1063859524038,3,3,0.553178915801873,1
20220117,"Australian Open","Hard",TRUE,"Karen Khachanov","Denis Kudla",1529.22044939198,1500.10632938927,1,29.114120002708,3,0,0.69913404400746,1
20220523,"Roland Garros","Clay",TRUE,"Jannik Sinner","Andrey Rublev",1676.99441484389,1647.83227665636,0,29.1621381875248,3,3,0.578379530172946,1
20220117,"Australian Open","Hard",TRUE,"Felix Auger Aliassime","Alejandro Davidovich Fokina",1511.80875829319,1482.64658593898,1,29.1621723542125,3,3,0.578379594340485,1
20230102,"United Cup","Hard",FALSE,"Casper Ruud","Matteo Berrettini",1698.78202945193,1669.60894109731,0,29.1730883546188,1,3,0.38868585801837,0
20220321,"Miami Masters","Hard",FALSE,"Tommy Paul","Karen Khachanov",1575.33270472575,1546.09815236147,1,29.2345523642825,3,3,0.55331168713893,1
20220916,"Davis Cup WG1 R1: JPN vs UZB","Hard",FALSE,"Sho Shimabukuro","Sergey Fomin",1500,1470.67252485988,0,29.32747514012,0,2,0.352126261299404,0
20220117,"Australian Open","Hard",TRUE,"Adrian Mannarino","James Duckworth",1498.76942378724,1469.43752502085,1,29.3318987663938,3,3,0.578698320254749,1
20220103,"Atp Cup","Hard",FALSE,"Roman Safiullin","Jannik Sinner",1529.35280000847,1500,0,29.3528000084657,3,3,0.553434176590297,1
20220103,"Atp Cup","Hard",FALSE,"Pablo Carreno Busta","Filip Krajinovic",1529.35280000847,1500,1,29.3528000084657,3,3,0.553434176590297,1
20220117,"Australian Open","Hard",TRUE,"Radu Albot","Yoshihito Nishioka",1500.16394752913,1470.73467208506,1,29.4292754440764,1,1,0.5007887355452,1
20220725,"Kitzbuhel","Clay",FALSE,"Vit Kopriva","Joao Sousa",1487.05829670728,1457.5565886663,0,29.5017080409784,2,1,0.558104828373193,1
20230913,"Davis Cup Finals RR: ESP vs CZE","Hard",FALSE,"Alejandro Davidovich Fokina","Jiri Lehecka",1653.72951821881,1624.18481315671,0,29.5447050621067,3,3,0.553632951892919,1
20220916,"Davis Cup WG1 R1: BIH vs MEX","Clay",FALSE,"Alan Fernando Rubio Fierros","Damir Dzumhur",1500,1470.42660512916,0,29.5733948708425,0,0,0.436086524292604,0
20220926,"Seoul","Hard",FALSE,"Yosuke Watanuki","Jaume Munar",1502.83555352018,1473.19241788523,0,29.6431356349553,3,1,0.638160260402538,1
20230306,"Indian Wells Masters","Hard",FALSE,"Alejandro Tabilo","Jordan Thompson",1497.74040277224,1468.03958696673,1,29.7008158055105,3,3,0.553794638793653,1
20220801,"Los Cabos","Hard",FALSE,"Miomir Kecmanovic","Brandon Nakashima",1591.73915174954,1562.01068258498,1,29.7284691645602,3,3,0.55382327872403,1
20230116,"Australian Open","Hard",TRUE,"Botic Van De Zandschulp","Ilya Ivashka",1585.6211020523,1555.85555218611,1,29.7655498661966,3,2,0.621655167874216,1
20231016,"Tokyo","Hard",FALSE,"Felix Auger Aliassime","Aleksandar Vukic",1545.12666684356,1515.30423120747,1,29.8224356360904,3,2,0.596843942540628,1
20220221,"Dubai","Hard",FALSE,"Hubert Hurkacz","Alex Molcan",1540.30575423583,1510.42695460228,1,29.8787996335536,3,3,0.553978966181697,1
20220221,"Santiago","Clay",FALSE,"Gonzalo Lama","Hugo Dellien",1500,1470.04229826127,0,29.9577017387298,0,1,0.39382620972931,0
20230703,"Wimbledon","Grass",TRUE,"Milos Raonic","Dennis Novak",1489.63530607672,1459.6495491199,1,29.9857569568226,2,0,0.626345239269833,1
20220103,"Atp Cup","Hard",FALSE,"Daniil Medvedev","Ugo Humbert",1515,1485,0,30,3,2,0.597023003832151,1
20221024,"Basel","Hard",FALSE,"Andy Murray","Roman Safiullin",1580.66506977507,1550.65691839484,1,30.0081513802243,3,3,0.554112918870513,1
20230529,"Roland Garros","Clay",TRUE,"Yibing Wu","Roberto Bautista Agut",1556.2013677641,1526.19290580006,0,30.0084619640418,2,3,0.497330419335511,0
20220509,"Rome Masters","Clay",FALSE,"Tommy Paul","Albert Ramos",1553.70510143444,1523.57044459304,1,30.1346568414019,3,1,0.638635823092707,1
20230116,"Australian Open","Hard",TRUE,"Laurent Lokoli","Michael Mmoh",1500,1469.66626287132,0,30.3337371286798,0,3,0.337419383915725,0
20230731,"Los Cabos","Hard",FALSE,"Alex De Minaur","Tommy Paul",1667.08974977962,1636.71243416557,1,30.3773156140451,3,3,0.554495170705227,1
20220307,"Indian Wells Masters","Hard",FALSE,"Karen Khachanov","Jenson Brooksby",1562.40725149706,1532.00807275215,0,30.399178744909,3,3,0.554517806909895,1
20220131,"Montpellier","Hard",FALSE,"Pierre Hugues Herbert","Peter Gojowczyk",1500,1469.48224702327,1,30.5177529767348,2,2,0.515476314733016,1
20220214,"Marseille","Hard",FALSE,"Tomas Machac","Roman Safiullin",1517.68020737544,1487.12484446347,0,30.5553629119738,1,3,0.390063320210781,0
20220304,"Davis Cup WG1 PO: UZB vs TUR","Hard",FALSE,"Altug Celikbilek","Sergey Fomin",1515,1484.35280000847,1,30.6471999915343,2,2,0.515611819742682,1
20220523,"Roland Garros","Clay",TRUE,"Pablo Andujar","Marco Cecchinato",1468.68655963687,1437.87178749557,0,30.8147721412947,1,1,0.503456297793687,1
20220214,"Delray Beach","Hard",FALSE,"Jordan Thompson","Mitchell Krueger",1500.36221583807,1469.52421765327,0,30.8379981847995,3,3,0.554972094926098,1
20230227,"Santiago","Clay",FALSE,"Riccardo Bonadio","Daniel Elahi Galan",1500,1469.12405019139,1,30.8759498086083,1,3,0.390383042538813,0
20230703,"Wimbledon","Grass",TRUE,"Tommy Paul","Jiri Lehecka",1647.69870838671,1616.69986328028,0,30.9988451064321,3,3,0.581825122592872,1
20220214,"Rio de Janeiro","Clay",FALSE,"Pablo Andujar","Pablo Cuevas",1514.86311841613,1483.84611684023,1,31.0170015759013,1,0,0.520566268311761,1
20220404,"Marrakech","Clay",FALSE,"Daniel Evans","Pablo Andujar",1531.0007197864,1499.97969768857,0,31.0210220978274,2,1,0.559674698436631,1
20220718,"Hamburg","Clay",FALSE,"Alejandro Davidovich Fokina","Jozef Kovalik",1503.88134611944,1472.81110054858,1,31.0702455708611,3,1,0.6395402844353,1
20220919,"San Diego","Hard",FALSE,"James Duckworth","Alexei Popyrin",1435.9743224706,1404.88605468561,1,31.0882677849906,3,1,0.639557697349156,1
20230102,"Pune","Hard",FALSE,"Benjamin Bonzi","Tallon Griekspoor",1524.81083783229,1493.7131744233,0,31.0976634089925,3,3,0.555240870252828,1
20220620,"Mallorca","Grass",FALSE,"Dusan Lajovic","Daniel Altmaier",1430.0962720942,1398.98269752059,0,31.1135745736062,1,1,0.476743966643927,0
20230626,"Mallorca","Grass",FALSE,"Roman Safiullin","Abedallah Shelbayh",1504.11834972011,1472.98299635601,1,31.1353533641027,3,1,0.639603189312662,1
20231106,"Sofia","Hard",FALSE,"Fabian Marozsan","Roberto Bautista Agut",1561.83639603055,1530.68281660543,1,31.1535794251226,1,3,0.390659999553202,0
20220718,"Hamburg","Clay",FALSE,"Fabio Fognini","Aljaz Bedene",1478.87952714034,1447.71240865191,1,31.167118488431,1,0,0.520723294410865,1
20220411,"Monte Carlo Masters","Clay",FALSE,"Diego Schwartzman","Karen Khachanov",1563.55656424627,1532.35733909088,1,31.1992251553838,1,3,0.390705541450452,0
20220110,"Sydney","Hard",FALSE,"Federico Delbonis","Denis Kudla",1514.97461683686,1483.76240324935,0,31.2122135875079,1,0,0.520770464230223,1
20220808,"Canada Masters","Hard",FALSE,"Adrian Mannarino","Arthur Rinderknech",1506.50610872996,1475.28616496955,1,31.2199437604138,3,3,0.555367429509047,1
20221031,"Paris Masters","Hard",FALSE,"Denis Shapovalov","Pablo Carreno Busta",1641.79001331563,1610.56382997128,0,31.2261833443495,3,3,0.555373887239653,1
20230731,"Los Cabos","Hard",FALSE,"Omni Kumar","Aleksandar Kovacevic",1500,1468.7732465099,0,31.2267534900982,0,2,0.35394441199524,0
20220103,"Atp Cup","Hard",FALSE,"Filip Krajinovic","Viktor Durasovic",1501.85817120899,1470.61925815412,1,31.238913054879,3,1,0.639703235196548,1
20230619,"Queen's Club","Grass",FALSE,"Alexei Popyrin","Jordan Thompson",1492.90211091043,1461.59207573267,0,31.3100351777543,1,3,0.390816107329147,0
20230916,"Davis Cup WG2 R1: IND vs MAR","Hard",FALSE,"Yassine Dlimi","Sasi Kumar Mukund",1500,1468.6736195221,1,31.3263804778953,2,0,0.602748238454243,1
20220404,"Houston","Clay",FALSE,"Jordan Thompson","Cristian Garin",1488.35116235794,1457.00742483706,0,31.3437375208721,3,3,0.555495547816094,1
20230920,"Zhuhai","Hard",FALSE,"Yoshihito Nishioka","Terence Atmane",1531.44153195602,1500,1,31.4415319560226,1,2,0.433514968860595,0
20220307,"Indian Wells Masters","Hard",FALSE,"Kamil Majchrzak","Aljaz Bedene",1531.46893381829,1500,1,31.4689338182898,3,0,0.679363443366946,1
20231016,"Stockholm","Hard",FALSE,"Dino Prizmic","Elias Ymer",1485.8576351123,1454.3802016719,0,31.4774334403987,1,1,0.477124410849659,0
20230417,"Banja Luka","Clay",FALSE,"Laslo Djere","Roman Safiullin",1509.10647648934,1477.62527681715,1,31.4811996721805,1,3,0.390986916738321,0
20220307,"Indian Wells Masters","Hard",FALSE,"Benjamin Bonzi","Lorenzo Sonego",1530.20982447303,1498.68060713179,1,31.5292173412392,3,3,0.555687493278176,1
20220214,"Delray Beach","Hard",FALSE,"Reilly Opelka","Adrian Mannarino",1583.78161307944,1552.24983412843,1,31.5317789510123,1,3,0.391037396205005,0
20231002,"Shanghai Masters","Hard",FALSE,"Brandon Nakashima","Bernabe Zapata Miralles",1496.63426111275,1465.06493734841,1,31.5693237643445,3,1,0.64002235384591,1
20230417,"Barcelona","Clay",FALSE,"Jaume Munar","Matteo Arnaldi",1460.24331318525,1428.65647668628,0,31.5868364989697,1,1,0.477238805906281,0
20230403,"Estoril","Clay",FALSE,"Marco Cecchinato","Diego Schwartzman",1484.71481202134,1453.10227557929,1,31.6125364420554,1,1,0.477265678869645,0
20230612,"Stuttgart","Grass",FALSE,"Frances Tiafoe","Lorenzo Musetti",1699.64846470475,1667.98659410873,1,31.6618705960182,3,3,0.555824760503766,1
20220502,"Madrid Masters","Clay",FALSE,"Carlos Alcaraz","Rafael Nadal",1750.75970704437,1719.09306540759,1,31.6666416367773,3,3,0.555829697333158,1
20220221,"Acapulco","Hard",FALSE,"Rafael Nadal","Daniil Medvedev",1659.49503800814,1627.76333175019,1,31.7317062579496,3,3,0.555897021780698,1
20231016,"Tokyo","Hard",FALSE,"Ben Shelton","Aslan Karatsev",1639.82695502344,1608.05608727642,1,31.7708677470268,3,3,0.5559375424385,1
20230915,"Davis Cup Finals RR: CRO vs FIN","Hard",FALSE,"Dino Prizmic","Otto Virtanen",1480.60095500631,1448.79046057378,0,31.8104944325285,1,2,0.433894775494799,0
20231106,"Sofia","Hard",FALSE,"Jack Draper","Lorenzo Musetti",1638.48194685259,1606.65675793403,1,31.8251889185647,3,3,0.55599374769038,1
20230724,"Umag","Clay",FALSE,"Duje Ajdukovic","Dino Prizmic",1489.16755883942,1457.31343565875,0,31.8541231806687,0,1,0.39572529401807,0
20220418,"Barcelona","Clay",FALSE,"Jaume Munar","Nikoloz Basilashvili",1470.09814641646,1438.15346446921,1,31.9446819472496,1,3,0.39144957152735,0
20220516,"Lyon","Clay",FALSE,"Alex Molcan","Karen Khachanov",1572.24114659667,1540.28583582597,1,31.9553107707061,3,3,0.55612837687005,1
20230204,"Davis Cup QLS R1: BEL vs KOR","Hard",FALSE,"Seong Chan Hong","Zizou Bergs",1445.38806832377,1413.39990584003,1,31.9881624837346,0,1,0.395859641354414,0
20220214,"Delray Beach","Hard",FALSE,"Andreas Seppi","Peter Gojowczyk",1473.35243787629,1441.34918558167,1,32.0032522946226,2,2,0.517031192228497,1
20231016,"Tokyo","Hard",FALSE,"Cristian Garin","Alexei Popyrin",1570.2160455253,1538.05033010594,0,32.1657154193599,3,1,0.640598049925521,1
20220214,"Delray Beach","Hard",FALSE,"Oscar Otte","Cameron Norrie",1499.53184426677,1467.35485781875,0,32.1769864480161,3,3,0.556357712242554,1
20230403,"Marrakech","Clay",FALSE,"Daniel Evans","Alexei Popyrin",1495.51778328153,1463.21700267146,1,32.3007806100645,2,1,0.5609961174637,1
20220425,"Munich","Clay",FALSE,"John Millman","Egor Gerasimov",1479.24468319785,1446.78194971319,0,32.4627334846609,0,0,0.439066809181891,0
20220509,"Rome Masters","Clay",FALSE,"Miomir Kecmanovic","Diego Schwartzman",1633.29141590578,1600.81418598779,0,32.4772299179949,3,1,0.640898593723891,1
20230320,"Miami Masters","Hard",FALSE,"Maxime Cressy","Dusan Lajovic",1541.41689561474,1508.85081823624,0,32.5660773785085,3,1,0.64098429196235,1
20230417,"Munich","Clay",FALSE,"Marc Andrea Huesler","Kyle Edmund",1490.73838627697,1458.1642010153,1,32.5741852616648,2,0,0.603999814872218,1
20231106,"Metz","Hard",FALSE,"Lorenzo Sonego","Marcos Giron",1569.42063304097,1536.8438137101,1,32.5768193308729,3,3,0.556771300008069,1
20220411,"Monte Carlo Masters","Clay",FALSE,"Andrey Rublev","Jannik Sinner",1666.86102199095,1634.27879016028,0,32.5822318306718,3,3,0.556776898167865,1
20230724,"Umag","Clay",FALSE,"Stan Wawrinka","Filip Misolic",1588.58481170813,1555.99097599659,1,32.5938357115456,1,1,0.478291864515593,0
20230109,"Auckland","Hard",FALSE,"Jenson Brooksby","Diego Schwartzman",1522.08164302691,1489.45888962153,1,32.6227534053892,3,1,0.641038954391981,1
20221017,"Naples","Hard",FALSE,"Zhizhen Zhang","Sebastian Baez",1502.8118262167,1470.15559177835,1,32.6562344383581,1,3,0.392160233169295,0
20221024,"Vienna","Hard",FALSE,"Filip Misolic","Francisco Cerundolo",1555.93670858143,1523.26595045658,0,32.6707581248445,1,3,0.392174743443532,0
20230213,"Rotterdam","Hard",FALSE,"Maxime Cressy","Tim Van Rijthoven",1573.31576095635,1540.55067474768,1,32.7650862086739,3,3,0.556966016349267,1
20220321,"Miami Masters","Hard",FALSE,"Roberto Bautista Agut","Kamil Majchrzak",1592.45343216233,1559.55180043817,1,32.9016317241608,3,3,0.557107228559804,1
20220425,"Munich","Clay",FALSE,"Alejandro Tabilo","Oscar Otte",1542.58363204363,1509.57716553306,0,33.0064665105747,3,3,0.557215640006159,1
20230320,"Miami Masters","Hard",FALSE,"Emil Ruusuvuori","Taro Daniel",1569.70504054652,1536.52954602816,1,33.1754945183598,3,1,0.641571865387465,1
20220207,"Buenos Aires","Clay",FALSE,"Pedro Martinez","Fabio Fognini",1518.37925036527,1485.07005757014,0,33.3091927951252,3,1,0.641700714666143,1
20220926,"Tel Aviv","Hard",FALSE,"Hamad Medjedovic","Liam Broady",1484.91045186242,1451.57415872717,0,33.3362931352556,2,0,0.604763557920144,1
20230417,"Munich","Clay",FALSE,"Flavio Cobolli","Oscar Otte",1482.43395312937,1449.05674005992,1,33.3772130694565,1,3,0.392880775521962,0
20221017,"Antwerp","Hard",FALSE,"Hubert Hurkacz","Jack Draper",1633.26533004797,1599.85168891328,1,33.4136411346931,3,3,0.557636654461869,1
20230925,"Astana","Hard",FALSE,"Adrian Mannarino","Sebastian Korda",1673.87280362284,1640.42572793768,1,33.4470756851574,3,3,0.557671221778628,1
20231030,"Paris Masters","Hard",FALSE,"Mackenzie Mcdonald","J J Wolf",1587.31653486642,1553.804566197,1,33.5119686694256,3,3,0.557738311749577,1
20220917,"Davis Cup Finals RR: USA vs NED","Hard",FALSE,"Taylor Fritz","Botic Van De Zandschulp",1658.50878789252,1624.98816666638,0,33.5206212261382,3,3,0.557747257084069,1
20230320,"Miami Masters","Hard",FALSE,"Brandon Nakashima","Alejandro Davidovich Fokina",1609.22463750731,1575.66462926663,0,33.5600082406775,3,3,0.557787976369025,1
20220509,"Rome Masters","Clay",FALSE,"David Goffin","Jenson Brooksby",1577.27593501495,1543.70161603251,0,33.5743189824461,3,3,0.557802770980935,1
20221010,"Gijon","Hard",FALSE,"Benjamin Bonzi","Thiago Monteiro",1478.3718853383,1444.75747314485,0,33.6144121934565,3,1,0.641994787605385,1
20230116,"Australian Open","Hard",TRUE,"Yoshihito Nishioka","Mikael Ymer",1612.26414196102,1578.63114479169,1,33.6329971693287,1,3,0.421630144857652,0
20230612,"s Hertogenbosch","Grass",FALSE,"Maxime Cressy","Marc Andrea Huesler",1458.34970233728,1424.65478266639,0,33.6949196708899,3,2,0.600743140089677,1
20230724,"Umag","Clay",FALSE,"Jaume Munar","Albert Ramos",1474.13060568749,1440.38121373227,1,33.7493919552182,1,1,0.479500512265319,0
20220627,"Wimbledon","Grass",TRUE,"Federico Coria","Jiri Vesely",1504.16713001451,1470.39349235537,0,33.7736376591408,1,2,0.465257494680873,0
20230626,"Mallorca","Grass",FALSE,"Li Tu","Pavel Kotov",1500,1466.15843215783,0,33.8415678421695,0,3,0.317216369210171,0
20230403,"Houston","Clay",FALSE,"Marcos Giron","Emilio Gomez",1516.77408257742,1482.92997590267,1,33.8441066747523,3,1,0.642216023330393,1
20230424,"Madrid Masters","Clay",FALSE,"Marcos Giron","Nuno Borges",1513.92813305378,1480.06098239121,1,33.8671506625635,3,2,0.600916266829529,1
20220829,"Us Open","Hard",TRUE,"Steve Johnson","Grigor Dimitrov",1548.43220547842,1514.51168822408,0,33.9205172543404,3,3,0.58728952451407,1
20230220,"Doha","Hard",FALSE,"Jiri Lehecka","Emil Ruusuvuori",1605.74230021294,1571.8033359454,1,33.9389642675465,3,3,0.558179710854204,1
20230220,"Rio De Janeiro","Clay",FALSE,"Hugo Dellien","Joao Sousa",1444.26974454714,1410.32426096568,1,33.9454835814624,1,1,0.479705637440596,0
20220808,"Canada Masters","Hard",FALSE,"Francisco Cerundolo","Karen Khachanov",1608.94309838362,1574.9344110584,0,34.0086873252233,3,3,0.558251777113882,1
20230424,"Madrid Masters","Clay",FALSE,"Roberto Bautista Agut","Quentin Halys",1548.1790777654,1514.16322346546,1,34.0158542999322,3,3,0.558259184812072,1
20230320,"Miami Masters","Hard",FALSE,"Matteo Berrettini","Mackenzie Mcdonald",1649.95467320505,1615.89549083792,0,34.05918236713,3,3,0.558303967624878,1
20231016,"Antwerp","Hard",FALSE,"Dominic Thiem","Yannick Hanfmann",1565.98832880113,1531.92910307793,0,34.0592257232049,1,1,0.479824622595454,0
20230102,"United Cup","Hard",FALSE,"Adrian Mannarino","Federico Coria",1512.87054140191,1478.80504513783,1,34.0654962640808,3,1,0.642429202675254,1
20220207,"Buenos Aires","Clay",FALSE,"Sebastian Baez","Holger Rune",1488.14858851549,1453.93138642646,1,34.2172020890259,3,3,0.558467284838671,1
20231002,"Shanghai Masters","Hard",FALSE,"Miomir Kecmanovic","Bu Yunchaokete",1510.90642702129,1476.67588215769,0,34.2305448636007,3,0,0.681879471183685,1
20230424,"Madrid Masters","Clay",FALSE,"Christopher Oconnell","Filip Krajinovic",1517.53533583644,1483.30441644576,1,34.2309193906804,3,3,0.55848146140639,1
20220613,"Queen's Club","Grass",FALSE,"Lorenzo Musetti","Alexander Bublik",1523.94660608991,1489.714476871,0,34.2321292189179,3,3,0.558482711736055,1
20220627,"Wimbledon","Grass",TRUE,"Cristian Garin","Hugo Grenier",1505.56553603845,1471.33186937259,1,34.2336666658646,3,3,0.587873958730124,1
20220502,"Madrid Masters","Clay",FALSE,"Denis Shapovalov","Andy Murray",1560.17161280438,1525.91953228999,0,34.2520805143865,3,3,0.558503330834214,1
20220307,"Indian Wells Masters","Hard",FALSE,"Alexander Bublik","Andy Murray",1559.85567521733,1525.5948392019,1,34.2608360154311,3,3,0.558512379332597,1
20230320,"Miami Masters","Hard",FALSE,"Christopher Eubanks","Denis Kudla",1463.68245749736,1429.3497423597,1,34.3327151376557,3,0,0.681972353552311,1
20230626,"Eastbourne","Grass",FALSE,"Jan Choinski","Liam Broady",1491.21884029375,1456.85796757676,0,34.3608727169833,0,0,0.4410271037741,0
20230731,"Washington","Hard",FALSE,"Yibing Wu","Yosuke Watanuki",1521.69476041817,1487.29778517447,0,34.3969752437024,2,3,0.475613424650365,0
20230320,"Miami Masters","Hard",FALSE,"Juan Pablo Varillas","Guido Pella",1503.20559506398,1468.80827636654,0,34.397318697442,1,3,0.393901060366486,0
20220917,"Davis Cup WG1 R1: CHI vs PER","Clay",FALSE,"Nicolas Alvarez","Nicolas Jarry",1500,1465.5306836961,0,34.4693163039024,0,3,0.317786502299888,0
20220425,"Munich","Clay",FALSE,"Daniel Evans","Maxime Cressy",1501.07229233437,1466.50559326574,0,34.5666990686368,2,3,0.475790843287204,0
20230508,"Rome Masters","Clay",FALSE,"Francisco Cerundolo","Yibing Wu",1588.75708504318,1554.15274046178,1,34.6043445814039,3,2,0.601657009277908,1
20220918,"Davis Cup Finals RR: GER vs AUS","Hard",FALSE,"Max Purcell","Jan Lennard Struff",1464.61006411728,1429.83990782827,0,34.7701562890102,0,1,0.398651550142153,0
20220307,"Indian Wells Masters","Hard",FALSE,"Federico Coria","Pablo Cuevas",1505.04896831659,1470.18168223385,1,34.8672860827385,1,0,0.524592392243931,1
20220304,"Davis Cup QLS R1: BEL vs FIN","Hard",FALSE,"Emil Ruusuvuori","Zizou Bergs",1533.10751620063,1498.20893680117,1,34.8985793994552,3,1,0.643230885417115,1
20220425,"Munich","Clay",FALSE,"Oscar Otte","Holger Rune",1539.87756849208,1504.9075157984,0,34.9700526936745,3,3,0.55924519992976,1
20220523,"Roland Garros","Clay",TRUE,"Jason Kubler","Denis Kudla",1491.15698363232,1456.16817231841,1,34.9888113139068,3,0,0.708564392161986,1
20220418,"Barcelona","Clay",FALSE,"Frances Tiafoe","Hugo Dellien",1500.7846291674,1465.52722283035,1,35.2574063370546,3,1,0.643575940793035,1
20230703,"Wimbledon","Grass",TRUE,"Zhizhen Zhang","Botic Van De Zandschulp",1547.81403889158,1512.42204115501,0,35.3919977365745,1,3,0.424937157651255,0
20230403,"Marrakech","Clay",FALSE,"Tallon Griekspoor","Elias Ymer",1579.17347479658,1543.64016152726,1,35.5333132693249,3,1,0.643841157280266,1
20220801,"Washington","Hard",FALSE,"Yosuke Watanuki","Kyle Edmund",1519.36498014668,1483.81629726984,0,35.5486828768458,3,0,0.6830766696912,1
20220321,"Miami Masters","Hard",FALSE,"Casper Ruud","Alexander Bublik",1603.44860452397,1567.89644680515,1,35.5521577188283,1,3,0.395057219472073,0
20221031,"Paris Masters","Hard",FALSE,"Richard Gasquet","Alex Molcan",1594.89333184686,1559.31370415146,1,35.5796276954015,3,3,0.559874856499345,1
20230703,"Wimbledon","Grass",TRUE,"Roman Safiullin","Guido Pella",1525.99716793014,1490.40077989487,1,35.5963880352751,3,3,0.590414316817845,1
20230807,"Canada Masters","Hard",FALSE,"Alex De Minaur","Cameron Norrie",1680.78158736702,1645.12809101661,1,35.6534963504153,3,3,0.559951145605015,1
20220131,"Montpellier","Hard",FALSE,"Alexander Zverev","Mackenzie Mcdonald",1541.36122536881,1505.6583971186,1,35.7028282502085,3,3,0.560002092383846,1
20220304,"Davis Cup QLS R1: FRA vs ECU","Hard",FALSE,"Adrian Mannarino","Roberto Quiroz",1535.71087024141,1500,1,35.7108702414141,3,0,0.683223809389609,1
20221010,"Florence","Hard",FALSE,"Zhizhen Zhang","Francesco Passaro",1519.34903050553,1483.6182962331,0,35.7307342724337,1,1,0.48157343722703,0
20230403,"Estoril","Clay",FALSE,"Ben Shelton","Dominic Thiem",1519.12555694495,1483.37461045981,0,35.7509464851432,3,1,0.644050295728109,1
20230116,"Australian Open","Hard",TRUE,"Oleksii Krutykh","Diego Schwartzman",1500,1464.20159309882,0,35.7984069011802,0,1,0.430180672370639,0
20230206,"Cordoba","Clay",FALSE,"Juan Manuel Cerundolo","Hugo Dellien",1497.77369923065,1461.96635227926,0,35.8073469513893,0,1,0.399694136866251,0
20230807,"Canada Masters","Hard",FALSE,"Jannik Sinner","Alex De Minaur",1781.80394306596,1745.98784766886,1,35.8160953970944,3,3,0.560119062544308,1
20231016,"Antwerp","Hard",FALSE,"Juan Pablo Varillas","Alexander Shevchenko",1502.60192508697,1466.76554662886,1,35.8363784581074,1,1,0.481683983001854,0
20220627,"Wimbledon","Grass",TRUE,"Richard Gasquet","Mackenzie Mcdonald",1537.99992211199,1502.15403319157,1,35.845888920418,3,3,0.590878913468752,1
20220606,"Stuttgart","Grass",FALSE,"Denis Shapovalov","Oscar Otte",1540.8471992202,1504.98390291721,0,35.8632963029956,3,3,0.56016780460711,1
20221017,"Antwerp","Hard",FALSE,"Dominic Thiem","Francisco Cerundolo",1565.00115652057,1529.12560473566,1,35.8755517849049,1,3,0.39538119432617,0
20230508,"Rome Masters","Clay",FALSE,"Mackenzie Mcdonald","Marco Cecchinato",1560.38877006331,1524.49762758086,0,35.8911424824526,3,1,0.644184990427753,1
20220914,"Davis Cup Finals RR: ITA vs CRO","Hard",FALSE,"Lorenzo Musetti","Borna Gojo",1538.14736556376,1501.90907855393,1,36.2382870098318,3,2,0.603297154177585,1
20220304,"Davis Cup QLS R1: KAZ vs NOR","Hard",FALSE,"Casper Ruud","Alexander Bublik",1579.57212231716,1543.29513891489,0,36.2769834022654,1,3,0.395783474683169,0
20230203,"Davis Cup QLS R1: SWE vs BIH","Hard",FALSE,"Elias Ymer","Damir Dzumhur",1522.98705466201,1486.70031658273,1,36.2867380792836,1,0,0.526075891221795,1
20220221,"Dubai","Hard",FALSE,"Nikoloz Basilashvili","Alexei Popyrin",1468.40682880977,1432.05837843213,0,36.3484503776353,3,1,0.644624194815771,1
20220404,"Marrakech","Clay",FALSE,"Alex Molcan","Stefano Travaglia",1516.05002136383,1479.61296635822,1,36.4370550056155,3,0,0.683882169397788,1
20220926,"Seoul","Hard",FALSE,"Jenson Brooksby","Tung Lin Wu",1548.5787906123,1512.1184184303,1,36.4603721819933,3,2,0.603519904125621,1
20221017,"Stockholm","Hard",FALSE,"Elias Ymer","Oscar Otte",1537.58940886713,1501.11461112881,1,36.4747977383108,1,3,0.395981759181561,0
20231124,"Davis Cup Finals SF: FIN vs AUS","Hard",FALSE,"Alexei Popyrin","Otto Virtanen",1537.63966291267,1501.12801536635,1,36.511647546316,1,2,0.438740750818642,0
20230703,"Wimbledon","Grass",TRUE,"Emil Ruusuvuori","Stan Wawrinka",1606.54189724227,1569.94909328311,0,36.592803959164,3,1,0.6736999556764,1
20230220,"Marseille","Hard",FALSE,"Mikael Ymer","David Goffin",1546.23454783802,1509.62656464224,1,36.6079831957818,3,3,0.560936652113705,1
20220117,"Australian Open","Hard",TRUE,"Arthur Rinderknech","Alexei Popyrin",1521.06486250477,1484.43517423086,1,36.629688273918,3,1,0.673762398402499,1
20230619,"Halle","Grass",FALSE,"Hubert Hurkacz","Tallon Griekspoor",1644.31044993802,1607.60610893428,0,36.7043410037418,3,3,0.56103611486382,1
20230814,"Cincinnati Masters","Hard",FALSE,"Lorenzo Sonego","Alexander Shevchenko",1543.22806583171,1506.43854322336,1,36.7895226083454,3,1,0.645047575652342,1
20220131,"Pune","Hard",FALSE,"Kamil Majchrzak","Quentin Halys",1551.78886431814,1514.99538326866,1,36.7934810494824,3,3,0.561128122907388,1
20230522,"Lyon","Clay",FALSE,"Jack Draper","Francisco Cerundolo",1639.06365703133,1602.26801600634,0,36.7956410249928,3,3,0.561130352325971,1
20230320,"Miami Masters","Hard",FALSE,"Gregoire Barrere","Christopher Eubanks",1530.46725223492,1493.62748756591,0,36.8397646690125,1,3,0.396347683283209,0
20220926,"Seoul","Hard",FALSE,"Yoshihito Nishioka","Aleksandar Kovacevic",1555.05043834189,1518.18797098784,1,36.8624673540444,1,2,0.439102858615282,0
20220502,"Madrid Masters","Clay",FALSE,"Botic Van De Zandschulp","David Goffin",1579.41444350629,1542.49115644826,0,36.9232870580242,3,3,0.561262097785988,1
20230731,"Kitzbuhel","Clay",FALSE,"Zhizhen Zhang","Dominic Thiem",1543.78957488939,1506.85632979102,0,36.9332450983695,1,1,0.482831845087339,0
20220606,"s Hertogenbosch","Grass",FALSE,"Karen Khachanov","Alejandro Tabilo",1575.7936242681,1538.85968249781,1,36.9339417702906,3,3,0.561273094290322,1
20220620,"Mallorca","Grass",FALSE,"Emil Ruusuvuori","Ilya Ivashka",1544.11293615511,1507.1570601655,0,36.9558759896067,3,2,0.6040167362992,1
20230220,"Marseille","Hard",FALSE,"Gregoire Barrere","Alexander Bublik",1525.1574339109,1488.19897407574,0,36.9584598351557,1,3,0.396466714769616,0
20230626,"Mallorca","Grass",FALSE,"Christopher Eubanks","Alex Michelsen",1537.02950550034,1500,1,37.0295055003426,3,3,0.561371720913613,1
20220627,"Wimbledon","Grass",TRUE,"Alex De Minaur","Jack Draper",1581.15686838097,1544.12499606558,1,37.0318723153923,3,3,0.593085106526097,1
20230626,"Eastbourne","Grass",FALSE,"George Loffhagen","Luca Van Assche",1500,1462.88389467913,0,37.1161053208652,0,1,0.401011001113689,0
20221031,"Paris Masters","Hard",FALSE,"Frances Tiafoe","Jack Draper",1642.77604029766,1605.62745623415,1,37.1485840635155,3,3,0.56149460925317,1
20230508,"Rome Masters","Clay",FALSE,"Laslo Djere","Constant Lestienne",1506.88631680907,1469.59924429522,1,37.2870725138559,1,0,0.527121086765136,1
20220418,"Belgrade ","Clay",FALSE,"Dominic Thiem","John Millman",1500,1462.63781738231,0,37.3621826176868,1,0,0.527199555785625,1
20220627,"Wimbledon","Grass",TRUE,"Jason Kubler","Daniel Evans",1523.2858122978,1485.91842250398,1,37.3673897938199,3,2,0.635323910969979,1
20220829,"Us Open","Hard",TRUE,"Pablo Carreno Busta","Karen Khachanov",1634.65246447946,1597.1676536138,0,37.4848108656638,3,3,0.593926688389337,1
20231016,"Antwerp","Hard",FALSE,"Jaume Munar","Mark Lajal",1507.56712028163,1470.06210906174,0,37.505011219891,1,0,0.527348767958821,1
20230102,"Pune","Hard",FALSE,"Jaume Munar","Tallon Griekspoor",1479.45552056903,1441.87645204777,0,37.5790685212594,1,3,0.397089281313763,0
20230102,"United Cup","Hard",FALSE,"Grigor Dimitrov","David Goffin",1564.33087466719,1526.69150074858,1,37.639373918616,3,3,0.562001021571513,1
20230116,"Australian Open","Hard",TRUE,"Hubert Hurkacz","Denis Shapovalov",1657.84443529285,1620.14109940912,1,37.7033358837216,3,3,0.594332521633364,1
20230508,"Rome Masters","Clay",FALSE,"Marton Fucsovics","Filip Krajinovic",1507.60624852051,1469.77752060334,1,37.8287279171698,3,3,0.562196368475872,1
20220523,"Roland Garros","Clay",TRUE,"Hubert Hurkacz","David Goffin",1611.84948320906,1574.01418936557,1,37.8352938434923,3,3,0.59457752470269,1
20220404,"Marrakech","Clay",FALSE,"Richard Gasquet","Henri Laaksonen",1486.28315924199,1448.43843469239,1,37.8447245495965,3,0,0.685156265150548,1
20221017,"Stockholm","Hard",FALSE,"Denis Shapovalov","Antoine Bellier",1583.056537843,1545.17695595716,1,37.879581885838,3,2,0.604942344864083,1
20231023,"Vienna","Hard",FALSE,"Daniil Medvedev","Jannik Sinner",1876.03557601915,1838.13225464178,0,37.9033213773714,3,3,0.562273317469294,1
20230116,"Australian Open","Hard",TRUE,"Aleksandar Vukic","Brandon Holt",1519.82804402126,1481.86196679602,0,37.9660772252364,2,0,0.640614041509075,1
20220516,"Geneva","Clay",FALSE,"Joao Sousa","Ilya Ivashka",1498.81266556854,1460.83706575824,1,37.9755998102976,1,2,0.440252234806049,0
20220425,"Estoril","Clay",FALSE,"Sebastian Korda","Benjamin Bonzi",1552.50019603884,1514.52373023726,1,37.9764658015783,3,3,0.562348768759221,1
20220606,"Stuttgart","Grass",FALSE,"Joao Sousa","Radu Albot",1532.88461568135,1494.88763109436,0,37.9969845869887,1,1,0.483945213072375,0
20230717,"Newport","Grass",FALSE,"Mackenzie Mcdonald","Li Tu",1535.69571403535,1497.67659764481,1,38.0191163905424,3,0,0.685313915632711,1
20230925,"Astana","Hard",FALSE,"Dominic Thiem","Marcos Giron",1560.11093925693,1522.08145371043,1,38.029485546497,1,3,0.397541328178736,0
20230920,"Chengdu","Hard",FALSE,"Aleksandar Vukic","Taro Daniel",1522.75000659694,1484.69010191014,0,38.0599046867985,2,1,0.566931762072147,1
20220411,"Monte Carlo Masters","Clay",FALSE,"Alexander Bublik","Stan Wawrinka",1538.1833032867,1500,1,38.1833032866996,3,1,0.646383957325165,1
20230227,"Santiago","Clay",FALSE,"Camilo Ugo Carabelli","Dusan Lajovic",1498.2228094244,1459.97129118034,0,38.251518244067,0,1,0.402154606044596,0
20230116,"Australian Open","Hard",TRUE,"Karen Khachanov","Yoshihito Nishioka",1676.07567910217,1637.6894635412,1,38.386215560969,3,1,0.676728918647625,1
20220131,"Pune","Hard",FALSE,"Kamil Majchrzak","Jay Clarke",1538.44179017426,1500,1,38.4417901742584,3,0,0.685695836140182,1
20220627,"Wimbledon","Grass",TRUE,"Diego Schwartzman","Stefan Kozlov",1557.26275499719,1518.79015399993,1,38.4726009972544,1,2,0.4742714829128,0
20220131,"Montpellier","Hard",FALSE,"Roberto Bautista Agut","Gilles Simon",1552.99293029223,1514.37558640903,1,38.6173438832054,3,3,0.563009735453972,1
20220307,"Indian Wells Masters","Hard",FALSE,"Dominik Koepfer","Benoit Paire",1478.85527159463,1440.18585321956,1,38.6694183750708,2,0,0.610093638467681,1
20221107,"NextGen Finals","Hard",FALSE,"Matteo Arnaldi","Francesco Passaro",1485.69640649057,1446.95611616172,0,38.7402903288496,1,1,0.48472329281876,0
20220321,"Miami Masters","Hard",FALSE,"Taylor Fritz","Tommy Paul",1627.47727853926,1588.66393425077,1,38.813344288488,3,3,0.563211835017009,1
20230529,"Roland Garros","Clay",TRUE,"Sebastian Ofner","Maxime Cressy",1510.49550847037,1471.68087697705,1,38.8146314933208,1,3,0.431390925238751,0
20220131,"Cordoba","Clay",FALSE,"Lorenzo Sonego","Albert Ramos",1538.41853971801,1499.46258720617,0,38.955952511837,3,1,0.647123804362587,1
20230508,"Rome Masters","Clay",FALSE,"Roman Safiullin","Alexei Popyrin",1509.22223598975,1470.20332744547,0,39.0189085442855,3,1,0.647184056640335,1
20220404,"Marrakech","Clay",FALSE,"Yannick Hanfmann","Carlos Taberner",1510.91422146208,1471.83189448545,0,39.0823269766233,1,1,0.485081356045615,0
20220110,"Adelaide 2","Hard",FALSE,"Thanasi Kokkinakis","Marin Cilic",1555.31720773254,1516.2118286212,1,39.1053791113432,1,3,0.398621821432907,0
20230703,"Wimbledon","Grass",TRUE,"Alexandre Muller","Arthur Rinderknech",1534.82931580849,1495.71691797174,1,39.1123978367475,3,3,0.59694624173261,1
20230403,"Houston","Clay",FALSE,"Marcos Giron","Tomas Machac",1530.31751920357,1491.14820053928,0,39.169318664291,3,1,0.647327988190707,1
20220502,"Madrid Masters","Clay",FALSE,"Karen Khachanov","Lucas Pouille",1532.473679123,1493.2783490371,0,39.1953300859068,3,1,0.647352876519481,1
20220425,"Munich","Clay",FALSE,"Casper Ruud","Alex Molcan",1594.60662936705,1555.34110455025,1,39.2655248167921,1,3,0.398782736537058,0
20220725,"Atlanta","Hard",FALSE,"Tommy Paul","Ilya Ivashka",1583.70965084113,1544.3824597957,0,39.3271910454289,3,2,0.606391421207374,1
20230109,"Adelaide 2","Hard",FALSE,"Daniel Evans","Mackenzie Mcdonald",1570.67011176381,1531.27552621707,0,39.3945855467384,2,3,0.480840001143978,0
20230731,"Washington","Hard",FALSE,"J J Wolf","Michael Mmoh",1565.61236401392,1526.15859033573,1,39.4537736781908,3,3,0.56387204667423,1
20220404,"Marrakech","Clay",FALSE,"Botic Van De Zandschulp","Vit Kopriva",1525.1478045375,1485.68780553687,1,39.4599990006272,3,2,0.606524270487916,1
20230102,"United Cup","Hard",FALSE,"Jason Kubler","Albert Ramos",1524.8951711534,1485.38961721618,1,39.505553937219,3,1,0.64764964419492,1
20230204,"Davis Cup QLS R1: CZE vs POR","Clay",FALSE,"Tomas Machac","Joao Sousa",1464.92260118502,1425.36533919155,1,39.5572619934712,1,1,0.48557857009003,0
20230320,"Miami Masters","Hard",FALSE,"Miomir Kecmanovic","Ugo Humbert",1552.33141438826,1512.76285789078,1,39.568556497477,3,2,0.606632850063638,1
20220926,"Sofia","Hard",FALSE,"Jan Lennard Struff","Ugo Humbert",1460.75325922487,1421.1076576493,1,39.6456015755634,1,2,0.441977810423098,0
20230424,"Madrid Masters","Clay",FALSE,"Yannick Hanfmann","Juan Pablo Varillas",1532.63167175014,1492.86140877691,1,39.7702629732353,1,1,0.48580157219899,0
20230821,"Winston-Salem","Hard",FALSE,"Alexandre Muller","Benjamin Bonzi",1513.14820502136,1473.32825549775,0,39.8199495236117,3,3,0.564249431791084,1
20230612,"s Hertogenbosch","Grass",FALSE,"Miomir Kecmanovic","Milos Raonic",1539.82869427411,1500,0,39.8286942741086,3,2,0.606892997857911,1
20230306,"Indian Wells Masters","Hard",FALSE,"Alex Molcan","Albert Ramos",1479.97988605635,1440.11965499681,1,39.8602310595425,3,1,0.647988797358723,1
20220815,"Cincinnati Masters","Hard",FALSE,"Alex Molcan","Diego Schwartzman",1587.06826549241,1547.20182764257,0,39.8664378498443,3,1,0.647994731154922,1
20220822,"Winston-Salem","Hard",FALSE,"Grigor Dimitrov","Dominic Thiem",1546.14554930622,1506.25622966641,0,39.8893196398042,3,1,0.648016606137287,1
20230109,"Adelaide 2","Hard",FALSE,"Albert Ramos","John Millman",1472.08789632056,1432.18270064052,0,39.9051956800474,1,0,0.529855474318984,1
20220207,"Rotterdam","Hard",FALSE,"Andrey Rublev","Marton Fucsovics",1544.48004380201,1504.56835838959,1,39.9116854124127,3,3,0.564343964232529,1
20231016,"Stockholm","Hard",FALSE,"Christopher Eubanks","Pavel Kotov",1563.29885404158,1523.29564790362,0,40.0032061379602,3,3,0.564438270290704,1
20221010,"Gijon","Hard",FALSE,"Francisco Cerundolo","Manuel Guinard",1530.86342505612,1490.79622824161,1,40.0671968145141,3,2,0.607131456309153,1
20221114,"Tour Finals","Hard",FALSE,"Taylor Fritz","Casper Ruud",1708.02548983234,1667.93925085893,0,40.086238973412,3,1,0.648204835266547,1
20230717,"Newport","Grass",FALSE,"Steve Johnson","Ugo Humbert",1491.00819580943,1450.90764172048,0,40.1005540889494,3,2,0.607164803348869,1
20230102,"United Cup","Hard",FALSE,"Dalibor Svrcina","Oscar Otte",1500,1459.80341746457,0,40.196582535425,0,3,0.323013221412036,0
20220307,"Indian Wells Masters","Hard",FALSE,"John Millman","Jan Lennard Struff",1474.30215255663,1433.95846546064,1,40.3436870959899,0,1,0.40426465194542,0
20221003,"Astana","Hard",FALSE,"Marin Cilic","Karen Khachanov",1666.74275236338,1626.32490755121,0,40.4178448121711,3,3,0.564865469534295,1
20220606,"s Hertogenbosch","Grass",FALSE,"Kamil Majchrzak","Dominik Koepfer",1519.0697427969,1478.49645420818,1,40.5732885887114,3,2,0.607637285246871,1
20231127,"NextGen Finals","Hard",FALSE,"Flavio Cobolli","Luca Nardi",1471.77980747986,1431.20458959511,0,40.5752178847526,1,0,0.53055496921794,1
20220117,"Australian Open","Hard",TRUE,"Thiago Monteiro","Benoit Paire",1516.29570285742,1475.6647080284,0,40.6309948290136,1,0,0.565922261089073,1
20230306,"Indian Wells Masters","Hard",FALSE,"Federico Coria","Diego Schwartzman",1460.21329240694,1419.52638388236,0,40.6869085245844,1,1,0.486761320815099,0
20231113,"Tour Finals","Hard",FALSE,"Carlos Alcaraz","Daniil Medvedev",1891.19641629233,1850.49028598409,1,40.706130308241,3,3,0.565162431289529,1
20220916,"Davis Cup Finals RR: GBR vs NED","Hard",FALSE,"Daniel Evans","Tallon Griekspoor",1544.70855122826,1503.85176643128,1,40.8567847969744,2,3,0.482370035738475,0
20231002,"Shanghai Masters","Hard",FALSE,"Francisco Cerundolo","Marton Fucsovics",1638.95078553644,1598.05396203896,1,40.896823497482,3,3,0.565358837912016,1
20220214,"Doha","Hard",FALSE,"Malek Jaziri","Alejandro Davidovich Fokina",1500,1458.94855900239,0,41.0514409976095,0,3,0.32379721582049,0
20220627,"Wimbledon","Grass",TRUE,"Cameron Norrie","David Goffin",1616.76135985614,1575.70169645527,1,41.059663400878,3,3,0.600549224685977,1
20220523,"Roland Garros","Clay",TRUE,"Holger Rune","Denis Shapovalov",1595.16475703502,1554.08172282714,1,41.0830342078723,3,3,0.600592402002015,1
20230102,"Pune","Hard",FALSE,"Filip Krajinovic","Sumit Nagal",1556.11440611069,1515,1,41.1144061106895,3,2,0.60817786626678,1
20220221,"Santiago","Clay",FALSE,"Pedro Martinez","Yannick Hanfmann",1533.2534808719,1492.13206846703,1,41.1214124048784,3,1,0.649193567389679,1
20220509,"Rome Masters","Clay",FALSE,"Alex De Minaur","Tommy Paul",1608.53702638363,1567.40733639401,1,41.1296899896251,3,3,0.565598653575219,1
20221003,"Tokyo","Hard",FALSE,"Soon Woo Kwon","Pedro Martinez",1481.49440967799,1440.3618790441,1,41.1325306338911,2,3,0.48265861208987,0
20220627,"Wimbledon","Grass",TRUE,"Ryan Peniston","Steve Johnson",1540.97292516034,1499.70800559317,0,41.2649195671718,0,3,0.356490634738587,0
20220404,"Marrakech","Clay",FALSE,"Marco Cecchinato","Roberto Carballes Baena",1471.2761532333,1429.99013289132,0,41.2860203419823,1,1,0.487388657633728,0
20220606,"s Hertogenbosch","Grass",FALSE,"Gilles Simon","James Duckworth",1473.3354660311,1432.00819965308,1,41.3272663780135,3,3,0.565802101937736,1
20220117,"Australian Open","Hard",TRUE,"Daniel Evans","Felix Auger Aliassime",1569.82048011371,1528.43863407795,0,41.3818460357597,2,3,0.51921908046314,1
20230102,"Pune","Hard",FALSE,"Tim Van Rijthoven","Radu Albot",1533.63790990135,1492.24552797425,1,41.392381927106,3,1,0.649452169352724,1
20221017,"Naples","Hard",FALSE,"Lorenzo Musetti","Laslo Djere",1563.14124851931,1521.7366185402,1,41.4046299791091,3,1,0.649463856308151,1
20220613,"Queen's Club","Grass",FALSE,"Francisco Cerundolo","Pedro Martinez",1527.71605968988,1486.29751955382,1,41.4185401360644,3,3,0.565896080870853,1
20221010,"Gijon","Hard",FALSE,"Constant Lestienne","Arthur Rinderknech",1569.5079380768,1528.06560505418,0,41.4423330226152,0,3,0.324156034801997,0
20220404,"Houston","Clay",FALSE,"Daniel Elahi Galan","Sam Querrey",1487.61394180244,1446.16875686155,0,41.4451849408883,3,0,0.688402395736535,1
20230206,"Cordoba","Clay",FALSE,"Tomas Barrios Vera","Bernabe Zapata Miralles",1484.47417367265,1442.99718239188,1,41.476991280769,3,1,0.649532898999936,1
20220307,"Indian Wells Masters","Hard",FALSE,"Cameron Norrie","Jenson Brooksby",1586.71988395663,1545.22506700072,1,41.4948169559127,3,3,0.565974614751973,1
20220502,"Madrid Masters","Clay",FALSE,"Diego Schwartzman","Grigor Dimitrov",1617.59921014323,1576.05697136237,0,41.5422387808642,1,3,0.401072738579488,0
20230306,"Indian Wells Masters","Hard",FALSE,"Richard Gasquet","Borna Gojo",1581.5068478672,1539.92015128374,1,41.5866965834623,3,2,0.60864947177957,1
20221017,"Naples","Hard",FALSE,"Daniel Elahi Galan","Bernabe Zapata Miralles",1519.8887069355,1478.06371427883,1,41.824992656668,3,1,0.649864852938104,1
20220801,"Washington","Hard",FALSE,"Jack Draper","Stefan Kozlov",1533.0687215818,1491.19887867929,1,41.8698429025153,3,2,0.608932110261497,1
20230403,"Estoril","Clay",FALSE,"Pedro Sousa","Luca Van Assche",1488.39547462941,1446.5226861815,0,41.8727884479097,0,1,0.405809065877144,0
20220304,"Davis Cup QLS R1: AUT vs KOR","Hard",FALSE,"Ji Sung Nam","Dennis Novak",1500,1458.09840385453,0,41.9015961454727,0,0,0.448832344108536,0
20220718,"Hamburg","Clay",FALSE,"Holger Rune","Tallon Griekspoor",1532.76174048367,1490.78078834611,0,41.9809521375585,3,3,0.566475056868744,1
20220502,"Madrid Masters","Clay",FALSE,"Daniel Evans","Federico Delbonis",1484.58483258541,1442.49960083537,1,42.0852317500401,2,1,0.571069196391925,1
20230731,"Washington","Hard",FALSE,"Alexander Shevchenko","Maxime Cressy",1471.08891299998,1428.90358055985,1,42.1853324401288,1,3,0.401720373487782,0
20220321,"Miami Masters","Hard",FALSE,"Cameron Norrie","Casper Ruud",1611.37685894342,1569.17436236029,0,42.2024965831279,3,1,0.650224784901613,1
20230508,"Rome Masters","Clay",FALSE,"Yoshihito Nishioka","Lorenzo Sonego",1585.08948415348,1542.85525649064,0,42.2342276628406,1,3,0.401769628052825,0
20220606,"s Hertogenbosch","Grass",FALSE,"Tim Van Rijthoven","Hugo Gaston",1539.54535008835,1497.29252202935,1,42.2528280589941,3,3,0.566754875048714,1
20230206,"Montpellier","Hard",FALSE,"Arthur Rinderknech","Luca Nardi",1515.11755792834,1472.84848826434,1,42.2690696640036,3,0,0.689142619964558,1
20230424,"Madrid Masters","Clay",FALSE,"Daniel Evans","Bernabe Zapata Miralles",1545.58233547463,1503.2534637842,0,42.3288716904271,2,1,0.571319309321712,1
20230915,"Davis Cup WG2 R1: SLO vs LUX","Clay",FALSE,"Alex Knaff","Blaz Rola",1541.815074362,1499.39070421281,0,42.4243701491944,1,1,0.488580744542862,0
20220117,"Australian Open","Hard",TRUE,"Feliciano Lopez","John Millman",1500,1457.56070877356,0,42.4392912264436,0,0,0.486462959575935,0
20230619,"Halle","Grass",FALSE,"Brandon Nakashima","Mikael Ymer",1553.31951743343,1510.79215943074,1,42.527358002694,3,3,0.567037381589809,1
20220110,"Sydney","Hard",FALSE,"Daniel Evans","Aslan Karatsev",1572.5340875183,1529.97090604745,0,42.5631814708477,2,3,0.484156012815826,0
20220321,"Miami Masters","Hard",FALSE,"Daniil Medvedev","Jenson Brooksby",1621.0573653787,1578.48836098702,1,42.5690043916768,3,3,0.56708023423179,1
20220725,"Atlanta","Hard",FALSE,"John Isner","Jenson Brooksby",1579.0927585562,1536.51651194778,0,42.5762466084179,3,3,0.567087686110903,1
20220110,"Adelaide 2","Hard",FALSE,"Karen Khachanov","Arthur Rinderknech",1530.13143013262,1487.52810845603,0,42.6033216765888,3,3,0.567115544734188,1
20230927,"Beijing","Hard",FALSE,"Daniil Medvedev","Alexander Zverev",1872.851275447,1830.20443025965,1,42.6468451873495,3,3,0.567160326930172,1
20220516,"Lyon","Clay",FALSE,"Holger Rune","Arthur Rinderknech",1564.93588384743,1522.28658534372,1,42.6492985037021,3,3,0.567162851162943,1
20230417,"Munich","Clay",FALSE,"Marton Fucsovics","Max Hans Rehberg",1516.51785271817,1473.82647067036,1,42.6913820478142,3,0,0.689521674647843,1
20220214,"Delray Beach","Hard",FALSE,"Adrian Mannarino","Brandon Nakashima",1539.08430142691,1496.37992454837,1,42.7043768785411,3,3,0.567219520734488,1
20220718,"Hamburg","Clay",FALSE,"Pablo Carreno Busta","Luca Nardi",1532.25236671557,1489.45989911249,1,42.7924676030768,3,0,0.689612368255159,1
20220221,"Santiago","Clay",FALSE,"Miomir Kecmanovic","Marco Cecchinato",1527.2779331479,1484.43582898977,1,42.8421041581266,3,1,0.650834229554565,1
20220221,"Dubai","Hard",FALSE,"Andrey Rublev","Daniel Evans",1600.17198310284,1557.24978326212,1,42.922199840719,3,2,0.609981937962009,1
20220221,"Dubai","Hard",FALSE,"Roberto Bautista Agut","Arthur Rinderknech",1599.42794835292,1556.47511190654,1,42.9528364463777,3,3,0.567475136338356,1
20220516,"Geneva","Clay",FALSE,"Joao Sousa","Pablo Andujar",1524.85028975955,1481.83904328222,1,43.011246477329,1,1,0.48919537664176,0
20221031,"Paris Masters","Hard",FALSE,"Roberto Bautista Agut","Tommy Paul",1641.55859403238,1598.51813455745,0,43.040459474928,3,3,0.56756527449064,1
20220117,"Australian Open","Hard",TRUE,"Kamil Majchrzak","Andreas Seppi",1528.06301438894,1485,1,43.0630143889437,3,2,0.6454253254792,1
20220110,"Adelaide 2","Hard",FALSE,"Botic Van De Zandschulp","Marton Fucsovics",1513.73682983212,1470.65782261653,0,43.0790072155919,3,3,0.567604927285828,1
20230206,"Cordoba","Clay",FALSE,"Federico Coria","Thiago Monteiro",1460.94930370186,1417.82637845545,1,43.1229252464079,1,1,0.489312340911258,0
20231002,"Shanghai Masters","Hard",FALSE,"Roman Safiullin","Andy Murray",1610.43622778847,1567.20109437402,1,43.2351334144564,3,3,0.567765520316637,1
20220711,"Newport","Grass",FALSE,"Andy Murray","Alexander Bublik",1587.79300490981,1544.48865804013,0,43.3043468696785,3,3,0.567836709441664,1
20220404,"Houston","Clay",FALSE,"Max Purcell","Pablo Cuevas",1486.28967304259,1442.9041143114,0,43.3855587311889,0,0,0.450371458493983,0
20220418,"Belgrade ","Clay",FALSE,"Taro Daniel","Dusan Lajovic",1483.61511928325,1440.22550651262,1,43.3896127706316,1,1,0.489591654855367,0
20220917,"Davis Cup Finals RR: SRB vs CAN","Hard",FALSE,"Felix Auger Aliassime","Miomir Kecmanovic",1631.51215393648,1588.1201977397,1,43.3919561967871,3,3,0.567926815523124,1
20220829,"Us Open","Hard",TRUE,"Carlos Alcaraz","Jannik Sinner",1772.04814893685,1728.63210620323,1,43.4160427336128,3,3,0.604894640578198,1
20220214,"Doha","Hard",FALSE,"Karen Khachanov","Mackenzie Mcdonald",1535.34146014298,1491.92431376409,1,43.41714637889,3,3,0.567952722761632,1
20220404,"Marrakech","Clay",FALSE,"Pablo Andujar","David Goffin",1516.84683060578,1473.37414321247,0,43.4726873933084,1,3,0.403017848273781,0
20230424,"Madrid Masters","Clay",FALSE,"Gregoire Barrere","Emilio Nava",1515.04252915973,1471.52505190551,1,43.5174772542184,1,0,0.533625194323945,1
20230102,"Adelaide 1","Hard",FALSE,"Daniil Medvedev","Karen Khachanov",1699.34090650097,1655.82267761874,1,43.5182288822371,3,3,0.56805667891006,1
20220418,"Belgrade ","Clay",FALSE,"Cristian Garin","Holger Rune",1489.25934748506,1445.7258332581,0,43.5335142269578,3,3,0.56807239827584,1
20230717,"Newport","Grass",FALSE,"Gabriel Diallo","Kevin Anderson",1469.56961712661,1426.02526601369,0,43.5443511129222,0,3,0.326089118952394,0
20220321,"Miami Masters","Hard",FALSE,"Emilio Nava","Hugo Gaston",1500,1456.42538005847,0,43.5746199415262,0,3,0.326116998595759,0
20230619,"Queen's Club","Grass",FALSE,"Alejandro Davidovich Fokina","Jiri Lehecka",1631.19234477062,1587.60595672256,0,43.5863880480567,3,3,0.568126772369696,1
20221017,"Naples","Hard",FALSE,"Miomir Kecmanovic","Corentin Moutet",1589.46887195271,1545.85350469865,1,43.6153672540563,3,3,0.568156573152225,1
20230703,"Wimbledon","Grass",TRUE,"Dominik Koepfer","Oscar Otte",1430.31117072149,1386.65886552316,0,43.6523051983347,2,3,0.523582555431842,1
20220523,"Roland Garros","Clay",TRUE,"Camilo Ugo Carabelli","Aslan Karatsev",1489.29824645408,1445.64412187119,1,43.6541245828973,0,3,0.360722875667864,0
20220110,"Sydney","Hard",FALSE,"Brandon Nakashima","Reilly Opelka",1515,1471.28703368607,0,43.7129663139299,3,1,0.651663230821259,1
20220711,"Bastad","Clay",FALSE,"Pablo Carreno Busta","Stan Wawrinka",1532.89814938704,1489.12961685111,1,43.7685325359234,3,1,0.651716094977796,1
20220418,"Barcelona","Clay",FALSE,"Diego Schwartzman","Pablo Carreno Busta",1616.38580237765,1572.60652076884,0,43.7792816088117,1,3,0.403327053547838,0
20220822,"Winston-Salem","Hard",FALSE,"Adrian Mannarino","Laslo Djere",1540.19566712865,1496.3362778145,1,43.8593893141517,3,1,0.651802525538717,1
20230529,"Roland Garros","Clay",TRUE,"Stan Wawrinka","Thanasi Kokkinakis",1565.5848868798,1521.68049994281,0,43.9043869369991,1,1,0.52862757704136,1
20230403,"Estoril","Clay",FALSE,"Casper Ruud","Miomir Kecmanovic",1621.75384118392,1577.81335596638,1,43.9404852175389,1,3,0.403489660853576,0
20220221,"Santiago","Clay",FALSE,"Pedro Martinez","Jaume Munar",1546.48637053332,1502.53736179722,1,43.9490087360955,3,1,0.651887769234152,1
20230403,"Marrakech","Clay",FALSE,"Elliot Benchetrit","Jaume Munar",1488.42533611496,1444.46521138606,0,43.9601247288947,0,1,0.407920311095762,0
20220822,"Winston-Salem","Hard",FALSE,"Botic Van De Zandschulp","Benjamin Bonzi",1575.81886464726,1531.76718742366,1,44.0516772235958,3,3,0.568605192997624,1
20230915,"Davis Cup WG2 R1: SLO vs LUX","Clay",FALSE,"Alex Knaff","Bor Artnak",1528.70800523933,1484.62823914248,1,44.0797660968528,1,0,0.534211655815434,1
20230828,"Us Open","Hard",TRUE,"Michael Mmoh","John Isner",1544.08825911202,1499.75064375063,1,44.3376153613892,3,3,0.606589661679539,1
20220917,"Davis Cup WG2 R1: LTU vs EGY","Hard",FALSE,"Mohamed Safwat","Edas Butvilas",1529.35280000847,1485,1,44.3528000084657,1,0,0.53449639337592,1
20230522,"Geneva","Clay",FALSE,"Roberto Carballes Baena","Daniel Rincon",1531.0036845693,1486.64192989189,1,44.361754677411,1,0,0.534505731508678,1
20221017,"Naples","Hard",FALSE,"Lorenzo Sonego","Sebastian Baez",1500.9653947701,1456.56133748597,0,44.4040572841261,3,3,0.568967432844682,1
20220509,"Rome Masters","Clay",FALSE,"Jenson Brooksby","Flavio Cobolli",1544.42322292455,1500,1,44.4232229245522,3,1,0.652338667610698,1
20220627,"Wimbledon","Grass",TRUE,"Tommy Paul","Adrian Mannarino",1547.48295869666,1503.05291528645,1,44.4300434102051,3,3,0.606759521047666,1
20230213,"Buenos Aires","Clay",FALSE,"Francisco Cerundolo","Yannick Hanfmann",1534.28415918801,1489.80266549288,1,44.4814936951259,3,1,0.652394054548688,1
20220131,"Pune","Hard",FALSE,"Emil Ruusuvuori","Egor Gerasimov",1529.54495565951,1484.91883187298,1,44.6261237865276,3,0,0.691254984292636,1
20220425,"Munich","Clay",FALSE,"Mackenzie Mcdonald","Ilya Ivashka",1513.39746032448,1468.74745101225,0,44.6500093122313,3,2,0.611703382892683,1
20220214,"Rio de Janeiro","Clay",FALSE,"Francisco Cerundolo","Benoit Paire",1506.90434091821,1462.24465609999,1,44.6596848182203,3,0,0.691285003905845,1
20220207,"Rotterdam","Hard",FALSE,"Soon Woo Kwon","Hugo Gaston",1500.58911448672,1455.90441414462,1,44.684700342099,2,3,0.486377031288959,0
20220117,"Australian Open","Hard",TRUE,"Roberto Bautista Agut","Taylor Fritz",1557.93896979209,1513.1750908324,0,44.7638789596831,3,3,0.607372811048574,1
20220304,"Davis Cup QLS R1: GER vs BRA","Clay",FALSE,"Thiago Monteiro","Jan Lennard Struff",1491.83261184932,1447.03504620052,1,44.797565648802,1,1,0.491066371392899,0
20220117,"Australian Open","Hard",TRUE,"Jannik Sinner","Steve Johnson",1543.6561492421,1498.85669225029,1,44.7994569918187,3,3,0.60743815159715,1
20220117,"Australian Open","Hard",TRUE,"Roberto Bautista Agut","Philipp Kohlschreiber",1544.86526368221,1500,1,44.8652636822092,3,0,0.724019039632276,1
20230116,"Australian Open","Hard",TRUE,"Marton Fucsovics","Lloyd Harris",1496.15042353264,1451.27099410706,1,44.8794294255783,3,3,0.607585010281276,1
20230917,"Davis Cup Finals RR: ESP vs KOR","Hard",FALSE,"Bernabe Zapata Miralles","Seong Chan Hong",1467.75560738111,1422.8159300756,1,44.9396773055171,1,0,0.535108350947813,1
20220711,"Bastad","Clay",FALSE,"Albert Ramos","Tomas Martin Etcheverry",1469.38948566633,1424.43323046527,1,44.95625520106,1,1,0.491232596064865,0
20220103,"Atp Cup","Hard",FALSE,"Felix Auger Aliassime","Cameron Norrie",1514.97566343135,1469.99995259108,1,44.975710840271,3,3,0.569554924469836,1
20220627,"Wimbledon","Grass",TRUE,"Emil Ruusuvuori","Yoshihito Nishioka",1514.23731028861,1469.25261166404,1,44.984698624568,3,1,0.687745021001396,1
20230227,"Acapulco","Hard",FALSE,"Marcos Giron","Michael Mmoh",1542.55571011883,1497.37223481328,0,45.1834753055437,3,3,0.569768396773592,1
20230306,"Indian Wells Masters","Hard",FALSE,"Emil Ruusuvuori","Constant Lestienne",1556.47417954703,1511.22665102284,1,45.2475285241937,3,0,0.691810555222012,1
20220801,"Los Cabos","Hard",FALSE,"Ricardas Berankis","Quentin Halys",1497.84378211399,1452.57347312416,1,45.2703089898316,3,3,0.569857608327503,1
20230116,"Australian Open","Hard",TRUE,"Corentin Moutet","Yibing Wu",1563.72545127218,1518.41548414838,1,45.3099671237958,3,2,0.649375562825529,1
20230116,"Australian Open","Hard",TRUE,"Maxime Cressy","Albert Ramos",1500.71095391721,1455.37258668918,1,45.3383672280295,3,1,0.688329661571812,1
20220404,"Marrakech","Clay",FALSE,"Albert Ramos","Lorenzo Musetti",1528.92309190125,1483.53753461209,0,45.3855572891584,1,3,0.404948259278509,0
20220117,"Australian Open","Hard",TRUE,"Denis Shapovalov","Laslo Djere",1559.82740020578,1514.38069207016,1,45.4467081356208,3,1,0.688508637274793,1
20220801,"Washington","Hard",FALSE,"J J Wolf","Taro Daniel",1523.72092058045,1478.20861365189,1,45.5123069285587,3,1,0.653373169983564,1
20230109,"Adelaide 2","Hard",FALSE,"Tommy Paul","Jack Draper",1643.66411127257,1598.03648192278,0,45.6276293497908,3,3,0.570224665814671,1
20220926,"Tel Aviv","Hard",FALSE,"Yshai Oliel","Edan Leshem",1500,1454.35356396314,0,45.6464360368552,2,0,0.617026988280381,1
20220117,"Australian Open","Hard",TRUE,"Diego Schwartzman","Christopher Oconnell",1515.0265906999,1469.35515195419,0,45.6714387457173,1,3,0.44438842223835,0
20230724,"Umag","Clay",FALSE,"Lorenzo Sonego","Jaume Munar",1532.86367019707,1487.16910948255,1,45.6945607145146,3,1,0.653546148582192,1
20220214,"Rio de Janeiro","Clay",FALSE,"Fabio Fognini","Facundo Bagnis",1485.77449634839,1440.00546637233,1,45.7690299760563,1,1,0.492083993751626,0
20220307,"Indian Wells Masters","Hard",FALSE,"Jannik Sinner","Benjamin Bonzi",1589.03651377684,1543.24417937383,1,45.7923344030078,3,3,0.570393833178618,1
20220523,"Roland Garros","Clay",TRUE,"Botic Van De Zandschulp","Fabio Fognini",1564.36964266826,1518.54183217412,1,45.8278104941392,3,1,0.68913775861749,1
20231016,"Antwerp","Hard",FALSE,"Roberto Carballes Baena","Giovanni Mpetshi Perricard",1502.94190426466,1457.10416381767,0,45.8377404469848,1,2,0.448387926921499,0
20230619,"Queen's Club","Grass",FALSE,"Ryan Peniston","Ugo Humbert",1517.17160816433,1471.24625799223,1,45.925350172095,0,2,0.368154961865106,0
20230703,"Wimbledon","Grass",TRUE,"J J Wolf","Enzo Couacaud",1533.05950780632,1487.08905249828,1,45.9704553080333,3,0,0.725716558763341,1
20230417,"Banja Luka","Clay",FALSE,"Radu Albot","Federico Coria",1481.44769116791,1435.44541272115,1,46.0022784467576,1,1,0.492328334844304,0
20220627,"Wimbledon","Grass",TRUE,"Jack Draper","Zizou Bergs",1530.71776345735,1484.71058272921,1,46.0071807281372,3,1,0.689433620341458,1
20230917,"Davis Cup Finals RR: CRO vs NED","Hard",FALSE,"Botic Van De Zandschulp","Duje Ajdukovic",1519.02146333949,1472.79614627947,1,46.22531706002,3,0,0.692683629652114,1
20220304,"Davis Cup WG1 PO: CHI vs SLO","Clay",FALSE,"Blaz Rola","Nicolas Jarry",1500,1453.71915058568,0,46.2808494143205,1,3,0.405852776190934,0
20220627,"Wimbledon","Grass",TRUE,"Alejandro Davidovich Fokina","Jiri Vesely",1511.92310479326,1465.59124280052,0,46.3318619927413,3,2,0.651165384472103,1
20230227,"Acapulco","Hard",FALSE,"Holger Rune","Alex De Minaur",1748.84335044493,1702.44861119229,0,46.3947392526427,3,3,0.571012418511436,1
20230410,"Monte Carlo Masters","Clay",FALSE,"Borna Coric","Nicolas Jarry",1610.29260088919,1563.89129739742,0,46.4013034917741,1,3,0.405974520305358,0
20220627,"Wimbledon","Grass",TRUE,"John Isner","Enzo Couacaud",1546.41100972864,1500,1,46.4110097286375,3,0,0.726391414913025,1
20220829,"Us Open","Hard",TRUE,"Tallon Griekspoor","Federico Coria",1508.2966417215,1461.80994453199,0,46.4866971895169,3,1,0.690223796864433,1
20230424,"Madrid Masters","Clay",FALSE,"Marcos Giron","Sebastian Baez",1530.92434220045,1484.41150589703,0,46.5128363034225,3,3,0.571133661684721,1
20230508,"Rome Masters","Clay",FALSE,"Thanasi Kokkinakis","Jaume Munar",1522.52738501779,1475.98575493085,1,46.541630086936,1,1,0.492893350327421,0
20230612,"s Hertogenbosch","Grass",FALSE,"Tallon Griekspoor","Alexei Popyrin",1536.33679520327,1489.76473790247,1,46.5720573007991,3,1,0.654378419385737,1
20230102,"Pune","Hard",FALSE,"Manas Dhamne","Michael Mmoh",1500,1453.38228215896,0,46.6177178410358,0,3,0.328926151888646,0
20230306,"Indian Wells Masters","Hard",FALSE,"Jan Lennard Struff","Quentin Halys",1475.54586986425,1428.9072548479,1,46.6386150163519,1,3,0.406214407190039,0
20230403,"Houston","Clay",FALSE,"Yannick Hanfmann","Tomas Martin Etcheverry",1545.05643164249,1498.403854557,0,46.6525770854969,1,1,0.493009578789727,0
20220304,"Davis Cup QLS R1: AUT vs KOR","Hard",FALSE,"Soon Woo Kwon","Dennis Novak",1517.74967818196,1471.09623192296,1,46.6534462589991,2,0,0.618023848694855,1
20230920,"Zhuhai","Hard",FALSE,"Matteo Arnaldi","Aslan Karatsev",1590.38389223217,1543.72453395381,0,46.6593582783632,1,3,0.406235377691453,0
20220418,"Barcelona","Clay",FALSE,"Casper Ruud","Emil Ruusuvuori",1606.6958749981,1560.00384531893,1,46.6920296791754,1,3,0.406268407695995,0
20220801,"Los Cabos","Hard",FALSE,"Max Purcell","Henri Laaksonen",1451.61654854086,1404.86139884015,1,46.7551497007023,0,0,0.453869764877127,0
20230703,"Wimbledon","Grass",TRUE,"Alex Molcan","Mikael Ymer",1564.03090782217,1517.27404185228,0,46.7568659698818,3,3,0.611027028847154,1
20220411,"Monte Carlo Masters","Clay",FALSE,"Marin Cilic","Jo-Wilfried Tsonga",1523.05972840872,1476.16984499408,1,46.8898834146421,3,2,0.613930858551071,1
20220207,"Rotterdam","Hard",FALSE,"Hubert Hurkacz","Lorenzo Musetti",1541.29485656409,1494.40026922373,0,46.8945873403538,3,3,0.571525524149865,1
20220627,"Wimbledon","Grass",TRUE,"Andy Murray","John Isner",1586.48002117666,1539.55793601613,0,46.9220851605326,3,3,0.611329411478817,1
20230417,"Banja Luka","Clay",FALSE,"Liam Broady","Damir Dzumhur",1500.03882013552,1453.10306743199,0,46.9357527035309,0,0,0.45405739857045,0
20230213,"Buenos Aires","Clay",FALSE,"Guido Pella","Jaume Munar",1482.84281661461,1435.86418155559,0,46.97863505902,3,1,0.654763722340347,1
20220131,"Pune","Hard",FALSE,"Joao Sousa","Gianluca Mager",1533.3021379371,1486.28142988294,1,47.02070805416,1,2,0.449614558180981,0
20230102,"United Cup","Hard",FALSE,"Marc Andrea Huesler","Timofey Skatov",1531.43701745143,1484.41442018895,1,47.0225972624737,2,2,0.532728366258705,1
20220711,"Newport","Grass",FALSE,"Quentin Halys","Alexei Popyrin",1452.41317626627,1405.38636493637,1,47.0268113298937,3,1,0.654809364258099,1
20220627,"Wimbledon","Grass",TRUE,"Lorenzo Sonego","Denis Kudla",1486.66968439187,1439.63171614647,1,47.0379682453965,3,0,0.727350024604935,1
20221017,"Naples","Hard",FALSE,"Corentin Moutet","Luca Nardi",1532.87216477177,1485.82982819122,1,47.0423365805443,3,0,0.693412095862625,1
20220131,"Montpellier","Hard",FALSE,"Roberto Bautista Agut","Alexander Bublik",1566.33251762536,1519.28514787051,0,47.0473697548537,3,3,0.571682328206042,1
20220131,"Montpellier","Hard",FALSE,"Alexander Zverev","Alexander Bublik",1583.354884562,1536.30402130728,0,47.0508632547176,3,3,0.571685913495944,1
20220801,"Washington","Hard",FALSE,"Frances Tiafoe","Christopher Eubanks",1537.18028751094,1490.03751185803,1,47.1427756529085,3,3,0.571780238143465,1
20220808,"Canada Masters","Hard",FALSE,"Pablo Carreno Busta","Daniel Evans",1583.03540462395,1535.83523680842,1,47.2001678155241,3,2,0.614239051951463,1
20220221,"Acapulco","Hard",FALSE,"Stefanos Tsitsipas","Cameron Norrie",1608.12198784121,1560.70857131051,0,47.4134165306994,3,3,0.572057951697522,1
20230703,"Wimbledon","Grass",TRUE,"Alex De Minaur","Matteo Berrettini",1676.18744028067,1628.76307947913,0,47.4243608015406,3,3,0.612248144800617,1
20230417,"Barcelona","Clay",FALSE,"Roberto Bautista Agut","Bernabe Zapata Miralles",1549.0549064302,1501.62516317097,1,47.429743259223,3,1,0.65519098782174,1
20230916,"Davis Cup WG2 R1: MEX vs CHN","Clay",FALSE,"Rigele Te","Ernesto Escobedo",1484.33488498007,1436.8671692983,1,47.4677156817704,1,1,0.493863543178966,0
20220214,"Rio de Janeiro","Clay",FALSE,"Lorenzo Sonego","Laslo Djere",1534.49689829097,1486.97962985346,1,47.517268437517,3,1,0.655273857955782,1
20220207,"Rotterdam","Hard",FALSE,"Stefanos Tsitsipas","Jiri Lehecka",1581.94792698987,1534.39556124146,1,47.5523657484093,3,3,0.572200514459091,1
20220926,"Seoul","Hard",FALSE,"Denis Shapovalov","Jaume Munar",1537.27912251119,1489.46911852845,1,47.8100039827355,3,1,0.655550955692998,1
20230703,"Wimbledon","Grass",TRUE,"Tallon Griekspoor","Marton Fucsovics",1626.47695484793,1578.3958730346,0,48.0810818133325,3,3,0.613448176654928,1
20220321,"Miami Masters","Hard",FALSE,"Roberto Bautista Agut","Jenson Brooksby",1609.51654073411,1561.42525241524,0,48.0912883188685,3,3,0.572753338742692,1
20220214,"Marseille","Hard",FALSE,"Radu Albot","Lucas Pouille",1524.34045051058,1476.213740123,0,48.1267103875766,1,1,0.494553952810302,0
20230206,"Montpellier","Hard",FALSE,"Arthur Fils","Quentin Halys",1482.8361173041,1434.68656349028,1,48.1495538138176,1,3,0.407742788272051,0
20220509,"Rome Masters","Clay",FALSE,"Felix Auger Aliassime","Alejandro Davidovich Fokina",1589.49138617976,1541.32652180922,1,48.16486437054,3,3,0.572828798652385,1
20220627,"Wimbledon","Grass",TRUE,"Stefanos Tsitsipas","Nick Kyrgios",1726.03973639418,1677.85999456555,0,48.1797418286269,3,3,0.61362834033481,1
20230522,"Lyon","Clay",FALSE,"Juan Pablo Varillas","Albert Ramos",1456.50898169508,1408.25722837314,1,48.2517533219375,1,1,0.494684959089048,0
20230417,"Banja Luka","Clay",FALSE,"Miomir Kecmanovic","Dusan Lajovic",1580.1436975781,1531.78471445664,0,48.3589831214642,3,1,0.656070323374692,1
20220214,"Rio de Janeiro","Clay",FALSE,"Matteo Berrettini","Thiago Monteiro",1551.89243745332,1503.4118426782,1,48.4805947751197,3,1,0.656185324985929,1
20221024,"Vienna","Hard",FALSE,"Hubert Hurkacz","Borna Coric",1646.82717833176,1598.2759218167,0,48.551256515058,3,1,0.656252137590354,1
20230227,"Acapulco","Hard",FALSE,"Adrian Mannarino","Elias Ymer",1561.48246793087,1512.84278711885,0,48.6396808120232,3,1,0.656335736467008,1
20220627,"Wimbledon","Grass",TRUE,"Thiago Monteiro","Jaume Munar",1520.70576167203,1471.93215159434,0,48.7736100776879,1,1,0.537960866949653,1
20230821,"Winston-Salem","Hard",FALSE,"Botic Van De Zandschulp","Omni Kumar",1528.94477315944,1480.12616202787,0,48.8186111315658,3,0,0.694992517130286,1
20220214,"Doha","Hard",FALSE,"Joao Sousa","Elias Ymer",1559.29787438202,1510.40676972469,0,48.8911046573351,1,1,0.49535481234998,0
20231030,"Paris Masters","Hard",FALSE,"Frances Tiafoe","Alexander Bublik",1636.99094501313,1588.028737132,0,48.9622078811262,3,3,0.573646339431844,1
20220620,"Mallorca","Grass",FALSE,"Pablo Carreno Busta","Antoine Bellier",1553.19976343354,1504.1402194766,0,49.0595439569361,3,2,0.616083971849668,1
20220117,"Australian Open","Hard",TRUE,"Marin Cilic","Felix Auger Aliassime",1560.41870182692,1511.33344073417,0,49.0852610927495,3,3,0.615280456233912,1
20220801,"Washington","Hard",FALSE,"Soon Woo Kwon","Dominik Koepfer",1462.29214783683,1413.20593718966,0,49.086210647172,2,2,0.534880757384555,1
20220221,"Dubai","Hard",FALSE,"Jannik Sinner","Hubert Hurkacz",1603.18434874564,1554.01895345107,0,49.1653952945676,3,3,0.57385460956924,1
20230731,"Washington","Hard",FALSE,"Aslan Karatsev","Kiranpal Pannu",1509.65955601301,1460.3934351767,1,49.2661208363043,3,0,0.69538996245199,1
20230828,"Us Open","Hard",TRUE,"Alexander Bublik","Dominic Thiem",1578.31108099453,1528.98467705772,0,49.326403936805,3,1,0.694880399064303,1
20230703,"Wimbledon","Grass",TRUE,"Roberto Bautista Agut","Roman Safiullin",1588.8123806875,1539.46570314693,0,49.3466775405702,3,3,0.615756917127947,1
20230206,"Cordoba","Clay",FALSE,"Marco Cecchinato","Facundo Bagnis",1457.24952423219,1407.86455157686,1,49.3849726553292,1,1,0.495872253151793,0
20221003,"Tokyo","Hard",FALSE,"Jaume Munar","Pedro Martinez",1476.52031148842,1427.12946273154,0,49.3908487568749,1,3,0.408999750985993,0
20220523,"Roland Garros","Clay",TRUE,"John Isner","Gregoire Barrere",1530.85770532046,1481.34190060645,1,49.5158047140078,3,1,0.695189582576318,1
20230403,"Houston","Clay",FALSE,"Gijs Brouwer","Aleksandar Kovacevic",1548.68645671906,1499.04569855197,1,49.6407581670821,3,2,0.616659985283848,1
20220207,"Dallas","Hard",FALSE,"Vasek Pospisil","John Isner",1500,1450.25372802075,0,49.7462719792516,2,3,0.49167800148632,0
20230403,"Marrakech","Clay",FALSE,"Pavel Kotov","Pedro Martinez",1464.26889436157,1414.48084823495,1,49.7880461266193,3,3,0.574492672540309,1
20220801,"Washington","Hard",FALSE,"Grigor Dimitrov","Adrian Mannarino",1553.79668872251,1503.98709837852,1,49.8095903439928,3,3,0.57451474560216,1
20230116,"Australian Open","Hard",TRUE,"Sebastian Korda","Karen Khachanov",1708.80954706174,1658.93718381634,0,49.8723632454037,3,3,0.616714365492331,1
20220411,"Monte Carlo Masters","Clay",FALSE,"Alexander Zverev","Pablo Carreno Busta",1605.73137232442,1555.77646178195,1,49.954910542474,3,3,0.57466362520276,1
20230206,"Cordoba","Clay",FALSE,"Tomas Barrios Vera","Sebastian Baez",1485.11659267591,1435.12413438508,0,49.9924582908357,3,3,0.574702090427188,1
20230717,"Gstaad","Clay",FALSE,"Taro Daniel","Pedro Cachin",1520.88382508348,1470.8430067056,0,50.0408183778766,1,1,0.496559416514364,0
20230109,"Auckland","Hard",FALSE,"Marcos Giron","Federico Coria",1501.63782081811,1451.52447549414,1,50.113345323975,3,1,0.657727552254295,1
20230206,"Dallas","Hard",FALSE,"J J Wolf","John Isner",1613.38717268694,1563.26824575351,0,50.1189269334313,3,3,0.574831642664703,1
20220221,"Acapulco","Hard",FALSE,"Pablo Carreno Busta","Marcos Giron",1545.64377667967,1495.44538746438,0,50.1983892152946,3,3,0.574913037162699,1
20231113,"Tour Finals","Hard",FALSE,"Stefanos Tsitsipas","Holger Rune",1732.17351077972,1681.93764238817,0,50.2358683915481,3,3,0.574951426278627,1
20230206,"Dallas","Hard",FALSE,"Christopher Eubanks","Oscar Otte",1491.90978990171,1441.60751034924,0,50.3022795524701,3,3,0.575019447585291,1
20220321,"Miami Masters","Hard",FALSE,"Daniil Medvedev","Hubert Hurkacz",1634.22865543957,1583.89125739119,0,50.3373980483839,3,3,0.575055416384812,1
20220620,"Eastbourne","Grass",FALSE,"Daniel Evans","Maxime Cressy",1485.86788603758,1435.51018724888,0,50.3576987886995,2,3,0.492318497493656,0
20230102,"United Cup","Hard",FALSE,"Taylor Fritz","Alexander Zverev",1730.17157295788,1679.80155711785,1,50.3700158400368,3,3,0.575088823220142,1
20220801,"Los Cabos","Hard",FALSE,"Nick Chappell","Chun Hsin Tseng",1500,1449.61241207211,0,50.3875879278894,0,0,0.457646057797145,0
20221017,"Stockholm","Hard",FALSE,"Alex De Minaur","J J Wolf",1633.27587793417,1582.86105198898,1,50.4148259451829,3,3,0.575134716189858,1
20220914,"Davis Cup Finals RR: USA vs GBR","Hard",FALSE,"Tommy Paul","Daniel Evans",1607.99080536733,1557.54584302336,1,50.444962343968,3,2,0.617456453301251,1
20221031,"Paris Masters","Hard",FALSE,"Arthur Fils","Fabio Fognini",1500,1449.52725581462,0,50.47274418538,1,1,0.497011974702347,0
20220117,"Australian Open","Hard",TRUE,"Pablo Carreno Busta","Tomas Martin Etcheverry",1550.56863637659,1500,1,50.5686363765924,3,1,0.696905043113949,1
20220822,"Winston-Salem","Hard",FALSE,"Marton Fucsovics","Chun Hsin Tseng",1504.10479311874,1453.44887505147,0,50.655918067268,3,0,0.696622420307821,1
20220221,"Dubai","Hard",FALSE,"Andy Murray","Christopher Oconnell",1525.53626188137,1474.87232209953,1,50.6639397818399,3,3,0.575389826384629,1
20220117,"Australian Open","Hard",TRUE,"Andy Murray","Nikoloz Basilashvili",1508.80645745331,1458.05808192269,1,50.7483755306177,3,3,0.61830786242215,1
20230731,"Kitzbuhel","Clay",FALSE,"Marco Cecchinato","Daniel Elahi Galan",1477.13638244618,1426.32300126023,0,50.813381185947,1,3,0.410441702087891,0
20220221,"Santiago","Clay",FALSE,"Albert Ramos","Sebastian Baez",1536.91178634308,1486.0779003966,0,50.8338859464882,1,3,0.410462498074207,0
20230403,"Estoril","Clay",FALSE,"Miomir Kecmanovic","Bernabe Zapata Miralles",1564.70036906821,1513.80839688273,1,50.8919721854813,3,1,0.658461840756161,1
20220321,"Miami Masters","Hard",FALSE,"Thanasi Kokkinakis","Richard Gasquet",1549.23092071005,1498.23080632766,1,51.000114382387,1,3,0.410631099233608,0
20220516,"Geneva","Clay",FALSE,"Kamil Majchrzak","Richard Gasquet",1542.39721808624,1491.32942422199,0,51.067793864245,3,3,0.575803316159323,1
20220613,"Queen's Club","Grass",FALSE,"Matteo Berrettini","Filip Krajinovic",1639.70706848258,1588.57135764031,1,51.1357108422717,3,3,0.575872843185322,1
20220926,"Seoul","Hard",FALSE,"Aleksandar Kovacevic","Chun Hsin Tseng",1518.81739993962,1467.63657748639,1,51.180822453226,2,0,0.622493223457286,1
20221010,"Florence","Hard",FALSE,"Alexander Bublik","J J Wolf",1601.51233731206,1550.32779873347,0,51.184538578593,3,3,0.575922826582265,1
20220919,"Metz","Hard",FALSE,"Emil Ruusuvuori","Jiri Lehecka",1523.25926208436,1472.01305581579,1,51.2462062685679,3,3,0.575985951610701,1
20230703,"Wimbledon","Grass",TRUE,"Christopher Oconnell","Jiri Vesely",1519.90189222619,1468.64940973562,1,51.2524824905656,3,2,0.659723461322174,1
20230410,"Monte Carlo Masters","Clay",FALSE,"Valentin Vacherot","Luca Nardi",1501.27470793431,1450.00668565401,0,51.2680222802969,2,0,0.622579104794707,1
20221010,"Gijon","Hard",FALSE,"Sebastian Korda","Arthur Rinderknech",1572.42939580549,1521.08992792684,1,51.3394678786474,3,3,0.576081412479727,1
20231113,"Tour Finals","Hard",FALSE,"Daniil Medvedev","Alexander Zverev",1850.84134943516,1799.46765899406,1,51.3736904411014,3,3,0.576116440641704,1
20230828,"Us Open","Hard",TRUE,"Arthur Fils","Matteo Arnaldi",1571.22558348538,1519.83452144889,0,51.3910620364884,1,1,0.542967424077845,1
20220829,"Us Open","Hard",TRUE,"Brandon Nakashima","Pavel Kotov",1538.17474118631,1486.77044015291,1,51.4043010334001,3,3,0.619499351359661,1
20220711,"Newport","Grass",FALSE,"John Isner","Maxime Cressy",1559.4191190981,1507.96197507717,0,51.4571440209297,3,3,0.576201855512433,1
20220304,"Davis Cup QLS R1: AUS vs HUN","Hard",FALSE,"Alex De Minaur","Marton Fucsovics",1541.36070389582,1489.8924529785,1,51.468250917314,3,3,0.576213223095215,1
20221003,"Astana","Hard",FALSE,"Hubert Hurkacz","Alexander Bublik",1628.60228467572,1577.09170248707,1,51.5105821886557,3,3,0.576256547170594,1
20220620,"Eastbourne","Grass",FALSE,"Adrian Mannarino","Daniel Evans",1520.26247067199,1468.70886711844,0,51.553603553541,3,2,0.618553395470716,1
20220829,"Us Open","Hard",TRUE,"Alex De Minaur","Filip Krajinovic",1620.51874677883,1568.90219194323,1,51.6165548356039,3,3,0.619884603204141,1
20220523,"Roland Garros","Clay",TRUE,"Mikael Ymer","James Duckworth",1496.43727445114,1444.79489480153,1,51.6423796496097,3,3,0.619931466310415,1
20230220,"Doha","Hard",FALSE,"Botic Van De Zandschulp","Ilya Ivashka",1564.06948148964,1512.38749267087,1,51.6819888187688,3,2,0.618680348088101,1
20230626,"Mallorca","Grass",FALSE,"Christopher Eubanks","Ben Shelton",1524.25559300968,1472.31050801746,1,51.9450849922157,3,3,0.576701172574055,1
20220711,"Bastad","Clay",FALSE,"Sebastian Baez","Alejandro Davidovich Fokina",1569.07673490573,1517.02252073969,1,52.0542141660421,3,3,0.576812824640762,1
20230612,"Stuttgart","Grass",FALSE,"Jiri Lehecka","Marcos Giron",1590.52157063285,1538.26532966746,1,52.256240965389,3,3,0.577019501265195,1
20230828,"Us Open","Hard",TRUE,"Dusan Lajovic","Yibing Wu",1550.75878335503,1498.45871690896,0,52.3000664460756,1,2,0.500871953083881,1
20220207,"Buenos Aires","Clay",FALSE,"Diego Schwartzman","Francisco Cerundolo",1540.31373922696,1487.94775404576,1,52.3659851811997,1,3,0.41201725799968,0
20220307,"Indian Wells Masters","Hard",FALSE,"Maxime Cressy","Christopher Eubanks",1537.35486360554,1484.97337399223,0,52.3814896133129,3,3,0.57714761908985,1
20220207,"Dallas","Hard",FALSE,"Adrian Mannarino","Yoshihito Nishioka",1526.33313753309,1473.84915042011,1,52.483987112978,3,1,0.659960833942558,1
20220916,"Davis Cup WG1 R1: SVK vs ROU","Clay",FALSE,"Nicholas David Ionel","Norbert Gombos",1487.19526994974,1434.6806999632,1,52.5145699865416,1,1,0.499151388946962,0
20231016,"Tokyo","Hard",FALSE,"Alex De Minaur","Jack Draper",1703.78712786825,1651.23002514023,1,52.5571027280243,3,3,0.577327237644385,1
20230920,"Zhuhai","Hard",FALSE,"Rinky Hijikata","Alexandre Muller",1547.41907151411,1494.83577175618,0,52.5832997579319,3,3,0.577354030433159,1
20220926,"Tel Aviv","Hard",FALSE,"Aslan Karatsev","Tomas Martin Etcheverry",1425.09922081457,1372.41341454837,0,52.6858062662013,3,1,0.660150632952337,1
20220304,"Davis Cup QLS R1: USA vs COL","Hard",FALSE,"Tommy Paul","Nicolas Mejia",1552.72160105057,1500,1,52.7216010505731,3,1,0.660184290468819,1
20221010,"Florence","Hard",FALSE,"Felix Auger Aliassime","Brandon Nakashima",1667.65963563467,1614.9318898266,1,52.7277458080678,3,3,0.57750175322117,1
20230619,"Queen's Club","Grass",FALSE,"Frances Tiafoe","Sebastian Korda",1722.85149901467,1670.10852562343,0,52.742973391239,3,3,0.57751732543263,1
20220131,"Pune","Hard",FALSE,"Yuki Bhambri","Stefano Travaglia",1515,1462.18969627285,0,52.8103037271524,3,0,0.69852732963211,1
20220926,"Tel Aviv","Hard",FALSE,"Roman Safiullin","Hugo Grenier",1529.10129084649,1476.23430992064,1,52.866980925854,3,3,0.577644133747211,1
20230814,"Cincinnati Masters","Hard",FALSE,"Cameron Norrie","Gael Monfils",1631.66199562214,1578.68905298656,0,52.9729426355864,3,2,0.619955992433553,1
20231016,"Tokyo","Hard",FALSE,"Tommy Paul","Ben Shelton",1675.5741046605,1622.55556435049,0,53.0185403100127,3,3,0.577799102286036,1
20230320,"Miami Masters","Hard",FALSE,"J J Wolf","Alexander Bublik",1551.59745209197,1498.55566308562,1,53.0417890063488,3,3,0.577822872580947,1
20230102,"United Cup","Hard",FALSE,"Adrian Mannarino","Borna Gojo",1530.14304447927,1477.0981332673,0,53.0449112119716,3,2,0.620027058976321,1
20230102,"Pune","Hard",FALSE,"Marco Cecchinato","Tallon Griekspoor",1477.6793146385,1424.60260776737,0,53.0767068711348,1,3,0.412739090303562,0
20220815,"Cincinnati Masters","Hard",FALSE,"Ben Shelton","Lorenzo Sonego",1503.95842437601,1450.58678791227,1,53.3716364637423,3,3,0.578160081475254,1
20230529,"Roland Garros","Clay",TRUE,"Emil Ruusuvuori","Gregoire Barrere",1600.12169132025,1546.74544172537,1,53.3762495948863,3,1,0.701452886546936,1
20220321,"Miami Masters","Hard",FALSE,"Francisco Cerundolo","Frances Tiafoe",1551.18357282257,1497.71633447691,1,53.4672383456611,3,3,0.57825780336446,1
20230529,"Roland Garros","Clay",TRUE,"Nuno Borges","Diego Schwartzman",1483.23751248008,1429.76670799055,0,53.4708044895306,2,1,0.627529547281748,1
20220829,"Us Open","Hard",TRUE,"Felix Auger Aliassime","Jack Draper",1638.50675340305,1584.88618849116,0,53.620564911889,3,3,0.623514486742228,1
20230916,"Davis Cup Finals RR: AUS vs SUI","Hard",FALSE,"Dominic Stricker","Thanasi Kokkinakis",1570.55519209482,1516.92943331081,0,53.6257587840132,1,1,0.500315704733411,1
20220425,"Munich","Clay",FALSE,"Alejandro Tabilo","Cristian Garin",1526.16289982461,1472.389629208,1,53.773270616605,3,3,0.578570580771072,1
20231106,"Sofia","Hard",FALSE,"Fabian Marozsan","Zsombor Piros",1560.19422836973,1506.35396548272,1,53.8402628870072,1,2,0.4566973236001,0
20220613,"Queen's Club","Grass",FALSE,"Botic Van De Zandschulp","Alejandro Davidovich Fokina",1563.76520300043,1509.90383907707,1,53.8613639233661,3,3,0.578660604033517,1
20220221,"Santiago","Clay",FALSE,"Matheus Pucinelli De Almeida","Holger Rune",1500,1446.12215103668,1,53.8778489633153,1,3,0.41355320641406,0
20220725,"Kitzbuhel","Clay",FALSE,"Filip Misolic","Pablo Andujar",1515,1461.05731630671,1,53.9426836932901,1,1,0.500647782046695,1
20230109,"Auckland","Hard",FALSE,"Ben Shelton","Sebastian Baez",1493.76859626423,1439.78335982011,1,53.9852364441172,3,3,0.578787181516855,1
20230724,"Atlanta","Hard",FALSE,"Daniel Evans","Dominik Koepfer",1477.16281906214,1423.14402955356,0,54.0187895085755,2,2,0.540020129244705,1
20220221,"Acapulco","Hard",FALSE,"Cameron Norrie","John Isner",1537.28861481546,1483.20934822274,1,54.0792665927283,3,3,0.578883258057644,1
20230403,"Marrakech","Clay",FALSE,"Younes Lalami Laaroussi","Alexei Popyrin",1500,1445.90001448347,0,54.0999855165264,0,1,0.41822341203747,0
20230227,"Acapulco","Hard",FALSE,"Jacopo Berrettini","Oscar Otte",1492.40992624033,1438.2497319684,1,54.1601942719353,2,3,0.496302259815709,0
20220523,"Roland Garros","Clay",TRUE,"Alex Molcan","Federico Coria",1571.01180048908,1516.8474284391,1,54.1643720499726,3,1,0.70272243988089,1
20230612,"s Hertogenbosch","Grass",FALSE,"Rinky Hijikata","Marc Andrea Huesler",1491.60033644745,1437.33064295347,1,54.2696934939781,3,2,0.621235699059576,1
20220304,"Davis Cup QLS R1: AUS vs HUN","Hard",FALSE,"Thanasi Kokkinakis","Zsombor Piros",1554.27708889993,1500,1,54.2770888999255,1,2,0.457151637848076,0
20230916,"Davis Cup WG2 R1: URU vs EGY","Clay",FALSE,"Mohamed Safwat","Ignacio Carou",1525.13267618848,1470.80371793445,1,54.3289582540322,1,0,0.544883276834683,1
20220815,"Cincinnati Masters","Hard",FALSE,"Roberto Bautista Agut","Francisco Cerundolo",1646.84536327989,1592.47949681575,1,54.3658664641359,3,3,0.579176058365283,1
20230204,"Davis Cup QLS R1: BEL vs KOR","Hard",FALSE,"David Goffin","Seong Chan Hong",1513.44480399252,1459.0109173976,1,54.4338865949221,3,0,0.699958400254894,1
20230731,"Kitzbuhel","Clay",FALSE,"Thiago Seyboth Wild","Dennis Novak",1500.42950884277,1445.94093351884,1,54.4885753239346,1,0,0.545049172788253,1
20230227,"Santiago","Clay",FALSE,"Dominic Thiem","Cristian Garin",1527.6804522172,1473.02712223865,0,54.6533299785508,1,3,0.414341696215712,0
20231016,"Tokyo","Hard",FALSE,"Ben Shelton","Jordan Thompson",1609.89903616943,1555.17045676441,1,54.7285794050224,3,3,0.579546538545755,1
20230626,"Eastbourne","Grass",FALSE,"Mackenzie Mcdonald","Marco Cecchinato",1564.08597944556,1509.30838166398,1,54.77759778158,3,1,0.662114802695666,1
20230109,"Auckland","Hard",FALSE,"Alexander Bublik","David Goffin",1550.8534092182,1496.0461371444,0,54.80727207379,3,3,0.579626904548359,1
20220620,"Eastbourne","Grass",FALSE,"Alex De Minaur","Tommy Paul",1577.98000076048,1523.03243545882,1,54.9475653016564,3,3,0.57977017052099,1
20220829,"Us Open","Hard",TRUE,"Casper Ruud","Matteo Berrettini",1687.85913427846,1632.89824168647,1,54.9608925919817,1,3,0.462115923942575,0
20231030,"Paris Masters","Hard",FALSE,"Gael Monfils","Francisco Cerundolo",1667.96891132326,1612.96640072094,0,55.0025106023152,2,3,0.497184811070133,0
20230203,"Davis Cup QLS R1: FRA vs HUN","Hard",FALSE,"Fabian Marozsan","Ugo Humbert",1500,1444.5929134251,0,55.4070865748956,1,2,0.458327203624964,0
20220304,"Davis Cup QLS R1: GER vs BRA","Clay",FALSE,"Alexander Zverev","Thiago Monteiro",1559.91451947108,1504.45851101446,1,55.4560084566192,3,1,0.662750628196668,1
20220214,"Delray Beach","Hard",FALSE,"Adrian Mannarino","Liam Broady",1538.60744513222,1483.05268399849,1,55.5547611337374,3,0,0.700944101660935,1
20230508,"Rome Masters","Clay",FALSE,"Yannick Hanfmann","Marco Cecchinato",1596.6407021054,1541.04168419233,1,55.599017913074,1,1,0.502383290764093,1
20220425,"Estoril","Clay",FALSE,"Albert Ramos","Jordan Thompson",1527.71209644956,1472.07004638206,1,55.6420500675051,1,3,0.415347638608821,0
20220926,"Sofia","Hard",FALSE,"Alexandar Lazarov","Jiri Lehecka",1515,1459.20962607278,1,55.7903739272197,1,3,0.415498607183888,0
20231106,"Metz","Hard",FALSE,"Yannick Hanfmann","Gregoire Barrere",1546.00547313548,1490.11401646225,0,55.8914566732387,1,1,0.502689703628465,1
20230417,"Barcelona","Clay",FALSE,"Alejandro Davidovich Fokina","Tomas Martin Etcheverry",1571.38121086724,1515.40598963188,1,55.9752212353542,3,1,0.663236851707134,1
20220613,"Queen's Club","Grass",FALSE,"Marin Cilic","Filip Krajinovic",1627.19080866602,1571.17364264358,0,56.0171660224391,3,3,0.580861992084591,1
20220221,"Dubai","Hard",FALSE,"Alex Molcan","Lloyd Harris",1497.82486621458,1441.80302668496,1,56.0218395296172,3,3,0.580866760954479,1
20230529,"Roland Garros","Clay",TRUE,"Jack Draper","Tomas Martin Etcheverry",1634.66870655887,1578.64343027658,0,56.0252762822918,3,1,0.705707688550647,1
20230220,"Marseille","Hard",FALSE,"Arthur Fils","Benjamin Bonzi",1529.184852526,1473.1281129491,0,56.056739576896,1,3,0.415769762117093,0
20220516,"Lyon","Clay",FALSE,"Karen Khachanov","Gilles Simon",1526.66158037263,1470.55803900916,1,56.1035413634684,3,3,0.580950127469279,1
20230102,"Adelaide 1","Hard",FALSE,"Karen Khachanov","Jack Draper",1643.22488577503,1587.10091336046,1,56.1239724145778,3,3,0.580970974082374,1
20220321,"Miami Masters","Hard",FALSE,"Francisco Cerundolo","Tallon Griekspoor",1538.58739779817,1482.42498958118,1,56.1624082169928,3,3,0.581010190874962,1
20220131,"Pune","Hard",FALSE,"Prajnesh Gunneswaran","Daniel Altmaier",1500,1443.82504673211,0,56.1749532678873,2,1,0.585469680619,1
20220110,"Sydney","Hard",FALSE,"Maxime Cressy","Adrian Mannarino",1541.2126008182,1485,1,56.2126008181986,3,3,0.581061401815588,1
20231106,"Sofia","Hard",FALSE,"Sebastian Baez","Pavel Kotov",1596.29011080831,1540.01513351781,0,56.2749772904997,3,3,0.581125041387363,1
20220307,"Indian Wells Masters","Hard",FALSE,"Daniil Medvedev","Gael Monfils",1614.12950315673,1557.80072061037,0,56.3287825463592,3,2,0.623264254894749,1
20220919,"Metz","Hard",FALSE,"David Goffin","Gilles Simon",1527.17648248323,1470.83010339207,0,56.3463790911587,3,3,0.581197885733266,1
20220418,"Belgrade ","Clay",FALSE,"Fabio Fognini","Marco Cecchinato",1510.95811102408,1454.50203522125,1,56.4560758028288,1,1,0.503281297007053,1
20220307,"Indian Wells Masters","Hard",FALSE,"Alexander Bublik","Grigor Dimitrov",1573.38129192307,1516.92438251223,0,56.4569094108363,3,3,0.581310642137013,1
20230116,"Australian Open","Hard",TRUE,"Arthur Rinderknech","Yosuke Watanuki",1543.05615326251,1486.55885287695,0,56.497300385556,3,3,0.628700911981619,1
20220411,"Monte Carlo Masters","Clay",FALSE,"Albert Ramos","Tallon Griekspoor",1511.97470984342,1455.45627487112,1,56.5184349722931,1,3,0.416239879569952,0
20220307,"Indian Wells Masters","Hard",FALSE,"Richard Gasquet","Oscar Otte",1515.66224258056,1458.84323465244,0,56.8190079281117,3,3,0.581679973775415,1
20220606,"s Hertogenbosch","Grass",FALSE,"Emil Ruusuvuori","Ilya Ivashka",1527.79030389061,1470.74433220757,0,57.0459716830405,3,2,0.623969799996308,1
20230717,"Bastad","Clay",FALSE,"Alexander Shevchenko","Juan Manuel Cerundolo",1498.46199090815,1441.19179243337,1,57.2701984747816,1,0,0.547938579841307,1
20230522,"Lyon","Clay",FALSE,"Pablo Llamas Ruiz","Max Purcell",1491.38737927567,1433.99185995803,1,57.3955193176398,1,0,0.548068682127775,1
20220131,"Cordoba","Clay",FALSE,"Diego Schwartzman","Alejandro Tabilo",1543.89711427971,1486.4796902219,0,57.4174240578186,1,3,0.417155704247963,0
20220110,"Sydney","Hard",FALSE,"Andy Murray","Viktor Durasovic",1514.43626178203,1456.96432774171,1,57.4719340403212,3,1,0.664636532535403,1
20231023,"Basel","Hard",FALSE,"Holger Rune","Sebastian Baez",1677.81961535536,1620.34269759246,1,57.4769177629023,3,3,0.582350791159975,1
20220606,"Stuttgart","Grass",FALSE,"Arthur Rinderknech","Ugo Humbert",1478.27076607561,1420.74989225207,1,57.5208738235328,3,2,0.624436702681735,1
20230626,"Eastbourne","Grass",FALSE,"Miomir Kecmanovic","Aleksandar Vukic",1514.11655123241,1456.54758586387,1,57.5689653685388,3,2,0.624483971271214,1
20230529,"Roland Garros","Clay",TRUE,"Marcos Giron","Hamad Medjedovic",1525.72968327891,1468.12736993199,1,57.6023133469234,3,2,0.670614493130584,1
20230724,"Hamburg","Clay",FALSE,"Alexandre Muller","Luca Van Assche",1530.61899669379,1472.86341485056,0,57.7555818432286,3,1,0.66490146646504,1
20220627,"Wimbledon","Grass",TRUE,"David Goffin","Frances Tiafoe",1562.46617781918,1504.67543041958,1,57.7907473996038,3,3,0.631023298541542,1
20220117,"Australian Open","Hard",TRUE,"Jannik Sinner","Stefanos Tsitsipas",1556.73264966881,1498.84469848681,0,57.8879511820014,3,3,0.631197584661683,1
20230814,"Cincinnati Masters","Hard",FALSE,"Sebastian Korda","Borna Coric",1632.58510673347,1574.67311186848,0,57.9119948649877,3,1,0.665047515605353,1
20220131,"Montpellier","Hard",FALSE,"Gael Monfils","Mikael Ymer",1575.27823086157,1517.36267858454,0,57.9155522770234,2,3,0.500237100506196,1
20221017,"Naples","Hard",FALSE,"Pedro Cachin","Taro Daniel",1496.91806643498,1438.97708355487,0,57.940982880109,1,1,0.504837096240579,1
20221017,"Antwerp","Hard",FALSE,"Richard Gasquet","Dominic Stricker",1582.37268768875,1524.41318734526,1,57.9595003434879,3,1,0.665091867129096,1
20220822,"Winston-Salem","Hard",FALSE,"Steve Johnson","Pedro Martinez",1551.82140882215,1493.85748106608,1,57.9639277560739,3,3,0.582847159761419,1
20220117,"Australian Open","Hard",TRUE,"Hubert Hurkacz","Adrian Mannarino",1530.56253204912,1472.40593626362,0,58.1565957854982,3,3,0.631679085553108,1
20230403,"Houston","Clay",FALSE,"Aleksandar Vukic","Denis Kudla",1474.0374713555,1415.82719888077,0,58.2102724747356,2,0,0.629391302386242,1
20220815,"Cincinnati Masters","Hard",FALSE,"Lorenzo Musetti","Borna Coric",1555.65916450906,1497.27395768849,0,58.3852068205642,3,1,0.665489180158948,1
20231016,"Stockholm","Hard",FALSE,"Daniel Evans","Filip Misolic",1572.44397513529,1513.93156451088,0,58.512410624415,2,1,0.587845320903634,1
20220207,"Rotterdam","Hard",FALSE,"Mikael Ymer","Lorenzo Musetti",1535.42461999511,1476.89706499974,0,58.5275549953651,3,3,0.583421408323267,1
20230703,"Wimbledon","Grass",TRUE,"John Isner","Jaume Munar",1507.05965293488,1448.51291588492,0,58.5467370499525,3,1,0.709724568906926,1
20220502,"Madrid Masters","Clay",FALSE,"Andy Murray","Dominic Thiem",1527.78848475475,1469.15938604635,1,58.6290987084001,3,1,0.665716699471807,1
20220718,"Hamburg","Clay",FALSE,"Diego Schwartzman","Emil Ruusuvuori",1566.80728791008,1508.17815310568,0,58.6291348043997,1,3,0.418391010857013,0
20220509,"Rome Masters","Clay",FALSE,"Daniel Evans","Nikoloz Basilashvili",1509.92649954648,1451.29671997007,0,58.6297795764087,2,3,0.500985474981715,1
20220711,"Newport","Grass",FALSE,"Adrian Mannarino","Max Purcell",1504.07521208664,1445.39415912024,0,58.681052966399,3,0,0.703683532447076,1
20230424,"Madrid Masters","Clay",FALSE,"Lorenzo Sonego","Jan Lennard Struff",1560.36672542532,1501.64223760775,0,58.7244878175727,3,1,0.665805664104482,1
20220613,"Queen's Club","Grass",FALSE,"Francisco Cerundolo","Ryan Peniston",1545.23344618983,1486.36793073947,0,58.8655154503658,3,0,0.703844714270454,1
20220117,"Australian Open","Hard",TRUE,"Alexander Zverev","Daniel Altmaier",1528.8791854224,1470,1,58.8791854223975,3,1,0.710251760974097,1
20230508,"Rome Masters","Clay",FALSE,"Botic Van De Zandschulp","Laslo Djere",1585.98411764411,1527.06138441727,0,58.9227332268388,3,1,0.665990519912239,1
20230220,"Marseille","Hard",FALSE,"Maxime Cressy","Benjamin Bonzi",1585.77015918591,1526.78799472695,0,58.9821644589533,3,3,0.583884419917759,1
20230206,"Montpellier","Hard",FALSE,"Filip Krajinovic","Lorenzo Sonego",1563.65282553804,1504.61343222354,0,59.039393314504,3,3,0.583942696010668,1
20220523,"Roland Garros","Clay",TRUE,"Carlos Taberner","Borna Coric",1497.8358212903,1438.78561181376,0,59.050209476532,1,1,0.557564112989333,1
20230914,"Davis Cup Finals RR: NED vs USA","Hard",FALSE,"Frances Tiafoe","Tallon Griekspoor",1668.82018149857,1609.7243874523,0,59.0957940462749,3,3,0.584000126529888,1
20220214,"Rio de Janeiro","Clay",FALSE,"Diego Schwartzman","Francisco Cerundolo",1578.65094948102,1519.36950667296,1,59.2814428080612,1,3,0.419056446476374,0
20230522,"Geneva","Clay",FALSE,"Tallon Griekspoor","Stefano Travaglia",1525.54258046568,1466.18033838005,1,59.362242085635,3,0,0.704278497348954,1
20220916,"Davis Cup WG1 R1: AUT vs PAK","Clay",FALSE,"Filip Misolic","Muzammil Murtaza",1543.47570646172,1484.0949841786,1,59.3807222831183,1,0,0.550128739968109,1
20231030,"Paris Masters","Hard",FALSE,"Grigor Dimitrov","Stefanos Tsitsipas",1769.72415835523,1710.2968621868,1,59.4272961684258,3,3,0.584337635206085,1
20230417,"Banja Luka","Clay",FALSE,"Dusan Lajovic","Gregoire Barrere",1586.98592334304,1527.49908121469,1,59.4868421283468,1,1,0.506456657659017,1
20230403,"Marrakech","Clay",FALSE,"Riccardo Bonadio","Christopher Oconnell",1499.55397421228,1439.96189930035,0,59.5920749119282,1,3,0.419373433695447,0
20220214,"Marseille","Hard",FALSE,"Zizou Bergs","Holger Rune",1500,1440.40390407001,0,59.5960959299853,1,3,0.419377537415007,0
20220117,"Australian Open","Hard",TRUE,"Gael Monfils","Alexander Bublik",1543.44200212943,1483.83330400815,1,59.6086981212759,2,3,0.554109559972279,1
20220418,"Barcelona","Clay",FALSE,"Tommy Robredo","Bernabe Zapata Miralles",1500,1440.38762811912,0,59.6123718808819,0,1,0.423855240630553,0
20230306,"Indian Wells Masters","Hard",FALSE,"Roberto Bautista Agut","Emil Ruusuvuori",1598.56403232896,1538.92432198605,0,59.6397103429076,3,3,0.584553856600155,1
20231106,"Sofia","Hard",FALSE,"Pavel Kotov","Alexandar Lazarov",1557.42369343215,1497.64951849631,1,59.7741749358402,3,1,0.66678387454722,1
20230213,"Delray Beach","Hard",FALSE,"Aleksandar Kovacevic","Michael Mmoh",1531.62359207157,1471.80874189736,0,59.8148501742055,2,3,0.502227192386685,1
20220321,"Miami Masters","Hard",FALSE,"Aljaz Bedene","Ugo Humbert",1486.35491994305,1426.49059812341,0,59.8643218196478,0,2,0.381846394900575,0
20230102,"United Cup","Hard",FALSE,"Alex De Minaur","Cameron Norrie",1677.77151356755,1617.88348758614,0,59.888025981407,3,3,0.5848065816673,1
20230417,"Barcelona","Clay",FALSE,"Jozef Kovalik","Pedro Martinez",1461.54100989281,1401.61577712375,1,59.9252327690604,1,3,0.419713481477925,0
20230417,"Banja Luka","Clay",FALSE,"Miomir Kecmanovic","Abedallah Shelbayh",1563.06925153081,1503.11758521005,1,59.9516663207555,3,1,0.66694913834114,1
20230203,"Davis Cup QLS R1: USA vs UZB","Hard",FALSE,"Mackenzie Mcdonald","Sergey Fomin",1561.87394799634,1501.84382765762,1,60.0301203387187,3,2,0.626899826005069,1
20220502,"Madrid Masters","Clay",FALSE,"Cameron Norrie","John Isner",1594.08624630426,1534.01563400143,1,60.0706123028365,3,3,0.584992381786298,1
20220829,"Us Open","Hard",TRUE,"Borna Coric","Jenson Brooksby",1595.0721379198,1534.93993818401,0,60.1321997357884,1,3,0.472029175920937,0
20230717,"Newport","Grass",FALSE,"Liam Broady","Shintaro Mochizuki",1498.58662953243,1438.36426341557,1,60.2223661168537,0,2,0.382200671145919,0
20230717,"Newport","Grass",FALSE,"Alex Michelsen","James Duckworth",1520.16745866642,1459.94442393216,1,60.22303473426,3,3,0.585147468578164,1
20221010,"Florence","Hard",FALSE,"Lorenzo Musetti","Bernabe Zapata Miralles",1550.71569786829,1490.48926492986,1,60.2264329384345,3,1,0.66720489499991,1
20230102,"United Cup","Hard",FALSE,"Stefanos Sakellaridis","Zizou Bergs",1474.78736507556,1414.50100402088,1,60.2863610546785,2,1,0.589645527973464,1
20220523,"Roland Garros","Clay",TRUE,"Casper Ruud","Hubert Hurkacz",1684.57639332923,1624.27175713612,1,60.3046361931088,1,3,0.472360155990553,0
20230522,"Geneva","Clay",FALSE,"Adrian Mannarino","Ilya Ivashka",1549.68192858022,1489.35451368364,0,60.3274148965825,3,2,0.627191223007893,1
20231002,"Shanghai Masters","Hard",FALSE,"Yu Hsiou Hsu","Max Purcell",1521.0506346422,1460.67148898676,1,60.3791456554404,2,0,0.631509176976011,1
20220926,"Sofia","Hard",FALSE,"Lorenzo Musetti","Jan Lennard Struff",1534.50590885136,1474.04901155537,1,60.456897295986,3,1,0.667419338553175,1
20230703,"Wimbledon","Grass",TRUE,"Miomir Kecmanovic","Diego Schwartzman",1528.75781472307,1468.26736766402,0,60.4904470590502,3,1,0.712798825367452,1
20230424,"Madrid Masters","Clay",FALSE,"Zhizhen Zhang","Aslan Karatsev",1526.32100149089,1465.76855249144,0,60.5524489994459,1,3,0.420353875621725,0
20230731,"Washington","Hard",FALSE,"Thanasi Kokkinakis","Ugo Humbert",1569.08765270657,1508.52666286394,0,60.5609898426296,1,2,0.463694633580373,0
20230102,"United Cup","Hard",FALSE,"Marc Andrea Huesler","Daniel Michalski",1544.41919416506,1483.76940286679,1,60.6497912982727,2,0,0.631773105176387,1
20231106,"Sofia","Hard",FALSE,"Sebastian Ofner","Vitaliy Sachko",1529.72419100349,1468.84420919537,1,60.8799818081154,1,0,0.551683396420677,1
20230717,"Newport","Grass",FALSE,"Rinky Hijikata","Abedallah Shelbayh",1520.3914985545,1459.32363074524,1,61.0678678092534,3,1,0.667987501472047,1
20220523,"Roland Garros","Clay",TRUE,"Kamil Majchrzak","Brandon Nakashima",1536.67960623331,1475.60764828516,0,61.0719579481499,3,3,0.636887349566852,1
20220606,"Stuttgart","Grass",FALSE,"Matteo Berrettini","Radu Albot",1568.39380545469,1507.27584159648,1,61.1179638582144,3,1,0.668034065888759,1
20221010,"Gijon","Hard",FALSE,"Roberto Bautista Agut","Sebastian Korda",1660.62994865433,1599.50624974492,0,61.1236989094091,3,3,0.586063531110248,1
20230717,"Bastad","Clay",FALSE,"Tomas Martin Etcheverry","Sebastian Ofner",1574.78462942208,1513.39219270428,0,61.3924367177949,1,1,0.508452915487351,1
20230204,"Davis Cup QLS R1: CRO vs AUT","Hard",FALSE,"Dominic Thiem","Borna Gojo",1583.82285071351,1522.29103986556,0,61.5318108479482,1,2,0.464706656109818,0
20220404,"Marrakech","Clay",FALSE,"Jiri Vesely","Malek Jaziri",1515.55231022445,1454.00539628031,0,61.5469139441443,2,0,0.632647396284254,1
20220523,"Roland Garros","Clay",TRUE,"Karen Khachanov","Nuno Borges",1563.42595466887,1501.81721842722,1,61.6087362416565,3,2,0.677393991167671,1
20220502,"Madrid Masters","Clay",FALSE,"Borna Coric","Dusan Lajovic",1478.73063450176,1416.98772679615,0,61.7429077056079,1,1,0.508820033514679,1
20230102,"Adelaide 1","Hard",FALSE,"Mikael Ymer","Roman Safiullin",1586.1979654294,1524.44577716762,0,61.7521882617823,3,3,0.586702413413327,1
20220131,"Pune","Hard",FALSE,"Emil Ruusuvuori","Jiri Vesely",1517.951455048,1456.15872980474,1,61.7927252432569,3,2,0.628626112588258,1
20230206,"Montpellier","Hard",FALSE,"Gregoire Barrere","Nikoloz Basilashvili",1485.45607999086,1423.60618708123,1,61.8498929096363,1,3,0.421679428000303,0
20220916,"Davis Cup WG1 R1: CZE vs ISR","Hard",FALSE,"Daniel Cukierman","Jiri Lehecka",1500,1438.14954250747,0,61.8504574925264,2,3,0.50436002980271,1
20230508,"Rome Masters","Clay",FALSE,"Alex Molcan","Stefano Napolitano",1561.97209530283,1500,1,61.9720953028307,3,0,0.706551568266791,1
20231002,"Shanghai Masters","Hard",FALSE,"Andrey Rublev","Hubert Hurkacz",1782.64933179218,1720.60267986927,0,62.0466519229128,3,3,0.587001646194673,1
20220516,"Geneva","Clay",FALSE,"Casper Ruud","Thanasi Kokkinakis",1635.9325703673,1573.84573189241,1,62.0868384748919,1,1,0.509180291423792,1
20230626,"Eastbourne","Grass",FALSE,"Emil Ruusuvuori","Gregoire Barrere",1624.19904120445,1561.99712347049,0,62.2019177339573,3,1,0.669040798215077,1
20230220,"Doha","Hard",FALSE,"Alexander Zverev","Andy Murray",1635.69647002314,1573.4298884797,0,62.2665815434464,3,3,0.587225095880787,1
20230102,"Adelaide 1","Hard",FALSE,"Yoshihito Nishioka","Mackenzie Mcdonald",1590.08348319199,1527.7649749664,1,62.3185082255907,1,3,0.422158474254601,0
20230828,"Us Open","Hard",TRUE,"Thanasi Kokkinakis","Yu Hsiou Hsu",1544.84955891382,1482.47489345523,0,62.3746654585846,1,2,0.520258354651719,1
20230320,"Miami Masters","Hard",FALSE,"Gael Monfils","Ugo Humbert",1557.47954706086,1495.0982115988,0,62.3813354620593,2,2,0.548713283563049,1
20220718,"Gstaad","Clay",FALSE,"Elias Ymer","Pedro Martinez",1536.94015319735,1474.4771399775,0,62.4630132198499,1,3,0.422306225388243,0
20230920,"Chengdu","Hard",FALSE,"Jordan Thompson","Max Purcell",1535.47085727113,1473.00323511748,1,62.4676221536463,3,0,0.706981995430969,1
20220411,"Monte Carlo Masters","Clay",FALSE,"David Goffin","Alejandro Davidovich Fokina",1561.19584299111,1498.66787416565,0,62.5279688254554,3,3,0.587490620042251,1
20220718,"Hamburg","Clay",FALSE,"Tallon Griekspoor","Borna Coric",1508.45592661912,1445.82362087343,0,62.6323057456837,3,1,0.669440096960055,1
20230619,"Halle","Grass",FALSE,"Tallon Griekspoor","Roberto Carballes Baena",1614.15248313432,1551.51084694529,1,62.6416361890351,3,1,0.669448750713928,1
20220801,"Washington","Hard",FALSE,"Sebastian Korda","Mikael Ymer",1581.35441904329,1518.52276271641,0,62.8316563268797,3,3,0.587799049966325,1
20230703,"Wimbledon","Grass",TRUE,"Marcos Giron","Hugo Dellien",1491.22261676709,1428.32594061768,1,62.8966761494137,3,1,0.716577560179639,1
20220214,"Marseille","Hard",FALSE,"Andrey Rublev","Benjamin Bonzi",1587.86177517377,1524.87883933581,1,62.9829358379604,3,3,0.587952666171458,1
20230828,"Us Open","Hard",TRUE,"Jack Draper","Michael Mmoh",1620.16790819763,1557.18437429912,1,62.9835338985072,3,3,0.640285098685116,1
20231002,"Shanghai Masters","Hard",FALSE,"Andrey Rublev","Adrian Mannarino",1764.99868135854,1702.00734335824,1,62.9913380003029,3,3,0.587961197613371,1
20230417,"Munich","Clay",FALSE,"Aslan Karatsev","Daniel Altmaier",1391.06125837241,1327.93834407312,1,63.1229142992963,3,1,0.669894968548634,1
20230731,"Washington","Hard",FALSE,"Mackenzie Mcdonald","Diego Schwartzman",1549.06081729329,1485.85287821307,1,63.207939080221,3,1,0.669973767661147,1
20220801,"Los Cabos","Hard",FALSE,"Daniil Medvedev","Miomir Kecmanovic",1667.27903782659,1604.03860139471,1,63.2404364318738,3,3,0.588214104757067,1
20220801,"Los Cabos","Hard",FALSE,"Ricardas Berankis","Facundo Bagnis",1494.3831677845,1431.05039033763,1,63.3327774468783,3,1,0.670089447839106,1
20220221,"Dubai","Hard",FALSE,"Andrey Rublev","Hubert Hurkacz",1634.46146201082,1571.12753821124,1,63.3339237995776,3,3,0.588309009530891,1
20231023,"Vienna","Hard",FALSE,"Francisco Cerundolo","Lorenzo Sonego",1630.67238467504,1567.30186839903,0,63.37051627601,3,3,0.588346155015077,1
20230227,"Dubai","Hard",FALSE,"Tallon Griekspoor","Constant Lestienne",1586.94499912895,1523.51832135902,1,63.4266777699338,3,0,0.707814004253978,1
20230306,"Indian Wells Masters","Hard",FALSE,"Taro Daniel","Roberto Carballes Baena",1516.91218623691,1453.43779330239,1,63.4743929345179,1,1,0.510633615434862,1
20230102,"United Cup","Hard",FALSE,"Stefanos Tsitsipas","Borna Coric",1730.38819339066,1666.86592009221,1,63.522273298453,3,1,0.670265002857077,1
20220321,"Miami Masters","Hard",FALSE,"Alex De Minaur","Jordan Thompson",1564.21652391958,1500.63642543492,1,63.5800984846671,3,3,0.588558885152844,1
20220627,"Wimbledon","Grass",TRUE,"Jenson Brooksby","Mikhail Kukushkin",1510.03859811972,1446.32594903249,1,63.7126490872245,3,0,0.752061956095407,1
20230925,"Astana","Hard",FALSE,"Dominic Thiem","Sebastian Ofner",1573.47560016198,1509.70513144815,0,63.7704687138346,1,1,0.510943702658107,1
20220822,"Winston-Salem","Hard",FALSE,"Richard Gasquet","Laslo Djere",1560.96892461359,1497.19417584709,0,63.7747487665033,3,1,0.670498830437276,1
20220725,"Kitzbuhel","Clay",FALSE,"Cristian Garin","Federico Coria",1539.86336569272,1476.05150017756,0,63.8118655151641,3,1,0.670533198625149,1
20230227,"Acapulco","Hard",FALSE,"Taylor Fritz","Tommy Paul",1760.0904984386,1696.24636556493,0,63.8441328736662,3,3,0.588826838225697,1
20220711,"Newport","Grass",FALSE,"Maxime Cressy","Mitchell Krueger",1540.74324286061,1476.76212430878,1,63.9811185518217,3,3,0.588965836242083,1
20220725,"Atlanta","Hard",FALSE,"Adrian Mannarino","Peter Gojowczyk",1491.72136989199,1427.67336735922,1,64.0480025327747,3,2,0.630830135137681,1
20221017,"Stockholm","Hard",FALSE,"Antoine Bellier","Alexander Shevchenko",1532.91422596567,1468.79438140768,1,64.1198445579898,2,1,0.593527501858006,1
20220613,"Halle","Grass",FALSE,"Roberto Bautista Agut","Marton Fucsovics",1595.79104709647,1531.50780015818,1,64.2832469382888,3,3,0.589272352712766,1
20220801,"Los Cabos","Hard",FALSE,"Thanasi Kokkinakis","Fernando Verdasco",1522.73988601815,1458.4402479641,1,64.2996380540485,1,1,0.511497893191873,1
20230227,"Santiago","Clay",FALSE,"Albert Ramos","Thiago Monteiro",1457.86801491742,1393.48241598689,0,64.3855989305293,1,1,0.511587916001668,1
20230320,"Miami Masters","Hard",FALSE,"Karen Khachanov","Jiri Lehecka",1691.04264528336,1626.64684218625,1,64.3958030971162,3,3,0.589386525922732,1
20231002,"Shanghai Masters","Hard",FALSE,"Tommy Paul","Arthur Fils",1633.33633153019,1568.90587606718,1,64.4304554630091,3,1,0.671105712251583,1
20220307,"Indian Wells Masters","Hard",FALSE,"Jenson Brooksby","Roberto Carballes Baena",1514.33356650495,1449.90242837362,1,64.4311381313257,3,1,0.671106343790391,1
20230213,"Delray Beach","Hard",FALSE,"J J Wolf","Adrian Mannarino",1608.17715394937,1543.73160680452,0,64.4455471448541,3,3,0.589436981556817,1
20220620,"Eastbourne","Grass",FALSE,"Diego Schwartzman","Jack Draper",1595.24722575876,1530.78635366659,0,64.460872092169,1,3,0.42435037798067,0
20230522,"Geneva","Clay",FALSE,"Casper Ruud","Nicolas Jarry",1650.27880489057,1585.5679322186,0,64.7108726719655,1,3,0.424606355285587,0
20230320,"Miami Masters","Hard",FALSE,"Alex Molcan","Jordan Thompson",1519.13866678215,1454.31875978803,1,64.819906994112,3,3,0.589816636172984,1
20220418,"Barcelona","Clay",FALSE,"Casper Ruud","Pablo Carreno Busta",1619.69206698886,1554.83864623338,0,64.8534207554776,1,3,0.424752329358652,0
20230109,"Auckland","Hard",FALSE,"Christopher Eubanks","Ugo Humbert",1487.35554728034,1422.49724076218,1,64.858306518159,3,2,0.631620698256934,1
20220613,"Halle","Grass",FALSE,"Karen Khachanov","Oscar Otte",1599.90575885318,1534.86873344035,0,65.0370254128252,3,3,0.590036776417945,1
20231002,"Shanghai Masters","Hard",FALSE,"Arthur Fils","Pavel Kotov",1556.68561097014,1491.54774934502,1,65.1378616251154,1,3,0.425043645660376,0
20231023,"Vienna","Hard",FALSE,"Gael Monfils","Frances Tiafoe",1679.05727710962,1613.79722683638,0,65.2600502732371,2,3,0.507932086061036,1
20230914,"Davis Cup Finals RR: CZE vs KOR","Hard",FALSE,"Tomas Machac","Seong Chan Hong",1500.34841100239,1435.02861073987,1,65.3198002625252,1,0,0.556281229413602,1
20220829,"Us Open","Hard",TRUE,"Yibing Wu","Nikoloz Basilashvili",1506.20425951152,1440.8495273883,1,65.3547321232172,2,3,0.565015435223054,1
20230612,"s Hertogenbosch","Grass",FALSE,"Milos Raonic","Jordan Thompson",1516.71204990874,1451.19796098599,0,65.5140889227469,2,3,0.50819820147103,1
20230927,"Beijing","Hard",FALSE,"Stefanos Tsitsipas","Nicolas Jarry",1705.55664933563,1640.01264936968,0,65.543999965955,3,3,0.590550666388776,1
20220829,"Us Open","Hard",TRUE,"Diego Schwartzman","Jack Sock",1559.80217817837,1494.21287216781,1,65.5893060105573,1,3,0.482514115663795,0
20220425,"Munich","Clay",FALSE,"Emil Ruusuvuori","Yoshihito Nishioka",1554.32267039224,1488.72744347379,1,65.595226918447,3,1,0.67218234539719,1
20220620,"Mallorca","Grass",FALSE,"Stefanos Tsitsipas","Roberto Bautista Agut",1701.23545615765,1635.61321129671,1,65.6222448609394,3,3,0.59062996100229,1
20220516,"Geneva","Clay",FALSE,"Richard Gasquet","John Millman",1528.51252087273,1462.84721865719,1,65.6653022155406,3,0,0.709750666433039,1
20230227,"Santiago","Clay",FALSE,"Laslo Djere","Sebastian Baez",1548.27460106243,1482.56621518732,0,65.7083858751025,1,3,0.425628117240517,0
20230102,"United Cup","Hard",FALSE,"Taylor Fritz","Hubert Hurkacz",1743.01203328832,1677.26480694389,1,65.7472263444238,3,3,0.590756609434615,1
20221010,"Florence","Hard",FALSE,"Daniel Elahi Galan","Roberto Carballes Baena",1537.695086218,1471.91791117645,0,65.7771750415511,3,1,0.672350362395183,1
20230417,"Munich","Clay",FALSE,"Cristian Garin","Marko Topo",1541.24448506328,1475.41399261751,1,65.830492445773,3,0,0.709893273668041,1
20220214,"Doha","Hard",FALSE,"Alexander Bublik","Jozef Kovalik",1550.89050435319,1485,1,65.8905043531904,3,1,0.672454992164636,1
20230529,"Roland Garros","Clay",TRUE,"Miomir Kecmanovic","Andrea Vavassori",1557.64133019926,1491.71396766905,0,65.9273625302078,3,0,0.75522874111933,1
20230109,"Auckland","Hard",FALSE,"J J Wolf","Marcos Giron",1557.90862546495,1491.95884729434,0,65.9497781706148,3,3,0.590961837231433,1
20220516,"Lyon","Clay",FALSE,"Alex De Minaur","Alex Molcan",1607.99564317298,1542.0291528021,0,65.9664903708808,3,3,0.59097876880694,1
20230403,"Estoril","Clay",FALSE,"Miomir Kecmanovic","Jurij Rodionov",1565.63045016655,1499.59605418327,1,66.0343959832883,3,1,0.672587813487719,1
20220516,"Lyon","Clay",FALSE,"Pablo Carreno Busta","Federico Coria",1565.12327663321,1499.02778984894,0,66.0954867842702,3,1,0.672644195906425,1
20230417,"Banja Luka","Clay",FALSE,"Alex Molcan","Alexei Popyrin",1543.62108338453,1477.49880172179,1,66.1222816627342,3,1,0.672668924080983,1
20231016,"Antwerp","Hard",FALSE,"Maximilian Marterer","Richard Gasquet",1523.34332672578,1457.16279725674,1,66.1805294690339,3,3,0.591195598428735,1
20220919,"San Diego","Hard",FALSE,"J J Wolf","Stefan Kozlov",1537.75086121953,1471.40670389525,1,66.3441573242844,3,2,0.633068512293232,1
20220606,"s Hertogenbosch","Grass",FALSE,"Robin Haase","Sam Querrey",1515,1448.56800510954,0,66.4319948904642,1,0,0.557431530505822,1
20220613,"Halle","Grass",FALSE,"Miomir Kecmanovic","Oscar Otte",1619.12935781287,1552.64426417376,0,66.4850936391072,3,3,0.591504072165827,1
20220502,"Madrid Masters","Clay",FALSE,"Alexander Zverev","Lorenzo Musetti",1630.20080103281,1563.68182767547,1,66.5189733573418,3,3,0.591538382334963,1
20220221,"Dubai","Hard",FALSE,"Denis Shapovalov","Ricardas Berankis",1578.40767269001,1511.7134931723,1,66.6941795177104,3,3,0.591715800296609,1
20221010,"Gijon","Hard",FALSE,"Dominic Thiem","Joao Sousa",1531.62445189917,1464.92544443868,1,66.6990074604921,1,1,0.514010339427655,1
20221107,"NextGen Finals","Hard",FALSE,"Dominic Stricker","Chun Hsin Tseng",1516.75329265493,1450.04451279857,1,66.7087798563634,1,0,0.557717703572121,1
20221017,"Antwerp","Hard",FALSE,"Constant Lestienne","Jesper De Jong",1552.72716626306,1485.9773405229,1,66.7498257401628,0,0,0.474710460173032,0
20220304,"Davis Cup QLS R1: AUS vs HUN","Hard",FALSE,"Alex De Minaur","Zsombor Piros",1554.15475365233,1487.32445133208,1,66.830302320255,3,2,0.63354169282786,1
20220418,"Barcelona","Clay",FALSE,"Adrian Mannarino","Egor Gerasimov",1516.7987852186,1449.96187611391,0,66.8369091046904,3,0,0.71076120814253,1
20230731,"Washington","Hard",FALSE,"Jordan Thompson","Kevin Anderson",1529.11150348277,1462.08153402162,1,67.0299694611501,3,3,0.592055762426161,1
20220131,"Pune","Hard",FALSE,"Radu Albot","Daniel Altmaier",1528.29677688917,1461.22939940851,0,67.0673774806558,1,1,0.514396010375042,1
20220425,"Munich","Clay",FALSE,"Alejandro Tabilo","Hugo Gaston",1530.44575467003,1463.32962628927,1,67.1161283807603,3,3,0.592142977682317,1
20230619,"Halle","Grass",FALSE,"Roberto Bautista Agut","Andrea Vavassori",1576.67588240022,1509.5266035942,1,67.1492788060259,3,0,0.711030282628366,1
20230828,"Us Open","Hard",TRUE,"Matteo Arnaldi","Jason Kubler",1553.22776854796,1486.02229121313,1,67.2054773348327,1,3,0.485622700814638,0
20230626,"Eastbourne","Grass",FALSE,"Tomas Martin Etcheverry","J J Wolf",1596.04148647337,1528.67656432406,0,67.3649221493099,1,3,0.427326322726104,0
20230417,"Barcelona","Clay",FALSE,"Francesco Passaro","Fernando Verdasco",1444.75034327585,1377.22840668375,1,67.5219365921021,1,1,0.514871894705667,1
20220613,"Queen's Club","Grass",FALSE,"Marin Cilic","Emil Ruusuvuori",1596.01404283525,1528.39164790647,1,67.6223949287796,3,3,0.592655333810754,1
20220425,"Estoril","Clay",FALSE,"Alejandro Davidovich Fokina","Bernabe Zapata Miralles",1515.63524941641,1447.99100563459,1,67.6442437818168,3,1,0.674071919104923,1
20230508,"Rome Masters","Clay",FALSE,"Alexander Zverev","J J Wolf",1640.81587499481,1573.14490199,1,67.670973004811,3,3,0.592704485629184,1
20230213,"Buenos Aires","Clay",FALSE,"Sebastian Baez","Dusan Lajovic",1483.77342853564,1416.06976768205,0,67.7036608535948,3,1,0.674126628721858,1
20220926,"Tel Aviv","Hard",FALSE,"Diego Schwartzman","Arthur Rinderknech",1545.19249424727,1477.47514528226,0,67.717348965009,1,3,0.427687837124458,0
20220822,"Winston-Salem","Hard",FALSE,"Albert Ramos","John Millman",1526.51186955342,1458.76050847142,1,67.7513610819965,1,0,0.558795301923811,1
20230821,"Winston-Salem","Hard",FALSE,"Marton Fucsovics","Zhizhen Zhang",1595.45854929032,1527.67336177987,1,67.7851875104566,3,1,0.674201688519432,1
20221003,"Tokyo","Hard",FALSE,"Borna Coric","Thanasi Kokkinakis",1585.78523010016,1517.9747194503,1,67.8105106498595,1,1,0.515173993008454,1
20220411,"Monte Carlo Masters","Clay",FALSE,"Emil Ruusuvuori","Oscar Otte",1549.16228442435,1481.31264432477,1,67.8496400995787,3,3,0.592885246943711,1
20230213,"Buenos Aires","Clay",FALSE,"Carlos Alcaraz","Cameron Norrie",1781.71450175944,1713.83038447788,1,67.8841172815539,3,3,0.592920125352067,1
20220808,"Canada Masters","Hard",FALSE,"Casper Ruud","Hubert Hurkacz",1680.03324138041,1612.11120254079,0,67.9220388396259,1,3,0.427897840557442,0
20220822,"Winston-Salem","Hard",FALSE,"Adrian Mannarino","Christopher Oconnell",1512.57094555186,1444.55326445242,1,68.0176810994392,3,3,0.593055234666337,1
20230410,"Monte Carlo Masters","Clay",FALSE,"Jannik Sinner","Holger Rune",1793.2612480969,1725.19041952781,0,68.0708285690891,3,3,0.593108993203322,1
20220829,"Us Open","Hard",TRUE,"Albert Ramos","Norbert Gombos",1514.87505978022,1446.77778202261,1,68.0972777576069,1,1,0.574676775379986,1
20220808,"Canada Masters","Hard",FALSE,"Roberto Bautista Agut","Jenson Brooksby",1627.83968325741,1559.7262287412,1,68.1134545162133,3,3,0.593152107634358,1
20230102,"Adelaide 1","Hard",FALSE,"Jordan Thompson","Quentin Halys",1460.66289404149,1392.50640794213,0,68.1564860993628,3,3,0.593195630894356,1
20230213,"Rotterdam","Hard",FALSE,"Stefanos Tsitsipas","Jannik Sinner",1795.54239428325,1727.31203737874,0,68.2303569045182,3,3,0.593270342331879,1
20230920,"Zhuhai","Hard",FALSE,"Cameron Norrie","Aslan Karatsev",1594.09258323041,1525.81408592514,0,68.2784973052708,3,3,0.593319028237066,1
20230821,"Winston-Salem","Hard",FALSE,"Borna Coric","Rinky Hijikata",1589.08723710245,1520.72236007857,1,68.3648770238833,1,3,0.42835226322232,0
20230821,"Winston-Salem","Hard",FALSE,"Arthur Fils","Brandon Nakashima",1589.14071907119,1520.74939221612,0,68.39132685507,1,3,0.428379408803879,0
20220411,"Monte Carlo Masters","Clay",FALSE,"Andrey Rublev","Alex De Minaur",1654.78089229583,1586.27558624327,1,68.5053060525647,3,3,0.593548382393201,1
20230807,"Canada Masters","Hard",FALSE,"Cristian Garin","Miomir Kecmanovic",1570.69761220267,1502.14115679937,0,68.5564554033056,3,3,0.593600100145121,1
20220620,"Mallorca","Grass",FALSE,"Tallon Griekspoor","Feliciano Lopez",1485.20349229772,1416.58644362105,1,68.6170486766653,3,0,0.712292624049177,1
20220307,"Indian Wells Masters","Hard",FALSE,"Denis Shapovalov","Alejandro Davidovich Fokina",1557.76954574437,1489.07585501389,1,68.6936907304819,3,3,0.593738850253033,1
20221122,"Davis Cup Finals QF: AUS vs NED","Hard",FALSE,"Alex De Minaur","Botic Van De Zandschulp",1664.12996265395,1595.39647768053,1,68.7334849734166,3,3,0.593779080940955,1
20220502,"Madrid Masters","Clay",FALSE,"Rafael Nadal","Miomir Kecmanovic",1714.20367855922,1645.35738450385,1,68.84629405537,3,3,0.593893120418967,1
20220321,"Miami Masters","Hard",FALSE,"Carlos Alcaraz","Casper Ruud",1684.44313174212,1615.51100956962,1,68.9321221724977,3,1,0.675256697660766,1
20230109,"Adelaide 2","Hard",FALSE,"Alejandro Davidovich Fokina","John Millman",1517.84374621212,1448.8980102719,1,68.9457359402181,3,0,0.712574857508616,1
20230529,"Roland Garros","Clay",TRUE,"Marco Cecchinato","Luca Van Assche",1527.24828992985,1458.26044723223,0,68.9878426976147,1,1,0.576352343807229,1
20220711,"Bastad","Clay",FALSE,"Diego Schwartzman","Pablo Carreno Busta",1570.60851509644,1501.53154709461,0,69.0769680018291,1,3,0.429083235380353,0
20220808,"Canada Masters","Hard",FALSE,"Jack Draper","Hugo Gaston",1546.2697554839,1477.18637137256,1,69.0833841113322,3,3,0.594132763375204,1
20230417,"Barcelona","Clay",FALSE,"Ilya Ivashka","Nuno Borges",1531.26695722017,1462.11422955965,0,69.1527276605257,2,2,0.555730908034136,1
20231002,"Shanghai Masters","Hard",FALSE,"Ugo Humbert","J J Wolf",1595.64126744657,1526.47676736746,1,69.1645000791054,2,3,0.512021562603337,1
20230920,"Zhuhai","Hard",FALSE,"Jan Lennard Struff","Cristian Garin",1619.19918688316,1549.97555122393,1,69.2236356592375,1,3,0.429233830486822,0
20230522,"Lyon","Clay",FALSE,"Cameron Norrie","Francisco Cerundolo",1696.88363855875,1627.62101156463,0,69.2626269941204,3,3,0.594313906530266,1
20220711,"Bastad","Clay",FALSE,"Hugo Gaston","Aslan Karatsev",1495.05080633016,1425.77969517042,0,69.2711111597318,3,3,0.594322480006269,1
20220829,"Us Open","Hard",TRUE,"Andrey Rublev","Frances Tiafoe",1639.88042546523,1570.58114174849,0,69.2992837167419,3,3,0.651410001618898,1
20230703,"Wimbledon","Grass",TRUE,"Alejandro Davidovich Fokina","Botic Van De Zandschulp",1593.89177036991,1524.46386836101,1,69.4279020088986,3,3,0.651634899224857,1
20230814,"Cincinnati Masters","Hard",FALSE,"Arthur Fils","Ugo Humbert",1607.09987402246,1537.64830203344,0,69.4515719890153,1,2,0.472972652720274,0
20230417,"Banja Luka","Clay",FALSE,"Richard Gasquet","Dino Prizmic",1552.79983040115,1483.1896451309,1,69.6101852702475,3,1,0.675879579844474,1
20230717,"Gstaad","Clay",FALSE,"Arthur Fils","Dominic Stricker",1592.47525956306,1522.7775854666,0,69.6976740964594,1,1,0.517149316427635,1
20230227,"Dubai","Hard",FALSE,"Andrey Rublev","Alexander Zverev",1711.44777144431,1641.74938715132,1,69.6983842929965,3,3,0.594754176439129,1
20230522,"Lyon","Clay",FALSE,"Arthur Fils","Zhizhen Zhang",1600.97042421575,1531.25787229415,1,69.7125519216017,1,1,0.517164887231477,1
20230807,"Canada Masters","Hard",FALSE,"Christopher Eubanks","Gael Monfils",1600.16514365698,1530.3579461123,0,69.8071975446771,3,2,0.63643355723139,1
20220919,"Metz","Hard",FALSE,"Lorenzo Sonego","Aslan Karatsev",1507.08946084214,1437.11852202208,1,69.970938820059,3,3,0.595029476075027,1
20220711,"Newport","Grass",FALSE,"Liam Broady","James Duckworth",1477.07981032981,1407.10335987533,0,69.9764504544837,0,3,0.350886743034765,0
20220214,"Delray Beach","Hard",FALSE,"Reilly Opelka","Jack Sock",1571.76434157815,1501.74445586669,1,70.0198857114647,1,3,0.430051630397361,0
20220606,"s Hertogenbosch","Grass",FALSE,"Taylor Fritz","Tim Van Rijthoven",1635.54489028179,1565.47086791565,0,70.0740223661428,3,3,0.595133582288063,1
20220725,"Umag","Clay",FALSE,"Sebastian Baez","Franco Agamenone",1577.24659224109,1507.06812777929,0,70.1784644618044,3,1,0.676401133048509,1
20231030,"Paris Masters","Hard",FALSE,"Nicolas Jarry","Alexander Bublik",1675.44964854847,1605.1287222262,0,70.3209263222714,3,3,0.59538290090648,1
20230227,"Santiago","Clay",FALSE,"Marco Cecchinato","Thiago Monteiro",1481.55508093552,1411.2307759075,0,70.32430502802,1,1,0.517805105335401,1
20230109,"Auckland","Hard",FALSE,"Jenson Brooksby","Fabio Fognini",1537.10275257944,1466.69113851052,1,70.4116140689173,3,1,0.676614985561793,1
20220502,"Madrid Masters","Clay",FALSE,"Stefanos Tsitsipas","Alexander Zverev",1668.86401644558,1598.35773353713,0,70.5062829084559,3,3,0.595570037901897,1
20230522,"Lyon","Clay",FALSE,"Jack Draper","Miomir Kecmanovic",1627.0669437118,1556.55113717965,1,70.5158065321511,3,3,0.595579652252963,1
20230306,"Indian Wells Masters","Hard",FALSE,"Alexander Zverev","Emil Ruusuvuori",1640.09087312255,1569.53165642894,1,70.559216693604,3,3,0.595623475034532,1
20220829,"Us Open","Hard",TRUE,"Ben Shelton","Nuno Borges",1531.08152774271,1460.51953639561,0,70.5619913471041,3,2,0.69227466680716,1
20230731,"Los Cabos","Hard",FALSE,"Gijs Brouwer","Gabriel Diallo",1523.31082467867,1452.69943825465,1,70.6113864240224,3,0,0.714002556272973,1
20231002,"Shanghai Masters","Hard",FALSE,"Grigor Dimitrov","Nicolas Jarry",1738.5606539387,1667.90502337148,1,70.6556305672189,3,3,0.595720799881392,1
20230116,"Australian Open","Hard",TRUE,"Holger Rune","Andrey Rublev",1747.93708440876,1677.26750883365,0,70.6695755751043,3,3,0.653802562041555,1
20221017,"Antwerp","Hard",FALSE,"Daniel Evans","Tallon Griekspoor",1535.92555396345,1465.24374087099,1,70.681813092458,2,3,0.513610375086815,1
20230320,"Miami Masters","Hard",FALSE,"Bernabe Zapata Miralles","Roberto Carballes Baena",1509.4000410913,1438.68061599501,0,70.7194250962891,1,1,0.51821857948428,1
20221003,"Astana","Hard",FALSE,"Novak Djokovic","Stefanos Tsitsipas",1770.78324499587,1699.98024689486,1,70.8029981010061,3,3,0.59586954527671,1
20221031,"Paris Masters","Hard",FALSE,"Casper Ruud","Lorenzo Musetti",1672.95674525256,1602.07071966622,0,70.8860255863344,1,3,0.430941645150064,0
20220304,"Davis Cup QLS R1: FRA vs ECU","Hard",FALSE,"Arthur Rinderknech","Emilio Gomez",1543.32014470194,1472.37147740451,1,70.9486672974269,3,1,0.677107307599041,1
20220117,"Australian Open","Hard",TRUE,"Roberto Bautista Agut","Stefano Travaglia",1541.01698100765,1470,1,71.0169810076541,3,0,0.762402119523903,1
20231016,"Antwerp","Hard",FALSE,"Maximilian Marterer","Nuno Borges",1535.52014644614,1464.49771957578,1,71.022426870361,3,2,0.637611260066145,1
20220523,"Roland Garros","Clay",TRUE,"Botic Van De Zandschulp","Pavel Kotov",1569.83465423953,1498.74330951982,1,71.0913447197104,3,3,0.654537424210205,1
20230220,"Doha","Hard",FALSE,"Andrey Rublev","Tallon Griekspoor",1670.28137615179,1598.90611186439,1,71.3752642873944,3,3,0.596446994812606,1
20220411,"Monte Carlo Masters","Clay",FALSE,"Grigor Dimitrov","Alejandro Davidovich Fokina",1530.23732812504,1458.8127521304,0,71.4245759946389,3,3,0.596496740686344,1
20220606,"s Hertogenbosch","Grass",FALSE,"Botic Van De Zandschulp","Emil Ruusuvuori",1581.80752360645,1510.34932730045,0,71.4581963060002,3,3,0.596530655871292,1
20230814,"Cincinnati Masters","Hard",FALSE,"Taylor Fritz","Jiri Lehecka",1701.3383001931,1629.86662204019,1,71.4716781529144,3,3,0.596544255704256,1
20230522,"Geneva","Clay",FALSE,"Casper Ruud","J J Wolf",1632.5168755499,1561.03010000121,1,71.486775548686,1,3,0.43155921709237,0
20220606,"Stuttgart","Grass",FALSE,"Nick Kyrgios","Andy Murray",1613.96661932846,1542.39354123001,0,71.5730780984518,3,3,0.596646538292675,1
20220923,"Laver Cup","Hard",FALSE,"Alex De Minaur","Andy Murray",1652.27997697319,1580.4189650816,1,71.8610118915808,3,3,0.596936932595511,1
20230213,"Delray Beach","Hard",FALSE,"J J Wolf","Ilya Ivashka",1596.23824980935,1524.32639681089,1,71.9118529984512,3,2,0.63847217564209,1
20220425,"Estoril","Clay",FALSE,"Felix Auger Aliassime","Carlos Taberner",1566.70390761353,1494.77265679523,1,71.9312508183014,3,1,0.678007035473699,1
20220321,"Miami Masters","Hard",FALSE,"Alexander Bublik","Daniel Elahi Galan",1555.96508052747,1483.87102612784,1,72.0940543996348,3,3,0.597171916811159,1
20220613,"Queen's Club","Grass",FALSE,"Alex De Minaur","Alejandro Davidovich Fokina",1569.43858157203,1497.21076988299,0,72.227811689047,3,3,0.597306768425012,1
20230403,"Estoril","Clay",FALSE,"Jurij Rodionov","Albert Ramos",1487.41314838343,1415.11546406871,1,72.2976843147285,1,1,0.51986989737352,1
20230102,"United Cup","Hard",FALSE,"Daniel Evans","Albert Ramos",1569.65997553792,1497.31041569139,1,72.3495598465322,2,1,0.601821393583004,1
20230828,"Us Open","Hard",TRUE,"Alex De Minaur","Nicolas Jarry",1717.04770485317,1644.67274718392,1,72.3749576692485,3,3,0.65676935635312,1
20230916,"Davis Cup WG1 R1: BUL vs KAZ","Clay",FALSE,"Alexander Bublik","Dimitar Kuzmanov",1573.58063970094,1501.16439460379,1,72.4162450971489,3,0,0.715544767308228,1
20230403,"Houston","Clay",FALSE,"Cristian Garin","Tomas Martin Etcheverry",1559.32660857008,1486.90638823435,0,72.4202203357343,3,1,0.678454282081129,1
20230417,"Barcelona","Clay",FALSE,"Stefanos Tsitsipas","Alex De Minaur",1762.81641316149,1690.37935819519,1,72.437054966304,3,3,0.597517694093592,1
20231023,"Basel","Hard",FALSE,"Hubert Hurkacz","Ugo Humbert",1740.52833429415,1668.05604751244,1,72.4722867817111,3,2,0.639014188784955,1
20230206,"Dallas","Hard",FALSE,"J J Wolf","Brandon Holt",1570.96853319952,1498.4946008183,1,72.4739323812198,3,0,0.715593977089862,1
20231016,"Antwerp","Hard",FALSE,"Gregoire Barrere","Daniel Elahi Galan",1493.75650772395,1421.09971855901,1,72.6567891649463,1,3,0.432762602375891,0
20230227,"Acapulco","Hard",FALSE,"Taylor Fritz","Frances Tiafoe",1748.18654296427,1675.42959800148,1,72.7569449627847,3,3,0.597840086364236,1
20220913,"Davis Cup Finals RR: AUS vs BEL","Hard",FALSE,"Jason Kubler","Zizou Bergs",1544.44755681005,1471.68534346588,1,72.762213344168,3,1,0.678766899115596,1
20230403,"Marrakech","Clay",FALSE,"Alexandre Muller","Roberto Carballes Baena",1546.23620140581,1473.45627497651,0,72.7799264292985,3,1,0.678783086349178,1
20230424,"Madrid Masters","Clay",FALSE,"Andrey Rublev","Karen Khachanov",1777.38754912869,1704.53639951005,0,72.8511496186334,3,3,0.597935011808483,1
20220523,"Roland Garros","Clay",TRUE,"Jaume Munar","Daniel Altmaier",1487.8590950831,1414.98163051434,1,72.8774645687515,1,1,0.583649498912194,1
20230703,"Wimbledon","Grass",TRUE,"Brandon Nakashima","Jordan Thompson",1546.413296413,1473.37307674113,0,73.0402196718715,3,3,0.657923393874128,1
20230828,"Us Open","Hard",TRUE,"Tomas Martin Etcheverry","Otto Virtanen",1515.19772544097,1442.09129313046,1,73.1064323105124,1,2,0.540841054676753,1
20220620,"Eastbourne","Grass",FALSE,"Alex De Minaur","Cristian Garin",1590.62730623484,1517.45221195167,1,73.1750942831713,3,3,0.598261379006948,1
20230417,"Barcelona","Clay",FALSE,"Yoshihito Nishioka","David Goffin",1565.31863979407,1492.08859000146,1,73.2300497926158,1,3,0.433352504410082,0
20230508,"Rome Masters","Clay",FALSE,"Borna Coric","Roberto Carballes Baena",1627.58355330301,1554.35089108047,1,73.2326622225439,1,1,0.520847953611898,1
20220829,"Us Open","Hard",TRUE,"Tim Van Rijthoven","Zhizhen Zhang",1573.36602471236,1500,1,73.3660247123642,3,1,0.732663459936413,1
20220926,"Seoul","Hard",FALSE,"Ryan Peniston","Nicolas Jarry",1535.2976776135,1461.81402354279,0,73.4836540707056,0,3,0.354242085080693,0
20230403,"Marrakech","Clay",FALSE,"Alexandre Muller","Pavel Kotov",1534.36248584208,1460.87362604707,1,73.4888597950098,3,3,0.59857740792292,1
20230116,"Australian Open","Hard",TRUE,"Rafael Nadal","Jack Draper",1688.07115151678,1614.2410397524,1,73.830111764378,3,3,0.659291204637018,1
20230417,"Barcelona","Clay",FALSE,"Casper Ruud","Francisco Cerundolo",1658.04420154556,1584.16952396357,0,73.8746775819932,1,3,0.434016070975992,0
20220509,"Rome Masters","Clay",FALSE,"Fabio Fognini","Dominic Thiem",1530.55164608398,1456.66685196688,1,73.8847941171045,1,1,0.52153003779114,1
20221003,"Astana","Hard",FALSE,"Adrian Mannarino","Stan Wawrinka",1560.775829281,1486.55915400694,1,74.2166752740577,3,1,0.680094636493171,1
20230403,"Estoril","Clay",FALSE,"Sebastian Baez","Pedro Cachin",1495.44811262615,1421.20039912788,1,74.2477134982644,3,1,0.680122938732847,1
20230821,"Winston-Salem","Hard",FALSE,"Brandon Nakashima","Richard Gasquet",1538.66452780192,1464.39923807199,0,74.2652897299267,3,3,0.59935908606301,1
20220418,"Barcelona","Clay",FALSE,"Diego Schwartzman","Mackenzie Mcdonald",1599.50563925086,1525.23907314007,1,74.2665661107874,1,3,0.43441958875783,0
20220725,"Atlanta","Hard",FALSE,"Tommy Paul","Jack Sock",1571.87294178618,1497.48751505528,1,74.3854267308982,3,3,0.599479990067045,1
20230306,"Indian Wells Masters","Hard",FALSE,"Grigor Dimitrov","Jason Kubler",1613.67582058054,1539.15003115822,0,74.5257894223207,3,3,0.599621233547606,1
20230522,"Lyon","Clay",FALSE,"Gael Monfils","Pedro Cachin",1528.76907344155,1454.23077362178,0,74.5382998197736,2,1,0.604017606513485,1
20230619,"Halle","Grass",FALSE,"Lorenzo Sonego","Aslan Karatsev",1587.20204096857,1512.66321214232,1,74.5388288262516,3,3,0.599634353934979,1
20220516,"Lyon","Clay",FALSE,"Alex De Minaur","Yosuke Watanuki",1590.18137739223,1515.43963233182,1,74.7417450604128,3,3,0.599838511991401,1
20230731,"Washington","Hard",FALSE,"Zachary Svajda","Max Purcell",1462.06103617768,1387.21729680796,1,74.8437393697184,0,0,0.483176112458687,0
20230529,"Roland Garros","Clay",TRUE,"Jiri Lehecka","Marcos Giron",1592.8913908121,1517.9909267209,0,74.9004640912026,3,3,0.661140443226925,1
20220523,"Roland Garros","Clay",TRUE,"Adrian Mannarino","Federico Delbonis",1499.54091047212,1424.61990491167,0,74.9210055604512,3,1,0.735002578514987,1
20230529,"Roland Garros","Clay",TRUE,"Roberto Bautista Agut","Juan Pablo Varillas",1544.37906665352,1469.43907678105,0,74.9399898724664,3,1,0.735031055130191,1
20230731,"Kitzbuhel","Clay",FALSE,"Laslo Djere","Christopher Oconnell",1591.28933750793,1516.21780143641,1,75.0715360715151,1,3,0.435248718253659,0
20230417,"Banja Luka","Clay",FALSE,"Juan Pablo Varillas","Hugo Gaston",1486.72537649318,1411.60229262477,1,75.1230838684085,1,3,0.435301825544961,0
20230508,"Rome Masters","Clay",FALSE,"Stan Wawrinka","Ilya Ivashka",1568.00333673092,1492.79944260608,1,75.2038941248361,1,2,0.478986018998258,0
20230724,"Hamburg","Clay",FALSE,"Richard Gasquet","Daniel Altmaier",1488.7063016905,1413.49426234399,0,75.2120393465134,3,1,0.681001598872285,1
20230213,"Rotterdam","Hard",FALSE,"Hubert Hurkacz","Grigor Dimitrov",1679.08997051301,1603.80910621971,0,75.2808642932964,3,3,0.60038076198466,1
20220411,"Monte Carlo Masters","Clay",FALSE,"Filip Krajinovic","Dusan Lajovic",1508.1484134581,1432.83159233207,0,75.3168211260306,3,1,0.681096995082638,1
20230925,"Astana","Hard",FALSE,"Alexander Bublik","Sebastian Ofner",1566.83260795902,1491.502908431,0,75.3296995280216,3,1,0.681108718886659,1
20230703,"Wimbledon","Grass",TRUE,"Adrian Mannarino","Alexander Shevchenko",1585.59132697486,1510.25968797342,1,75.3316390014411,3,1,0.735618095060893,1
20230508,"Rome Masters","Clay",FALSE,"Casper Ruud","Francisco Cerundolo",1638.04775827792,1562.65160916341,1,75.3961491145101,1,3,0.435583176669821,0
20220411,"Monte Carlo Masters","Clay",FALSE,"Diego Schwartzman","Marton Fucsovics",1577.74060193304,1502.30059983863,1,75.4400020944106,1,3,0.435628364193378,0
20221024,"Basel","Hard",FALSE,"Brandon Nakashima","David Goffin",1613.97640194714,1538.48251284049,1,75.4938891066536,3,3,0.600594956152088,1
20231002,"Shanghai Masters","Hard",FALSE,"Sebastian Korda","Ben Shelton",1658.63952786493,1583.13317744279,1,75.5063504221437,3,3,0.600607484680946,1
20230529,"Roland Garros","Clay",TRUE,"Dominic Thiem","Pedro Cachin",1539.67229657679,1464.10433823205,0,75.5679583447381,1,1,0.588675857794957,1
20221010,"Florence","Hard",FALSE,"Brandon Nakashima","Altug Celikbilek",1602.19101221493,1526.56063845807,1,75.6303737568614,3,2,0.642061825872192,1
20230410,"Monte Carlo Masters","Clay",FALSE,"Dusan Lajovic","Alexei Popyrin",1525.25270564291,1449.60753553221,0,75.6451701107023,1,1,0.523370859520567,1
20230204,"Davis Cup QLS R1: CRO vs AUT","Hard",FALSE,"Borna Coric","Dominic Thiem",1641.84309476616,1566.19373929533,1,75.649355470832,1,1,0.52337523540684,1
20230522,"Geneva","Clay",FALSE,"Adrian Mannarino","Filip Krajinovic",1532.10324812506,1456.40429477624,1,75.6989533488165,3,3,0.600801109708703,1
20230703,"Wimbledon","Grass",TRUE,"Denis Shapovalov","Radu Albot",1570.36394738951,1494.64482685653,1,75.7191205329782,3,1,0.736198067655929,1
20220829,"Us Open","Hard",TRUE,"Carlos Alcaraz","Casper Ruud",1752.61540835911,1676.852993819,1,75.762414540101,3,1,0.736262818306991,1
20231002,"Shanghai Masters","Hard",FALSE,"Marcos Giron","Daniel Elahi Galan",1508.71679280538,1432.8764611158,1,75.840331689579,3,3,0.600943218263257,1
20220523,"Roland Garros","Clay",TRUE,"Fabio Fognini","Alexei Popyrin",1505.50898257764,1429.36704103306,1,76.1419415445787,1,1,0.589745815491083,1
20230220,"Marseille","Hard",FALSE,"Filip Krajinovic","Alexander Bublik",1546.12814417637,1469.96231538555,0,76.165828790824,3,3,0.60127033188669,1
20220620,"Eastbourne","Grass",FALSE,"Taylor Fritz","Thiago Monteiro",1597.46380295046,1521.17414015422,1,76.2896627962386,3,1,0.68198197173501,1
20231023,"Vienna","Hard",FALSE,"Frances Tiafoe","Daniel Evans",1631.58205555107,1554.9414065423,1,76.6406490087684,3,2,0.64303436260091,1
20220808,"Canada Masters","Hard",FALSE,"Tommy Paul","Vasek Pospisil",1591.13712834155,1514.44972687792,1,76.6874014636296,3,2,0.643079340180588,1
20220307,"Indian Wells Masters","Hard",FALSE,"Botic Van De Zandschulp","Tennys Sandgren",1546.55197254669,1469.77669531281,1,76.7752772338818,3,0,0.719248717555522,1
20220411,"Monte Carlo Masters","Clay",FALSE,"Stefanos Tsitsipas","Fabio Fognini",1608.72208551414,1531.66526536871,1,77.0568201454228,3,1,0.682678915771831,1
20231023,"Vienna","Hard",FALSE,"Karen Khachanov","Roman Safiullin",1684.31876617466,1607.18181211468,1,77.1369540599858,3,3,0.602245741986427,1
20220516,"Geneva","Clay",FALSE,"Johan Nikles","Tallon Griekspoor",1500,1422.76677853847,0,77.2332214615285,1,3,0.437477062788068,0
20221017,"Stockholm","Hard",FALSE,"Lukas Rosol","Aslan Karatsev",1484.41563325409,1406.98476423225,0,77.4308690218488,0,3,0.358035606135253,0
20221024,"Basel","Hard",FALSE,"Felix Auger Aliassime","Holger Rune",1719.774206118,1642.33044322722,1,77.443762890779,3,3,0.602553736171455,1
20220321,"Miami Masters","Hard",FALSE,"Hubert Hurkacz","Aslan Karatsev",1572.18429900143,1494.64755999774,1,77.5367390036909,3,3,0.602647055470762,1
20230424,"Madrid Masters","Clay",FALSE,"J J Wolf","Alexander Shevchenko",1560.31492681951,1482.63783886915,0,77.6770879503638,3,1,0.683241816040008,1
20230626,"Mallorca","Grass",FALSE,"Jason Kubler","Constant Lestienne",1514.37650077876,1436.50531705315,0,77.8711837256121,3,0,0.72017529065005,1
20220523,"Roland Garros","Clay",TRUE,"Felix Auger Aliassime","Filip Krajinovic",1603.51247284777,1525.54683096234,1,77.9656418854338,3,3,0.666408834782661,1
20221024,"Basel","Hard",FALSE,"Miomir Kecmanovic","Alejandro Davidovich Fokina",1593.82654045573,1515.84177371778,1,77.9847667379499,3,3,0.603096632161429,1
20230417,"Banja Luka","Clay",FALSE,"Jiri Lehecka","Miomir Kecmanovic",1653.55495894911,1575.50631693524,0,78.0486420138691,3,3,0.603160714113032,1
20230220,"Doha","Hard",FALSE,"Alexandre Muller","Nikoloz Basilashvili",1489.31588844049,1411.24860718401,1,78.0672812564742,3,3,0.603179412997979,1
20230703,"Wimbledon","Grass",TRUE,"Matteo Berrettini","Lorenzo Sonego",1659.20144272765,1581.08513207624,1,78.1163106514186,3,3,0.666666747365809,1
20230203,"Davis Cup QLS R1: SWE vs BIH","Hard",FALSE,"Mikael Ymer","Mirza Basic",1565.07867924504,1486.88681690578,1,78.1918623392642,3,1,0.683708572806893,1
20220321,"Miami Masters","Hard",FALSE,"Lorenzo Musetti","Alexei Popyrin",1501.34171496174,1423.07776214311,0,78.2639528186262,3,1,0.68377390925075,1
20230306,"Indian Wells Masters","Hard",FALSE,"Zhizhen Zhang","Alexei Popyrin",1501.74274241891,1423.4756910954,0,78.2670513235155,1,1,0.526111363848607,1
20230417,"Barcelona","Clay",FALSE,"Emilio Gomez","Albert Ramos",1469.38653927652,1390.81672207595,1,78.5698172005684,1,1,0.526427729771821,1
20230116,"Australian Open","Hard",TRUE,"J J Wolf","Diego Schwartzman",1554.50429319679,1475.86320251924,1,78.6410906775457,3,1,0.740545229416956,1
20230612,"s Hertogenbosch","Grass",FALSE,"Rinky Hijikata","Jordan Thompson",1521.33829351957,1442.68948159948,0,78.6488119200858,3,3,0.60376265279295,1
20220815,"Cincinnati Masters","Hard",FALSE,"Felix Auger Aliassime","Borna Coric",1637.06114931768,1558.21000355094,0,78.8511457667371,3,1,0.684305818694114,1
20230403,"Houston","Clay",FALSE,"Steve Johnson","Facundo Bagnis",1470.41891423986,1391.46852226513,1,78.950391974736,3,1,0.684395673368493,1
20220321,"Miami Masters","Hard",FALSE,"Daniel Evans","Yoshihito Nishioka",1549.35291911145,1470.37524414874,0,78.9776749627094,2,1,0.608459195159975,1
20221107,"NextGen Finals","Hard",FALSE,"Lorenzo Musetti","Dominic Stricker",1625.65186281645,1546.6118723358,0,79.039990480645,3,1,0.684476781451431,1
20220411,"Monte Carlo Masters","Clay",FALSE,"Jannik Sinner","Emil Ruusuvuori",1640.36878289186,1561.26965885435,1,79.099124037504,3,3,0.604214085848403,1
20230403,"Marrakech","Clay",FALSE,"Lorenzo Musetti","Hugo Gaston",1502.35044106632,1423.24484683565,1,79.1055942306737,3,3,0.604220570855286,1
20220404,"Houston","Clay",FALSE,"Taylor Fritz","Alejandro Tabilo",1626.13921907937,1546.9855529671,1,79.1536661122682,3,3,0.604268751650922,1
20230220,"Rio De Janeiro","Clay",FALSE,"Laslo Djere","Dusan Lajovic",1542.80047770171,1463.47128526784,0,79.3291924338682,1,1,0.527221121738855,1
20220613,"Queen's Club","Grass",FALSE,"Cameron Norrie","Grigor Dimitrov",1649.76784892954,1570.41546449887,0,79.3523844306712,3,3,0.604467898705857,1
20231016,"Stockholm","Hard",FALSE,"Sebastian Baez","J J Wolf",1628.07125627489,1548.70165095175,0,79.3696053231361,3,3,0.604485155121819,1
20220523,"Roland Garros","Clay",TRUE,"Rafael Nadal","Novak Djokovic",1732.05527531756,1652.66907675851,1,79.3861985590511,3,3,0.668836548588336,1
20220509,"Rome Masters","Clay",FALSE,"Denis Shapovalov","Lorenzo Sonego",1543.69760386436,1464.30301930152,1,79.3945845628418,3,3,0.604510185426462,1
20220509,"Rome Masters","Clay",FALSE,"Alexander Zverev","Sebastian Baez",1642.36352914884,1562.93910398704,1,79.4244251617984,3,3,0.604540086310391,1
20220829,"Us Open","Hard",TRUE,"Miomir Kecmanovic","Learner Tien",1579.50248689161,1500,1,79.5024868916057,3,0,0.774036575450904,1
20230109,"Adelaide 2","Hard",FALSE,"Karen Khachanov","Marc Andrea Huesler",1651.42622531431,1571.88246968522,1,79.5437556290924,3,2,0.645822449386147,1
20220418,"Belgrade ","Clay",FALSE,"Alejandro Tabilo","Oscar Otte",1548.82424759056,1469.20526989477,0,79.6189776957904,3,3,0.604735012710211,1
20221017,"Stockholm","Hard",FALSE,"Emil Ruusuvuori","Jiri Lehecka",1544.28386823442,1464.63933878613,1,79.6445294482908,3,3,0.604760611092641,1
20230102,"Pune","Hard",FALSE,"Filip Krajinovic","Michael Mmoh",1550.0791935499,1470.38293903211,1,79.6962545177921,3,3,0.604812428797935,1
20220425,"Munich","Clay",FALSE,"Philipp Kohlschreiber","Daniel Altmaier",1488.81921852703,1409.07057224573,0,79.7486462812981,0,1,0.444585852468486,0
20231106,"Sofia","Hard",FALSE,"Adrian Mannarino","Pavel Kotov",1665.62759562628,1585.7154881325,1,79.9121074937814,3,3,0.605028642921213,1
20231016,"Stockholm","Hard",FALSE,"Adrian Mannarino","Gael Monfils",1705.53819440812,1625.50134412735,0,80.0368502807705,3,2,0.646295030851416,1
20220627,"Wimbledon","Grass",TRUE,"Taylor Fritz","Alex Molcan",1652.32436992717,1572.14448795964,1,80.1798819675391,3,3,0.670189051754849,1
20220418,"Barcelona","Clay",FALSE,"Cameron Norrie","Marton Fucsovics",1585.69250554306,1505.35227626486,1,80.3402292781977,3,3,0.605457359374319,1
20230619,"Halle","Grass",FALSE,"Jan Lennard Struff","Alexander Bublik",1626.53392182023,1545.99623433612,0,80.5376874841113,1,3,0.440888279737867,0
20220711,"Bastad","Clay",FALSE,"Sebastian Baez","Fabio Fognini",1581.84603989327,1501.2005480569,1,80.6454918363693,3,1,0.685928236357453,1
20220404,"Marrakech","Clay",FALSE,"Felix Auger Aliassime","Elliot Benchetrit",1580.76281221724,1500,1,80.762812217235,3,0,0.722611122904447,1
20230828,"Us Open","Hard",TRUE,"Dominic Thiem","Ben Shelton",1547.41414799948,1466.55028773462,0,80.8638602648568,1,3,0.511914146879636,1
20230920,"Zhuhai","Hard",FALSE,"Jiri Vesely","Lloyd Harris",1500.79622455899,1419.80985559254,0,80.9863689664433,2,3,0.524391595888334,1
20220613,"Halle","Grass",FALSE,"Ilya Ivashka","Jan Lennard Struff",1495.59293159813,1414.57262784465,1,81.0203037534793,2,1,0.610496872697015,1
20230220,"Rio De Janeiro","Clay",FALSE,"Carlos Alcaraz","Cameron Norrie",1807.31592163991,1726.23809340854,0,81.0778282313761,3,3,0.60619560202698,1
20220808,"Canada Masters","Hard",FALSE,"Grigor Dimitrov","Alexis Galarneau",1566.66084854534,1485.54392526702,1,81.1169232783136,3,2,0.647329172594887,1
20230403,"Estoril","Clay",FALSE,"Miomir Kecmanovic","Marco Cecchinato",1577.51876659996,1496.26957875235,1,81.2491878476133,3,1,0.686473070893424,1
20230410,"Monte Carlo Masters","Clay",FALSE,"Grigor Dimitrov","Ben Shelton",1598.77534922965,1517.39674548213,1,81.3786037475181,3,3,0.606496501115763,1
20230102,"United Cup","Hard",FALSE,"Daniel Evans","Jason Kubler",1588.12328949634,1506.43185719498,0,81.6914323013652,2,3,0.525128557723366,1
20230612,"s Hertogenbosch","Grass",FALSE,"Alex De Minaur","Tallon Griekspoor",1649.16576594413,1567.41751107921,0,81.7482548649234,3,3,0.606866193433966,1
20220815,"Cincinnati Masters","Hard",FALSE,"Albert Ramos","Fabio Fognini",1544.97856628237,1463.20436430365,0,81.7742019787129,1,1,0.529774703324955,1
20230731,"Kitzbuhel","Clay",FALSE,"Laslo Djere","Pedro Cachin",1614.29671665014,1532.46183352965,1,81.8348831204876,1,1,0.529838059784659,1
20230626,"Mallorca","Grass",FALSE,"Roman Safiullin","Lloyd Harris",1517.77771533088,1435.70405349354,0,82.0736618373376,3,3,0.607191535388771,1
20220627,"Wimbledon","Grass",TRUE,"Grigor Dimitrov","Steve Johnson",1588.78302966461,1506.67771593232,0,82.1053137322901,3,3,0.673458435196317,1
20230424,"Madrid Masters","Clay",FALSE,"Corentin Moutet","Yosuke Watanuki",1559.08611910662,1476.89499713052,0,82.191121976095,3,3,0.607308948709777,1
20220627,"Wimbledon","Grass",TRUE,"Alex Molcan","Pedro Martinez",1560.54596020533,1478.32557075222,1,82.2203894531065,3,3,0.673653304798611,1
20220829,"Us Open","Hard",TRUE,"Andy Murray","Emilio Nava",1552.76249009481,1470.5294741199,1,82.2330159749099,3,0,0.777693473674492,1
20230206,"Montpellier","Hard",FALSE,"Marc Andrea Huesler","Luca Van Assche",1562.7570076474,1480.52213120988,1,82.2348764375206,2,1,0.611706679405774,1
20220509,"Rome Masters","Clay",FALSE,"Emil Ruusuvuori","Cristian Garin",1566.52387222044,1484.28718725639,0,82.2366849640534,3,3,0.607354490198508,1
20230731,"Los Cabos","Hard",FALSE,"Stefanos Tsitsipas","Nicolas Jarry",1755.95457915623,1673.70890572539,1,82.2456734308455,3,3,0.607363474203532,1
20231030,"Paris Masters","Hard",FALSE,"Taylor Fritz","Sebastian Baez",1690.10546454693,1607.80178325363,1,82.3036812933003,3,3,0.60742145152342,1
20230821,"Winston-Salem","Hard",FALSE,"Omni Kumar","Juan Manuel Cerundolo",1498.61792395753,1416.23014156488,0,82.3877823926443,0,0,0.491075443584309,0
20230920,"Zhuhai","Hard",FALSE,"Cameron Norrie","Marc Polmans",1582.59271210333,1500,1,82.5927121033285,3,2,0.648739971795815,1
20230529,"Roland Garros","Clay",TRUE,"Botic Van De Zandschulp","Thiago Agustin Tirante",1568.46433049747,1485.82928674789,0,82.6350437495851,3,0,0.778228310184274,1
20220321,"Miami Masters","Hard",FALSE,"Jannik Sinner","Pablo Carreno Busta",1619.73206152236,1537.07273369855,1,82.6593278238106,3,3,0.607776844543269,1
20220829,"Us Open","Hard",TRUE,"Maxime Cressy","Marton Fucsovics",1555.90579180795,1473.15583534464,0,82.749956463314,3,3,0.674549301526029,1
20231016,"Stockholm","Hard",FALSE,"Gael Monfils","Marton Fucsovics",1667.56392478679,1584.81150993867,1,82.7524148481198,2,3,0.526237334011891,1
20220418,"Barcelona","Clay",FALSE,"Sebastian Korda","Carlos Taberner",1571.26974191651,1488.51213315503,0,82.7576087614802,3,1,0.68783216961119,1
20231106,"Sofia","Hard",FALSE,"Marton Fucsovics","Terence Atmane",1578.02601685162,1495.15048599331,1,82.8755308583113,3,2,0.649010040476622,1
20230916,"Davis Cup WG1 R1: ISR vs JPN","Hard",FALSE,"Yshai Oliel","Shintaro Mochizuki",1499.44536338365,1416.56062338818,1,82.8847399954716,2,2,0.569891382656569,1
20220815,"Cincinnati Masters","Hard",FALSE,"Roberto Bautista Agut","Borna Coric",1659.51717130087,1576.55701257473,0,82.9601587261468,3,1,0.688014423486572,1
20220418,"Belgrade ","Clay",FALSE,"David Goffin","Filip Krajinovic",1557.95587725872,1474.97079403716,0,82.9850832215586,3,3,0.60810226756487,1
20220606,"Stuttgart","Grass",FALSE,"Andy Murray","Alexander Bublik",1581.64219447399,1498.58800010088,1,83.0541943731073,3,3,0.608171295859377,1
20220502,"Madrid Masters","Clay",FALSE,"Stefanos Tsitsipas","Grigor Dimitrov",1675.93867927193,1592.84199551781,1,83.0966837541189,3,3,0.608213732153049,1
20220516,"Geneva","Clay",FALSE,"Kamil Majchrzak","Marco Cecchinato",1525.20818590106,1441.91821156091,1,83.289974340152,3,1,0.688311066132599,1
20230206,"Cordoba","Clay",FALSE,"Luciano Darderi","Sebastian Baez",1500,1416.59068799937,0,83.4093120006303,0,3,0.36381514682461,0
20220801,"Washington","Hard",FALSE,"Peter Gojowczyk","Benoit Paire",1415.40763887269,1331.97614282124,0,83.4314960514494,2,0,0.65369358860997,1
20230522,"Geneva","Clay",FALSE,"Grigor Dimitrov","Roberto Carballes Baena",1625.96529186948,1542.46659342416,1,83.4986984453221,3,1,0.688498716932207,1
20231002,"Shanghai Masters","Hard",FALSE,"Stan Wawrinka","Dusan Lajovic",1606.56738558299,1522.93979517784,0,83.6275904051506,1,1,0.531709361645406,1
20230424,"Madrid Masters","Clay",FALSE,"Dominic Thiem","Kyle Edmund",1528.21551871217,1444.56643540916,1,83.649083303008,1,0,0.575152651671702,1
20230717,"Gstaad","Clay",FALSE,"Roberto Bautista Agut","Pedro Cachin",1571.6961245648,1487.98862647038,0,83.7074980944212,3,1,0.6886863737375,1
20231030,"Paris Masters","Hard",FALSE,"Alexander Zverev","Stefanos Tsitsipas",1797.39471906745,1713.6253871713,0,83.7693318961549,3,3,0.608885321593049,1
20220801,"Washington","Hard",FALSE,"Jenson Brooksby","Yoshihito Nishioka",1562.55159459298,1478.67031688501,0,83.8812777079686,3,1,0.688842509356602,1
20220627,"Wimbledon","Grass",TRUE,"Oscar Otte","Christian Harrison",1570.48012565977,1486.52072255605,1,83.9594031037193,3,0,0.779983654958959,1
20220221,"Acapulco","Hard",FALSE,"Stefanos Tsitsipas","Marcos Giron",1596.68298754642,1512.59767048384,1,84.0853170625778,3,3,0.609200667262727,1
20231106,"Sofia","Hard",FALSE,"Roberto Carballes Baena","Albert Ramos",1485.9743325254,1401.8381034928,0,84.1362290325965,1,1,0.532240139558369,1
20220523,"Roland Garros","Clay",TRUE,"Emil Ruusuvuori","Ugo Humbert",1516.35472283035,1432.18547331233,1,84.1692495180225,3,2,0.714139034104627,1
20220425,"Munich","Clay",FALSE,"Emil Ruusuvuori","Maxime Cressy",1562.20337990902,1477.93722717788,1,84.2661527311366,3,3,0.609381095937064,1
20220110,"Adelaide 2","Hard",FALSE,"Thanasi Kokkinakis","Aleksandar Vukic",1568.63598631746,1484.35280000847,1,84.2831863089978,1,2,0.48848905620956,0
20220829,"Us Open","Hard",TRUE,"Chun Hsin Tseng","Alexei Popyrin",1470.62050083434,1386.31613209312,0,84.3043687412223,0,1,0.523097759816425,1
20230306,"Indian Wells Masters","Hard",FALSE,"Jiri Lehecka","Arthur Rinderknech",1595.51362829164,1511.10551820162,1,84.4081100900194,3,3,0.6095227128465,1
20230227,"Santiago","Clay",FALSE,"Marco Cecchinato","Facundo Bagnis",1470.13164771066,1385.6641254594,1,84.467522251259,1,1,0.532585813668185,1
20220523,"Roland Garros","Clay",TRUE,"Marin Cilic","Attila Balazs",1584.59583386393,1500,1,84.59583386393,3,0,0.780823642927883,1
20230821,"Winston-Salem","Hard",FALSE,"Sebastian Baez","Daniel Elahi Galan",1549.61947129826,1464.98082020946,1,84.6386510888071,3,3,0.609752661617286,1
20220627,"Wimbledon","Grass",TRUE,"Mikael Ymer","Daniel Altmaier",1500.21250413629,1415.32239914948,1,84.8901049868118,3,1,0.749684699044237,1
20231023,"Basel","Hard",FALSE,"Felix Auger Aliassime","Alexander Shevchenko",1582.71270627937,1497.69383681969,1,85.0188694596854,3,1,0.68986353864039,1
20231023,"Basel","Hard",FALSE,"Felix Auger Aliassime","Leandro Riedi",1557.46731866008,1472.43191414101,1,85.0354045190666,3,0,0.726186229446521,1
20220117,"Australian Open","Hard",TRUE,"Rafael Nadal","Matteo Berrettini",1584.46973389135,1499.38428807572,1,85.0854458156266,3,3,0.678485542396095,1
20230529,"Roland Garros","Clay",TRUE,"Denis Shapovalov","Matteo Arnaldi",1553.87365222061,1468.77879027742,1,85.0948619431822,3,1,0.74998050817162,1
20220404,"Houston","Clay",FALSE,"Jenson Brooksby","J J Wolf",1575.93931546054,1490.7706254849,0,85.1686899756332,3,3,0.610281153809488,1
20220221,"Acapulco","Hard",FALSE,"Stefanos Tsitsipas","J J Wolf",1585.29315407922,1500,1,85.2931540792204,3,3,0.610405217224352,1
20220523,"Roland Garros","Clay",TRUE,"Joao Sousa","Lorenzo Sonego",1538.00277340491,1452.67231451715,0,85.3304588877565,1,3,0.52050482471611,1
20230508,"Rome Masters","Clay",FALSE,"Daniil Medvedev","Stefanos Tsitsipas",1876.6605428851,1791.2741987021,1,85.386344182994,3,3,0.61049809796593,1
20231106,"Sofia","Hard",FALSE,"Marton Fucsovics","Jurij Rodionov",1566.64480217936,1481.13971036844,1,85.5050918109193,3,1,0.690299377576967,1
20230731,"Washington","Hard",FALSE,"J J Wolf","Radu Albot",1568.39237906378,1482.86309245842,1,85.5292866053603,3,1,0.690321056432836,1
20230508,"Rome Masters","Clay",FALSE,"Roberto Carballes Baena","Hugo Dellien",1542.97094914467,1457.43455523021,1,85.5363939144668,1,1,0.5337008683591,1
20220207,"Rotterdam","Hard",FALSE,"Karen Khachanov","Alexei Popyrin",1542.96642565539,1457.24917127086,1,85.7172543845352,3,1,0.690489449541733,1
20221114,"Tour Finals","Hard",FALSE,"Felix Auger Aliassime","Taylor Fritz",1775.18614786794,1689.39507879206,0,85.7910690758774,3,3,0.610901386205328,1
20230227,"Santiago","Clay",FALSE,"Nicolas Jarry","Jaume Munar",1528.91226925734,1443.04948755097,1,85.8627817063787,3,1,0.690619787170069,1
20230227,"Dubai","Hard",FALSE,"Alexander Zverev","Lorenzo Sonego",1629.71878170708,1543.83344126245,1,85.8853404446259,3,3,0.61099530117312,1
20230204,"Davis Cup QLS R1: ARG vs FIN","Hard",FALSE,"Emil Ruusuvuori","Pedro Cachin",1543.20277815828,1457.26580745215,1,85.9369707061328,3,1,0.690686220889056,1
20220916,"Davis Cup WG1 R1: SVK vs ROU","Clay",FALSE,"Alex Molcan","Marius Copil",1564.02015850643,1478.03421823707,1,85.9859402693546,3,0,0.726977679017789,1
20230612,"Stuttgart","Grass",FALSE,"Lorenzo Sonego","Christopher Oconnell",1615.23470325896,1529.24737431786,0,85.9873289410968,3,3,0.611096894817059,1
20230116,"Australian Open","Hard",TRUE,"Cameron Norrie","Constant Lestienne",1666.36541115828,1580.34861137877,1,86.0167997795086,3,0,0.782690758812825,1
20220502,"Madrid Masters","Clay",FALSE,"Alexander Zverev","Marin Cilic",1596.80081705577,1510.74097717021,1,86.059839885567,3,3,0.611169119164339,1
20220307,"Indian Wells Masters","Hard",FALSE,"Matteo Berrettini","Lloyd Harris",1531.24489760345,1445.14021459504,1,86.104683008416,3,3,0.611213782604128,1
20230731,"Kitzbuhel","Clay",FALSE,"Juan Pablo Varillas","Albert Ramos",1513.03816255839,1426.83372639351,0,86.2044361648825,1,1,0.534397604641771,1
20230109,"Adelaide 2","Hard",FALSE,"Jack Draper","Lorenzo Sonego",1586.68527762207,1500.44173723541,1,86.2435403866593,3,3,0.61135207174611,1
20220523,"Roland Garros","Clay",TRUE,"Richard Gasquet","Lloyd Harris",1526.65361561963,1440.28948523272,1,86.3641303869094,3,3,0.680629994016089,1
20230424,"Madrid Masters","Clay",FALSE,"Jan Lennard Struff","Pedro Cachin",1552.34122825575,1465.87729658321,1,86.4639316725434,1,1,0.534668210070579,1
20220516,"Lyon","Clay",FALSE,"Gregoire Barrere","Ugo Humbert",1500,1413.52737391878,0,86.4726260812179,1,2,0.490782187090438,0
20221024,"Vienna","Hard",FALSE,"Karen Khachanov","Daniel Evans",1649.82996097764,1563.328577502,0,86.5013834756369,3,2,0.652463932995723,1
20220509,"Rome Masters","Clay",FALSE,"Cameron Norrie","Marin Cilic",1617.05842749705,1530.44562455537,0,86.6128029416805,3,3,0.611719735936861,1
20220613,"Halle","Grass",FALSE,"Nick Kyrgios","Pablo Carreno Busta",1615.42392764772,1528.77450802987,1,86.6494196178419,3,3,0.611756187195033,1
20230828,"Us Open","Hard",TRUE,"Sho Shimabukuro","Hugo Gaston",1482.50172897276,1395.65487758487,0,86.8468513878934,0,3,0.440390529775376,0
20231023,"Basel","Hard",FALSE,"Ugo Humbert","Marcos Giron",1645.9517951963,1559.02056389464,1,86.9312313016646,2,3,0.53060177278345,1
20220926,"Seoul","Hard",FALSE,"Jenson Brooksby","Soon Woo Kwon",1564.1297393098,1477.03958912453,1,87.0901501852725,3,2,0.653023277397467,1
20230916,"Davis Cup Finals RR: USA vs FIN","Hard",FALSE,"Tommy Paul","Emil Ruusuvuori",1669.03731805096,1581.87164684419,0,87.1656712067661,3,3,0.612269973334073,1
20230508,"Rome Masters","Clay",FALSE,"Alexander Bublik","Pedro Martinez",1476.34671895922,1389.17760379368,1,87.1691151655377,3,3,0.612273400008779,1
20230203,"Davis Cup QLS R1: GER vs SUI","Hard",FALSE,"Marc Andrea Huesler","Oscar Otte",1540.14271311287,1452.91892559303,1,87.2237875198396,2,3,0.530907156845311,1
20221024,"Vienna","Hard",FALSE,"Daniil Medvedev","Denis Shapovalov",1729.40482516189,1641.9309065715,1,87.473918590392,3,3,0.61257662970332,1
20231002,"Shanghai Masters","Hard",FALSE,"Ugo Humbert","Botic Van De Zandschulp",1617.6200728073,1530.10445875665,1,87.515614050657,2,3,0.531211756165833,1
20230320,"Miami Masters","Hard",FALSE,"Daniil Medvedev","Jannik Sinner",1876.71659408177,1789.14441303674,1,87.5721810450204,3,3,0.612674366240742,1
20220822,"Winston-Salem","Hard",FALSE,"Jack Draper","Fabio Fognini",1573.590067034,1485.98913889859,1,87.6009281354147,3,1,0.692174164897918,1
20230109,"Auckland","Hard",FALSE,"Richard Gasquet","David Goffin",1594.97714289245,1507.34082385161,1,87.6363190408445,3,3,0.612738156067268,1
20220620,"Eastbourne","Grass",FALSE,"Thiago Monteiro","Ugo Humbert",1509.41589587118,1421.66064672175,1,87.755249149423,1,2,0.492125741142484,0
20230424,"Madrid Masters","Clay",FALSE,"Cristian Garin","Marc Andrea Huesler",1578.07772610633,1490.26559691685,1,87.8121291894743,3,2,0.65370860059061,1
20230717,"Bastad","Clay",FALSE,"Sebastian Baez","Federico Coria",1490.28830582808,1402.47019330661,0,87.8181125214633,3,1,0.692368082083211,1
20220214,"Marseille","Hard",FALSE,"Felix Auger Aliassime","Andrey Rublev",1632.23144875492,1544.37374644792,0,87.857702307007,3,3,0.612958307850906,1
20230828,"Us Open","Hard",TRUE,"Stan Wawrinka","Yoshihito Nishioka",1619.36053139418,1531.49415982995,1,87.866371564231,1,1,0.611402389685651,1
20230828,"Us Open","Hard",TRUE,"Daniel Evans","Daniel Elahi Galan",1541.47132834099,1453.56435435191,1,87.9069739890815,2,3,0.607121762236769,1
20230206,"Dallas","Hard",FALSE,"J J Wolf","Radu Albot",1582.88418873318,1494.92867412592,1,87.9555146072555,3,1,0.69249072906875,1
20230913,"Davis Cup Finals RR: CAN vs ITA","Hard",FALSE,"Lorenzo Sonego","Alexis Galarneau",1554.68813583759,1466.69562876357,0,87.9925070740196,3,2,0.653879721055345,1
20231030,"Paris Masters","Hard",FALSE,"Karen Khachanov","Laslo Djere",1699.7634470549,1611.6646283797,1,88.0988186751993,3,1,0.692618615278941,1
20220815,"Cincinnati Masters","Hard",FALSE,"Andy Murray","Stan Wawrinka",1551.51515675607,1463.34889984861,1,88.1662569074547,3,1,0.692678787701375,1
20221024,"Vienna","Hard",FALSE,"Grigor Dimitrov","Thiago Monteiro",1530.00354956893,1441.79733753061,1,88.2062120383118,3,1,0.69271443496614,1
20230220,"Marseille","Hard",FALSE,"Richard Gasquet","Stan Wawrinka",1600.23619201854,1512.0068395606,0,88.2293524579352,3,1,0.69273507938928,1
20221003,"Astana","Hard",FALSE,"Andrey Rublev","Adrian Mannarino",1646.91644932848,1558.66380087966,1,88.2526484488169,3,3,0.613350942395463,1
20220411,"Monte Carlo Masters","Clay",FALSE,"Lorenzo Musetti","Benoit Paire",1500.48591666991,1412.1457943378,1,88.3401223321123,3,0,0.728931692044613,1
20230116,"Australian Open","Hard",TRUE,"Tommy Paul","Jenson Brooksby",1657.34476079649,1568.97119119225,1,88.3735696042368,3,3,0.683984565312567,1
20231113,"Tour Finals","Hard",FALSE,"Carlos Alcaraz","Andrey Rublev",1904.44698877334,1816.01855556814,1,88.4284332052036,3,3,0.613525650945659,1
20220207,"Rotterdam","Hard",FALSE,"Stefanos Tsitsipas","Alejandro Davidovich Fokina",1558.71346855395,1470.20803443736,1,88.5054341165855,3,3,0.613602171232969,1
20230424,"Madrid Masters","Clay",FALSE,"Alexander Zverev","Roberto Carballes Baena",1627.74602574884,1539.1927096058,1,88.553316143044,3,1,0.693024018298311,1
20220110,"Sydney","Hard",FALSE,"Maxime Cressy","Dusan Lajovic",1544.89466406645,1456.2908401145,1,88.6038239519569,3,1,0.69306905190259,1
20230227,"Dubai","Hard",FALSE,"Andrey Rublev","Botic Van De Zandschulp",1700.20360881859,1611.31987272987,1,88.8837360887137,3,3,0.613978030361624,1
20230306,"Indian Wells Masters","Hard",FALSE,"Maxime Cressy","Alejandro Tabilo",1560.17423376321,1471.25341005624,0,88.9208237069743,3,3,0.614014871186447,1
20231016,"Stockholm","Hard",FALSE,"Gael Monfils","Filip Misolic",1614.26588561534,1525.16702302288,1,89.0988625924554,2,1,0.618517500850928,1
20230920,"Zhuhai","Hard",FALSE,"Yoshihito Nishioka","Lloyd Harris",1520.20879770807,1431.0425898405,1,89.1662078675652,1,3,0.449821101945448,0
20230717,"Bastad","Clay",FALSE,"Leo Borg","Federico Coria",1505.50955574065,1416.07597652941,0,89.4335792112458,1,1,0.537763506694756,1
20230807,"Canada Masters","Hard",FALSE,"Jannik Sinner","Matteo Berrettini",1770.5842409347,1681.09578129834,1,89.4884596363647,3,3,0.61457856671412,1
20220822,"Winston-Salem","Hard",FALSE,"Ilya Ivashka","Marc Andrea Huesler",1534.97996864129,1445.45145286965,0,89.5285157716405,2,2,0.576703091012227,1
20231127,"NextGen Finals","Hard",FALSE,"Hamad Medjedovic","Abedallah Shelbayh",1546.8576998036,1457.03852946906,1,89.8191703345451,2,1,0.619229586515721,1
20230731,"Kitzbuhel","Clay",FALSE,"Laslo Djere","Thiago Seyboth Wild",1603.0977540256,1513.09614700863,1,90.001607016977,1,1,0.5383552442678,1
20221114,"Tour Finals","Hard",FALSE,"Felix Auger Aliassime","Casper Ruud",1770.12781681428,1679.97487880075,0,90.1529380135273,3,1,0.694448477358499,1
20220718,"Hamburg","Clay",FALSE,"Francisco Cerundolo","Lorenzo Musetti",1598.91065419931,1508.75697574663,0,90.1536784526843,3,3,0.615238776630021,1
20220404,"Houston","Clay",FALSE,"Reilly Opelka","John Isner",1621.53452362251,1531.35702475274,1,90.1774988697709,1,3,0.450870293698141,0
20230320,"Miami Masters","Hard",FALSE,"Yoshihito Nishioka","Alex Molcan",1590.5081936549,1500.33051689528,0,90.1776767596198,1,3,0.450870478293588,0
20230917,"Davis Cup Finals RR: CRO vs NED","Hard",FALSE,"Tallon Griekspoor","Borna Gojo",1627.25143478318,1537.04388063033,0,90.2075541528511,3,2,0.655977829909644,1
20230920,"Zhuhai","Hard",FALSE,"Karen Khachanov","Sebastian Korda",1705.73767739207,1615.47778039427,1,90.2598969978001,3,3,0.615344156170552,1
20230109,"Adelaide 2","Hard",FALSE,"Roberto Bautista Agut","Soon Woo Kwon",1637.53674478304,1547.24302024588,0,90.2937245371575,3,2,0.656059328931401,1
20220829,"Us Open","Hard",TRUE,"Casper Ruud","Karen Khachanov",1676.67461898607,1586.31532176606,1,90.3592972200147,1,3,0.530162121860245,1
20230626,"Eastbourne","Grass",FALSE,"Ryan Peniston","Marc Andrea Huesler",1524.90676961051,1434.51595992572,0,90.3908096847904,0,2,0.41246741210261,0
20230724,"Hamburg","Clay",FALSE,"Yannick Hanfmann","Zhizhen Zhang",1617.79858541779,1527.40449245083,0,90.3940929669641,1,1,0.538764049751521,1
20220829,"Us Open","Hard",TRUE,"Borna Coric","Enzo Couacaud",1577.50163728747,1486.99189063053,1,90.5097466569364,1,0,0.656869963581744,1
20221107,"NextGen Finals","Hard",FALSE,"Dominic Stricker","Jiri Lehecka",1564.96662756926,1474.25667266586,0,90.7099549034078,1,3,0.451422881118816,0
20220620,"Eastbourne","Grass",FALSE,"Taylor Fritz","Alexander Bublik",1609.22204723351,1518.38817140577,1,90.8338758277389,3,3,0.615913413761816,1
20221024,"Basel","Hard",FALSE,"Holger Rune","Arthur Rinderknech",1651.35417598626,1560.50202991753,1,90.8521460687289,3,3,0.615931528516875,1
20230403,"Estoril","Clay",FALSE,"Roberto Bautista Agut","Quentin Halys",1566.45790403827,1475.57815946387,0,90.8797445743946,3,3,0.615958891540045,1
20220411,"Monte Carlo Masters","Clay",FALSE,"Cameron Norrie","Albert Ramos",1604.53095835734,1513.60262551483,0,90.9283328425145,3,1,0.695137630729782,1
20221031,"Paris Masters","Hard",FALSE,"Pablo Carreno Busta","Albert Ramos",1599.40236999327,1508.4718756694,1,90.9304943238735,3,1,0.695139550585488,1
20221031,"Paris Masters","Hard",FALSE,"Denis Shapovalov","Francisco Cerundolo",1630.62963554377,1539.6723176926,1,90.9573178511666,3,3,0.61603579899601,1
20220523,"Roland Garros","Clay",TRUE,"Karen Khachanov","Hugo Dellien",1539.260231681,1448.16759928202,1,91.0926323989875,3,1,0.758541599882589,1
20220523,"Roland Garros","Clay",TRUE,"David Goffin","Jiri Lehecka",1560.64124367757,1469.4291007823,1,91.2121428952682,3,3,0.688690783940969,1
20230724,"Hamburg","Clay",FALSE,"Francisco Cerundolo","Yannick Hanfmann",1690.29427880225,1598.94307669991,0,91.3512021023337,3,1,0.695513099386123,1
20230403,"Estoril","Clay",FALSE,"Alessandro Giannessi","Fabio Fognini",1484.37330155343,1393.01926481803,0,91.354036735404,0,1,0.456626834496352,0
20230814,"Cincinnati Masters","Hard",FALSE,"Matteo Berrettini","Felix Auger Aliassime",1669.87607916708,1578.49197733885,0,91.3841018282335,3,3,0.616458815961338,1
20230828,"Us Open","Hard",TRUE,"Stan Wawrinka","Tomas Martin Etcheverry",1617.73476124345,1526.34047976847,1,91.3942814749789,1,1,0.617837907071751,1
20220307,"Indian Wells Masters","Hard",FALSE,"Fabio Fognini","Nikoloz Basilashvili",1533.52330591025,1442.02058299242,0,91.5027229178286,1,3,0.452245844144234,0
20230612,"Stuttgart","Grass",FALSE,"Christopher Oconnell","Daniel Altmaier",1518.11001434875,1426.58192626337,1,91.5280880853782,3,1,0.695670080578658,1
20221010,"Florence","Hard",FALSE,"Jenson Brooksby","Mackenzie Mcdonald",1575.44657576903,1483.85278999064,0,91.5937857783831,3,3,0.616666584616827,1
20220214,"Marseille","Hard",FALSE,"Kamil Majchrzak","Benjamin Bonzi",1565.20627379871,1473.5902984867,0,91.6159753120182,3,3,0.616688568975407,1
20230102,"United Cup","Hard",FALSE,"Borna Coric","Arthur Rinderknech",1646.60353477083,1554.90022888268,1,91.7033058881539,1,3,0.452454108514187,0
20220221,"Acapulco","Hard",FALSE,"Taylor Fritz","Yoshihito Nishioka",1554.73725959163,1463.0328343619,0,91.7044252297314,3,1,0.695826529366297,1
20230424,"Madrid Masters","Clay",FALSE,"Lorenzo Musetti","Yannick Hanfmann",1613.92416158377,1522.21853097702,0,91.7056306067525,3,1,0.695827598637909,1
20221024,"Vienna","Hard",FALSE,"Emil Ruusuvuori","Lorenzo Sonego",1575.78733220928,1484.05868770968,1,91.7286444995966,3,3,0.616800189005694,1
20220808,"Canada Masters","Hard",FALSE,"Cameron Norrie","Felix Auger Aliassime",1681.57978665665,1589.72330732503,0,91.8564793316125,3,3,0.616926818550036,1
20220523,"Roland Garros","Clay",TRUE,"Alexander Zverev","Sebastian Baez",1664.00589599883,1571.84962956652,1,92.1562664323123,3,3,0.690247558158318,1
20230227,"Santiago","Clay",FALSE,"Sebastian Baez","Tomas Martin Etcheverry",1485.43041261096,1393.18997364999,0,92.2404389609665,3,1,0.69630181016677,1
20220808,"Canada Masters","Hard",FALSE,"Taylor Fritz","Frances Tiafoe",1664.71069132087,1572.4671500949,1,92.2435412259731,3,3,0.617310134235604,1
20220627,"Wimbledon","Grass",TRUE,"David Goffin","Radu Albot",1584.25626699154,1491.94716832023,1,92.3090986713132,3,1,0.760253371686974,1
20230731,"Los Cabos","Hard",FALSE,"Borna Coric","Jason Jung",1579.40518314735,1487.02748845246,1,92.377694694884,1,0,0.58406646925457,1
20220801,"Los Cabos","Hard",FALSE,"Jason Kubler","Radu Albot",1558.30272364442,1465.91555339425,0,92.387170250177,3,1,0.696431843071307,1
20230717,"Bastad","Clay",FALSE,"Andrey Rublev","Casper Ruud",1803.48539092337,1711.05136399017,1,92.4340269332063,3,1,0.696473360730878,1
20231016,"Antwerp","Hard",FALSE,"Arthur Rinderknech","Hugo Gaston",1496.04710036175,1403.45613170785,0,92.5909686538973,3,3,0.617654074843591,1
20230626,"Eastbourne","Grass",FALSE,"Tommy Paul","J J Wolf",1619.09718616813,1526.4524897045,1,92.6446964636316,3,3,0.617707252922975,1
20230828,"Us Open","Hard",TRUE,"Daniil Medvedev","Andrey Rublev",1847.10262966591,1754.41882248046,1,92.6838071854545,3,3,0.691115553494628,1
20231127,"NextGen Finals","Hard",FALSE,"Alex Michelsen","Abedallah Shelbayh",1530.85348310268,1438.1276506687,0,92.7258324339764,3,1,0.696731844715985,1
20230508,"Rome Masters","Clay",FALSE,"J J Wolf","Hugo Grenier",1562.05728835125,1469.29398935947,1,92.7632989917854,3,3,0.61782463195642,1
20220620,"Mallorca","Grass",FALSE,"Sebastian Baez","Jordan Thompson",1548.11534152364,1455.22967831248,1,92.8856632111588,3,3,0.617945719465692,1
20230320,"Miami Masters","Hard",FALSE,"Carlos Alcaraz","Taylor Fritz",1867.51516495841,1774.5764317435,1,92.9387332149088,3,3,0.617998231200201,1
20230116,"Australian Open","Hard",TRUE,"Emil Ruusuvuori","Max Purcell",1541.28734739174,1448.11390729702,1,93.1734400947196,3,0,0.79191929136844,1
20221017,"Naples","Hard",FALSE,"Adrian Mannarino","Pedro Cachin",1572.61950062321,1479.43948822104,0,93.1800124021656,3,1,0.697133914046356,1
20220411,"Monte Carlo Masters","Clay",FALSE,"Felix Auger Aliassime","Lorenzo Musetti",1592.33747610228,1499.0341057027,0,93.3033703995786,3,3,0.618358957998531,1
20230227,"Dubai","Hard",FALSE,"Thanasi Kokkinakis","Quentin Halys",1533.36581702815,1439.96940650286,1,93.3964105252867,1,3,0.454212707560443,0
20220214,"Doha","Hard",FALSE,"Roberto Bautista Agut","Alejandro Davidovich Fokina",1588.36680787569,1494.94524195955,1,93.4215659161437,3,3,0.618475857996276,1
20230916,"Davis Cup WG1 R1: ISR vs JPN","Hard",FALSE,"Daniel Cukierman","Shintaro Mochizuki",1498.57361676553,1405.07267129984,1,93.5009454656918,2,2,0.580762217188519,1
20230619,"Queen's Club","Grass",FALSE,"Mackenzie Mcdonald","Diego Schwartzman",1548.63436979422,1455.00060076894,0,93.6337690252806,3,1,0.697535307378184,1
20230522,"Geneva","Clay",FALSE,"Alexander Zverev","Yibing Wu",1634.29170555658,1540.64180949863,1,93.6498960579581,3,2,0.659226376377209,1
20230320,"Miami Masters","Hard",FALSE,"Grigor Dimitrov","Jan Lennard Struff",1587.72788746062,1493.96593783801,1,93.7619496226112,3,1,0.697648641404528,1
20230417,"Banja Luka","Clay",FALSE,"Jiri Lehecka","Gael Monfils",1633.61753391026,1539.81490076887,1,93.8026331413892,3,2,0.659370171449508,1
20220321,"Miami Masters","Hard",FALSE,"Botic Van De Zandschulp","Mikhail Kukushkin",1544.10752433443,1450.16679684857,0,93.9407274858595,3,0,0.733544829167436,1
20230424,"Madrid Masters","Clay",FALSE,"Hubert Hurkacz","Richard Gasquet",1652.46547981482,1558.43158371982,1,94.0338960950014,3,3,0.619081256597492,1
20230927,"Beijing","Hard",FALSE,"Daniil Medvedev","Jannik Sinner",1891.82505823374,1797.53410593934,0,94.2909522944067,3,3,0.619335292773181,1
20220425,"Estoril","Clay",FALSE,"Tommy Paul","Richard Gasquet",1584.05883818261,1489.70431234087,0,94.3545258417423,3,3,0.619398109357635,1
20230213,"Buenos Aires","Clay",FALSE,"Francisco Cerundolo","Jaume Munar",1547.37416304136,1452.88014115567,1,94.4940218856907,3,1,0.69829545961133,1
20230807,"Canada Masters","Hard",FALSE,"Sebastian Korda","Tomas Martin Etcheverry",1642.67657198532,1548.04631503559,1,94.6302569497366,3,1,0.698415742548516,1
20220418,"Barcelona","Clay",FALSE,"Pedro Martinez","Ilya Ivashka",1562.33214864266,1467.69815256413,0,94.6339960785247,3,2,0.660152347170386,1
20220919,"San Diego","Hard",FALSE,"Mackenzie Mcdonald","Henri Laaksonen",1468.91309987418,1374.20880334294,1,94.7042965312316,3,0,0.734169883142957,1
20230417,"Barcelona","Clay",FALSE,"Francisco Cerundolo","Daniel Evans",1602.31173824075,1507.54450184478,0,94.76723639597,3,2,0.660277623348796,1
20230703,"Wimbledon","Grass",TRUE,"Alexander Bublik","Maximilian Marterer",1595.14365885811,1500.32709344982,1,94.8165654082868,3,3,0.694610940949255,1
20220307,"Indian Wells Masters","Hard",FALSE,"Andrey Rublev","Hubert Hurkacz",1664.93203896109,1570.08202497321,1,94.8500139878809,3,3,0.619887560672736,1
20220418,"Barcelona","Clay",FALSE,"Pablo Andujar","Ugo Humbert",1516.31543528581,1421.29635741344,0,95.0190778723722,1,2,0.499736214945447,0
20230522,"Lyon","Clay",FALSE,"Felix Auger Aliassime","Arthur Fils",1677.01300227109,1581.96632138021,0,95.0466808908857,3,1,0.698783237298475,1
20220725,"Atlanta","Hard",FALSE,"Sebastian Korda","Taro Daniel",1554.30604145043,1459.20221973826,0,95.1038217121686,3,1,0.698833644276166,1
20220418,"Barcelona","Clay",FALSE,"Soon Woo Kwon","Benoit Paire",1495.98930443482,1400.87962484196,1,95.1096795928595,2,0,0.664689023412488,1
20230927,"Beijing","Hard",FALSE,"Grigor Dimitrov","Mackenzie Mcdonald",1700.6340413715,1605.45988293299,1,95.1741584385077,3,3,0.62020762409162,1
20230206,"Cordoba","Clay",FALSE,"Francisco Cerundolo","Federico Coria",1553.29827390805,1458.00185380052,0,95.2964201075297,3,1,0.699003510269056,1
20220509,"Rome Masters","Clay",FALSE,"Stefanos Tsitsipas","Grigor Dimitrov",1687.4179838701,1592.0515811801,1,95.3664026899971,3,3,0.620397398594315,1
20230703,"Wimbledon","Grass",TRUE,"Dusan Lajovic","Jan Choinski",1561.76080181987,1466.27819452453,0,95.482607295341,1,0,0.665449586122812,1
20230306,"Indian Wells Masters","Hard",FALSE,"J J Wolf","Marton Fucsovics",1570.62083385973,1475.09316830118,0,95.5276655585508,3,3,0.62055656133733,1
20230807,"Canada Masters","Hard",FALSE,"Emil Ruusuvuori","Marcos Giron",1582.74852071155,1487.15647838985,0,95.592042321696,3,3,0.620620092480357,1
20230424,"Madrid Masters","Clay",FALSE,"Nicolas Jarry","Roman Safiullin",1583.26152957479,1487.62249684301,0,95.6390327317758,3,3,0.620666463037842,1
20230731,"Kitzbuhel","Clay",FALSE,"Tomas Martin Etcheverry","Daniel Elahi Galan",1554.89394663398,1459.25122356349,1,95.6427230704874,1,3,0.45654767146886,0
20220502,"Madrid Masters","Clay",FALSE,"Cameron Norrie","Soon Woo Kwon",1591.59597327375,1495.86326558881,1,95.7327076849438,3,2,0.661184714997233,1
20230717,"Gstaad","Clay",FALSE,"Jurij Rodionov","Zizou Bergs",1467.95341677159,1372.08635142639,0,95.8670653451964,1,1,0.544458912118518,1
20220321,"Miami Masters","Hard",FALSE,"Pedro Martinez","Cristian Garin",1555.3687280222,1459.44876082842,1,95.9199671937783,3,3,0.620943645679061,1
20220214,"Delray Beach","Hard",FALSE,"Maxime Cressy","John Millman",1556.39579589563,1460.42995650526,0,95.9658393903676,3,0,0.735200524571967,1
20220620,"Eastbourne","Grass",FALSE,"Reilly Opelka","Maxime Cressy",1548.77776282755,1452.66920616801,0,96.1085566595398,1,3,0.457032131928265,0
20220523,"Roland Garros","Clay",TRUE,"Diego Schwartzman","Jaume Munar",1595.04719500151,1498.80718737698,1,96.2400076245378,1,1,0.626609996818366,1
20220725,"Umag","Clay",FALSE,"Corentin Moutet","Daniel Altmaier",1482.85253678294,1386.42387409374,1,96.4286626892099,3,1,0.70000100993121,1
20230724,"Atlanta","Hard",FALSE,"Christopher Eubanks","Andres Martin",1598.9295282301,1502.48941027212,1,96.4401179579802,3,2,0.66184859958421,1
20221017,"Antwerp","Hard",FALSE,"Richard Gasquet","Stan Wawrinka",1571.44414547865,1474.71548266473,1,96.7286628139216,3,1,0.700264991666142,1
20220815,"Cincinnati Masters","Hard",FALSE,"Daniil Medvedev","Botic Van De Zandschulp",1687.9091360141,1590.95803348681,1,96.9511025272907,3,3,0.621960332662453,1
20230917,"Davis Cup Finals RR: ITA vs SWE","Hard",FALSE,"Lorenzo Sonego","Elias Ymer",1555.74044868666,1458.74640645804,1,96.99404222862,3,1,0.700498398510717,1
20221031,"Paris Masters","Hard",FALSE,"Andy Murray","Gilles Simon",1580.37693799293,1483.31796029437,0,97.0589776985569,3,3,0.622066634518029,1
20220815,"Cincinnati Masters","Hard",FALSE,"Stefanos Tsitsipas","John Isner",1672.39418460555,1575.26787636156,1,97.1263082439916,3,3,0.622132977128317,1
20220711,"Bastad","Clay",FALSE,"Casper Ruud","Francisco Cerundolo",1658.10380387316,1560.94478297938,0,97.1590208937812,1,3,0.45812489709129,0
20230703,"Wimbledon","Grass",TRUE,"Francisco Cerundolo","Jiri Lehecka",1701.7569006826,1604.47792223608,0,97.278978446519,3,3,0.698618879486554,1
20220516,"Lyon","Clay",FALSE,"Francisco Cerundolo","James Duckworth",1552.99370463693,1455.70088481746,1,97.2928198194745,3,3,0.622297025851063,1
20231002,"Shanghai Masters","Hard",FALSE,"Alexander Shevchenko","Chun Hsin Tseng",1468.26692988559,1370.87558586802,0,97.39134401757,1,0,0.589162135043112,1
20230213,"Buenos Aires","Clay",FALSE,"Roberto Carballes Baena","Tomas Martin Etcheverry",1485.19063692586,1387.61638537434,0,97.5742515515162,1,1,0.546233006888725,1
20230227,"Santiago","Clay",FALSE,"Francisco Cerundolo","Tomas Martin Etcheverry",1534.57700667305,1436.71940501007,0,97.8576016629866,3,1,0.701257196641138,1
20230109,"Adelaide 2","Hard",FALSE,"Thanasi Kokkinakis","Alexei Popyrin",1516.41812897476,1418.48217573995,1,97.9359532348087,1,1,0.546608735349119,1
20220307,"Indian Wells Masters","Hard",FALSE,"Miomir Kecmanovic","Liam Broady",1568.40806325358,1470.43094133948,1,97.9771219140982,3,0,0.736838383400343,1
20220711,"Bastad","Clay",FALSE,"Emil Ruusuvuori","Dominic Thiem",1527.30594523919,1429.16710666444,0,98.1388385747484,3,1,0.701504077421188,1
20230109,"Auckland","Hard",FALSE,"John Isner","Gregoire Barrere",1587.26961204123,1489.06301561792,0,98.2065964233166,3,1,0.701563540391355,1
20230403,"Houston","Clay",FALSE,"Max Purcell","Daniel Altmaier",1437.04279116268,1338.80667028022,1,98.2361208824598,0,1,0.463792167300833,0
20220815,"Cincinnati Masters","Hard",FALSE,"Carlos Alcaraz","Marin Cilic",1736.78129989293,1638.45433546622,1,98.3269644267154,3,3,0.623315246300973,1
20220523,"Roland Garros","Clay",TRUE,"Marin Cilic","Gilles Simon",1573.75449897843,1474.84150443733,1,98.9129945411066,3,3,0.701261901136046,1
20220627,"Wimbledon","Grass",TRUE,"Alex De Minaur","Liam Broady",1570.32353086894,1471.20984226596,1,99.1136886029772,3,0,0.799357337996425,1
20230102,"Pune","Hard",FALSE,"Botic Van De Zandschulp","Benjamin Bonzi",1604.78905895653,1505.64288092806,0,99.146178028476,3,3,0.624121073493983,1
20230417,"Barcelona","Clay",FALSE,"David Goffin","Feliciano Lopez",1480.20418442352,1380.97497486252,1,99.229209561001,3,0,0.737854707730952,1
20220523,"Roland Garros","Clay",TRUE,"Daniil Medvedev","Laslo Djere",1608.78174695295,1509.49454754665,1,99.2871994063025,3,1,0.769911450322604,1
20220502,"Madrid Masters","Clay",FALSE,"Jannik Sinner","Felix Auger Aliassime",1674.93524973786,1575.60243300818,0,99.3328167296779,3,3,0.624304566528723,1
20230529,"Roland Garros","Clay",TRUE,"Sebastian Korda","Mackenzie Mcdonald",1643.21008927478,1543.84471345183,1,99.3653758229455,3,3,0.70199127221536,1
20230109,"Adelaide 2","Hard",FALSE,"Roberto Bautista Agut","Thanasi Kokkinakis",1626.71549120314,1527.29843408934,1,99.4170571137984,3,1,0.702624668966491,1
20230213,"Delray Beach","Hard",FALSE,"Radu Albot","Fernando Verdasco",1509.41472231466,1409.95110696998,1,99.4636153446813,1,1,0.54819504949413,1
20220523,"Roland Garros","Clay",TRUE,"Casper Ruud","Holger Rune",1673.75759405975,1574.27890317733,1,99.4786908824251,1,3,0.54761244512429,1
20221003,"Astana","Hard",FALSE,"Hubert Hurkacz","Francisco Cerundolo",1641.39454640278,1541.67253756396,1,99.7220088388217,3,3,0.624687084240711,1
20220221,"Dubai","Hard",FALSE,"Andrey Rublev","Soon Woo Kwon",1613.32825299849,1513.57668736168,1,99.7515656368096,3,2,0.664947799288642,1
20220411,"Monte Carlo Masters","Clay",FALSE,"Grigor Dimitrov","Dusan Lajovic",1550.78881776686,1451.03328467929,1,99.7555330875621,3,1,0.702920998220574,1
20220919,"San Diego","Hard",FALSE,"Daniel Evans","Taro Daniel",1557.95270822952,1458.15812232054,1,99.7945859089741,2,1,0.62903727459836,1
20230320,"Miami Masters","Hard",FALSE,"Adrian Mannarino","Juncheng Shang",1564.21782108752,1464.36881675282,1,99.8490043347008,3,0,0.738356860157114,1
20220829,"Us Open","Hard",TRUE,"Casper Ruud","Tommy Paul",1708.12372986315,1608.23197043598,1,99.8917594271777,1,3,0.548400429952526,1
20220808,"Canada Masters","Hard",FALSE,"Alex Molcan","Mackenzie Mcdonald",1587.47463287187,1487.46731720883,1,100.007315663045,3,3,0.624967399434912,1
20230417,"Barcelona","Clay",FALSE,"Mackenzie Mcdonald","Ben Shelton",1597.07810343575,1496.6962427985,0,100.381860637251,3,3,0.625335264310626,1
20220725,"Kitzbuhel","Clay",FALSE,"Roberto Bautista Agut","Jurij Rodionov",1590.21598484839,1489.7934394543,1,100.422545394085,3,1,0.703504455387876,1
20230206,"Dallas","Hard",FALSE,"Frances Tiafoe","J J Wolf",1694.650832195,1594.16593849342,0,100.484893701572,3,3,0.625436434388767,1
20230828,"Us Open","Hard",TRUE,"Adrian Mannarino","Yosuke Watanuki",1624.2562101913,1523.69407989955,1,100.562130291756,3,3,0.703915838243354,1
20230320,"Miami Masters","Hard",FALSE,"John Isner","Emilio Nava",1557.80528310153,1457.11698849182,0,100.688294609709,3,0,0.739035855297213,1
20220214,"Doha","Hard",FALSE,"Daniel Evans","Alejandro Davidovich Fokina",1576.48233493392,1475.71269028775,0,100.769644646172,2,3,0.545017880682513,1
20230920,"Chengdu","Hard",FALSE,"Lorenzo Musetti","Roman Safiullin",1639.03924786675,1538.24003071355,0,100.7992171532,3,3,0.625745006669625,1
20230912,"Davis Cup Finals RR: SRB vs KOR","Hard",FALSE,"Laslo Djere","Soon Woo Kwon",1628.20775207224,1527.39971096987,1,100.80804110237,1,2,0.505801698031233,1
20220613,"Halle","Grass",FALSE,"Daniil Medvedev","Oscar Otte",1633.60130623551,1532.7759258288,1,100.825380406712,3,3,0.625770686609299,1
20220425,"Munich","Clay",FALSE,"Botic Van De Zandschulp","Egor Gerasimov",1558.39973253943,1457.5460593095,1,100.853673229933,3,0,0.73916951392231,1
20230717,"Gstaad","Clay",FALSE,"Pedro Cachin","Albert Ramos",1534.65380400866,1433.78323314926,1,100.870570859403,1,1,0.549655157678822,1
20230612,"s Hertogenbosch","Grass",FALSE,"Alex De Minaur","Laslo Djere",1638.4081458706,1537.39111268519,1,101.017033185418,3,1,0.704023913848304,1
20221031,"Paris Masters","Hard",FALSE,"Andrey Rublev","John Isner",1688.29343790502,1587.27390647509,1,101.019531429926,3,3,0.625961228940871,1
20220214,"Marseille","Hard",FALSE,"Stefanos Tsitsipas","Roman Safiullin",1604.53875454508,1503.44063498962,0,101.098119555466,3,3,0.626038345244826,1
20221031,"Paris Masters","Hard",FALSE,"John Isner","Oscar Otte",1576.51638563167,1475.38872661901,1,101.12765901266,3,3,0.626067329822936,1
20220822,"Winston-Salem","Hard",FALSE,"Ilya Ivashka","Peter Gojowczyk",1516.19805129597,1414.92667347673,1,101.271377819245,2,2,0.588670243589103,1
20230529,"Roland Garros","Clay",TRUE,"Adrian Mannarino","Ugo Humbert",1543.88581314123,1442.45508788372,0,101.430725257509,3,2,0.740489090657763,1
20230220,"Marseille","Hard",FALSE,"Stan Wawrinka","Zizou Bergs",1501.26803741681,1399.7770567662,1,101.490980650608,1,1,0.550298735501499,1
20230529,"Roland Garros","Clay",TRUE,"Taylor Fritz","Francisco Cerundolo",1737.15706108762,1635.60164179832,0,101.555419289301,3,3,0.70550771851031,1
20220221,"Acapulco","Hard",FALSE,"Cameron Norrie","Peter Gojowczyk",1549.97249980067,1448.41271504566,1,101.559784755005,3,2,0.666634156924036,1
20220411,"Monte Carlo Masters","Clay",FALSE,"Taylor Fritz","Marin Cilic",1637.61505382287,1536.04753144333,1,101.567522379536,3,3,0.62649882350503,1
20230508,"Rome Masters","Clay",FALSE,"Frances Tiafoe","Lorenzo Musetti",1697.98420808039,1596.40945214153,0,101.574755938862,3,3,0.626505917744731,1
20220404,"Houston","Clay",FALSE,"Reilly Opelka","Gijs Brouwer",1601.62594129571,1500,1,101.625941295707,1,3,0.462776069800894,0
20230102,"Pune","Hard",FALSE,"Filip Krajinovic","Benjamin Bonzi",1569.34759406077,1467.67511053753,0,101.672483523246,3,3,0.626601757743596,1
20230206,"Dallas","Hard",FALSE,"Adrian Mannarino","Jordan Thompson",1549.39344086051,1447.71484221881,1,101.678598641702,3,3,0.626607754419609,1
20230731,"Washington","Hard",FALSE,"Christopher Eubanks","Jordan Thompson",1619.43776578973,1517.65887467104,0,101.778891118688,3,3,0.626706098798252,1
20230508,"Rome Masters","Clay",FALSE,"Cristian Garin","Pedro Cachin",1580.95557091298,1479.14896169921,1,101.806609213776,3,1,0.70471302250887,1
20221010,"Florence","Hard",FALSE,"Felix Auger Aliassime","J J Wolf",1646.54464872192,1544.70857532135,1,101.836073400569,3,3,0.62676216567319,1
20220829,"Us Open","Hard",TRUE,"Marin Cilic","Albert Ramos",1627.58963346497,1525.59383430522,1,101.995799159751,3,1,0.773586002805073,1
20220321,"Miami Masters","Hard",FALSE,"Andrey Rublev","Nick Kyrgios",1674.06271346315,1572.05189280872,0,102.010820654427,3,3,0.626933483160937,1
20230220,"Doha","Hard",FALSE,"Roberto Bautista Agut","Marton Fucsovics",1587.8468736531,1485.81032697703,1,102.036546676079,3,3,0.626958701568919,1
20230927,"Beijing","Hard",FALSE,"Karen Khachanov","Lorenzo Musetti",1732.49434852976,1630.36109334594,0,102.133255183825,3,3,0.627053495693154,1
20220915,"Davis Cup Finals RR: KOR vs SRB","Hard",FALSE,"Miomir Kecmanovic","Soon Woo Kwon",1577.41049105107,1475.18598928567,1,102.224501765399,3,2,0.667253008990429,1
20220718,"Hamburg","Clay",FALSE,"Alex Molcan","Marko Topo",1588.4298499094,1486.12032926,1,102.309520649398,3,0,0.740344213524591,1
20220829,"Us Open","Hard",TRUE,"Ilya Ivashka","Sam Querrey",1553.84000849588,1451.381375149,1,102.458633346881,2,0,0.745493993763073,1
20231106,"Metz","Hard",FALSE,"Botic Van De Zandschulp","Luca Van Assche",1563.04753819156,1460.49802060694,0,102.549517584619,3,1,0.705360549679499,1
20230814,"Cincinnati Masters","Hard",FALSE,"Alejandro Davidovich Fokina","Tomas Martin Etcheverry",1639.67386493543,1537.03371516121,1,102.640149774227,3,1,0.705439489092755,1
20230109,"Auckland","Hard",FALSE,"Ben Shelton","Quentin Halys",1513.07632708765,1410.41178629258,0,102.664540795068,3,3,0.627574089982293,1
20221017,"Naples","Hard",FALSE,"Matteo Berrettini","Lorenzo Musetti",1679.05180487299,1576.36208155569,0,102.689723317294,3,3,0.627598758412452,1
20220425,"Munich","Clay",FALSE,"Emil Ruusuvuori","Holger Rune",1573.63501382116,1470.85401951988,0,102.780994301277,3,3,0.6276881605634,1
20220718,"Hamburg","Clay",FALSE,"Francisco Cerundolo","Aslan Karatsev",1580.10347364014,1477.19568112369,1,102.907792516449,3,3,0.627812348006895,1
20230522,"Geneva","Clay",FALSE,"J J Wolf","Hugo Dellien",1549.07360369568,1446.05461329441,1,103.018990401264,3,1,0.705769320756676,1
20230612,"s Hertogenbosch","Grass",FALSE,"Borna Coric","Mackenzie Mcdonald",1636.05122519497,1533.02140169086,0,103.029823504104,1,3,0.464239237263301,0
20230109,"Adelaide 2","Hard",FALSE,"Roberto Bautista Agut","Robin Haase",1616.05225815818,1512.65427321187,1,103.397984946308,3,1,0.706099070838459,1
20221003,"Astana","Hard",FALSE,"Karen Khachanov","Maxime Cressy",1643.06205689641,1539.51339935796,1,103.548657538451,3,3,0.62843975924464,1
20220117,"Australian Open","Hard",TRUE,"Thanasi Kokkinakis","Yannick Hanfmann",1591.03956517891,1487.48697195251,0,103.552593226408,1,1,0.639690040740232,1
20230807,"Canada Masters","Hard",FALSE,"Jiri Lehecka","Brandon Nakashima",1631.33038626847,1527.66449332437,1,103.665892944099,3,3,0.628554486738198,1
20230424,"Madrid Masters","Clay",FALSE,"Jan Lennard Struff","Aslan Karatsev",1587.20376406263,1483.35666026927,1,103.847103793367,1,3,0.465091316128762,0
20230828,"Us Open","Hard",TRUE,"Nicolas Jarry","Alex Michelsen",1634.02944921644,1530.12739159228,1,103.902057624163,3,3,0.709248634589842,1
20230717,"Gstaad","Clay",FALSE,"Stan Wawrinka","Jaume Munar",1586.52311579762,1482.61522792691,0,103.907887870717,1,1,0.552804273009039,1
20231002,"Shanghai Masters","Hard",FALSE,"Tommy Paul","Sebastian Ofner",1645.58610005576,1541.6392200979,1,103.946879957857,3,1,0.70657626274088,1
20231016,"Antwerp","Hard",FALSE,"Arthur Fils","Mark Lajal",1590.63492314158,1486.67507025152,1,103.959852890061,1,0,0.595809097500384,1
20220606,"s Hertogenbosch","Grass",FALSE,"Felix Auger Aliassime","Tim Van Rijthoven",1624.17352312189,1520.18523967542,0,103.988283446471,3,3,0.628869905868811,1
20231023,"Basel","Hard",FALSE,"Sebastian Baez","Christopher Oconnell",1609.70298510462,1505.71022102986,1,103.992764074763,3,3,0.628874288834716,1
20220404,"Marrakech","Clay",FALSE,"Joao Sousa","Roberto Carballes Baena",1527.95140796123,1423.5864085857,0,104.364999375524,1,1,0.553277849749987,1
20220321,"Miami Masters","Hard",FALSE,"Jenson Brooksby","Nikoloz Basilashvili",1565.31707092614,1460.88220051917,1,104.434870406974,3,3,0.629306654339852,1
20230529,"Roland Garros","Clay",TRUE,"Carlos Alcaraz","Stefanos Tsitsipas",1897.3251633705,1792.78054401365,1,104.544619356859,3,3,0.710268076947716,1
20220916,"Davis Cup Finals RR: GBR vs NED","Hard",FALSE,"Cameron Norrie","Botic Van De Zandschulp",1710.19447745958,1605.60427707324,0,104.590200386347,3,3,0.629458512826475,1
20220411,"Monte Carlo Masters","Clay",FALSE,"Casper Ruud","Grigor Dimitrov",1616.91902943628,1512.19639934198,0,104.7226300943,1,3,0.466004347011108,0
20220725,"Umag","Clay",FALSE,"Corentin Moutet","Facundo Bagnis",1502.24212268697,1397.50764247233,0,104.734480214636,3,1,0.707260185308483,1
20230424,"Madrid Masters","Clay",FALSE,"Andy Murray","Andrea Vavassori",1592.42270517651,1487.62477868949,0,104.797926487015,3,0,0.74234409816806,1
20230424,"Madrid Masters","Clay",FALSE,"Borna Gojo","Thiago Monteiro",1526.70706762667,1421.8809998579,0,104.826067768762,2,1,0.63394465334023,1
20221010,"Gijon","Hard",FALSE,"Andrey Rublev","Sebastian Korda",1676.29299102083,1571.28886878929,1,105.004122231532,3,3,0.629863058820372,1
20220725,"Atlanta","Hard",FALSE,"Brandon Nakashima","John Millman",1545.01625941004,1439.98717040263,1,105.02908900741,3,0,0.742529367708899,1
20231002,"Shanghai Masters","Hard",FALSE,"Andrey Rublev","Tommy Paul",1748.99216273401,1643.93397018107,1,105.058192552949,3,3,0.629915890933353,1
20230529,"Roland Garros","Clay",TRUE,"Hubert Hurkacz","Tallon Griekspoor",1643.46084823279,1538.00435758718,1,105.456490645608,3,3,0.711711147222854,1
20230306,"Indian Wells Masters","Hard",FALSE,"Yibing Wu","Jaume Munar",1574.35280020873,1468.88782084535,1,105.464979363381,2,1,0.634565845699066,1
20230213,"Rotterdam","Hard",FALSE,"Alex De Minaur","Maxime Cressy",1692.47372831103,1586.90535715161,1,105.568371159423,3,3,0.630414233165493,1
20231023,"Basel","Hard",FALSE,"Holger Rune","Felix Auger Aliassime",1699.79782930581,1594.11369773655,0,105.684131569267,3,3,0.63052726923774,1
20230220,"Marseille","Hard",FALSE,"Richard Gasquet","Laurent Lokoli",1589.67494336289,1483.69370473259,1,105.981238630294,3,0,0.743291567925368,1
20230213,"Delray Beach","Hard",FALSE,"Miomir Kecmanovic","Nuno Borges",1582.42377864447,1476.29565716873,1,106.128121475732,3,2,0.670875597180236,1
20230306,"Indian Wells Masters","Hard",FALSE,"Andrey Rublev","Jiri Lehecka",1712.34977485319,1606.06283773156,1,106.286937121633,3,3,0.631115656581535,1
20221031,"Paris Masters","Hard",FALSE,"Hubert Hurkacz","Adrian Mannarino",1647.07830774985,1540.68819188506,1,106.390115864787,3,3,0.63121632842514,1
20230102,"Adelaide 1","Hard",FALSE,"Andrey Rublev","Roberto Bautista Agut",1702.98911813844,1596.59734013319,0,106.391778005255,3,3,0.631217950087653,1
20230724,"Umag","Clay",FALSE,"Dominic Thiem","Facundo Bagnis",1496.31345014163,1389.86572363016,1,106.447726511465,1,1,0.555434360860798,1
20230724,"Atlanta","Hard",FALSE,"J J Wolf","Maxime Cressy",1546.08630517431,1439.4385896787,1,106.647715495605,3,3,0.631467619360667,1
20220509,"Rome Masters","Clay",FALSE,"Stefanos Tsitsipas","Novak Djokovic",1731.90865223884,1625.25512853548,0,106.653523703362,3,3,0.631473284501792,1
20231106,"Metz","Hard",FALSE,"Stan Wawrinka","Luca Van Assche",1547.78140612406,1441.02890706378,0,106.752499060279,1,1,0.555749757393478,1
20230206,"Montpellier","Hard",FALSE,"Borna Coric","Arthur Rinderknech",1632.65009840689,1525.63824332705,1,107.011855079837,1,3,0.468392695836756,0
20230424,"Madrid Masters","Clay",FALSE,"Denis Shapovalov","Zhizhen Zhang",1573.35354165345,1466.32706837339,0,107.026473280064,3,1,0.709245139047945,1
20220919,"Metz","Hard",FALSE,"Alexander Bublik","Lorenzo Sonego",1557.21301188146,1450.16898062529,0,107.044031256168,3,3,0.631854089902044,1
20220214,"Delray Beach","Hard",FALSE,"Reilly Opelka","Cameron Norrie",1608.81968826536,1501.75627001449,0,107.063418250868,1,3,0.46844650879642,0
20230529,"Roland Garros","Clay",TRUE,"Lorenzo Musetti","Alexander Shevchenko",1615.67397475352,1508.49791005354,1,107.17606469998,3,1,0.78049746908039,1
20230927,"Beijing","Hard",FALSE,"Casper Ruud","Tomas Martin Etcheverry",1670.5046244408,1563.32775415593,1,107.176870284866,1,1,0.556188846789714,1
20230626,"Mallorca","Grass",FALSE,"Bernabe Zapata Miralles","Lloyd Harris",1523.50426968186,1416.2137848201,0,107.290484861755,1,3,0.468683491424173,0
20220307,"Indian Wells Masters","Hard",FALSE,"Felix Auger Aliassime","Botic Van De Zandschulp",1634.38893156908,1527.0602006761,0,107.328730892987,3,3,0.632131612633291,1
20221010,"Gijon","Hard",FALSE,"Tommy Paul","Martin Landaluce",1607.41396105811,1500,1,107.413961058113,3,0,0.744435681988358,1
20220926,"Tel Aviv","Hard",FALSE,"Sebastian Korda","Cem Ilkel",1578.66550765971,1471.2008215784,1,107.464686081313,3,2,0.672111313052292,1
20230731,"Los Cabos","Hard",FALSE,"Cristian Garin","Borna Gojo",1590.19531068726,1482.71576363959,0,107.479547047675,3,2,0.672125039345635,1
20220815,"Cincinnati Masters","Hard",FALSE,"Brandon Nakashima","Aslan Karatsev",1550.81422924844,1442.95984098939,0,107.854388259047,3,3,0.632643788831199,1
20220613,"Queen's Club","Grass",FALSE,"Marin Cilic","Alexander Bublik",1608.13086456885,1500.19901347659,1,107.931851092263,3,3,0.63271923975287,1
20230424,"Madrid Masters","Clay",FALSE,"Laslo Djere","Aslan Karatsev",1526.40486029323,1418.39455244442,0,108.010307848817,1,3,0.469434842003086,0
20220509,"Rome Masters","Clay",FALSE,"Reilly Opelka","Stan Wawrinka",1594.66458816913,1486.64190069086,0,108.022687478271,1,1,0.557063736453382,1
20230213,"Delray Beach","Hard",FALSE,"Denis Shapovalov","Michael Mmoh",1597.41236947469,1489.36594172301,0,108.046427751682,3,3,0.632830828635993,1
20220620,"Mallorca","Grass",FALSE,"Roberto Bautista Agut","Antoine Bellier",1608.04695795025,1500,1,108.04695795025,3,2,0.672648906660171,1
20220926,"Seoul","Hard",FALSE,"Cameron Norrie","Jenson Brooksby",1652.87628813245,1544.60078788946,0,108.275500242988,3,3,0.633053884991997,1
20230920,"Chengdu","Hard",FALSE,"Alexander Zverev","Grigor Dimitrov",1811.90291771282,1703.06531565296,1,108.837602059861,3,3,0.633600982692377,1
20230529,"Roland Garros","Clay",TRUE,"Nicolas Jarry","Marcos Giron",1645.09544001588,1536.17545806268,1,108.919981953206,3,3,0.717153069908425,1
20220711,"Newport","Grass",FALSE,"Andy Murray","Sam Querrey",1570.93302765911,1461.8195681227,1,109.113459536407,3,0,0.745788483522292,1
20230227,"Dubai","Hard",FALSE,"Borna Coric","Thanasi Kokkinakis",1653.59976591564,1544.42796868311,1,109.171797232533,1,1,0.558251775457335,1
20230703,"Wimbledon","Grass",TRUE,"Jiri Lehecka","Sebastian Ofner",1633.03465100684,1523.82668311013,1,109.207967896707,3,1,0.783166668337299,1
20230227,"Dubai","Hard",FALSE,"Borna Coric","Daniel Evans",1643.1707838056,1533.82218721994,1,109.348596585653,1,2,0.5147465745645,1
20230925,"Astana","Hard",FALSE,"Tallon Griekspoor","Sho Shimabukuro",1594.6431756691,1485.27808071819,1,109.365094950914,3,0,0.745988383752156,1
20220613,"Halle","Grass",FALSE,"Radu Albot","Ugo Humbert",1511.52158367404,1402.08623136794,0,109.435352306098,1,2,0.514837398664834,1
20230320,"Miami Masters","Hard",FALSE,"Marton Fucsovics","Pedro Cachin",1527.14696675811,1417.57981187639,1,109.567154881719,3,1,0.711436158008565,1
20230109,"Auckland","Hard",FALSE,"Alex Molcan","Quentin Halys",1528.81809382398,1419.1573456387,0,109.660748185283,3,3,0.634401535088339,1
20221024,"Basel","Hard",FALSE,"Marin Cilic","Arthur Rinderknech",1659.04064313376,1549.33740870238,0,109.703234431376,3,3,0.634442835064079,1
20231023,"Vienna","Hard",FALSE,"Daniil Medvedev","Grigor Dimitrov",1875.99485679492,1766.20310247561,1,109.791754319303,3,3,0.634528877010964,1
20220808,"Canada Masters","Hard",FALSE,"Cameron Norrie","Brandon Nakashima",1671.17454405544,1561.21947184965,1,109.955072205791,3,3,0.634687600589014,1
20230724,"Hamburg","Clay",FALSE,"Alexander Zverev","Arthur Fils",1727.60511811181,1617.49921658943,1,110.105901522376,3,1,0.711899496290825,1
20230203,"Davis Cup QLS R1: GER vs SUI","Hard",FALSE,"Alexander Zverev","Marc Andrea Huesler",1661.77541879593,1551.45412835667,0,110.321290439263,3,2,0.674744379340532,1
20230213,"Rotterdam","Hard",FALSE,"Richard Gasquet","Stan Wawrinka",1593.8455978408,1483.31512698619,0,110.53047085461,3,1,0.712264326442179,1
20230306,"Indian Wells Masters","Hard",FALSE,"Laslo Djere","Oscar Otte",1530.47108779766,1419.89621660246,0,110.574871195201,1,3,0.472112833800838,0
20220418,"Barcelona","Clay",FALSE,"Emil Ruusuvuori","Feliciano Lopez",1549.62683929658,1438.94955858204,1,110.677280714532,3,0,0.747029108712491,1
20220829,"Us Open","Hard",TRUE,"Pablo Carreno Busta","Dominic Thiem",1633.82825797564,1522.97086283368,1,110.857395141952,3,1,0.785316112157583,1
20230320,"Miami Masters","Hard",FALSE,"Adrian Mannarino","Christopher Eubanks",1588.18623881382,1477.20500097629,0,110.981237837533,3,3,0.635684228304927,1
20220801,"Washington","Hard",FALSE,"Karen Khachanov","Yoshihito Nishioka",1608.69343169086,1497.22300281416,0,111.470428876694,3,1,0.713071046809423,1
20220523,"Roland Garros","Clay",TRUE,"Oscar Otte","Roberto Carballes Baena",1524.64867706425,1412.90108056587,0,111.747596498379,3,1,0.786469724071298,1
20220214,"Marseille","Hard",FALSE,"Felix Auger Aliassime","Jo-Wilfried Tsonga",1613.51716220738,1501.76639256262,1,111.750769644767,3,2,0.676057877375869,1
20221017,"Stockholm","Hard",FALSE,"Frances Tiafoe","Elias Ymer",1662.94830227502,1551.02042517031,1,111.927877104703,3,1,0.713463163073001,1
20231127,"NextGen Finals","Hard",FALSE,"Arthur Fils","Luca Van Assche",1607.52891176811,1495.36661272241,1,112.162299045697,1,1,0.561340431758919,1
20231106,"Metz","Hard",FALSE,"Lorenzo Sonego","Abedallah Shelbayh",1559.10181512792,1446.93332294156,1,112.168492186358,3,1,0.713669285186316,1
20230508,"Rome Masters","Clay",FALSE,"Cameron Norrie","Alexandre Muller",1679.20446706743,1566.87499629413,1,112.329470773305,3,3,0.636991884494971,1
20230731,"Washington","Hard",FALSE,"Taylor Fritz","Tallon Griekspoor",1725.85360630798,1613.40391050942,0,112.449695798568,3,3,0.637108393197516,1
20230116,"Australian Open","Hard",TRUE,"Tommy Paul","Ben Shelton",1632.17817725303,1519.65402133768,1,112.524155915356,3,3,0.722749477643487,1
20230508,"Rome Masters","Clay",FALSE,"Giulio Zeppieri","Daniel Altmaier",1482.11616352041,1369.57494361632,0,112.541219904092,0,1,0.478730569506133,0
20230925,"Astana","Hard",FALSE,"Marton Fucsovics","Sebastian Ofner",1591.9670767762,1479.38691186287,0,112.580164913331,3,1,0.714021737278395,1
20220919,"San Diego","Hard",FALSE,"J J Wolf","Christopher Oconnell",1549.92086740899,1437.12314261771,0,112.797724791272,3,3,0.637445573341185,1
20220307,"Indian Wells Masters","Hard",FALSE,"Carlos Alcaraz","Mackenzie Mcdonald",1629.35932815833,1516.55271838984,1,112.806609768492,3,3,0.637454179585283,1
20230724,"Atlanta","Hard",FALSE,"Alex Michelsen","Maxime Cressy",1532.59315170827,1419.73036890906,0,112.862782799211,3,3,0.63750858835654,1
20230306,"Indian Wells Masters","Hard",FALSE,"Holger Rune","Mackenzie Mcdonald",1739.18520409001,1626.18179770006,1,113.003406389949,3,3,0.637644779848643,1
20231016,"Antwerp","Hard",FALSE,"Stefanos Tsitsipas","Arthur Fils",1688.34820565207,1575.34183392882,0,113.006371723257,3,1,0.714386358517741,1
20220516,"Geneva","Clay",FALSE,"Tommy Paul","Tallon Griekspoor",1554.17479914385,1441.04734541094,0,113.127453732912,3,3,0.637764899192544,1
20230612,"Stuttgart","Grass",FALSE,"Lorenzo Musetti","Gregoire Barrere",1657.71422927449,1544.35239238133,1,113.361836893153,3,1,0.71469024656758,1
20220926,"Sofia","Hard",FALSE,"Dimitar Kuzmanov","Ugo Humbert",1515,1401.36958127799,0,113.630418722009,0,2,0.436255864218722,0
20230913,"Davis Cup Finals RR: AUS vs GBR","Hard",FALSE,"Jack Draper","Thanasi Kokkinakis",1640.97426694846,1527.18519150258,1,113.789075445875,3,1,0.715055236687326,1
20220627,"Wimbledon","Grass",TRUE,"Filip Krajinovic","Jiri Lehecka",1563.48665053117,1449.66706204858,1,113.819588482591,3,3,0.724744212675825,1
20221024,"Vienna","Hard",FALSE,"Cameron Norrie","Pedro Cachin",1612.24166361362,1498.36863636808,1,113.873027245544,3,1,0.715126923728928,1
20221031,"Paris Masters","Hard",FALSE,"Novak Djokovic","Holger Rune",1829.81263462723,1715.67670318573,0,114.135931441498,3,3,0.638740803482272,1
20230424,"Madrid Masters","Clay",FALSE,"Matteo Arnaldi","Benoit Paire",1445.01644521005,1330.71492712478,1,114.301518085276,1,0,0.606202550916032,1
20231016,"Antwerp","Hard",FALSE,"Dominic Thiem","Luca Nardi",1555.75291429317,1441.44000410307,1,114.312910190108,1,0,0.60621394910023,1
20230227,"Santiago","Clay",FALSE,"Lorenzo Musetti","Jaume Munar",1563.4597888186,1449.12228053836,0,114.337508280238,3,1,0.715523351236155,1
20230828,"Us Open","Hard",TRUE,"Adrian Mannarino","Fabian Marozsan",1627.67171440108,1513.33376266488,1,114.337951736198,3,1,0.789800837831841,1
20231127,"NextGen Finals","Hard",FALSE,"Dominic Stricker","Flavio Cobolli",1569.56100927149,1455.03595527036,0,114.525054001127,1,1,0.563777392755019,1
20221024,"Vienna","Hard",FALSE,"Stefanos Tsitsipas","Borna Coric",1729.91474466501,1615.35850958358,0,114.556235081431,3,1,0.71570991609748,1
20220502,"Madrid Masters","Clay",FALSE,"Fabio Fognini","Nikoloz Basilashvili",1550.32944566665,1435.67601360293,0,114.653432063721,1,3,0.476375031617029,0
20220718,"Gstaad","Clay",FALSE,"Mikael Ymer","Federico Delbonis",1511.61873523422,1396.91181078144,0,114.706924452779,3,1,0.715838404944502,1
20220711,"Bastad","Clay",FALSE,"Elias Ymer","Daniel Altmaier",1518.63634605009,1403.91616805154,1,114.720177998541,1,1,0.563978508965608,1
20230913,"Davis Cup Finals RR: CRO vs USA","Hard",FALSE,"Mackenzie Mcdonald","Dino Prizmic",1605.54278893435,1490.8204837773,1,114.722305157053,3,1,0.715851517695014,1
20220613,"Halle","Grass",FALSE,"Roberto Bautista Agut","Tallon Griekspoor",1585.57192232269,1470.83920165499,1,114.732720667697,3,3,0.639317778321363,1
20231023,"Basel","Hard",FALSE,"Alex De Minaur","Tallon Griekspoor",1709.92480370218,1595.0908121319,0,114.833991570273,3,3,0.639415647006497,1
20230403,"Estoril","Clay",FALSE,"Giulio Zeppieri","Joao Sousa",1501.90121056216,1387.06092406892,0,114.840286493238,0,1,0.481135673541569,0
20230927,"Beijing","Hard",FALSE,"Tomas Martin Etcheverry","Lloyd Harris",1553.11393791141,1438.24433878098,1,114.869599130428,1,3,0.476601033145233,0
20220321,"Miami Masters","Hard",FALSE,"Casper Ruud","Henri Laaksonen",1558.96648892039,1443.94361593208,1,115.022872988311,1,0,0.606924062208234,1
20220815,"Cincinnati Masters","Hard",FALSE,"Jannik Sinner","Felix Auger Aliassime",1733.74956402607,1618.71414029389,0,115.035423732179,3,3,0.639610277575855,1
20221031,"Paris Masters","Hard",FALSE,"Stefanos Tsitsipas","Tommy Paul",1724.01379725809,1608.71532661245,1,115.298470645646,3,3,0.639864373324219,1
20231023,"Basel","Hard",FALSE,"Hubert Hurkacz","Tallon Griekspoor",1730.33747207174,1614.87561505507,1,115.461857016664,3,3,0.640022160417108,1
20230724,"Hamburg","Clay",FALSE,"Alejandro Davidovich Fokina","Luca Van Assche",1606.02683982707,1490.33420652299,0,115.692633304088,3,1,0.716678028412277,1
20221017,"Stockholm","Hard",FALSE,"Tommy Paul","Leo Borg",1615.73572627072,1500,1,115.735726270716,3,1,0.716714700613937,1
20220627,"Wimbledon","Grass",TRUE,"Jannik Sinner","John Isner",1672.8180530996,1556.57149820753,1,116.246554892069,3,3,0.72845725371699,1
20220829,"Us Open","Hard",TRUE,"Daniel Evans","James Duckworth",1546.86936421317,1430.61686633095,1,116.252497882219,2,3,0.657806396431467,1
20220523,"Roland Garros","Clay",TRUE,"Holger Rune","Hugo Gaston",1585.00596735957,1468.71549059529,1,116.290476764284,3,3,0.728524160087768,1
20220822,"Winston-Salem","Hard",FALSE,"Thanasi Kokkinakis","James Duckworth",1527.16539091905,1410.77166302087,0,116.393727898188,1,3,0.478194768424093,0
20220915,"Davis Cup Finals RR: USA vs KAZ","Hard",FALSE,"Taylor Fritz","Alexander Bublik",1648.35569381453,1531.91793353005,1,116.437760284477,3,3,0.640963988263345,1
20230320,"Miami Masters","Hard",FALSE,"Yibing Wu","Kyle Edmund",1584.93439475099,1468.31008321402,1,116.624311536968,2,0,0.684479284531936,1
20220307,"Indian Wells Masters","Hard",FALSE,"Rafael Nadal","Taylor Fritz",1730.7550274177,1614.12833400938,0,116.626693408321,3,3,0.641146199221054,1
20230703,"Wimbledon","Grass",TRUE,"Holger Rune","Grigor Dimitrov",1799.36908077236,1682.65801571319,1,116.711065059168,3,3,0.729164320042165,1
20230529,"Roland Garros","Clay",TRUE,"Lorenzo Sonego","Ben Shelton",1588.05147405197,1471.28359512502,1,116.767878926944,3,3,0.729250721288381,1
20220523,"Roland Garros","Clay",TRUE,"Cameron Norrie","Karen Khachanov",1660.38434485341,1543.56427161637,0,116.820073237041,3,3,0.729330081940332,1
20230724,"Atlanta","Hard",FALSE,"Yoshihito Nishioka","Aleksandar Vukic",1566.20415753299,1449.30752639918,0,116.896631133811,1,2,0.522644270989943,1
20220916,"Davis Cup Finals RR: ESP vs CAN","Hard",FALSE,"Roberto Bautista Agut","Vasek Pospisil",1634.60735288945,1517.59094342324,1,117.016409466214,3,2,0.68087229700704,1
20220307,"Indian Wells Masters","Hard",FALSE,"Rafael Nadal","Reilly Opelka",1720.62495815148,1603.59138285925,1,117.03357529223,3,1,0.717817826393878,1
20231016,"Tokyo","Hard",FALSE,"Alexei Popyrin","Shintaro Mochizuki",1557.9251211818,1440.76568965972,0,117.159431522083,1,2,0.522919064646107,1
20230109,"Adelaide 2","Hard",FALSE,"Miomir Kecmanovic","Kyle Edmund",1602.74318332748,1485.37360239695,1,117.369580930536,3,0,0.752292911795762,1
20220711,"Bastad","Clay",FALSE,"Andrey Rublev","Sebastian Baez",1657.5132047816,1540.1314691051,0,117.381735676501,3,3,0.641873970354588,1
20220815,"Cincinnati Masters","Hard",FALSE,"Jannik Sinner","Miomir Kecmanovic",1723.63475406866,1606.20594668077,1,117.428807387891,3,3,0.641919320295519,1
20220523,"Roland Garros","Clay",TRUE,"Jenson Brooksby","Pablo Cuevas",1560.14664069623,1442.62296664393,0,117.523674052307,3,0,0.82113671907403,1
20221003,"Tokyo","Hard",FALSE,"Taylor Fritz","Denis Shapovalov",1685.04138766334,1567.49095826514,1,117.550429398201,3,3,0.642036481905251,1
20220425,"Estoril","Clay",FALSE,"Frances Tiafoe","Dusan Lajovic",1544.86596968492,1427.08910827668,1,117.77686140824,3,1,0.718448417916543,1
20220725,"Umag","Clay",FALSE,"Lorenzo Musetti","Marco Cecchinato",1575.55779245286,1457.7806866947,0,117.77710575816,3,1,0.718448625077978,1
20220808,"Canada Masters","Hard",FALSE,"Jannik Sinner","Pablo Carreno Busta",1728.11393053774,1610.30632048242,0,117.80761005532,3,3,0.642284174766358,1
20231125,"Davis Cup Finals SF: ITA vs SRB","Hard",FALSE,"Novak Djokovic","Jannik Sinner",2029.73573915525,1911.29655531931,0,118.439183835932,3,3,0.642892126239918,1
20230306,"Indian Wells Masters","Hard",FALSE,"Karen Khachanov","Alejandro Davidovich Fokina",1684.1510630567,1565.70718654302,0,118.44387651368,3,3,0.642896641682107,1
20230807,"Canada Masters","Hard",FALSE,"Daniel Evans","Gabriel Diallo",1559.22085376866,1440.70668581,0,118.514167958653,2,0,0.686187425977489,1
20220502,"Madrid Masters","Clay",FALSE,"Denis Shapovalov","Ugo Humbert",1550.10485636308,1431.42949154279,1,118.675364820296,3,2,0.682381197251368,1
20220117,"Australian Open","Hard",TRUE,"Rafael Nadal","Adrian Mannarino",1608.64184731061,1489.89356814116,1,118.748279169449,3,3,0.732251616166048,1
20230724,"Atlanta","Hard",FALSE,"Taylor Fritz","J J Wolf",1685.27575320623,1566.49937632432,1,118.776376881911,3,3,0.643216519347575,1
20220509,"Rome Masters","Clay",FALSE,"Jannik Sinner","Fabio Fognini",1661.25673508459,1542.4090142097,1,118.847720874893,3,1,0.719355408889393,1
20230821,"Winston-Salem","Hard",FALSE,"Jiri Lehecka","Max Purcell",1625.2134315407,1506.18530104761,1,119.028130493088,3,0,0.753586018496348,1
20220711,"Newport","Grass",FALSE,"John Isner","Peter Gojowczyk",1556.90053920319,1437.72070933608,1,119.17982986711,3,2,0.682839275825238,1
20230417,"Barcelona","Clay",FALSE,"Francisco Cerundolo","Francesco Passaro",1574.12820969805,1454.79165754137,1,119.336552156686,3,1,0.719768843789161,1
20230917,"Davis Cup Finals RR: ITA vs SWE","Hard",FALSE,"Matteo Arnaldi","Leo Borg",1580.34449509516,1460.95808723058,1,119.386407864585,1,1,0.568781623319309,1
20220815,"Cincinnati Masters","Hard",FALSE,"Stefanos Tsitsipas","Diego Schwartzman",1683.30682885277,1563.91548582445,1,119.391343028328,3,1,0.719815160636965,1
20221010,"Gijon","Hard",FALSE,"Andrey Rublev","Ilya Ivashka",1695.44362638634,1576.00381126599,1,119.439815120342,3,2,0.683075216757435,1
20221003,"Astana","Hard",FALSE,"Botic Van De Zandschulp","Beibit Zhukayev",1619.44824178758,1500,1,119.448241787584,3,0,0.753912840878938,1
20220926,"Tel Aviv","Hard",FALSE,"Marin Cilic","Dominic Thiem",1656.70938294858,1537.16619086931,1,119.543192079266,3,1,0.719943500088337,1
20230619,"Halle","Grass",FALSE,"Andrey Rublev","Tallon Griekspoor",1743.75303013739,1624.18489370514,1,119.568136432242,3,3,0.64397770699039,1
20220606,"Stuttgart","Grass",FALSE,"Oscar Otte","Daniel Altmaier",1522.74722148632,1403.08265626301,1,119.664565223308,3,1,0.720046056146052,1
20220815,"Cincinnati Masters","Hard",FALSE,"Cameron Norrie","Andy Murray",1682.52647371568,1562.78836839105,1,119.738105324635,3,3,0.644141018259107,1
20220523,"Roland Garros","Clay",TRUE,"Carlos Alcaraz","Alexander Zverev",1781.91120816731,1661.99980450125,0,119.91140366606,3,3,0.734004228307383,1
20221107,"NextGen Finals","Hard",FALSE,"Brandon Nakashima","Jiri Lehecka",1588.74989444157,1468.83486509516,1,119.915029346408,3,3,0.64431097660496,1
20230306,"Indian Wells Masters","Hard",FALSE,"Denis Shapovalov","Ugo Humbert",1585.42954770343,1465.34627609378,0,120.083271609648,3,2,0.683658759298933,1
20221024,"Basel","Hard",FALSE,"Roberto Bautista Agut","Stan Wawrinka",1607.65509789949,1487.56639181857,1,120.088706080919,3,1,0.720404259999876,1
20220516,"Geneva","Clay",FALSE,"Casper Ruud","Joao Sousa",1612.97762712156,1492.75799795071,1,120.219629170845,1,1,0.569637954344405,1
20231002,"Shanghai Masters","Hard",FALSE,"Stefanos Tsitsipas","Rinky Hijikata",1669.00364181575,1548.5289321429,1,120.474709672851,3,3,0.64484838207879,1
20220523,"Roland Garros","Clay",TRUE,"Sebastian Baez","Dusan Lajovic",1560.73758002664,1440.08712299545,1,120.650457031198,3,1,0.79775817651517,1
20230508,"Rome Masters","Clay",FALSE,"Alejandro Davidovich Fokina","Guido Pella",1610.04795670519,1488.97619139632,1,121.071765308879,3,3,0.645421272868411,1
20220221,"Dubai","Hard",FALSE,"Andrey Rublev","Jiri Vesely",1646.75700649652,1525.52070133545,1,121.23630516107,3,2,0.684702984687598,1
20220321,"Miami Masters","Hard",FALSE,"Cameron Norrie","Hugo Gaston",1594.56373923382,1473.2968454128,1,121.26689382102,3,3,0.64560841357108,1
20230320,"Miami Masters","Hard",FALSE,"Tommy Paul","Alejandro Davidovich Fokina",1706.90711049326,1585.6315150032,1,121.275595490055,3,3,0.645616757989661,1
20220923,"Laver Cup","Hard",FALSE,"Novak Djokovic","Frances Tiafoe",1753.17459642726,1631.79896702893,1,121.375629398333,3,3,0.645712678599355,1
20230508,"Rome Masters","Clay",FALSE,"Hubert Hurkacz","J J Wolf",1663.50201817704,1542.01611840701,0,121.48589977003,3,3,0.645818401179079,1
20230529,"Roland Garros","Clay",TRUE,"Alex De Minaur","Ilya Ivashka",1628.45051927864,1506.9331941388,1,121.517325139841,3,2,0.7690953382743,1
20230227,"Dubai","Hard",FALSE,"Karen Khachanov","Botic Van De Zandschulp",1698.52631052998,1576.85450383262,0,121.671806697368,3,3,0.645996608631302,1
20230213,"Rotterdam","Hard",FALSE,"Botic Van De Zandschulp","Quentin Halys",1580.88885457369,1459.16572848354,1,121.723126090155,3,3,0.646045795454363,1
20220829,"Us Open","Hard",TRUE,"Jenson Brooksby","Dusan Lajovic",1546.53417837149,1424.78534628734,1,121.748832084151,3,1,0.799119545045353,1
20220418,"Barcelona","Clay",FALSE,"Pablo Carreno Busta","Bernabe Zapata Miralles",1579.77476786214,1457.93633947524,1,121.838428386902,3,1,0.72187900132332,1
20220808,"Canada Masters","Hard",FALSE,"Pablo Carreno Busta","Holger Rune",1630.20612491154,1508.31066920268,1,121.895455708863,3,3,0.646210941325921,1
20230410,"Monte Carlo Masters","Clay",FALSE,"Karen Khachanov","Alejandro Davidovich Fokina",1703.29385960546,1581.32141650424,1,121.972443101212,3,3,0.646284708146343,1
20230828,"Us Open","Hard",TRUE,"Cameron Norrie","Yu Hsiou Hsu",1614.39252845733,1492.41490072404,1,121.977627733291,3,2,0.76972429340371,1
20220718,"Gstaad","Clay",FALSE,"Richard Gasquet","Roberto Carballes Baena",1540.01722578514,1417.84707696359,1,122.170148821551,3,1,0.722158049786695,1
20221017,"Naples","Hard",FALSE,"Matteo Berrettini","Mackenzie Mcdonald",1659.74307652007,1537.47419785075,1,122.26887866932,3,3,0.646568678033306,1
20220725,"Kitzbuhel","Clay",FALSE,"Roberto Bautista Agut","Jiri Lehecka",1600.99722939699,1478.51970264441,1,122.477526752578,3,3,0.646768490071501,1
20220418,"Barcelona","Clay",FALSE,"Carlos Alcaraz","Alex De Minaur",1707.54036767715,1585.0594913114,1,122.480876365746,3,3,0.646771697413667,1
20230626,"Eastbourne","Grass",FALSE,"Brandon Nakashima","Aleksandar Vukic",1566.49257881534,1444.01053856592,0,122.482040249415,3,2,0.685829070318374,1
20230703,"Wimbledon","Grass",TRUE,"Borna Coric","Guido Pella",1599.48725447229,1476.93224467808,0,122.555009794211,1,3,0.591157363292114,1
20231106,"Sofia","Hard",FALSE,"Rinky Hijikata","Max Purcell",1538.53133863728,1415.85981035936,0,122.671528277916,3,0,0.756410645518745,1
20220516,"Lyon","Clay",FALSE,"Alex Molcan","Jo-Wilfried Tsonga",1585.86540205001,1463.18204195946,1,122.683360090552,3,2,0.686010849268543,1
20220613,"Queen's Club","Grass",FALSE,"Taylor Fritz","Jack Draper",1617.55991700269,1494.63733443387,0,122.922582568823,3,3,0.647194526766401,1
20220321,"Miami Masters","Hard",FALSE,"Hubert Hurkacz","Lloyd Harris",1589.09078153045,1466.14214961092,1,122.948631919537,3,3,0.647219455677875,1
20220613,"Halle","Grass",FALSE,"Alex Molcan","Tallon Griekspoor",1583.69209891367,1460.62007688121,0,123.072022032458,3,3,0.647337527623627,1
20230717,"Gstaad","Clay",FALSE,"Miomir Kecmanovic","Albert Ramos",1536.77192361805,1413.68067891571,0,123.091244702338,3,1,0.722931986245273,1
20230116,"Australian Open","Hard",TRUE,"Gregoire Barrere","Tomas Martin Etcheverry",1494.86589657375,1371.75464062127,0,123.111255952476,1,1,0.673630382192439,1
20230206,"Cordoba","Clay",FALSE,"Alejandro Tabilo","Federico Delbonis",1508.80298870204,1385.5137612847,0,123.289227417341,3,1,0.723098164423405,1
20220829,"Us Open","Hard",TRUE,"Roberto Bautista Agut","J J Wolf",1641.0020459558,1517.63789069671,0,123.364155259094,3,3,0.739163603080473,1
20230116,"Australian Open","Hard",TRUE,"Marc Andrea Huesler","John Millman",1560.2578796079,1436.8361704333,0,123.421709174598,2,0,0.774896772027952,1
20230203,"Davis Cup QLS R1: GER vs SUI","Hard",FALSE,"Stan Wawrinka","Daniel Altmaier",1479.69608431122,1356.19048131715,1,123.505602994077,1,1,0.573010959796,1
20230724,"Atlanta","Hard",FALSE,"J J Wolf","Dominik Koepfer",1556.62131429316,1433.02209158472,1,123.599222708443,3,2,0.686837093962623,1
20230914,"Davis Cup Finals RR: CZE vs KOR","Hard",FALSE,"Jiri Lehecka","Soon Woo Kwon",1640.45729489413,1516.63378831567,1,123.823506578455,3,2,0.687039251081202,1
20220801,"Washington","Hard",FALSE,"Nick Kyrgios","Tommy Paul",1701.94543897964,1578.06989282329,1,123.875546156355,3,3,0.648105978909914,1
20231016,"Stockholm","Hard",FALSE,"Gael Monfils","Pavel Kotov",1657.72351710333,1533.13605558708,1,124.587461516257,2,3,0.569641058705342,1
20230920,"Zhuhai","Hard",FALSE,"Mackenzie Mcdonald","Juncheng Shang",1594.63908165262,1470.04293512878,1,124.596146523839,3,0,0.757893860430077,1
20220523,"Roland Garros","Clay",TRUE,"Miomir Kecmanovic","Alexander Bublik",1616.89333093842,1492.27771230282,1,124.615618635602,3,3,0.741017568071075,1
20231106,"Sofia","Hard",FALSE,"Adrian Mannarino","Sebastian Ofner",1650.10373205211,1525.44771524666,1,124.65601680545,3,1,0.724243709179375,1
20231030,"Paris Masters","Hard",FALSE,"Alexander Zverev","Ugo Humbert",1780.88701615656,1656.14032393636,1,124.746692220199,3,2,0.687870610792246,1
20230612,"s Hertogenbosch","Grass",FALSE,"Tallon Griekspoor","Jordan Thompson",1585.88314739789,1461.02818901847,1,124.854958379419,3,3,0.649041604542353,1
20230403,"Houston","Clay",FALSE,"Frances Tiafoe","Gijs Brouwer",1715.55054844147,1590.55562520151,1,124.994923239963,3,3,0.649175218690969,1
20230920,"Chengdu","Hard",FALSE,"Dusan Lajovic","Zizou Bergs",1528.94447801595,1403.81740242058,1,125.127075595369,1,1,0.574672900050908,1
20230612,"Stuttgart","Grass",FALSE,"Yosuke Watanuki","Feliciano Lopez",1495.37872757781,1370.14623953332,1,125.23248804449,3,0,0.758382905432141,1
20221017,"Antwerp","Hard",FALSE,"Botic Van De Zandschulp","Dominic Stricker",1629.48526144408,1504.2281203965,0,125.257141047577,3,1,0.72474659816108,1
20220918,"Davis Cup Finals RR: ITA vs SWE","Hard",FALSE,"Matteo Berrettini","Elias Ymer",1672.67975226267,1547.40361998542,1,125.276132277249,3,1,0.724762476586727,1
20220919,"San Diego","Hard",FALSE,"Jason Kubler","Christopher Oconnell",1542.26901186875,1416.93515974006,0,125.333852128692,3,3,0.64949867224855,1
20230403,"Estoril","Clay",FALSE,"Alejandro Davidovich Fokina","Marco Cecchinato",1601.51326374266,1476.07773151394,0,125.435532228721,3,1,0.724895727300478,1
20230417,"Barcelona","Clay",FALSE,"Karen Khachanov","Nicolas Jarry",1708.01261535683,1582.45681172438,1,125.555803632448,3,3,0.64971041514236,1
20220627,"Wimbledon","Grass",TRUE,"Cameron Norrie","Steve Johnson",1642.03896177653,1516.48122534886,1,125.557736427673,3,3,0.742407588592302,1
20220502,"Madrid Masters","Clay",FALSE,"Carlos Alcaraz","Alexander Zverev",1733.76352031348,1608.15948401097,1,125.604036302504,3,3,0.649756421563959,1
20230206,"Montpellier","Hard",FALSE,"Richard Gasquet","Arthur Fils",1614.04457030082,1488.42150328831,0,125.623067012503,3,1,0.725052446124659,1
20230717,"Newport","Grass",FALSE,"Gijs Brouwer","Max Purcell",1532.69661054255,1407.05447697781,1,125.642133564741,3,0,0.758697372316363,1
20220801,"Washington","Hard",FALSE,"Tung Lin Wu","Alexei Popyrin",1500,1374.29098999097,0,125.709010009034,2,1,0.654007716396255,1
20220221,"Acapulco","Hard",FALSE,"Rafael Nadal","Stefan Kozlov",1638.92903736355,1513.20715831089,1,125.721879052665,3,2,0.688747487488724,1
20230717,"Gstaad","Clay",FALSE,"Juan Pablo Varillas","Albert Ramos",1519.41906837218,1393.46930009221,0,125.949768279961,1,1,0.575515482507406,1
20220304,"Davis Cup QLS R1: ITA vs SVK","Hard",FALSE,"Jannik Sinner","Norbert Gombos",1597.43378396368,1471.17332183134,1,126.260462132345,3,1,0.725584689140392,1
20231002,"Shanghai Masters","Hard",FALSE,"Sebastian Baez","Dane Sweeny",1625.94285912928,1499.59374405105,1,126.349115078224,3,2,0.689310776705327,1
20220411,"Monte Carlo Masters","Clay",FALSE,"Alexander Zverev","Federico Delbonis",1592.04544261664,1465.64159924719,1,126.403843369449,3,1,0.725704328238539,1
20220627,"Wimbledon","Grass",TRUE,"Diego Schwartzman","Liam Broady",1577.49572525851,1450.97687200464,0,126.518853253866,1,0,0.716405790464909,1
20230424,"Madrid Masters","Clay",FALSE,"Felix Auger Aliassime","Dusan Lajovic",1720.59737779686,1594.06003833257,0,126.53733946429,3,1,0.725815689878829,1
20220926,"Seoul","Hard",FALSE,"Yoshihito Nishioka","Taro Daniel",1590.22818012377,1463.51903911367,1,126.7091410101,1,1,0.576292824933316,1
20220516,"Geneva","Clay",FALSE,"Denis Shapovalov","Ilya Ivashka",1574.32752685689,1447.47010603193,0,126.857420824963,3,2,0.689766849570384,1
20230116,"Australian Open","Hard",TRUE,"Denis Shapovalov","Taro Daniel",1606.76252343712,1479.29026403288,1,127.47225940424,3,1,0.806102277348859,1
20230403,"Estoril","Clay",FALSE,"Casper Ruud","Sebastian Baez",1634.86682808209,1507.2905032975,1,127.576324784595,1,3,0.489899559347681,0
20230703,"Wimbledon","Grass",TRUE,"Mikael Ymer","Daniel Elahi Galan",1537.55218209442,1409.8406739406,0,127.71150815382,3,3,0.74556695779971,1
20231002,"Shanghai Masters","Hard",FALSE,"Yannick Hanfmann","James Duckworth",1546.93282641918,1419.17514351729,1,127.757682901887,1,3,0.490089512411144,0
20230807,"Canada Masters","Hard",FALSE,"Adrian Mannarino","Taro Daniel",1617.5378593458,1489.77195460137,0,127.765904744433,3,1,0.72683922978479,1
20230626,"Eastbourne","Grass",FALSE,"Tommy Paul","Sebastian Baez",1630.18957236755,1502.23379510785,1,127.955777259695,3,3,0.651996222300238,1
20220418,"Barcelona","Clay",FALSE,"Carlos Alcaraz","Pablo Carreno Busta",1717.46112976209,1589.48668389562,1,127.974445866462,3,3,0.652013975597415,1
20231122,"Davis Cup Finals QF: CZE vs AUS","Hard",FALSE,"Alex De Minaur","Jiri Lehecka",1717.74254215612,1589.74291717906,1,127.999624977057,3,3,0.652037919523742,1
20231023,"Vienna","Hard",FALSE,"Stefanos Tsitsipas","Dominic Thiem",1677.53899067798,1549.52256611903,1,128.016424558951,3,1,0.727047649378339,1
20220321,"Miami Masters","Hard",FALSE,"Carlos Alcaraz","Marin Cilic",1648.81781778563,1520.73387287995,1,128.083944905677,3,3,0.65211809746591,1
20230227,"Santiago","Clay",FALSE,"Nicolas Jarry","Tomas Martin Etcheverry",1540.27894363964,1412.08131377326,1,128.197629866382,3,1,0.727198340951476,1
20230403,"Marrakech","Clay",FALSE,"Nicolas Jarry","Andrea Vavassori",1584.19395790914,1455.83381676686,0,128.360141142276,3,0,0.760776790576003,1
20230626,"Eastbourne","Grass",FALSE,"Francisco Cerundolo","Zhizhen Zhang",1667.93396295399,1539.56370605392,1,128.370256900066,3,1,0.727341850412445,1
20220214,"Doha","Hard",FALSE,"Arthur Rinderknech","Nikoloz Basilashvili",1576.79057753462,1448.09136318168,0,128.699214352939,3,3,0.652702882314595,1
20231016,"Tokyo","Hard",FALSE,"Ben Shelton","Taro Daniel",1600.21512170453,1471.49948656879,1,128.715635135744,3,1,0.727628830850354,1
20230703,"Wimbledon","Grass",TRUE,"Cameron Norrie","Christopher Eubanks",1679.30488355193,1550.43683914013,0,128.868044411794,3,3,0.747252911230113,1
20220829,"Us Open","Hard",TRUE,"Sebastian Korda","Facundo Bagnis",1565.47198445197,1436.52930377583,1,128.942680676141,3,1,0.807866181824193,1
20220822,"Winston-Salem","Hard",FALSE,"Maxime Cressy","James Duckworth",1549.51068942245,1420.44226419588,1,129.06842522657,3,3,0.65305357906067,1
20230821,"Winston-Salem","Hard",FALSE,"Yannick Hanfmann","Juan Manuel Cerundolo",1563.82813366581,1434.72190349454,0,129.106230171267,1,0,0.620913574820889,1
20230320,"Miami Masters","Hard",FALSE,"Alexander Zverev","Taro Daniel",1652.08578745081,1522.95750997282,0,129.128277477991,3,1,0.727971454248581,1
20220502,"Madrid Masters","Clay",FALSE,"Roberto Bautista Agut","Daniel Evans",1618.94817426916,1489.58602369098,0,129.362150578178,3,2,0.692008801693417,1
20220627,"Wimbledon","Grass",TRUE,"Novak Djokovic","Thanasi Kokkinakis",1681.71141929007,1552.18771220938,1,129.523707080695,3,1,0.808559796722896,1
20220822,"Winston-Salem","Hard",FALSE,"Jack Draper","Marc Andrea Huesler",1593.9436634839,1464.23337021497,0,129.710293268929,3,2,0.69231970741297,1
20230619,"Halle","Grass",FALSE,"Andrey Rublev","Yannick Hanfmann",1734.11471005224,1604.18980561383,1,129.924904438415,3,1,0.728632141953969,1
20230717,"Gstaad","Clay",FALSE,"Juan Pablo Varillas","Facundo Bagnis",1509.78216638599,1379.81960249753,1,129.962563888463,1,1,0.579618918762543,1
20231002,"Shanghai Masters","Hard",FALSE,"Mackenzie Mcdonald","Corentin Moutet",1580.79572337998,1450.32430212381,1,130.471421256164,3,3,0.65438470445888,1
20230920,"Chengdu","Hard",FALSE,"Lorenzo Musetti","Arthur Rinderknech",1629.42688407982,1498.81221327415,1,130.614670805666,3,3,0.654520480247698,1
20220711,"Bastad","Clay",FALSE,"Andrey Rublev","Laslo Djere",1637.62983151367,1506.79043722659,1,130.839394287077,3,1,0.729389337273381,1
20230410,"Monte Carlo Masters","Clay",FALSE,"Taylor Fritz","Jiri Lehecka",1774.09381140517,1643.22016172051,1,130.873649684659,3,3,0.654765883468775,1
20221125,"Davis Cup Finals SF: AUS vs CRO","Hard",FALSE,"Borna Coric","Thanasi Kokkinakis",1637.01111740975,1505.86571845441,1,131.145398955342,1,1,0.580826401334607,1
20220914,"Davis Cup Finals RR: FRA vs GER","Hard",FALSE,"Benjamin Bonzi","Jan Lennard Struff",1523.59490313483,1392.41603722418,0,131.178865910648,3,1,0.729670080470259,1
20230619,"Halle","Grass",FALSE,"Denis Shapovalov","Lloyd Harris",1550.97070543422,1419.65509871677,1,131.315606717443,3,3,0.655184482704071,1
20230828,"Us Open","Hard",TRUE,"Andrey Rublev","Gael Monfils",1744.83771241932,1613.3911927569,1,131.44651966242,3,2,0.78239533139264,1
20231124,"Davis Cup Finals SF: FIN vs AUS","Hard",FALSE,"Alex De Minaur","Emil Ruusuvuori",1727.45350624937,1595.81810412402,1,131.635402125342,3,3,0.655487226659915,1
20230508,"Rome Masters","Clay",FALSE,"Lorenzo Musetti","Matteo Arnaldi",1595.05436565101,1463.35737009959,1,131.696995551423,3,1,0.730098220279802,1
20220627,"Wimbledon","Grass",TRUE,"Novak Djokovic","Tim Van Rijthoven",1738.73425176148,1606.99839157284,1,131.735860188644,3,3,0.75140149785967,1
20220923,"Laver Cup","Hard",FALSE,"Novak Djokovic","Felix Auger Aliassime",1763.1376499683,1631.2759427834,0,131.861707184903,3,3,0.65570138894421,1
20220725,"Umag","Clay",FALSE,"Lorenzo Musetti","Aljaz Bedene",1565.99522856523,1434.05440348585,1,131.940825079379,3,0,0.763497394588297,1
20230320,"Miami Masters","Hard",FALSE,"Andy Murray","Dusan Lajovic",1624.19357438327,1492.08078422563,0,132.112790157638,3,1,0.730441489535488,1
20230821,"Winston-Salem","Hard",FALSE,"Sebastian Korda","Benjamin Bonzi",1615.10774587849,1482.8800654326,1,132.227680445882,3,3,0.656047591427059,1
20231023,"Basel","Hard",FALSE,"Casper Ruud","Dominic Stricker",1668.66209863413,1536.39593951267,0,132.266159121463,1,1,0.581969623253971,1
20221024,"Basel","Hard",FALSE,"Pablo Carreno Busta","Sebastian Baez",1605.83168218321,1473.46804454639,1,132.36363763682,3,3,0.656176161679892,1
20230116,"Australian Open","Hard",TRUE,"Roman Safiullin","Denis Kudla",1542.08410972343,1409.69825286879,0,132.385856854638,3,0,0.837334772489383,1
20230403,"Houston","Clay",FALSE,"J J Wolf","Denis Kudla",1565.75980026214,1433.3170843724,1,132.442715889742,3,0,0.763877019899726,1
20220926,"Seoul","Hard",FALSE,"Cameron Norrie","Kaichi Uchida",1633.34733671211,1500.87026320324,1,132.477073508872,3,2,0.694784338634117,1
20220718,"Hamburg","Clay",FALSE,"Lorenzo Musetti","Dusan Lajovic",1556.46120714162,1423.7586504642,1,132.702556677416,3,1,0.730927912763676,1
20220523,"Roland Garros","Clay",TRUE,"Andrey Rublev","Marin Cilic",1668.29912152393,1535.57342655188,0,132.725694972043,3,3,0.752822771047994,1
20220523,"Roland Garros","Clay",TRUE,"Grigor Dimitrov","Borna Coric",1581.06850076642,1448.31783198092,1,132.750668785505,3,1,0.812377280034545,1
20230724,"Hamburg","Clay",FALSE,"Casper Ruud","Arthur Fils",1730.09552650761,1597.01925124358,0,133.076275264033,1,1,0.582795428074733,1
20230116,"Australian Open","Hard",TRUE,"Alexander Zverev","Juan Pablo Varillas",1643.91349324855,1510.49155086218,1,133.421942386367,3,1,0.813163997731687,1
20230703,"Wimbledon","Grass",TRUE,"Lorenzo Musetti","Juan Pablo Varillas",1652.8220791942,1519.28496899045,1,133.537110203752,3,1,0.813298716193604,1
20220411,"Monte Carlo Masters","Clay",FALSE,"Stefanos Tsitsipas","Laslo Djere",1655.25410072825,1521.70967259953,1,133.544428128714,3,1,0.731621303505344,1
20230220,"Doha","Hard",FALSE,"Jiri Lehecka","Damir Dzumhur",1596.24339590894,1462.60197173599,1,133.641424172955,3,0,0.764782006517448,1
20230821,"Winston-Salem","Hard",FALSE,"Jiri Lehecka","Mitchell Krueger",1617.90950075609,1483.84333279846,1,134.066167957637,3,3,0.657784246560035,1
20230807,"Canada Masters","Hard",FALSE,"Alexander Zverev","Alejandro Davidovich Fokina",1757.96821690502,1623.89904986819,0,134.069167036836,3,3,0.657787076086641,1
20230424,"Madrid Masters","Clay",FALSE,"Emil Ruusuvuori","Ugo Humbert",1605.8326207994,1471.41340125751,1,134.419219541886,3,2,0.696507760172163,1
20230814,"Cincinnati Masters","Hard",FALSE,"Lorenzo Musetti","Daniel Evans",1673.71698155762,1539.29381782535,1,134.423163732262,3,2,0.696511254577266,1
20220815,"Cincinnati Masters","Hard",FALSE,"David Goffin","Marcos Giron",1558.0272726583,1423.42463010614,0,134.602642552156,3,3,0.658290212910933,1
20221024,"Basel","Hard",FALSE,"Lorenzo Musetti","Albert Ramos",1622.61052317178,1487.93207216383,0,134.678451007951,3,1,0.73255352857393,1
20220606,"s Hertogenbosch","Grass",FALSE,"Daniil Medvedev","Ilya Ivashka",1614.94986644532,1480.20193846385,1,134.747927981478,3,2,0.696798905629883,1
20230925,"Astana","Hard",FALSE,"Sebastian Korda","Hamad Medjedovic",1626.86530985723,1492.09373033003,1,134.771579527204,3,2,0.696819848322719,1
20230403,"Estoril","Clay",FALSE,"Casper Ruud","Quentin Halys",1644.59380223918,1509.6520009166,1,134.941801322581,1,3,0.497615835793844,0
20230116,"Australian Open","Hard",TRUE,"Matteo Berrettini","Andy Murray",1687.9414606328,1552.8756482648,0,135.065812368006,3,3,0.756161112039246,1
20230220,"Marseille","Hard",FALSE,"Maxime Cressy","Geoffrey Blancaneaux",1576.32783873088,1441.1696961507,1,135.158142580179,3,0,0.765923634356667,1
20230927,"Beijing","Hard",FALSE,"Carlos Alcaraz","Jannik Sinner",1951.68790045426,1816.50788872608,0,135.18001172818,3,3,0.658834345977322,1
20230116,"Australian Open","Hard",TRUE,"Grigor Dimitrov","Aslan Karatsev",1577.4282851519,1442.23279001791,1,135.19549513399,3,3,0.756345217366384,1
20230206,"Montpellier","Hard",FALSE,"Roberto Bautista Agut","Arthur Fils",1643.95846046015,1508.62047574833,0,135.337984711824,3,1,0.733094752646272,1
20231030,"Paris Masters","Hard",FALSE,"Laslo Djere","Luca Van Assche",1600.38868479614,1464.81908162881,1,135.569603167325,1,1,0.585334109971752,1
20220411,"Monte Carlo Masters","Clay",FALSE,"Pedro Martinez","Ugo Humbert",1566.32963252946,1430.72194173418,1,135.607690795277,3,2,0.69755967282828,1
20230626,"Eastbourne","Grass",FALSE,"Nicolas Jarry","Gregoire Barrere",1663.03252723745,1527.33614302011,0,135.696384217338,3,1,0.733388568853217,1
20230116,"Australian Open","Hard",TRUE,"Novak Djokovic","Stefanos Tsitsipas",1907.05043691823,1771.25461638638,1,135.795820531851,3,3,0.757196246537343,1
20220923,"Laver Cup","Hard",FALSE,"Stefanos Tsitsipas","Diego Schwartzman",1690.56787959485,1554.60486154728,1,135.963018047566,3,1,0.733607021893883,1
20230807,"Canada Masters","Hard",FALSE,"Nicolas Jarry","Ugo Humbert",1662.19486423014,1526.11512840068,0,136.079735829462,3,2,0.697976905089931,1
20221017,"Stockholm","Hard",FALSE,"Mikael Ymer","Quentin Halys",1561.33208783332,1425.21694669178,1,136.115141141544,3,3,0.659714757387284,1
20230717,"Gstaad","Clay",FALSE,"Miomir Kecmanovic","Zizou Bergs",1527.3701039444,1391.12332848092,1,136.246775463475,3,1,0.73383937903369,1
20230724,"Atlanta","Hard",FALSE,"Taylor Fritz","Yibing Wu",1667.37639596351,1531.09530497537,1,136.281090988137,3,2,0.69815477997334,1
20220221,"Acapulco","Hard",FALSE,"Daniil Medvedev","Yoshihito Nishioka",1618.36969799327,1481.90258171795,1,136.467116275312,3,1,0.734019717841617,1
20221107,"NextGen Finals","Hard",FALSE,"Jack Draper","Chun Hsin Tseng",1574.52145332135,1437.8896852818,1,136.631768039551,3,0,0.767029135772356,1
20230306,"Indian Wells Masters","Hard",FALSE,"Yoshihito Nishioka","Cristian Garin",1611.12640448143,1474.34028176893,0,136.786122712501,1,3,0.499548319411583,0
20230828,"Us Open","Hard",TRUE,"Novak Djokovic","Daniil Medvedev",1973.0805267498,1836.08672175717,1,136.993804992631,3,3,0.758888480959974,1
20231127,"NextGen Finals","Hard",FALSE,"Arthur Fils","Luca Nardi",1574.63955990156,1437.59412400848,1,137.045435893079,1,0,0.628713778323843,1
20231030,"Paris Masters","Hard",FALSE,"Alex De Minaur","Andy Murray",1690.14000077901,1553.05288270114,1,137.087118077873,3,3,0.660628692654896,1
20230204,"Davis Cup QLS R1: ARG vs FIN","Hard",FALSE,"Emil Ruusuvuori","Facundo Bagnis",1554.56643762412,1417.22577011021,1,137.34066751391,3,1,0.734733912112812,1
20230424,"Madrid Masters","Clay",FALSE,"Karen Khachanov","Roberto Bautista Agut",1695.18695742825,1557.5285198472,1,137.658437581049,3,3,0.661165338321839,1
20230731,"Washington","Hard",FALSE,"Tallon Griekspoor","Liam Broady",1633.09604795724,1495.39864804165,1,137.697399915586,3,0,0.76782629586341,1
20221107,"NextGen Finals","Hard",FALSE,"Brandon Nakashima","Jiri Lehecka",1631.02004533619,1493.08631331478,1,137.933732021413,3,3,0.661423777166515,1
20231106,"Metz","Hard",FALSE,"Lorenzo Sonego","Fabio Fognini",1579.76751918722,1441.70006322366,0,138.067455963559,3,1,0.735327182015938,1
20231016,"Tokyo","Hard",FALSE,"Aslan Karatsev","Shintaro Mochizuki",1598.72232385376,1460.64048073558,1,138.081843118185,3,2,0.699742895583639,1
20220509,"Rome Masters","Clay",FALSE,"Alexander Zverev","Cristian Garin",1640.89988744484,1502.77277865433,1,138.127108790506,3,3,0.661605256410429,1
20220321,"Miami Masters","Hard",FALSE,"Pedro Martinez","Jan Lennard Struff",1559.37862701705,1420.69245602215,1,138.686170994896,3,1,0.735831562973383,1
20230916,"Davis Cup Finals RR: CAN vs CHI","Hard",FALSE,"Nicolas Jarry","Gabriel Diallo",1630.70187560982,1491.99848570878,1,138.70338990104,3,0,0.76857709215425,1
20230724,"Hamburg","Clay",FALSE,"Arthur Fils","Daniel Elahi Galan",1574.50589446739,1435.6273002218,1,138.878594245584,1,3,0.501740828447163,1
20230619,"Halle","Grass",FALSE,"Hubert Hurkacz","Christopher Eubanks",1627.73166516716,1488.78741214005,1,138.944253027108,3,3,0.662371600462718,1
20230410,"Monte Carlo Masters","Clay",FALSE,"Hubert Hurkacz","Laslo Djere",1657.35725104863,1518.40817130973,1,138.949079738903,3,1,0.736045701457674,1
20230227,"Santiago","Clay",FALSE,"Nicolas Jarry","Diego Schwartzman",1574.90694840012,1435.56018217113,1,139.346766228994,3,1,0.736369404412291,1
20230703,"Wimbledon","Grass",TRUE,"Tommy Paul","Milos Raonic",1638.41738152599,1498.91663293743,1,139.500748588561,3,2,0.792771041990491,1
20230403,"Houston","Clay",FALSE,"Frances Tiafoe","Jason Kubler",1699.88324006167,1560.3177404102,1,139.565499651467,3,3,0.662953655616868,1
20221017,"Naples","Hard",FALSE,"Roberto Bautista Agut","Mackenzie Mcdonald",1643.01791906176,1503.42367332738,0,139.594245734384,3,3,0.66298057630645,1
20231023,"Basel","Hard",FALSE,"Holger Rune","Miomir Kecmanovic",1668.54633001216,1528.82759196553,1,139.71873804663,3,3,0.663097151077633,1
20230320,"Miami Masters","Hard",FALSE,"Hubert Hurkacz","Thanasi Kokkinakis",1690.94255945702,1550.90131390435,1,140.04124555267,3,1,0.736934074922143,1
20220418,"Belgrade ","Clay",FALSE,"Miomir Kecmanovic","John Millman",1612.07984240986,1471.89388004286,1,140.185962367006,3,0,0.769680477910935,1
20230821,"Winston-Salem","Hard",FALSE,"Jack Draper","Nuno Borges",1602.34275183285,1462.06442649376,1,140.278325339085,3,2,0.701673537813052,1
20230821,"Winston-Salem","Hard",FALSE,"Roman Safiullin","Juan Manuel Cerundolo",1545.18105177105,1404.70953067242,0,140.471521098628,3,0,0.769892577439831,1
20220523,"Roland Garros","Clay",TRUE,"Cameron Norrie","Manuel Guinard",1640.52266180091,1500.04141537025,1,140.481246430658,3,2,0.794008873786942,1
20230508,"Rome Masters","Clay",FALSE,"Casper Ruud","Arthur Rinderknech",1641.03572142574,1500.49733571428,1,140.538385711458,1,3,0.503479928238743,1
20230417,"Barcelona","Clay",FALSE,"Frances Tiafoe","Emil Ruusuvuori",1731.96010941692,1591.22008300743,0,140.740026409486,3,3,0.664052736947405,1
20230612,"Stuttgart","Grass",FALSE,"Lorenzo Musetti","Borna Gojo",1648.4947832051,1507.31386647326,1,141.180916731833,3,2,0.702464816703521,1
20230320,"Miami Masters","Hard",FALSE,"Carlos Alcaraz","Tommy Paul",1858.30490654596,1716.87399622983,1,141.43091031613,3,3,0.664698414123326,1
20230731,"Washington","Hard",FALSE,"Adrian Mannarino","Jordan Thompson",1638.32869369815,1496.86804031869,0,141.460653379452,3,3,0.664726197195756,1
20220606,"s Hertogenbosch","Grass",FALSE,"Daniil Medvedev","Gilles Simon",1624.4074727016,1482.52929956501,1,141.878173136588,3,3,0.66511608298571,1
20221010,"Gijon","Hard",FALSE,"Pablo Carreno Busta","Thiago Monteiro",1603.10084416213,1461.20421268848,1,141.896631473644,3,1,0.738438841386061,1
20230227,"Dubai","Hard",FALSE,"Daniil Medvedev","Borna Coric",1806.03435029056,1664.0356733125,1,141.998676978059,3,1,0.738521441493124,1
20220627,"Wimbledon","Grass",TRUE,"Nick Kyrgios","Brandon Nakashima",1668.67289732073,1526.6111606471,1,142.06173667363,3,3,0.765957898577487,1
20230807,"Canada Masters","Hard",FALSE,"Tommy Paul","Marcos Giron",1648.24513774629,1506.18243943632,1,142.062698309974,3,3,0.665288323426272,1
20230828,"Us Open","Hard",TRUE,"Jiri Lehecka","Aslan Karatsev",1645.00565385474,1502.7275121123,0,142.278141742439,3,3,0.766256541116539,1
20221107,"NextGen Finals","Hard",FALSE,"Brandon Nakashima","Francesco Passaro",1598.76897541339,1456.12174582512,1,142.647229588274,3,1,0.739046014440407,1
20220321,"Miami Masters","Hard",FALSE,"Carlos Alcaraz","Marton Fucsovics",1639.65329375141,1496.97588918003,1,142.677404571384,3,3,0.665861787875838,1
20230206,"Dallas","Hard",FALSE,"Zachary Svajda","Daniel Altmaier",1489.07203481173,1346.30884834018,0,142.76318647155,0,1,0.510383163946096,1
20230116,"Australian Open","Hard",TRUE,"Andrey Rublev","Emil Ruusuvuori",1695.2771675604,1552.35846352609,1,142.91870403431,3,3,0.767138974607547,1
20230508,"Rome Masters","Clay",FALSE,"Emil Ruusuvuori","Ugo Humbert",1604.96483434505,1461.94353672815,1,143.021297616899,3,2,0.704074476134744,1
20230417,"Barcelona","Clay",FALSE,"Casper Ruud","Ben Shelton",1648.89317346616,1505.8472708779,1,143.045902588259,1,3,0.506107086272029,1
20230306,"Indian Wells Masters","Hard",FALSE,"Daniil Medvedev","Frances Tiafoe",1858.53288777137,1715.46901872473,1,143.063869046641,3,3,0.666222072976374,1
20230529,"Roland Garros","Clay",TRUE,"Alejandro Davidovich Fokina","Luca Van Assche",1610.49214087172,1467.41015436562,1,143.081986506107,3,1,0.824204725010908,1
20220627,"Wimbledon","Grass",TRUE,"Oscar Otte","Peter Gojowczyk",1574.19077078723,1431.0284893275,1,143.162281459729,3,2,0.797365557504164,1
20221010,"Florence","Hard",FALSE,"Mikael Ymer","Aslan Karatsev",1540.26558039828,1397.07318116792,1,143.192399230358,3,3,0.666341853471513,1
20230529,"Roland Garros","Clay",TRUE,"Alex Molcan","Hugo Gaston",1554.88633854833,1411.66397474139,1,143.222363806935,3,3,0.767556482409055,1
20220411,"Monte Carlo Masters","Clay",FALSE,"Jannik Sinner","Borna Coric",1631.22921333479,1487.87020405883,1,143.359009275955,3,1,0.739620943585538,1
20230102,"United Cup","Hard",FALSE,"Stefanos Tsitsipas","Grigor Dimitrov",1721.25536002464,1577.71217988717,1,143.543180137464,3,3,0.6666686457148,1
20230102,"United Cup","Hard",FALSE,"Borna Coric","Francisco Cerundolo",1657.73383252433,1514.17025719428,1,143.563575330044,1,3,0.50664942151613,1
20220627,"Wimbledon","Grass",TRUE,"Felix Auger Aliassime","Maxime Cressy",1630.79466936086,1487.08886256994,0,143.705806790921,3,3,0.768220100226956,1
20230522,"Geneva","Clay",FALSE,"Taylor Fritz","Grigor Dimitrov",1738.14780185699,1594.39439300928,0,143.753408847714,3,3,0.66686442090905,1
20230731,"Washington","Hard",FALSE,"Tallon Griekspoor","Daniel Evans",1620.13119988539,1476.030663672,0,144.100536213393,3,2,0.705016062766614,1
20230116,"Australian Open","Hard",TRUE,"Karen Khachanov","Jason Kubler",1689.42512350156,1545.01569141255,1,144.409432089015,3,3,0.769183594093721,1
20230109,"Adelaide 2","Hard",FALSE,"Jason Kubler","Tomas Martin Etcheverry",1525.41536537604,1380.85014280753,1,144.565222568508,3,1,0.740593368072643,1
20231002,"Shanghai Masters","Hard",FALSE,"Lorenzo Musetti","Yu Hsiou Hsu",1644.89298952626,1500.13926086647,0,144.753728659791,3,2,0.705585096242873,1
20230814,"Cincinnati Masters","Hard",FALSE,"Alex De Minaur","Gael Monfils",1740.78229747457,1595.95852015137,0,144.823777323207,3,2,0.70564608166998,1
20220606,"Stuttgart","Grass",FALSE,"Nick Kyrgios","Nikoloz Basilashvili",1607.22240894121,1462.36255859162,1,144.859850349587,3,3,0.667893843169346,1
20230102,"Pune","Hard",FALSE,"Tim Van Rijthoven","Aslan Karatsev",1546.85926429148,1401.53772888163,0,145.321535409847,3,3,0.668322917194421,1
20230227,"Acapulco","Hard",FALSE,"Matteo Berrettini","Elias Ymer",1667.3872204179,1521.90486350755,1,145.482356910348,3,1,0.741331162034379,1
20230807,"Canada Masters","Hard",FALSE,"Taylor Fritz","Ugo Humbert",1692.27950179882,1546.70710042773,1,145.572401371085,3,2,0.706297384969,1
20230508,"Rome Masters","Clay",FALSE,"Stefanos Tsitsipas","Borna Coric",1782.21542571744,1636.64232628768,1,145.573099429759,3,1,0.741404086050597,1
20230306,"Indian Wells Masters","Hard",FALSE,"Jannik Sinner","Richard Gasquet",1740.40689008247,1594.71993152428,1,145.686958558185,3,3,0.668662330672867,1
20231016,"Tokyo","Hard",FALSE,"Alex De Minaur","Aslan Karatsev",1723.5980483127,1577.77188798328,0,145.826160329415,3,3,0.668791578404196,1
20220620,"Mallorca","Grass",FALSE,"Roberto Bautista Agut","Taro Daniel",1639.35104234278,1493.48493031142,1,145.866112031364,3,1,0.741639470292806,1
20221003,"Astana","Hard",FALSE,"Marin Cilic","Oscar Otte",1650.00560301817,1503.78002279157,1,146.225580226602,3,3,0.669162295234115,1
20230703,"Wimbledon","Grass",TRUE,"Carlos Alcaraz","Holger Rune",1954.65558575565,1808.40314462727,1,146.252441128389,3,3,0.771693969172959,1
20230828,"Us Open","Hard",TRUE,"Francisco Cerundolo","Zachary Svajda",1620.21243967048,1473.87884353813,1,146.333596132342,3,0,0.851441103897287,1
20220307,"Indian Wells Masters","Hard",FALSE,"Rafael Nadal","Daniel Evans",1690.5116513054,1544.09351336647,1,146.418137938928,3,2,0.7070321624576,1
20230828,"Us Open","Hard",TRUE,"Grigor Dimitrov","Alex Molcan",1686.18176982161,1539.66825309777,1,146.513516723846,3,3,0.772048023046395,1
20230206,"Montpellier","Hard",FALSE,"Borna Coric","Maxime Cressy",1653.62770263906,1507.05409698515,0,146.573605653903,1,3,0.509802502433399,1
20230206,"Montpellier","Hard",FALSE,"Jannik Sinner","Maxime Cressy",1698.66205544211,1551.82968089029,1,146.832374551818,3,3,0.669725082392681,1
20231023,"Basel","Hard",FALSE,"Hubert Hurkacz","Felix Auger Aliassime",1760.42228678411,1613.5407422093,0,146.881544574805,3,3,0.66977066515282,1
20230619,"Queen's Club","Grass",FALSE,"Cameron Norrie","Miomir Kecmanovic",1670.30479041897,1523.11664436537,1,147.188146053595,3,3,0.670054826146943,1
20231002,"Shanghai Masters","Hard",FALSE,"Daniel Evans","Mikhail Kukushkin",1563.44510749647,1416.22316824278,1,147.221939253684,2,0,0.711499162822645,1
20220711,"Bastad","Clay",FALSE,"Andrey Rublev","Federico Coria",1647.23374681189,1499.94372069125,1,147.290026120633,3,1,0.742781346173517,1
20231030,"Paris Masters","Hard",FALSE,"Roman Safiullin","Alexandre Muller",1621.5786351319,1474.1393053619,1,147.439329769995,3,3,0.670287532939141,1
20220801,"Washington","Hard",FALSE,"Andrey Rublev","Yoshihito Nishioka",1679.32802289432,1531.62719197792,0,147.700830916404,3,1,0.743110167960429,1
20220418,"Belgrade ","Clay",FALSE,"Andrey Rublev","Fabio Fognini",1667.66818584114,1519.93857985841,1,147.729605982737,3,1,0.743133190167757,1
20220221,"Acapulco","Hard",FALSE,"Daniil Medvedev","Benoit Paire",1597.00508863714,1449.16222014676,1,147.842868490375,3,0,0.775320208657698,1
20230213,"Buenos Aires","Clay",FALSE,"Lorenzo Musetti","Pedro Cachin",1592.18623798024,1444.06805923525,1,148.11817874499,3,1,0.743443945234911,1
20220919,"San Diego","Hard",FALSE,"Facundo Mena","Tomas Martin Etcheverry",1500,1351.36097837802,0,148.639021621976,0,1,0.516535393719018,1
20220620,"Eastbourne","Grass",FALSE,"Taylor Fritz","Maxime Cressy",1620.3874056785,1471.7158522538,1,148.671553424702,3,3,0.67142790496162,1
20230821,"Winston-Salem","Hard",FALSE,"Tallon Griekspoor","Max Purcell",1633.86860286766,1485.12923846547,0,148.739364402192,3,0,0.775974072190714,1
20220307,"Indian Wells Masters","Hard",FALSE,"Rafael Nadal","Nick Kyrgios",1699.53969422996,1550.73722059903,1,148.802473630928,3,3,0.671548947807428,1
20230814,"Cincinnati Masters","Hard",FALSE,"Francisco Cerundolo","Dusan Lajovic",1662.80867410939,1513.84563836831,0,148.963035741081,3,1,0.744118756423774,1
20230927,"Beijing","Hard",FALSE,"Alex De Minaur","Andy Murray",1725.49415425374,1576.12218892752,1,149.371965326215,3,3,0.67207520854406,1
20230717,"Newport","Grass",FALSE,"Tommy Paul","John Isner",1639.04438086239,1489.55564362577,0,149.488737236624,3,3,0.672183062771474,1
20230529,"Roland Garros","Clay",TRUE,"Tallon Griekspoor","Pedro Martinez",1527.42242835369,1377.86397080095,1,149.558457552743,3,3,0.776148768330555,1
20230116,"Australian Open","Hard",TRUE,"Borna Coric","Jiri Lehecka",1654.57824220099,1505.01772415938,0,149.560518041611,1,3,0.640316033628753,1
20221114,"Tour Finals","Hard",FALSE,"Novak Djokovic","Taylor Fritz",1858.01462921756,1708.41202319533,1,149.60260602223,3,3,0.672288218077158,1
20220613,"Halle","Grass",FALSE,"Karen Khachanov","Aslan Karatsev",1582.13022811977,1432.51896618961,1,149.611261930153,3,3,0.672296210909653,1
20230206,"Cordoba","Clay",FALSE,"Francisco Cerundolo","Federico Delbonis",1544.39934303717,1394.41269215558,1,149.986650881593,3,1,0.744934785010961,1
20230320,"Miami Masters","Hard",FALSE,"Andrey Rublev","Miomir Kecmanovic",1711.23347577094,1561.22972929968,1,150.003746471259,3,3,0.672658524607358,1
20230320,"Miami Masters","Hard",FALSE,"Jason Kubler","Thiago Monteiro",1561.80243548281,1411.76867063921,0,150.033764843603,3,1,0.744972303155561,1
20230807,"Canada Masters","Hard",FALSE,"Sebastian Korda","Aleksandar Vukic",1653.6891718597,1503.61936242194,0,150.069809437761,3,2,0.71019234130846,1
20230417,"Banja Luka","Clay",FALSE,"Jiri Lehecka","Radu Albot",1644.66336123758,1494.47313841185,1,150.190222825734,3,1,0.745096868911234,1
20221017,"Stockholm","Hard",FALSE,"Stefanos Tsitsipas","Emil Ruusuvuori",1703.68497816133,1553.16354232102,1,150.521435840312,3,3,0.673136103733114,1
20230807,"Canada Masters","Hard",FALSE,"Daniil Medvedev","Lorenzo Musetti",1833.24576199371,1682.5918905752,1,150.653871418514,3,3,0.673258220699274,1
20230814,"Cincinnati Masters","Hard",FALSE,"Alexander Zverev","Adrian Mannarino",1757.69101840689,1607.01597641147,1,150.675041995416,3,3,0.673277739610692,1
20220418,"Barcelona","Clay",FALSE,"Alex De Minaur","Ugo Humbert",1591.09354484869,1440.29935342574,1,150.79419142295,3,2,0.710816822457914,1
20220523,"Roland Garros","Clay",TRUE,"Jannik Sinner","Mackenzie Mcdonald",1660.73833250886,1509.89808643148,1,150.840246077383,3,3,0.777859228363983,1
20230522,"Lyon","Clay",FALSE,"Brandon Nakashima","Diego Schwartzman",1589.51556991793,1438.63340647992,1,150.882163438005,3,1,0.745647284949075,1
20230724,"Atlanta","Hard",FALSE,"Christopher Eubanks","Aleksandar Vukic",1620.06314671943,1469.17216729609,0,150.890979423339,3,2,0.71090020177571,1
20221003,"Astana","Hard",FALSE,"Andrey Rublev","Laslo Djere",1667.43596005775,1516.28483571152,1,151.151124346228,3,1,0.745861023043091,1
20230619,"Halle","Grass",FALSE,"Nicolas Jarry","Corentin Moutet",1654.18067106764,1502.88550835759,1,151.295162710046,3,3,0.673849213867826,1
20230320,"Miami Masters","Hard",FALSE,"Andrey Rublev","J J Wolf",1716.06155360147,1564.32508071736,1,151.736472884113,3,3,0.674255590367905,1
20220801,"Los Cabos","Hard",FALSE,"Daniil Medvedev","Ricardas Berankis",1658.44405978716,1506.67876015342,1,151.765299633737,3,3,0.674282126113919,1
20231002,"Shanghai Masters","Hard",FALSE,"Andrey Rublev","Ugo Humbert",1759.58980138489,1607.69402597705,1,151.895775407837,3,2,0.711764953347496,1
20231002,"Shanghai Masters","Hard",FALSE,"Nicolas Jarry","Terence Atmane",1655.91410427668,1503.97938643924,1,151.934717837441,3,2,0.711798437141399,1
20220926,"Tel Aviv","Hard",FALSE,"Roman Safiullin","Tomas Martin Etcheverry",1541.83629390218,1389.67076730019,1,152.165526601997,3,1,0.746666083048538,1
20230508,"Rome Masters","Clay",FALSE,"Dusan Lajovic","Nuno Borges",1614.29370955904,1462.05553294751,0,152.238176611531,1,2,0.559409090337605,1
20230306,"Indian Wells Masters","Hard",FALSE,"Casper Ruud","Cristian Garin",1647.97429045354,1495.3824837696,0,152.59180668394,1,3,0.516104128045173,1
20230927,"Beijing","Hard",FALSE,"Holger Rune","Felix Auger Aliassime",1721.1422860524,1568.37818501268,1,152.764101039721,3,3,0.675200856866666,1
20221003,"Tokyo","Hard",FALSE,"Brandon Nakashima","Shintaro Mochizuki",1607.67105634873,1454.84156607945,1,152.82949026929,3,2,0.712567149515445,1
20220523,"Roland Garros","Clay",TRUE,"Stefanos Tsitsipas","Lorenzo Musetti",1704.43209846668,1551.51909955945,1,152.912998907236,3,3,0.780605373254693,1
20220613,"Halle","Grass",FALSE,"Daniil Medvedev","Ilya Ivashka",1657.40231603878,1504.38298105143,1,153.019334987355,3,2,0.712730090556876,1
20220718,"Hamburg","Clay",FALSE,"Andrey Rublev","Ricardas Berankis",1656.23014560292,1503.17182255025,1,153.058323052679,3,3,0.675471235513494,1
20230619,"Queen's Club","Grass",FALSE,"Lorenzo Musetti","Jan Choinski",1653.26790725611,1500,1,153.267907256115,3,0,0.779256274363593,1
20221024,"Basel","Hard",FALSE,"Felix Auger Aliassime","Miomir Kecmanovic",1756.20006612429,1602.59567480484,1,153.604391319448,3,3,0.675972740978256,1
20220502,"Madrid Masters","Clay",FALSE,"Rafael Nadal","David Goffin",1705.45645100296,1551.23838400452,1,154.218066998437,3,3,0.6765358547153,1
20221107,"NextGen Finals","Hard",FALSE,"Brandon Nakashima","Matteo Arnaldi",1607.93460507679,1453.58986250231,1,154.344742574471,3,1,0.74838986734222,1
20230227,"Dubai","Hard",FALSE,"Andrey Rublev","Filip Krajinovic",1682.24248888723,1527.89148548617,1,154.351003401055,3,3,0.676657770911469,1
20230403,"Houston","Clay",FALSE,"Jason Kubler","Fernando Verdasco",1540.69966888252,1385.95693024325,1,154.74273863927,3,1,0.748703844488172,1
20220411,"Monte Carlo Masters","Clay",FALSE,"Hubert Hurkacz","Hugo Dellien",1611.94357068625,1457.0345931651,1,154.90897752115,3,1,0.748834912433706,1
20220829,"Us Open","Hard",TRUE,"Marin Cilic","Maximilian Marterer",1641.22115390599,1486.05453071521,1,155.166623190774,3,3,0.783563359119039,1
20230306,"Indian Wells Masters","Hard",FALSE,"Frances Tiafoe","Marcos Giron",1681.2353187722,1525.61590608782,1,155.619412684379,3,3,0.677819822630574,1
20230619,"Queen's Club","Grass",FALSE,"Frances Tiafoe","Botic Van De Zandschulp",1705.59173411528,1549.96247357983,1,155.629260535452,3,3,0.677828836154354,1
20230206,"Dallas","Hard",FALSE,"Mackenzie Mcdonald","Fernando Verdasco",1574.30772527915,1418.64696066684,1,155.660764612308,3,1,0.749427077418382,1
20230619,"Queen's Club","Grass",FALSE,"Taylor Fritz","Bernabe Zapata Miralles",1688.00930978503,1532.19465392624,1,155.814655858793,3,1,0.749548179274666,1
20230828,"Us Open","Hard",TRUE,"Carlos Alcaraz","Alexander Zverev",1936.99992624915,1780.81214287722,1,156.18778337193,3,3,0.784894141437109,1
20230814,"Cincinnati Masters","Hard",FALSE,"Taylor Fritz","Dusan Lajovic",1715.75017779771,1559.43125989339,1,156.318917904322,3,1,0.749944725769187,1
20231016,"Tokyo","Hard",FALSE,"Casper Ruud","Marcos Giron",1690.00081764386,1533.36633109845,0,156.634486545411,1,3,0.520334445585614,1
20230508,"Rome Masters","Clay",FALSE,"Alex De Minaur","Marton Fucsovics",1669.54618238695,1512.32580658659,0,157.220375800355,3,3,0.679283408278185,1
20220502,"Madrid Masters","Clay",FALSE,"Stefanos Tsitsipas","Lucas Pouille",1667.30235996435,1509.96340505113,1,157.338954913221,3,1,0.750745591957587,1
20231106,"Sofia","Hard",FALSE,"Jack Draper","Cem Ilkel",1662.72686859814,1505.31038689006,1,157.416481708082,3,2,0.716488619149472,1
20220711,"Newport","Grass",FALSE,"Jason Kubler","James Duckworth",1554.79484673785,1397.24463996703,1,157.550206770814,3,3,0.679584500417732,1
20220808,"Canada Masters","Hard",FALSE,"Stefanos Tsitsipas","Jack Draper",1715.90143541529,1558.325881028,0,157.575554387288,3,3,0.679607633263646,1
20220411,"Monte Carlo Masters","Clay",FALSE,"Carlos Alcaraz","Sebastian Korda",1707.7789710574,1549.88647759057,0,157.892493466831,3,3,0.679896804955349,1
20230522,"Lyon","Clay",FALSE,"Felix Auger Aliassime","Pablo Llamas Ruiz",1658.00889943555,1500,1,158.008899435553,3,1,0.751270655386574,1
20220606,"Stuttgart","Grass",FALSE,"Nick Kyrgios","Jiri Lehecka",1616.30716555617,1458.27900189598,1,158.028163660185,3,3,0.68002054670727,1
20231030,"Paris Masters","Hard",FALSE,"Arthur Fils","Daniel Altmaier",1596.02959914913,1437.94543528319,0,158.084163865936,1,1,0.608038309607365,1
20230619,"Queen's Club","Grass",FALSE,"Holger Rune","Alex De Minaur",1819.22162187115,1660.97000174836,0,158.251620122795,3,3,0.680224301128529,1
20221003,"Astana","Hard",FALSE,"Novak Djokovic","Karen Khachanov",1793.48121173287,1634.91794760536,1,158.563264127502,3,3,0.680508352790144,1
20220801,"Washington","Hard",FALSE,"Holger Rune","Benoit Paire",1499.18396350404,1340.56729810092,1,158.616665403118,3,0,0.783088370898648,1
20230828,"Us Open","Hard",TRUE,"Sebastian Baez","Felipe Meligeni Alves",1621.42748530109,1462.6406232725,1,158.78686202859,3,2,0.816114755832845,1
20230703,"Wimbledon","Grass",TRUE,"Alex De Minaur","Kimmer Coppejans",1659.15258801004,1500,1,159.152588010038,3,0,0.863500662054674,1
20230116,"Australian Open","Hard",TRUE,"Alex De Minaur","Benjamin Bonzi",1671.39471282652,1512.1958435024,1,159.198869324123,3,3,0.788783565022279,1
20230116,"Australian Open","Hard",TRUE,"Rafael Nadal","Mackenzie Mcdonald",1699.93077691787,1540.43407858287,0,159.496698334998,3,3,0.789165458908838,1
20230731,"Kitzbuhel","Clay",FALSE,"Dominic Thiem","Facundo Bagnis",1538.85527573666,1379.32284398077,1,159.53243175589,1,1,0.609484017861717,1
20230410,"Monte Carlo Masters","Clay",FALSE,"Karen Khachanov","Ilya Ivashka",1699.45735948883,1539.82221308817,1,159.635146400652,3,2,0.718373735569465,1
20221017,"Antwerp","Hard",FALSE,"Felix Auger Aliassime","Daniel Evans",1704.22075895648,1544.476986299,1,159.743772657472,3,2,0.718465835324215,1
20231002,"Shanghai Masters","Hard",FALSE,"Hubert Hurkacz","Fabian Marozsan",1698.55635724174,1538.80428338132,1,159.752073860418,3,1,0.752633383021171,1
20221010,"Gijon","Hard",FALSE,"Andrey Rublev","Dominic Thiem",1686.89276309446,1527.13282145451,1,159.759941639948,3,1,0.752639522286076,1
20230731,"Washington","Hard",FALSE,"Emil Ruusuvuori","Constant Lestienne",1574.21563072281,1413.94465655344,1,160.270974169368,3,0,0.784263809851501,1
20231016,"Antwerp","Hard",FALSE,"Jan Lennard Struff","Hugo Gaston",1583.20623280148,1422.36158322423,0,160.844649577251,1,3,0.524736913456545,1
20230508,"Rome Masters","Clay",FALSE,"Andy Murray","Fabio Fognini",1573.03061478879,1411.87488783134,0,161.155726957453,3,1,0.753727040565811,1
20230320,"Miami Masters","Hard",FALSE,"Brandon Nakashima","Oscar Otte",1600.72469619798,1439.51520881538,1,161.209487382597,3,3,0.682914873789077,1
20230626,"Mallorca","Grass",FALSE,"Stefanos Tsitsipas","Yannick Hanfmann",1755.8747319707,1594.6472487314,0,161.2274832393,3,1,0.753782861982321,1
20230724,"Atlanta","Hard",FALSE,"Taylor Fritz","Kei Nishikori",1676.77694052071,1515.53526642508,1,161.241674095632,3,2,0.719733974839884,1
20230828,"Us Open","Hard",TRUE,"Taylor Fritz","Dominic Stricker",1724.6780562451,1563.42706543718,1,161.250990807927,3,1,0.843569209098771,1
20230116,"Australian Open","Hard",TRUE,"Cameron Norrie","Jiri Lehecka",1687.88553502884,1526.10343162555,0,161.782103403296,3,3,0.792079092792978,1
20230227,"Acapulco","Hard",FALSE,"Taylor Fritz","Denis Shapovalov",1739.7078335978,1577.89240812038,1,161.815425477412,3,3,0.683464556414026,1
20230828,"Us Open","Hard",TRUE,"Tommy Paul","Roman Safiullin",1686.41038363735,1524.42659697804,1,161.983786659303,3,3,0.792334784945006,1
20231106,"Metz","Hard",FALSE,"Ugo Humbert","Alexander Shevchenko",1664.10199442555,1501.88432395402,1,162.217670471529,2,1,0.687771095631485,1
20230306,"Indian Wells Masters","Hard",FALSE,"Jannik Sinner","Adrian Mannarino",1720.18104860262,1557.93051214065,1,162.250536461972,3,3,0.683858955802743,1
20230703,"Wimbledon","Grass",TRUE,"Frances Tiafoe","Dominic Stricker",1697.49385327956,1534.53894774358,1,162.954905535983,3,1,0.845293096424651,1
20230814,"Cincinnati Masters","Hard",FALSE,"Tommy Paul","Miomir Kecmanovic",1673.3504159049,1510.37312222917,1,162.97729367573,3,3,0.684517123444902,1
20220801,"Los Cabos","Hard",FALSE,"Miomir Kecmanovic","Jordan Thompson",1595.60716390335,1432.43933318043,1,163.167830722918,3,3,0.684689555803483,1
20220620,"Mallorca","Grass",FALSE,"Botic Van De Zandschulp","Marcos Giron",1588.96484473051,1425.77360231027,0,163.191242420233,3,3,0.68471073943102,1
20231016,"Tokyo","Hard",FALSE,"Casper Ruud","Yosuke Watanuki",1681.59016611287,1517.82620750359,1,163.763958609278,1,3,0.527787351226468,1
20220627,"Wimbledon","Grass",TRUE,"Andy Murray","James Duckworth",1569.46645898526,1405.6535873745,1,163.812871610758,3,3,0.794643085426173,1
20230717,"Bastad","Clay",FALSE,"Casper Ruud","Sebastian Ofner",1695.21223284025,1531.01547130421,1,164.196761536043,1,1,0.614126938691006,1
20220509,"Rome Masters","Clay",FALSE,"Rafael Nadal","John Isner",1703.95146586918,1539.23521710138,1,164.716248767795,3,3,0.686088955483625,1
20221031,"Paris Masters","Hard",FALSE,"Yoshihito Nishioka","Aslan Karatsev",1574.64024715095,1409.91492530382,1,164.725321847122,1,3,0.528791453931503,1
20231023,"Vienna","Hard",FALSE,"Jannik Sinner","Ben Shelton",1829.7581358459,1664.94425766614,1,164.813878179763,3,3,0.686177076168894,1
20220718,"Hamburg","Clay",FALSE,"Carlos Alcaraz","Karen Khachanov",1766.79641730683,1601.78424624579,1,165.012171061048,3,3,0.686356014761263,1
20230306,"Indian Wells Masters","Hard",FALSE,"Andy Murray","Tomas Martin Etcheverry",1621.01291717061,1455.83597215235,1,165.176945018261,3,1,0.756842113680331,1
20230417,"Barcelona","Clay",FALSE,"Stefanos Tsitsipas","Lorenzo Musetti",1774.73359353804,1609.42633161739,1,165.307261920651,3,3,0.686622200795025,1
20231002,"Shanghai Masters","Hard",FALSE,"Alex De Minaur","Fabian Marozsan",1725.46105443665,1559.26211010852,0,166.198944328128,3,1,0.7576295388555,1
20220627,"Wimbledon","Grass",TRUE,"Tim Van Rijthoven","Federico Delbonis",1597.42813978897,1431.13538153224,1,166.292758256727,3,1,0.848625061708181,1
20220926,"Sofia","Hard",FALSE,"Jannik Sinner","Holger Rune",1712.25361363873,1545.95773756526,0,166.295876073461,3,3,0.687513082035446,1
20230914,"Davis Cup Finals RR: AUS vs FRA","Hard",FALSE,"Adrian Mannarino","Max Purcell",1647.81650022168,1481.31897355438,1,166.497526667292,3,0,0.78864650956519,1
20230213,"Rotterdam","Hard",FALSE,"Daniil Medvedev","Botic Van De Zandschulp",1757.42649954469,1590.83860163617,1,166.587897908517,3,3,0.68777597057885,1
20230220,"Marseille","Hard",FALSE,"Grigor Dimitrov","Alexander Bublik",1622.0093168783,1455.42092781829,0,166.588389060007,3,3,0.687776412629326,1
20230724,"Hamburg","Clay",FALSE,"Alexander Zverev","Alex Molcan",1705.01138758791,1538.3499551256,1,166.661432462302,3,3,0.687842149988687,1
20220829,"Us Open","Hard",TRUE,"Rafael Nadal","Richard Gasquet",1742.66883993899,1575.74437145804,1,166.924468480948,3,3,0.798526075916647,1
20220620,"Eastbourne","Grass",FALSE,"Jannik Sinner","Tommy Paul",1677.81513402242,1510.38512998445,0,167.430004037968,3,3,0.688533387859576,1
20230116,"Australian Open","Hard",TRUE,"Alex De Minaur","Adrian Mannarino",1679.96533554449,1511.99527320377,1,167.970062340723,3,3,0.799818496250843,1
20220926,"Tel Aviv","Hard",FALSE,"Botic Van De Zandschulp","Joao Sousa",1641.43089449242,1473.18067573072,1,168.250218761704,3,1,0.759204754637761,1
20230814,"Cincinnati Masters","Hard",FALSE,"Alex De Minaur","J J Wolf",1732.52869849764,1564.23108695902,1,168.29761153862,3,3,0.689312688308529,1
20220718,"Gstaad","Clay",FALSE,"Roberto Bautista Agut","Juan Pablo Varillas",1611.98168094861,1443.1234130097,0,168.858267938909,3,1,0.759670342605259,1
20230717,"Gstaad","Clay",FALSE,"Yannick Hanfmann","Daniel Altmaier",1590.71327519624,1421.72406384767,1,168.989211348569,1,1,0.618875853978826,1
20230320,"Miami Masters","Hard",FALSE,"Daniil Medvedev","Karen Khachanov",1868.49510100005,1699.26413836508,1,169.230962634974,3,3,0.690149843573867,1
20230529,"Roland Garros","Clay",TRUE,"Hubert Hurkacz","Juan Pablo Varillas",1654.04277746628,1484.77541579415,0,169.267361672137,3,1,0.851544526146402,1
20230508,"Rome Masters","Clay",FALSE,"Stefanos Tsitsipas","Lorenzo Musetti",1773.9988023049,1604.62607555406,1,169.372726750843,3,3,0.690276887993234,1
20230102,"Adelaide 1","Hard",FALSE,"Novak Djokovic","Daniil Medvedev",1881.85568081441,1712.4718378956,1,169.383842918812,3,3,0.69028684872946,1
20220502,"Madrid Masters","Clay",FALSE,"Hubert Hurkacz","Hugo Dellien",1625.83922646669,1456.38129679552,1,169.457929671176,3,1,0.760128905113168,1
20230213,"Delray Beach","Hard",FALSE,"Yoshihito Nishioka","Oscar Otte",1616.0323106456,1446.45948493854,1,169.572825707067,1,3,0.533850749967126,1
20220523,"Roland Garros","Clay",TRUE,"Jannik Sinner","Bjorn Fratangelo",1669.60653822669,1500,1,169.606538226689,3,0,0.872715677983472,1
20220829,"Us Open","Hard",TRUE,"Matteo Berrettini","Nicolas Jarry",1643.54121100628,1473.73233648196,1,169.808874524321,3,3,0.802076285325484,1
20220523,"Roland Garros","Clay",TRUE,"Hubert Hurkacz","Marco Cecchinato",1616.0770191037,1446.066525528,1,170.010493575695,3,1,0.852266586169797,1
20230508,"Rome Masters","Clay",FALSE,"Andrey Rublev","Alex Molcan",1744.63446573231,1574.32456334166,1,170.309902390654,3,3,0.691116031337453,1
20230403,"Houston","Clay",FALSE,"Cristian Garin","Zizou Bergs",1551.16276357001,1380.25019642646,1,170.912567143544,3,1,0.761238778956175,1
20220321,"Miami Masters","Hard",FALSE,"Taylor Fritz","Mikhail Kukushkin",1640.80850806428,1469.1265166455,1,171.681991418783,3,0,0.792245714391874,1
20230306,"Indian Wells Masters","Hard",FALSE,"Carlos Alcaraz","Jack Draper",1800.53178465906,1628.57113161964,1,171.960653039417,3,3,0.692591042976335,1
20230619,"Queen's Club","Grass",FALSE,"Taylor Fritz","Adrian Mannarino",1709.89665336361,1537.48466466079,0,172.411988702826,3,3,0.692993646860956,1
20230424,"Madrid Masters","Clay",FALSE,"Alexander Zverev","Hugo Grenier",1625.13304985084,1452.68011347562,1,172.452936375214,3,3,0.693030158782777,1
20231023,"Vienna","Hard",FALSE,"Matteo Arnaldi","Albert Ramos",1588.44112878457,1415.62299467349,1,172.818134111085,1,1,0.622653774591129,1
20230116,"Australian Open","Hard",TRUE,"Casper Ruud","Tomas Machac",1646.2046135794,1473.00857146883,1,173.196042110568,1,1,0.752200193723425,1
20220718,"Gstaad","Clay",FALSE,"Elias Ymer","Benoit Paire",1528.85595733033,1355.60772406783,1,173.248233262499,1,0,0.663389923512053,1
20230206,"Dallas","Hard",FALSE,"Taylor Fritz","Yibing Wu",1727.98494365016,1554.53341493145,0,173.451528718707,3,2,0.729939754562249,1
20230227,"Dubai","Hard",FALSE,"Felix Auger Aliassime","Maxime Cressy",1741.80659829604,1568.24787866478,1,173.558719631255,3,3,0.694015239832419,1
20221003,"Tokyo","Hard",FALSE,"Frances Tiafoe","Bernabe Zapata Miralles",1640.53281568429,1466.87604866046,1,173.656767023828,3,1,0.763322962443843,1
20230102,"United Cup","Hard",FALSE,"Frances Tiafoe","Oscar Otte",1650.2425985734,1476.53114157531,1,173.711456998088,3,3,0.694151166100786,1
20230828,"Us Open","Hard",TRUE,"Karen Khachanov","Michael Mmoh",1718.84488713154,1544.87419136013,0,173.970695771412,3,3,0.807115388929115,1
20220926,"Sofia","Hard",FALSE,"Jannik Sinner","Aleksandar Vukic",1690.57633105147,1516.17650680191,1,174.39982424956,3,2,0.73072253024862,1
20230424,"Madrid Masters","Clay",FALSE,"Jiri Lehecka","Alexander Shevchenko",1635.24088869069,1460.67739931952,0,174.563489371169,3,1,0.764008840815435,1
20221003,"Astana","Hard",FALSE,"Novak Djokovic","Botic Van De Zandschulp",1802.07425178702,1627.48699716278,1,174.587254624243,3,3,0.69492991600826,1
20230213,"Rotterdam","Hard",FALSE,"Holger Rune","Constant Lestienne",1722.61575826264,1547.28356609292,1,175.332192169714,3,0,0.794752539472895,1
20220307,"Indian Wells Masters","Hard",FALSE,"Andrey Rublev","Frances Tiafoe",1666.05002408132,1490.69250228122,1,175.357521800097,3,3,0.695613909024372,1
20230424,"Madrid Masters","Clay",FALSE,"Carlos Alcaraz","Karen Khachanov",1898.33027373202,1722.63633769051,1,175.693936041505,3,3,0.695912372254826,1
20230227,"Acapulco","Hard",FALSE,"Matteo Berrettini","Alex Molcan",1664.01246421724,1487.96942253942,1,176.043041677815,3,3,0.696221920864853,1
20220829,"Us Open","Hard",TRUE,"Rafael Nadal","Frances Tiafoe",1764.68287485742,1588.53397722048,0,176.14889763694,3,3,0.809713557746066,1
20230204,"Davis Cup QLS R1: CZE vs POR","Clay",FALSE,"Jiri Lehecka","Joao Sousa",1588.25892183175,1412.0658220589,1,176.193099772848,3,1,0.765238081838396,1
20230227,"Acapulco","Hard",FALSE,"Tommy Paul","Emilio Gomez",1667.13733737289,1490.91341023148,1,176.223927141408,3,1,0.765261292581092,1
20230724,"Hamburg","Clay",FALSE,"Lorenzo Musetti","Elias Ymer",1666.56238793967,1490.1188948764,1,176.443493063266,3,1,0.765426563560702,1
20230203,"Davis Cup QLS R1: GBR vs COL","Clay",FALSE,"Cameron Norrie","Nicolas Mejia",1685.64687381796,1508.8778470735,1,176.769026744461,3,1,0.765671449705997,1
20220829,"Us Open","Hard",TRUE,"Nick Kyrgios","Karen Khachanov",1751.95656914744,1575.13080647368,0,176.825762673765,3,3,0.810515453042121,1
20220829,"Us Open","Hard",TRUE,"John Isner","Federico Delbonis",1579.31469348082,1402.37190514985,1,176.942788330974,3,1,0.858863120773909,1
20220509,"Rome Masters","Clay",FALSE,"Novak Djokovic","Aslan Karatsev",1644.72034795732,1467.4659676671,1,177.254380290218,3,3,0.697294624019054,1
20220913,"Davis Cup Finals RR: KOR vs CAN","Hard",FALSE,"Felix Auger Aliassime","Soon Woo Kwon",1630.89998409081,1453.1169506105,0,177.783033480315,3,2,0.733503516471969,1
20230731,"Los Cabos","Hard",FALSE,"Nicolas Jarry","Rodrigo Pacheco Mendez",1656.09641625099,1478.24907450729,1,177.8473417437,3,1,0.766481355798233,1
20230203,"Davis Cup QLS R1: GBR vs COL","Clay",FALSE,"Cameron Norrie","Nicolas Barrientos",1677.72582685316,1499.64747189364,1,178.078354959521,3,1,0.766654612941616,1
20220627,"Wimbledon","Grass",TRUE,"Hubert Hurkacz","Alejandro Davidovich Fokina",1673.28111560618,1494.93457109016,0,178.346544516017,3,3,0.812307702163476,1
20221114,"Tour Finals","Hard",FALSE,"Novak Djokovic","Casper Ruud",1866.92740384061,1687.8628761852,1,179.064527655415,3,1,0.767393224624494,1
20231030,"Paris Masters","Hard",FALSE,"Jannik Sinner","Alex De Minaur",1878.6077694056,1699.51062158001,0,179.097147825598,3,3,0.698922370684803,1
20220718,"Hamburg","Clay",FALSE,"Carlos Alcaraz","Alex Molcan",1751.2334590465,1572.06103435961,1,179.172424686891,3,3,0.698988757970848,1
20230424,"Madrid Masters","Clay",FALSE,"Alejandro Davidovich Fokina","Albert Ramos",1579.06264477993,1399.67294959936,1,179.389695180571,3,1,0.767636407184369,1
20230522,"Lyon","Clay",FALSE,"Cameron Norrie","David Goffin",1678.93232438719,1499.17886071368,1,179.75346367351,3,3,0.699500900454434,1
20230220,"Marseille","Hard",FALSE,"Hubert Hurkacz","Benjamin Bonzi",1660.88975985442,1480.98812612094,1,179.901633733479,3,3,0.699631421737699,1
20220829,"Us Open","Hard",TRUE,"Frances Tiafoe","Marcos Giron",1623.94156907588,1443.96160688692,1,179.979962188955,3,3,0.814218142935549,1
20230522,"Geneva","Clay",FALSE,"Christopher Eubanks","Benoit Paire",1500.76874551112,1320.47907039916,1,180.289675111967,3,0,0.798121120407687,1
20220502,"Madrid Masters","Clay",FALSE,"Hubert Hurkacz","Dusan Lajovic",1614.92669341456,1434.62567107193,1,180.301022342633,3,1,0.768317015012803,1
20230731,"Washington","Hard",FALSE,"Sebastian Korda","Alexander Shevchenko",1664.83859170536,1484.27652350332,0,180.562068202039,3,1,0.768511715538039,1
20220516,"Lyon","Clay",FALSE,"Alex De Minaur","Ugo Humbert",1602.00339028119,1421.36273510149,1,180.640655179699,3,2,0.735838176242305,1
20220509,"Rome Masters","Clay",FALSE,"Diego Schwartzman","Marcos Giron",1617.21227095515,1436.55849768463,0,180.653773270526,1,3,0.545388067023994,1
20220502,"Madrid Masters","Clay",FALSE,"Casper Ruud","Dusan Lajovic",1607.9185811152,1426.77898675949,0,181.139594355711,1,1,0.630812676482104,1
20230213,"Rotterdam","Hard",FALSE,"Jannik Sinner","Tallon Griekspoor",1745.22048521178,1563.9829980064,1,181.237487205375,3,3,0.700806696990688,1
20230925,"Astana","Hard",FALSE,"Sebastian Korda","Nuno Borges",1650.12093690659,1468.7041262327,1,181.41681067389,3,2,0.736470021754074,1
20220926,"Tel Aviv","Hard",FALSE,"Botic Van De Zandschulp","Liam Broady",1649.68612578446,1468.00900168802,0,181.677124096432,3,0,0.799056453898842,1
20221024,"Vienna","Hard",FALSE,"Andrey Rublev","Diego Schwartzman",1694.05516317014,1512.13288304193,1,181.92228012821,3,1,0.76952437599997,1
20230529,"Roland Garros","Clay",TRUE,"Casper Ruud","Giulio Zeppieri",1644.47337185543,1462.42046159722,1,182.052910258209,1,0,0.794848120490516,1
20230508,"Rome Masters","Clay",FALSE,"Borna Coric","Thiago Monteiro",1618.31646917463,1436.12305041209,1,182.193418762546,1,1,0.631840709654696,1
20230731,"Los Cabos","Hard",FALSE,"Cameron Norrie","Aleksandar Kovacevic",1667.3455008284,1485.11779534651,0,182.22770548189,3,2,0.73712910997472,1
20230320,"Miami Masters","Hard",FALSE,"Jannik Sinner","Grigor Dimitrov",1777.84712611727,1595.50673968807,1,182.340386429205,3,3,0.701775031641322,1
20220627,"Wimbledon","Grass",TRUE,"Botic Van De Zandschulp","Feliciano Lopez",1587.28481533564,1404.5109551503,1,182.773860185343,3,0,0.883561248217385,1
20230102,"Adelaide 1","Hard",FALSE,"Jannik Sinner","Thanasi Kokkinakis",1668.12966592329,1484.98339430193,1,183.146271621359,3,1,0.770432966096616,1
20231002,"Shanghai Masters","Hard",FALSE,"Jiri Lehecka","Diego Schwartzman",1651.30352966526,1468.14195849517,0,183.161571170092,3,1,0.770444307288881,1
20231113,"Tour Finals","Hard",FALSE,"Jannik Sinner","Stefanos Tsitsipas",1898.47094530625,1715.01964299241,1,183.451302313842,3,3,0.70274858044036,1
20221031,"Paris Masters","Hard",FALSE,"Novak Djokovic","Karen Khachanov",1814.95555676789,1631.1706938917,1,183.784862876193,3,3,0.703040537311183,1
20230213,"Delray Beach","Hard",FALSE,"Adrian Mannarino","Daniel Altmaier",1544.19692289885,1360.0690738092,1,184.127849089648,3,1,0.771159789122493,1
20230220,"Rio De Janeiro","Clay",FALSE,"Cameron Norrie","Bernabe Zapata Miralles",1718.53661508412,1533.85582542494,1,184.680789659183,3,1,0.771568508649585,1
20220523,"Roland Garros","Clay",TRUE,"Novak Djokovic","Aljaz Bedene",1655.1450945967,1470.30879088454,1,184.836303712163,3,0,0.885185476992609,1
20220620,"Mallorca","Grass",FALSE,"Stefanos Tsitsipas","Benjamin Bonzi",1688.66687146161,1503.74286452644,1,184.924006935172,3,3,0.704036350332718,1
20220829,"Us Open","Hard",TRUE,"Daniil Medvedev","Yibing Wu",1698.82878380957,1513.89748593167,1,184.931297877897,3,2,0.844433889888291,1
20220509,"Rome Masters","Clay",FALSE,"Rafael Nadal","Denis Shapovalov",1726.26964715728,1540.99174826673,0,185.277898890551,3,3,0.704345320036743,1
20230703,"Wimbledon","Grass",TRUE,"Tommy Paul","Shintaro Mochizuki",1631.36392066014,1446.04472361782,1,185.319197042324,3,2,0.844825929940058,1
20220718,"Hamburg","Clay",FALSE,"Carlos Alcaraz","Filip Krajinovic",1759.11784586886,1573.7412231834,1,185.376622685455,3,3,0.7044314786597,1
20230116,"Australian Open","Hard",TRUE,"Lorenzo Musetti","Lloyd Harris",1614.51405334694,1428.94317874037,0,185.57087460657,3,3,0.820643569335745,1
20220718,"Gstaad","Clay",FALSE,"Matteo Berrettini","Pedro Martinez",1652.51516661545,1466.81049659793,1,185.704670017515,3,3,0.704717668731936,1
20230724,"Hamburg","Clay",FALSE,"Lorenzo Musetti","Jozef Kovalik",1674.53841922521,1488.82863242778,1,185.70978679742,3,1,0.772327748248475,1
20231002,"Shanghai Masters","Hard",FALSE,"Sebastian Korda","Bu Yunchaokete",1670.43002658518,1484.33070980627,1,186.099316778906,3,0,0.802015961626449,1
20230529,"Roland Garros","Clay",TRUE,"Sebastian Korda","Sebastian Ofner",1665.55969717577,1479.32521154643,0,186.234485629346,3,1,0.867316780026771,1
20231002,"Shanghai Masters","Hard",FALSE,"Jannik Sinner","Sebastian Baez",1822.11306585844,1635.71632626234,1,186.396739596097,3,3,0.705320905085881,1
20230320,"Miami Masters","Hard",FALSE,"Mackenzie Mcdonald","Quentin Halys",1639.88196404507,1453.21434989316,0,186.66761415191,3,3,0.705556815041329,1
20230320,"Miami Masters","Hard",FALSE,"Jannik Sinner","Emil Ruusuvuori",1785.62597834472,1598.93026669734,1,186.695711647382,3,3,0.705581279400089,1
20220829,"Us Open","Hard",TRUE,"Andrey Rublev","Soon Woo Kwon",1632.25080625262,1445.38260087464,1,186.868205377982,3,2,0.846383437053621,1
20230220,"Doha","Hard",FALSE,"Roberto Bautista Agut","Christopher Oconnell",1610.22082095309,1423.24369749286,0,186.977123460226,3,3,0.705826238001253,1
20221031,"Paris Masters","Hard",FALSE,"Jannik Sinner","Marc Andrea Huesler",1707.46963953358,1520.28204237181,0,187.18759716177,3,2,0.741137318863057,1
20220801,"Washington","Hard",FALSE,"Taylor Fritz","Daniel Evans",1675.9285661521,1488.70921328132,0,187.219352870776,3,2,0.741162852886001,1
20230828,"Us Open","Hard",TRUE,"Stefanos Tsitsipas","Milos Raonic",1714.52322946175,1527.12995614324,1,187.393273318511,3,2,0.846908474317827,1
20230508,"Rome Masters","Clay",FALSE,"Andrey Rublev","Yannick Hanfmann",1767.02656496579,1579.49457663059,0,187.531988335193,3,1,0.773667878335741,1
20230619,"Queen's Club","Grass",FALSE,"Sebastian Korda","Daniel Evans",1687.36829052282,1499.79857925821,1,187.569711264614,3,2,0.741444459058081,1
20230927,"Beijing","Hard",FALSE,"Andrey Rublev","Cameron Norrie",1764.15520825522,1576.18213520175,1,187.973073053471,3,3,0.706692219730891,1
20230227,"Acapulco","Hard",FALSE,"Alex De Minaur","Jacopo Berrettini",1688.07777230241,1500,1,188.077772302407,3,2,0.741852466622065,1
20230925,"Astana","Hard",FALSE,"Adrian Mannarino","Sebastian Ofner",1687.43322170328,1499.08413035056,1,188.34909135272,3,1,0.774266997969555,1
20220926,"Sofia","Hard",FALSE,"Jannik Sinner","Nuno Borges",1698.62143723315,1509.41891853634,1,189.202518696806,3,2,0.742754219859437,1
20230109,"Adelaide 2","Hard",FALSE,"Andrey Rublev","Thanasi Kokkinakis",1683.53420011345,1493.95944870327,0,189.574751410178,3,1,0.775163573065929,1
20230213,"Delray Beach","Hard",FALSE,"Tommy Paul","Radu Albot",1689.61384819825,1499.49001085195,0,190.123837346296,3,1,0.775564410683679,1
20221031,"Paris Masters","Hard",FALSE,"Carlos Alcaraz","Yoshihito Nishioka",1772.34257251796,1582.16189205298,1,190.180680464979,3,1,0.775605877646149,1
20230320,"Miami Masters","Hard",FALSE,"Mackenzie Mcdonald","Daniel Elahi Galan",1632.36125166606,1442.15182597819,1,190.209425687872,3,3,0.708631290600334,1
20230417,"Barcelona","Clay",FALSE,"Cameron Norrie","Pavel Kotov",1685.93171543244,1495.51294478159,1,190.418770650846,3,3,0.708812420219021,1
20220801,"Washington","Hard",FALSE,"Alex De Minaur","Yoshihito Nishioka",1646.61087564006,1456.18397671346,0,190.426898926598,3,1,0.775785430736282,1
20220725,"Umag","Clay",FALSE,"Alex Molcan","Roberto Carballes Baena",1609.96862771247,1419.30553467496,0,190.663093037507,3,1,0.775957577621304,1
20220815,"Cincinnati Masters","Hard",FALSE,"Casper Ruud","Ben Shelton",1699.35032632808,1508.58419523363,0,190.766131094451,1,3,0.555874857800924,1
20230320,"Miami Masters","Hard",FALSE,"Frances Tiafoe","Lorenzo Sonego",1722.39185024911,1531.2773366896,0,191.114513559506,3,3,0.709413914532916,1
20230320,"Miami Masters","Hard",FALSE,"Borna Coric","Christopher Eubanks",1632.81893757673,1441.15612080982,0,191.662816766914,1,3,0.556802486474745,1
20230529,"Roland Garros","Clay",TRUE,"Casper Ruud","Elias Ymer",1704.95589959299,1513.2820127238,1,191.673886869188,1,1,0.77776504264066,1
20230424,"Madrid Masters","Clay",FALSE,"Borna Coric","Hugo Gaston",1610.84426837196,1419.13617554407,1,191.708092827889,1,3,0.556849314482028,1
20230320,"Miami Masters","Hard",FALSE,"Tommy Paul","Marc Andrea Huesler",1707.66373781738,1515.8288222852,1,191.834915532186,3,2,0.744856651937253,1
20231023,"Vienna","Hard",FALSE,"Andrey Rublev","Matteo Arnaldi",1788.60363981342,1596.5399546739,1,192.063685139519,3,1,0.776976448031084,1
20220627,"Wimbledon","Grass",TRUE,"Rafael Nadal","Botic Van De Zandschulp",1772.82064921328,1580.68156788708,1,192.139081326203,3,3,0.827968735042538,1
20220523,"Roland Garros","Clay",TRUE,"Carlos Alcaraz","Sebastian Korda",1768.78130758096,1576.63459891909,1,192.146708661872,3,3,0.827977101926166,1
20230116,"Australian Open","Hard",TRUE,"Cameron Norrie","Luca Van Assche",1680.43785354945,1487.96981268927,1,192.468040860178,3,1,0.872744705179582,1
20230731,"Los Cabos","Hard",FALSE,"Alex De Minaur","Skander Mansouri",1655.24822899906,1462.28965728461,1,192.95857171445,3,0,0.806541280557061,1
20221003,"Tokyo","Hard",FALSE,"Taylor Fritz","Hiroki Moriya",1677.61494300444,1484.4873362515,1,193.127606752938,3,2,0.745884947981472,1
20230731,"Washington","Hard",FALSE,"Grigor Dimitrov","Daniel Evans",1713.66729715634,1520.38258221857,0,193.284714937777,3,2,0.746009736307904,1
20230116,"Australian Open","Hard",TRUE,"Hubert Hurkacz","Pedro Martinez",1650.42504419039,1457.07809065914,1,193.346953531245,3,3,0.829289708584323,1
20230724,"Hamburg","Clay",FALSE,"Alexander Zverev","Maximilian Marterer",1713.32145602705,1519.49769457611,1,193.823761450936,3,3,0.711749148268025,1
20230116,"Australian Open","Hard",TRUE,"Denis Shapovalov","Dusan Lajovic",1612.75360769341,1418.41291485318,1,194.34069284023,3,1,0.874337875256858,1
20221017,"Naples","Hard",FALSE,"Matteo Berrettini","Roberto Carballes Baena",1671.66664993908,1477.25304758015,1,194.413602358927,3,1,0.778678480187927,1
20230227,"Acapulco","Hard",FALSE,"Casper Ruud","Taro Daniel",1654.29058386322,1459.2037665363,0,195.086817326917,1,1,0.644319310538835,1
20230914,"Davis Cup Finals RR: NED vs USA","Hard",FALSE,"Tommy Paul","Botic Van De Zandschulp",1691.68061070912,1496.37817068134,0,195.302440027779,3,3,0.713018972563255,1
20230206,"Montpellier","Hard",FALSE,"Jannik Sinner","Arthur Fils",1691.31301787759,1495.77054085283,1,195.542477024753,3,1,0.779492805098369,1
20230116,"Australian Open","Hard",TRUE,"Karen Khachanov","Bernabe Zapata Miralles",1645.98921519586,1450.34290386712,1,195.646311328739,3,1,0.875438508446811,1
20230724,"Atlanta","Hard",FALSE,"Alex De Minaur","Ugo Humbert",1677.92471120948,1481.582334109,0,196.342377100478,3,2,0.748430326821842,1
20230102,"Adelaide 1","Hard",FALSE,"Daniil Medvedev","Lorenzo Sonego",1704.2555962531,1507.76038591142,1,196.495210341685,3,3,0.714040832067231,1
20231016,"Stockholm","Hard",FALSE,"Holger Rune","Miomir Kecmanovic",1691.2375180747,1494.43333887739,0,196.804179197312,3,3,0.714305173110171,1
20220725,"Umag","Clay",FALSE,"Jannik Sinner","Jaume Munar",1720.80883082646,1523.88797852474,1,196.920852301717,3,1,0.780484193226674,1
20230424,"Madrid Masters","Clay",FALSE,"Frances Tiafoe","Tomas Martin Etcheverry",1711.19577131539,1514.19058312884,1,197.005188186547,3,1,0.78054474717954,1
20230116,"Australian Open","Hard",TRUE,"Daniil Medvedev","Marcos Giron",1711.5742449291,1514.48913397273,1,197.085110956377,3,3,0.833326850343183,1
20230807,"Canada Masters","Hard",FALSE,"Francisco Cerundolo","Alexis Galarneau",1671.43877008437,1473.9837489846,1,197.455021099773,3,2,0.749307338750975,1
20230529,"Roland Garros","Clay",TRUE,"Jannik Sinner","Alexandre Muller",1742.02988448995,1544.37471833244,1,197.655166157516,3,3,0.8339357420574,1
20230913,"Davis Cup Finals RR: CAN vs ITA","Hard",FALSE,"Lorenzo Musetti","Gabriel Diallo",1652.14701802224,1454.43201859878,0,197.714999423461,3,0,0.809632848920523,1
20230306,"Indian Wells Masters","Hard",FALSE,"Carlos Alcaraz","Tallon Griekspoor",1793.25343990745,1595.49050261859,1,197.762937288859,3,3,0.715124512880426,1
20230508,"Rome Masters","Clay",FALSE,"Novak Djokovic","Cameron Norrie",1884.25950548115,1686.48236099582,1,197.777144485329,3,3,0.715136643495198,1
20220523,"Roland Garros","Clay",TRUE,"Novak Djokovic","Yoshihito Nishioka",1674.43778930852,1476.52624164559,1,197.911547662924,3,1,0.877328477340954,1
20221017,"Naples","Hard",FALSE,"Matteo Berrettini","Taro Daniel",1669.67194350261,1471.47812710567,1,198.193816396937,3,1,0.781396915934546,1
20230927,"Beijing","Hard",FALSE,"Andrey Rublev","Ugo Humbert",1771.74869967661,1572.88473050397,0,198.863969172648,3,2,0.750414981397688,1
20230306,"Indian Wells Masters","Hard",FALSE,"Daniil Medvedev","Alexander Zverev",1846.37624724277,1647.32852585184,1,199.047721390932,3,3,0.716220249794936,1
20230828,"Us Open","Hard",TRUE,"Frances Tiafoe","Ben Shelton",1682.48498455204,1483.36042812619,0,199.124556425854,3,3,0.835497023165911,1
20220627,"Wimbledon","Grass",TRUE,"Cameron Norrie","Pablo Andujar",1651.84247119307,1452.3596564213,1,199.48281477177,3,1,0.878624910450388,1
20230508,"Rome Masters","Clay",FALSE,"Karen Khachanov","Gregoire Barrere",1719.78616636325,1519.83120940845,0,199.954956954797,3,1,0.782655152016228,1
20230417,"Munich","Clay",FALSE,"Taylor Fritz","Botic Van De Zandschulp",1795.1074451318,1594.91496938418,0,200.192475747616,3,3,0.717194414529072,1
20230410,"Monte Carlo Masters","Clay",FALSE,"Casper Ruud","Jan Lennard Struff",1671.69250075899,1471.472916063,0,200.219584695989,1,1,0.649233968491957,1
20230807,"Canada Masters","Hard",FALSE,"Frances Tiafoe","Milos Raonic",1703.59697091611,1503.34392167778,0,200.253049238332,3,2,0.751503802687402,1
20230320,"Miami Masters","Hard",FALSE,"Stefanos Tsitsipas","Cristian Garin",1746.84115022526,1546.32197784551,1,200.519172379742,3,3,0.717472055512865,1
20230529,"Roland Garros","Clay",TRUE,"Andrey Rublev","Laslo Djere",1745.13785854386,1544.58117156391,1,200.556686979944,3,1,0.879504142068987,1
20230320,"Miami Masters","Hard",FALSE,"Felix Auger Aliassime","Francisco Cerundolo",1743.40866553158,1542.80918486058,0,200.599480671006,3,3,0.717540279678849,1
20230116,"Australian Open","Hard",TRUE,"Sebastian Korda","Yosuke Watanuki",1705.78925679238,1503.97676281241,1,201.81249397997,3,3,0.838322517974368,1
20230220,"Marseille","Hard",FALSE,"Hubert Hurkacz","Alexander Bublik",1679.06745904665,1477.10833288128,1,201.959126165362,3,3,0.718693819297914,1
20230529,"Roland Garros","Clay",TRUE,"Andrey Rublev","Lorenzo Sonego",1768.01972471273,1565.1696078831,0,202.850116829625,3,3,0.839402715594017,1
20221031,"Paris Masters","Hard",FALSE,"Lorenzo Musetti","Nikoloz Basilashvili",1629.1048649636,1426.13928922998,1,202.965575733625,3,3,0.719545854119751,1
20221024,"Vienna","Hard",FALSE,"Daniil Medvedev","Grigor Dimitrov",1703.15013509757,1499.99559737497,1,203.154537722596,3,3,0.719705648868635,1
20230703,"Wimbledon","Grass",TRUE,"Holger Rune","Alejandro Davidovich Fokina",1809.51161002269,1605.93359757591,1,203.578012446779,3,3,0.840156989216151,1
20231002,"Shanghai Masters","Hard",FALSE,"Hubert Hurkacz","Thanasi Kokkinakis",1738.25333030292,1534.22643178681,1,204.026898516104,3,1,0.785544262261504,1
20230206,"Dallas","Hard",FALSE,"John Isner","Daniel Altmaier",1571.27161721229,1367.14746699726,1,204.12415021503,3,1,0.785612921379481,1
20230703,"Wimbledon","Grass",TRUE,"Grigor Dimitrov","Sho Shimabukuro",1689.31034093378,1485.15523748294,1,204.15510345084,3,0,0.899462253457818,1
20231016,"Tokyo","Hard",FALSE,"Tommy Paul","Daniel Altmaier",1656.22762620071,1451.70798621145,1,204.519639989258,3,1,0.785891970119885,1
20220808,"Canada Masters","Hard",FALSE,"Carlos Alcaraz","Tommy Paul",1772.74932897531,1568.20236679108,0,204.546962184224,3,3,0.720881429809936,1
20230612,"Stuttgart","Grass",FALSE,"Taylor Fritz","Aslan Karatsev",1724.72655136084,1519.71398403287,1,205.012567327974,3,3,0.721273917721197,1
20220523,"Roland Garros","Clay",TRUE,"Alexander Zverev","Bernabe Zapata Miralles",1681.98058425583,1476.93418102762,1,205.046403228201,3,1,0.883120756336062,1
20220613,"Halle","Grass",FALSE,"Felix Auger Aliassime","Marcos Giron",1623.74944977799,1418.5580061304,1,205.191443647595,3,3,0.721424613771901,1
20220627,"Wimbledon","Grass",TRUE,"Nick Kyrgios","Paul Jubb",1694.9268496084,1488.87611026663,1,206.050739341767,3,0,0.900774791386258,1
20230814,"Cincinnati Masters","Hard",FALSE,"Holger Rune","Mackenzie Mcdonald",1794.48359444158,1588.03491537518,0,206.448679066395,3,3,0.722482371278637,1
20221017,"Antwerp","Hard",FALSE,"Felix Auger Aliassime","Manuel Guinard",1712.77219129203,1506.18548582587,1,206.586705466166,3,2,0.756427977239581,1
20230529,"Roland Garros","Clay",TRUE,"Borna Coric","Federico Coria",1629.05056661896,1422.41996547721,1,206.630601141753,1,1,0.797037276012316,1
20230925,"Astana","Hard",FALSE,"Adrian Mannarino","Jurij Rodionov",1695.01444362285,1488.13261010383,1,206.881833519012,3,1,0.787553176002007,1
20230306,"Indian Wells Masters","Hard",FALSE,"Andrey Rublev","Ugo Humbert",1709.07180242505,1502.08796277521,1,206.983839649839,3,2,0.756734519300364,1
20230306,"Indian Wells Masters","Hard",FALSE,"Taylor Fritz","Ben Shelton",1746.27273702845,1539.27937375943,1,206.993363269017,3,3,0.722939865001216,1
20230807,"Canada Masters","Hard",FALSE,"Jannik Sinner","Gael Monfils",1756.28108855298,1548.33185413454,1,207.949234418444,3,2,0.757478601152587,1
20220725,"Atlanta","Hard",FALSE,"Jenson Brooksby","Benoit Paire",1555.5953644931,1347.5235282008,1,208.071836292295,3,0,0.816233472171327,1
20230612,"Stuttgart","Grass",FALSE,"Nick Kyrgios","Yibing Wu",1748.28938356289,1539.9090103822,0,208.380373180691,3,2,0.757810402856853,1
20230508,"Rome Masters","Clay",FALSE,"Stefanos Tsitsipas","Lorenzo Sonego",1779.88815527519,1571.45102163852,1,208.437133636669,3,3,0.724150270161713,1
20231106,"Metz","Hard",FALSE,"Ugo Humbert","Fabio Fognini",1657.1594420518,1448.64261559741,1,208.516826454385,2,1,0.727855760393106,1
20220627,"Wimbledon","Grass",TRUE,"Stefanos Tsitsipas","Alexander Ritschard",1708.97288135133,1500,1,208.972881351325,3,0,0.902768215824499,1
20231023,"Basel","Hard",FALSE,"Hubert Hurkacz","Dusan Lajovic",1739.43350302811,1530.2708756341,1,209.16262739401,3,1,0.789148187983529,1
20230703,"Wimbledon","Grass",TRUE,"Jannik Sinner","Roman Safiullin",1724.2393969331,1515.03060803809,1,209.208788895012,3,3,0.845895162839889,1
20220815,"Cincinnati Masters","Hard",FALSE,"Roberto Bautista Agut","Marcos Giron",1639.93609307353,1430.3339003125,1,209.602192761027,3,3,0.725124623582998,1
20230703,"Wimbledon","Grass",TRUE,"Alexander Zverev","Yosuke Watanuki",1705.42870429628,1495.7946217947,1,209.634082501585,3,3,0.846321651450807,1
20230424,"Madrid Masters","Clay",FALSE,"Cameron Norrie","Yosuke Watanuki",1693.44563877765,1483.80303016875,1,209.642608608899,3,3,0.725158385481848,1
20230717,"Bastad","Clay",FALSE,"Francisco Cerundolo","Luca Van Assche",1689.44450263492,1479.77048658387,1,209.674016051052,3,1,0.789504607107804,1
20230619,"Halle","Grass",FALSE,"Andrey Rublev","Roberto Bautista Agut",1752.32791742259,1542.48526318196,1,209.84265424063,3,3,0.72532545825244,1
20221031,"Paris Masters","Hard",FALSE,"Taylor Fritz","Gilles Simon",1712.50098603186,1502.40262485152,0,210.098361180342,3,3,0.725538925957376,1
20230424,"Madrid Masters","Clay",FALSE,"Holger Rune","Alejandro Davidovich Fokina",1797.11289654696,1586.93976429991,0,210.173132247052,3,3,0.725601326389428,1
20230724,"Hamburg","Clay",FALSE,"Alexander Zverev","Luca Van Assche",1720.7255298922,1510.15228166749,1,210.573248224718,3,1,0.790130266866252,1
20230306,"Indian Wells Masters","Hard",FALSE,"Felix Auger Aliassime","Francisco Cerundolo",1726.19253147962,1515.46043953077,1,210.732091948846,3,3,0.7260675284013,1
20230703,"Wimbledon","Grass",TRUE,"Daniil Medvedev","Jiri Lehecka",1834.40922543124,1623.57137914955,1,210.837846281694,3,3,0.847523561788056,1
20230306,"Indian Wells Masters","Hard",FALSE,"Tommy Paul","Jan Lennard Struff",1700.05612545471,1488.54432684434,1,211.511798610365,3,1,0.790781825363854,1
20220523,"Roland Garros","Clay",TRUE,"Carlos Alcaraz","Karen Khachanov",1761.93042841274,1550.41515078459,1,211.515277628145,3,3,0.848196553976674,1
20230529,"Roland Garros","Clay",TRUE,"Felix Auger Aliassime","Fabio Fognini",1666.62152015988,1455.02289508123,0,211.598625078649,3,1,0.888229539341702,1
20230206,"Montpellier","Hard",FALSE,"Jannik Sinner","Lorenzo Sonego",1707.67505624167,1495.88396597744,1,211.791090264232,3,3,0.726949435370606,1
20231002,"Shanghai Masters","Hard",FALSE,"Hubert Hurkacz","Yu Hsiou Hsu",1745.33475162835,1533.46978685136,1,211.864964776986,3,2,0.760480772125332,1
20220718,"Gstaad","Clay",FALSE,"Matteo Berrettini","Dominic Thiem",1660.18295422084,1448.29489879795,1,211.888055422897,3,1,0.79104261150533,1
20230529,"Roland Garros","Clay",TRUE,"Taylor Fritz","Michael Mmoh",1717.89330584092,1505.79803753275,1,212.095268308175,3,3,0.848770804494776,1
20220523,"Roland Garros","Clay",TRUE,"Stefanos Tsitsipas","Zdenek Kolar",1712.443432817,1500,1,212.443432816997,3,1,0.888873843451579,1
20230220,"Marseille","Hard",FALSE,"Alex De Minaur","Benjamin Bonzi",1703.05124673176,1490.52749278813,0,212.523753943632,3,3,0.727558540543157,1
20230814,"Cincinnati Masters","Hard",FALSE,"Alexander Zverev","Yoshihito Nishioka",1750.87183331882,1538.31334491802,1,212.558488400806,3,1,0.791506700113941,1
20230306,"Indian Wells Masters","Hard",FALSE,"Holger Rune","Stan Wawrinka",1749.47151095214,1536.77132022378,0,212.700190728364,3,1,0.791604692364007,1
20220926,"Tel Aviv","Hard",FALSE,"Novak Djokovic","Roman Safiullin",1748.85887774106,1535.90859962657,1,212.95027811449,3,3,0.727912742764701,1
20230213,"Rotterdam","Hard",FALSE,"Felix Auger Aliassime","Lorenzo Sonego",1735.63264139064,1522.13811358521,1,213.494527805427,3,3,0.728364289851059,1
20230213,"Rotterdam","Hard",FALSE,"Stefanos Tsitsipas","Emil Ruusuvuori",1777.63394645021,1563.96597906451,1,213.667967385701,3,3,0.728508088516886,1
20230227,"Acapulco","Hard",FALSE,"Alex De Minaur","Taro Daniel",1695.66784606208,1481.84016490857,1,213.827681153507,3,1,0.792383183273845,1
20230424,"Madrid Masters","Clay",FALSE,"Botic Van De Zandschulp","Aslan Karatsev",1609.20979227904,1395.16887780949,0,214.040914469544,3,3,0.728817136951128,1
20230828,"Us Open","Hard",TRUE,"Alex De Minaur","Yibing Wu",1719.86836934774,1505.21455653107,1,214.653812816672,3,2,0.872194734966122,1
20230703,"Wimbledon","Grass",TRUE,"Stefanos Tsitsipas","Dominic Thiem",1728.24602153088,1513.46848109082,1,214.777540440058,3,1,0.890637111065959,1
20230116,"Australian Open","Hard",TRUE,"Felix Auger Aliassime","Alex Molcan",1738.7490495754,1523.9558584095,1,214.793191165907,3,3,0.851418585729036,1
20230306,"Indian Wells Masters","Hard",FALSE,"Casper Ruud","Diego Schwartzman",1641.22750167378,1426.27317266211,1,214.954329011666,1,1,0.663165011801343,1
20230619,"Halle","Grass",FALSE,"Stefanos Tsitsipas","Gregoire Barrere",1749.13084744372,1534.08002754709,1,215.050819896631,3,1,0.793225286475837,1
20230227,"Dubai","Hard",FALSE,"Hubert Hurkacz","Pavel Kotov",1699.46936886005,1484.18785799078,1,215.281510869273,3,3,0.72984358552678,1
20220918,"Davis Cup Finals RR: ITA vs SWE","Hard",FALSE,"Jannik Sinner","Mikael Ymer",1735.51751561068,1520.20785140771,0,215.309664202968,3,3,0.729866850704301,1
20220425,"Munich","Clay",FALSE,"Miomir Kecmanovic","Daniel Altmaier",1631.28729529491,1415.80137173422,1,215.485923560695,3,1,0.793524235865417,1
20231002,"Shanghai Masters","Hard",FALSE,"Daniil Medvedev","Sebastian Korda",1894.07353635266,1678.08485423376,0,215.9886821189,3,3,0.73042759089832,1
20231023,"Vienna","Hard",FALSE,"Gael Monfils","Daniel Altmaier",1661.27244839493,1444.64189821152,1,216.630550183402,2,1,0.734539418007179,1
20230306,"Indian Wells Masters","Hard",FALSE,"Cameron Norrie","Taro Daniel",1746.11855640517,1529.20186375068,1,216.916692654492,3,1,0.794505028074306,1
20231030,"Paris Masters","Hard",FALSE,"Holger Rune","Daniel Altmaier",1676.54422814982,1459.33547453077,1,217.208753619053,3,1,0.794704810838132,1
20230508,"Rome Masters","Clay",FALSE,"Daniil Medvedev","Alexander Zverev",1864.73640841143,1647.4940357098,1,217.242372701633,3,3,0.731460970054004,1
20230807,"Canada Masters","Hard",FALSE,"Stefanos Tsitsipas","Gael Monfils",1773.2698326919,1555.34689714588,0,217.922935546013,3,2,0.765075005072908,1
20230213,"Delray Beach","Hard",FALSE,"Taylor Fritz","Emilio Gomez",1715.55440532662,1497.56940376002,1,217.985001566599,3,1,0.795235098758391,1
20230508,"Rome Masters","Clay",FALSE,"Felix Auger Aliassime","Alexei Popyrin",1700.36370657039,1482.15397164204,0,218.20973492835,3,1,0.795388433674747,1
20220829,"Us Open","Hard",TRUE,"Karen Khachanov","Denis Kudla",1628.27926516931,1409.71308973989,1,218.566175429417,3,0,0.90906332560202,1
20230320,"Miami Masters","Hard",FALSE,"Frances Tiafoe","Yosuke Watanuki",1715.7642285782,1496.82614925687,1,218.938079321328,3,3,0.732854694344817,1
20220829,"Us Open","Hard",TRUE,"Casper Ruud","Kyle Edmund",1718.92608665299,1499.75996419275,1,219.166122460232,1,0,0.837566174624608,1
20221024,"Vienna","Hard",FALSE,"Borna Coric","Quentin Halys",1635.13253823793,1415.81023480071,1,219.322303437223,1,3,0.585191648169768,1
20230417,"Barcelona","Clay",FALSE,"Jannik Sinner","Lorenzo Musetti",1805.41658357237,1586.04095714544,0,219.375626426933,3,3,0.733213573259062,1
20220523,"Roland Garros","Clay",TRUE,"Rafael Nadal","Corentin Moutet",1712.3289776501,1492.73533006035,1,219.59364758975,3,3,0.856035088479273,1
20230206,"Dallas","Hard",FALSE,"Taylor Fritz","Jack Sock",1713.72575676242,1494.05804793517,1,219.667708827253,3,3,0.733452970329285,1
20230116,"Australian Open","Hard",TRUE,"Felix Auger Aliassime","Vasek Pospisil",1749.45079309828,1529.71130452211,1,219.739488576165,3,2,0.876497510066024,1
20220829,"Us Open","Hard",TRUE,"Daniil Medvedev","Stefan Kozlov",1698.16570612907,1477.9978447772,1,220.167861351868,3,2,0.876854196568772,1
20230626,"Eastbourne","Grass",FALSE,"Francisco Cerundolo","Marc Andrea Huesler",1661.34495729289,1441.10496558682,1,220.239991706076,3,2,0.766815982329264,1
20230508,"Rome Masters","Clay",FALSE,"Taylor Fritz","Yannick Hanfmann",1761.56582335783,1541.08832690979,0,220.477496448042,3,1,0.79693094798415,1
20230116,"Australian Open","Hard",TRUE,"Felix Auger Aliassime","Jiri Lehecka",1762.18245840545,1541.18426194662,0,220.998196458831,3,3,0.857363061910088,1
20231030,"Paris Masters","Hard",FALSE,"Hubert Hurkacz","Roberto Bautista Agut",1758.48672897732,1537.24213546858,1,221.244593508739,3,3,0.734743054817266,1
20230522,"Geneva","Clay",FALSE,"Taylor Fritz","Ilya Ivashka",1717.27294935967,1495.91035175965,1,221.362597600026,3,2,0.767656244526505,1
20220613,"Halle","Grass",FALSE,"Andrey Rublev","Nikoloz Basilashvili",1680.9694032401,1459.19840013847,0,221.771003101634,3,3,0.735172832880663,1
20230206,"Montpellier","Hard",FALSE,"Jannik Sinner","Marton Fucsovics",1714.51754579439,1492.34222825938,1,222.175317535008,3,3,0.735502625800917,1
20230424,"Madrid Masters","Clay",FALSE,"Stefanos Tsitsipas","Jan Lennard Struff",1787.63805476102,1563.68348190746,0,223.95457285356,3,1,0.799279169195992,1
20230320,"Miami Masters","Hard",FALSE,"Jannik Sinner","Laslo Djere",1749.46151908938,1524.86926026781,1,224.592258821574,3,1,0.799707612676988,1
20220613,"Halle","Grass",FALSE,"Hubert Hurkacz","Maxime Cressy",1666.82797196984,1441.96333088522,1,224.864641084627,3,3,0.737689561421551,1
20230102,"United Cup","Hard",FALSE,"Alexander Zverev","Jiri Lehecka",1703.37085042469,1477.7357067109,0,225.635143713791,3,3,0.73831397590937,1
20220523,"Roland Garros","Clay",TRUE,"Casper Ruud","Lorenzo Sonego",1696.9986672563,1471.28399829478,1,225.714668961513,1,3,0.761921082853229,1
20230417,"Munich","Clay",FALSE,"Holger Rune","Yannick Hanfmann",1765.28717784098,1539.04473394921,1,226.242443891774,3,1,0.800813142681649,1
20230213,"Buenos Aires","Clay",FALSE,"Carlos Alcaraz","Laslo Djere",1766.70260209054,1539.87836698965,1,226.824235100884,3,1,0.801201814999548,1
20220829,"Us Open","Hard",TRUE,"Nick Kyrgios","Benjamin Bonzi",1745.5626805732,1518.65892490716,1,226.903755666036,3,3,0.86283523692504,1
20230619,"Queen's Club","Grass",FALSE,"Carlos Alcaraz","Sebastian Korda",1922.97828915235,1694.97495825191,1,228.003330900443,3,3,0.74022713573976,1
20230828,"Us Open","Hard",TRUE,"Jannik Sinner","Yannick Hanfmann",1771.55232104958,1543.49730875958,1,228.05501229,3,1,0.900206624248622,1
20230424,"Madrid Masters","Clay",FALSE,"Tommy Paul","Roman Safiullin",1692.11839164234,1463.98072199726,0,228.137669645076,3,3,0.740335389891889,1
20231023,"Vienna","Hard",FALSE,"Jannik Sinner","Frances Tiafoe",1872.27285696099,1643.32585745774,1,228.946999503243,3,3,0.740986951898245,1
20231002,"Shanghai Masters","Hard",FALSE,"Nicolas Jarry","Diego Schwartzman",1661.57872501678,1432.3321249556,1,229.246600061172,3,1,0.802813972186266,1
20231002,"Shanghai Masters","Hard",FALSE,"Carlos Alcaraz","Grigor Dimitrov",1944.42205486355,1714.87842046348,0,229.543634400079,3,3,0.741466599452244,1
20230227,"Dubai","Hard",FALSE,"Felix Auger Aliassime","Lorenzo Sonego",1749.88024319761,1520.14572954446,0,229.734513653141,3,3,0.741619929160299,1
20230424,"Madrid Masters","Clay",FALSE,"Yannick Hanfmann","Daniel Altmaier",1545.92211170779,1315.6339847502,0,230.288126957598,1,1,0.677367141641055,1
20220523,"Roland Garros","Clay",TRUE,"Andrey Rublev","Federico Delbonis",1662.02691506196,1430.89211137364,1,231.134803688313,3,1,0.902317291844826,1
20231023,"Vienna","Hard",FALSE,"Alexander Zverev","Cameron Norrie",1790.16057730067,1559.01296115629,1,231.147616144377,3,3,0.742753203345537,1
20230213,"Rotterdam","Hard",FALSE,"Felix Auger Aliassime","Gregoire Barrere",1729.3725365683,1497.81365988807,1,231.558876680227,3,1,0.804343643274615,1
20230203,"Davis Cup WG1 PO: IND vs DEN","Hard",FALSE,"Holger Rune","Yuki Bhambri",1744.66470279173,1512.83507743382,1,231.829625357908,3,3,0.743298994438744,1
20220502,"Madrid Masters","Clay",FALSE,"Diego Schwartzman","Benoit Paire",1611.34725206644,1379.50255215318,1,231.84469991326,1,0,0.715862529286601,1
20220613,"Halle","Grass",FALSE,"Nick Kyrgios","Daniel Altmaier",1624.91910540357,1393.05395192053,1,231.865153483037,3,1,0.804545583690731,1
20230306,"Indian Wells Masters","Hard",FALSE,"Alexander Zverev","Pedro Cachin",1641.0845393071,1408.95989768177,1,232.124641625334,3,1,0.804716550984587,1
20230814,"Cincinnati Masters","Hard",FALSE,"Novak Djokovic","Taylor Fritz",1955.41905517893,1721.95616021444,1,233.462894964491,3,3,0.744602965143145,1
20230206,"Montpellier","Hard",FALSE,"Holger Rune","Maxime Cressy",1761.63446279274,1528.03170121732,0,233.602761575417,3,3,0.744714429399989,1
20221003,"Tokyo","Hard",FALSE,"Nick Kyrgios","Kamil Majchrzak",1756.69063545688,1523.00242785111,1,233.688207605766,3,3,0.744782508390356,1
20230619,"Queen's Club","Grass",FALSE,"Carlos Alcaraz","Alex De Minaur",1916.79977201187,1682.36595742115,1,234.433814590718,3,3,0.745376062989651,1
20230828,"Us Open","Hard",TRUE,"Alex De Minaur","Timofey Skatov",1728.96745303893,1493.76232262029,1,235.20513041864,3,2,0.888823722268016,1
20221024,"Vienna","Hard",FALSE,"Stefanos Tsitsipas","Dennis Novak",1710.14071601066,1474.13433282895,1,236.006383181709,3,0,0.83314950511988,1
20230116,"Australian Open","Hard",TRUE,"Felix Auger Aliassime","Francisco Cerundolo",1756.05462502009,1519.82066960375,1,236.233955416345,3,3,0.871119984526032,1
20220613,"Halle","Grass",FALSE,"Hubert Hurkacz","Ugo Humbert",1644.56023608938,1408.21082460705,1,236.349411482323,3,2,0.778670854166218,1
20220815,"Cincinnati Masters","Hard",FALSE,"Nick Kyrgios","Alejandro Davidovich Fokina",1758.63419368473,1521.41629092291,1,237.217902761813,3,3,0.747584343655295,1
20230828,"Us Open","Hard",TRUE,"Daniil Medvedev","Sebastian Baez",1867.76994607438,1630.01263521774,1,237.757310856646,3,3,0.872431432071478,1
20221024,"Basel","Hard",FALSE,"Felix Auger Aliassime","Marc Andrea Huesler",1764.96920047341,1526.34300027901,1,238.626200194397,3,2,0.780311073217801,1
20230703,"Wimbledon","Grass",TRUE,"Casper Ruud","Liam Broady",1712.42920530074,1473.33662795469,0,239.092577346048,1,0,0.857379586362864,1
20231023,"Basel","Hard",FALSE,"Taylor Fritz","Alexander Shevchenko",1714.09339425424,1473.70590711238,0,240.38748714186,3,1,0.810101471213702,1
20230102,"United Cup","Hard",FALSE,"Taylor Fritz","Jiri Lehecka",1724.16021267435,1483.74706699444,1,240.413145679908,3,3,0.750103061672046,1
20230116,"Australian Open","Hard",TRUE,"Stefanos Tsitsipas","Tallon Griekspoor",1765.26819135573,1523.95248278681,1,241.315708568929,3,3,0.875450482053617,1
20230424,"Madrid Masters","Clay",FALSE,"Stefanos Tsitsipas","Dominic Thiem",1775.75059847572,1534.19533867544,1,241.55525980028,3,1,0.810853272461102,1
20220829,"Us Open","Hard",TRUE,"Carlos Alcaraz","Jenson Brooksby",1794.19487691068,1552.51043881634,1,241.684438094345,3,3,0.875759793774828,1
20230102,"United Cup","Hard",FALSE,"Stefanos Tsitsipas","David Goffin",1755.24479780755,1513.3101955286,1,241.934602278948,3,3,0.751296475673464,1
20230410,"Monte Carlo Masters","Clay",FALSE,"Jannik Sinner","Lorenzo Musetti",1775.35942930802,1532.58058548142,1,242.7788438266,3,3,0.751957042564017,1
20220916,"Davis Cup WG1 R1: IND vs NOR","Hard",FALSE,"Casper Ruud","Prajnesh Gunneswaran",1725.54693264321,1482.5956473236,1,242.951285319606,1,2,0.649983176912934,1
20230306,"Indian Wells Masters","Hard",FALSE,"Hubert Hurkacz","Alexei Popyrin",1685.00820112818,1441.79872930765,1,243.209471820533,3,1,0.811914329657584,1
20230424,"Madrid Masters","Clay",FALSE,"Stefanos Tsitsipas","Bernabe Zapata Miralles",1781.73041843899,1537.54415512657,1,244.186263312416,3,1,0.812538720023645,1
20220919,"Metz","Hard",FALSE,"Daniil Medvedev","Stan Wawrinka",1704.75684701102,1459.32347823557,0,245.433368775454,3,1,0.813333582853685,1
20230116,"Australian Open","Hard",TRUE,"Daniil Medvedev","John Millman",1702.74540287783,1456.95133692832,1,245.794065949507,3,0,0.924975202063744,1
20230403,"Estoril","Clay",FALSE,"Casper Ruud","Joao Sousa",1654.04418254072,1406.84597111066,1,247.198211430054,1,1,0.692657471872334,1
20231002,"Shanghai Masters","Hard",FALSE,"Alexander Zverev","Roman Safiullin",1833.67394703149,1586.25610583126,0,247.417841200232,3,3,0.75556574720822,1
20230227,"Acapulco","Hard",FALSE,"Brandon Nakashima","Daniel Altmaier",1600.86650850854,1352.3493607633,1,248.517147745241,3,1,0.815287922789476,1
20231030,"Paris Masters","Hard",FALSE,"Taylor Fritz","Daniel Altmaier",1701.61713699225,1452.65630905359,0,248.960827938651,3,1,0.815567798305614,1
20230417,"Munich","Clay",FALSE,"Taylor Fritz","Dominic Thiem",1789.3403095194,1539.96247428783,1,249.377835231566,3,1,0.815830549159876,1
20220923,"Laver Cup","Hard",FALSE,"Casper Ruud","Jack Sock",1731.4883693574,1482.01142361219,1,249.476945745207,1,3,0.615504065841676,1
20230227,"Acapulco","Hard",FALSE,"Alex De Minaur","Rodrigo Pacheco Mendez",1734.20377230633,1483.99393166826,1,250.209840638074,3,1,0.816353918723746,1
20230116,"Australian Open","Hard",TRUE,"Novak Djokovic","Alex De Minaur",1927.55099759593,1677.13403411937,1,250.416963476559,3,3,0.882894342459347,1
20230306,"Indian Wells Masters","Hard",FALSE,"Taylor Fritz","Sebastian Baez",1750.83882050658,1500.36972845209,1,250.469092054489,3,3,0.757919888287902,1
20230213,"Rotterdam","Hard",FALSE,"Jannik Sinner","Benjamin Bonzi",1737.27731771545,1486.72379989054,1,250.55351782491,3,3,0.75798480567792,1
20231106,"Sofia","Hard",FALSE,"Adrian Mannarino","Albert Ramos",1659.94153033492,1407.52416878416,1,252.41736155076,3,1,0.817736962123047,1
20230703,"Wimbledon","Grass",TRUE,"Jannik Sinner","Diego Schwartzman",1726.57065212991,1473.94798874381,1,252.622663386097,3,1,0.915963971156336,1
20220523,"Roland Garros","Clay",TRUE,"Jannik Sinner","Roberto Carballes Baena",1671.31685627062,1418.57863913914,1,252.738217131487,3,1,0.91603244821336,1
20230306,"Indian Wells Masters","Hard",FALSE,"Karen Khachanov","Oscar Otte",1678.47802217122,1425.56925748794,1,252.908764683278,3,3,0.759791042489988,1
20230529,"Roland Garros","Clay",TRUE,"Andrey Rublev","Corentin Moutet",1762.34945430235,1509.33604969697,1,253.013404605383,3,3,0.8849460530296,1
20230417,"Munich","Clay",FALSE,"Taylor Fritz","Marton Fucsovics",1783.69643921542,1529.68393806294,1,254.012501152476,3,3,0.760634318230316,1
20230927,"Beijing","Hard",FALSE,"Carlos Alcaraz","Casper Ruud",1931.12940637568,1676.12230741079,1,255.007098964893,3,1,0.819349135496391,1
20230220,"Rio De Janeiro","Clay",FALSE,"Cameron Norrie","Hugo Dellien",1712.92171139686,1457.80884577315,1,255.112865623712,3,1,0.819414740896385,1
20231030,"Paris Masters","Hard",FALSE,"Andrey Rublev","Botic Van De Zandschulp",1804.37057605862,1549.055693725,1,255.314882333622,3,3,0.761626749975561,1
20230703,"Wimbledon","Grass",TRUE,"Daniil Medvedev","Marton Fucsovics",1841.28074130052,1583.95281352231,1,257.327927778212,3,3,0.888286231534121,1
20230828,"Us Open","Hard",TRUE,"Holger Rune","Roberto Carballes Baena",1771.48987507648,1511.91803561469,0,259.571839461784,3,1,0.919992917441382,1
20230424,"Madrid Masters","Clay",FALSE,"Carlos Alcaraz","Alexander Zverev",1892.83198827956,1633.2443112013,1,259.587677078268,3,3,0.764862786237315,1
20230320,"Miami Masters","Hard",FALSE,"Cameron Norrie","Gregoire Barrere",1752.80645514877,1492.01173811969,0,260.794717029079,3,1,0.822911839114024,1
20231113,"Tour Finals","Hard",FALSE,"Novak Djokovic","Hubert Hurkacz",2022.89108177046,1760.78332696915,1,262.107754801303,3,3,0.766757068904518,1
20230828,"Us Open","Hard",TRUE,"Andrey Rublev","Arthur Rinderknech",1753.61956507364,1490.07323336447,1,263.546331709176,3,3,0.892951033649119,1
20220627,"Wimbledon","Grass",TRUE,"Casper Ruud","Ugo Humbert",1674.1013579303,1410.3707809209,0,263.730577009394,1,2,0.836420124998339,1
20230814,"Cincinnati Masters","Hard",FALSE,"Carlos Alcaraz","Tommy Paul",1946.67924092685,1681.78850369209,1,264.890737234758,3,3,0.768836602155589,1
20230213,"Delray Beach","Hard",FALSE,"Tommy Paul","Denis Kudla",1684.26913609891,1418.67483134091,1,265.594304757996,3,0,0.849684056934575,1
20230417,"Barcelona","Clay",FALSE,"Carlos Alcaraz","Alejandro Davidovich Fokina",1868.23735424248,1600.19147137883,1,268.045882863648,3,3,0.771178501612814,1
20230424,"Madrid Masters","Clay",FALSE,"Sebastian Korda","Hugo Grenier",1712.93987034792,1444.56885212516,0,268.371018222762,3,3,0.771418881793323,1
20230920,"Zhuhai","Hard",FALSE,"Karen Khachanov","Alex Bolt",1727.23417244452,1458.27564374606,1,268.958528698465,3,0,0.851476095713935,1
20230417,"Banja Luka","Clay",FALSE,"Andrey Rublev","Dusan Lajovic",1776.2927115093,1507.03748590977,0,269.255225599534,3,1,0.828020333690943,1
20220829,"Us Open","Hard",TRUE,"Carlos Alcaraz","Sebastian Baez",1800.17113735553,1526.78526020432,1,273.385877151212,3,3,0.899982045495645,1
20230717,"Bastad","Clay",FALSE,"Francisco Cerundolo","Federico Coria",1696.35157436823,1421.18287538217,1,275.168698986064,3,1,0.831521118645425,1
20230220,"Doha","Hard",FALSE,"Daniil Medvedev","Liam Broady",1765.73911147173,1490.2081303097,1,275.530981162035,3,0,0.854926163972836,1
20230508,"Rome Masters","Clay",FALSE,"Novak Djokovic","Grigor Dimitrov",1879.17872136938,1602.93726897521,1,276.241452394167,3,3,0.777183392722201,1
20220829,"Us Open","Hard",TRUE,"Rafael Nadal","Fabio Fognini",1750.96981415202,1474.69301744143,1,276.276796710589,3,1,0.92896542603695,1
20220523,"Roland Garros","Clay",TRUE,"Carlos Alcaraz","Juan Ignacio Londero",1776.23935009524,1496.99113338289,1,279.248216712345,3,1,0.930460800583488,1
20231016,"Tokyo","Hard",FALSE,"Alexander Zverev","Jordan Thompson",1809.49382507427,1530.17696351636,0,279.316861557911,3,3,0.779407533769759,1
20220829,"Us Open","Hard",TRUE,"Carlos Alcaraz","Federico Coria",1747.64600189417,1466.77935099692,1,280.866650897259,3,1,0.931262979374361,1
20230227,"Dubai","Hard",FALSE,"Daniil Medvedev","Alexander Bublik",1801.06628991565,1520.14323485727,1,280.923055058379,3,3,0.780562790806381,1
20230703,"Wimbledon","Grass",TRUE,"Hubert Hurkacz","Albert Ramos",1656.71377422963,1375.68398647822,1,281.02978775141,3,1,0.931343361174776,1
20230828,"Us Open","Hard",TRUE,"Hubert Hurkacz","Marc Andrea Huesler",1684.2944558859,1403.19298563813,1,281.101470247767,3,2,0.919254046502824,1
20231002,"Shanghai Masters","Hard",FALSE,"Andrey Rublev","Quentin Halys",1777.30853820303,1494.66532249071,1,282.64321571232,3,3,0.781795188589949,1
20221031,"Paris Masters","Hard",FALSE,"Felix Auger Aliassime","Gilles Simon",1771.0301583806,1488.24166639068,1,282.788491989923,3,3,0.78189904199435,1
20220627,"Wimbledon","Grass",TRUE,"Rafael Nadal","Ricardas Berankis",1777.95235095284,1493.59465033791,1,284.357700614932,3,3,0.907335353972384,1
20230619,"Halle","Grass",FALSE,"Andrey Rublev","Alexander Bublik",1759.22982915715,1474.79732394914,0,284.432505208014,3,3,0.783071810580962,1
20230703,"Wimbledon","Grass",TRUE,"Andrey Rublev","David Goffin",1766.20824851308,1481.67610265094,1,284.532145862144,3,3,0.907448250683855,1
20220627,"Wimbledon","Grass",TRUE,"Novak Djokovic","Soon Woo Kwon",1748.30450354535,1463.24304782573,1,285.061455719619,3,2,0.921489042363076,1
20230306,"Indian Wells Masters","Hard",FALSE,"Carlos Alcaraz","Thanasi Kokkinakis",1833.11428289576,1546.95768556063,1,286.156597335131,3,1,0.837874728371521,1
20221003,"Astana","Hard",FALSE,"Novak Djokovic","Cristian Garin",1810.11300716222,1523.87598843547,1,286.237018726751,3,3,0.78435381671591,1
20230320,"Miami Masters","Hard",FALSE,"Taylor Fritz","Emilio Nava",1763.49587601199,1476.34630742505,1,287.149568586933,3,0,0.860862081718393,1
20220718,"Hamburg","Clay",FALSE,"Carlos Alcaraz","Nicola Kuhn",1775.16364728054,1486.35054659013,1,288.813100690407,3,0,0.861695111309828,1
20230508,"Rome Masters","Clay",FALSE,"Jannik Sinner","Alexander Shevchenko",1787.8758774101,1497.48757858223,1,290.388298827872,3,1,0.840269598574551,1
20221003,"Astana","Hard",FALSE,"Carlos Alcaraz","David Goffin",1786.78225332871,1496.38317881771,0,290.399074511006,3,3,0.787289742371975,1
20230814,"Cincinnati Masters","Hard",FALSE,"Novak Djokovic","Alejandro Davidovich Fokina",1934.97991373906,1644.41612169243,1,290.56379204664,3,3,0.787405332291114,1
20230424,"Madrid Masters","Clay",FALSE,"Carlos Alcaraz","Grigor Dimitrov",1888.14199537707,1595.29396279328,1,292.848032583784,3,3,0.789003561777444,1
20230529,"Roland Garros","Clay",TRUE,"Holger Rune","Christopher Eubanks",1802.64791549439,1508.61580831495,1,294.03210717944,3,3,0.913412568592462,1
20230116,"Australian Open","Hard",TRUE,"Jannik Sinner","Tomas Martin Etcheverry",1686.66753000833,1391.85795882169,1,294.809571186641,3,1,0.937826483781731,1
20230529,"Roland Garros","Clay",TRUE,"Holger Rune","Gael Monfils",1805.9251701561,1510.59947654435,1,295.325693611751,3,2,0.927020911596527,1
20230703,"Wimbledon","Grass",TRUE,"Jannik Sinner","Juan Manuel Cerundolo",1741.40949445484,1445.81967347024,1,295.589820984603,3,0,0.947621180895648,1
20231002,"Shanghai Masters","Hard",FALSE,"Jannik Sinner","Marcos Giron",1817.51740265577,1520.49353536217,1,297.023867293597,3,3,0.791902496395059,1
20230227,"Acapulco","Hard",FALSE,"Frances Tiafoe","Feliciano Lopez",1663.52564252715,1366.42828539273,1,297.09735713442,3,0,0.865781359169369,1
20230116,"Australian Open","Hard",TRUE,"Stefanos Tsitsipas","Rinky Hijikata",1790.96057487432,1493.31797753522,1,297.642597339106,3,3,0.915586642499516,1
20230424,"Madrid Masters","Clay",FALSE,"Carlos Alcaraz","Emil Ruusuvuori",1914.90809172022,1615.30248532875,1,299.605606391466,3,3,0.793680040378058,1
20230320,"Miami Masters","Hard",FALSE,"Alex De Minaur","Quentin Halys",1716.06376934082,1415.9087978678,0,300.154971473016,3,3,0.794056828524823,1
20230213,"Buenos Aires","Clay",FALSE,"Carlos Alcaraz","Bernabe Zapata Miralles",1777.19006917189,1476.96617157904,1,300.223897592849,3,1,0.845725167945611,1
20230703,"Wimbledon","Grass",TRUE,"Carlos Alcaraz","Matteo Berrettini",1967.955417555,1663.63604008064,1,304.319377474359,3,3,0.919476903985815,1
20221003,"Astana","Hard",FALSE,"Stefanos Tsitsipas","Mikhail Kukushkin",1720.30252356611,1414.26732871831,1,306.035194847802,3,0,0.870075103636906,1
20230410,"Monte Carlo Masters","Clay",FALSE,"Andrey Rublev","Jaume Munar",1771.92276833862,1464.61325635594,1,307.309511982676,3,1,0.84956027287032,1
20220725,"Umag","Clay",FALSE,"Jannik Sinner","Roberto Carballes Baena",1716.46550262478,1407.91443429213,1,308.551068332651,3,1,0.850224132363653,1
20230410,"Monte Carlo Masters","Clay",FALSE,"Daniil Medvedev","Lorenzo Sonego",1876.15042332456,1566.4595979196,1,309.690825404961,3,3,0.800515903846141,1
20230619,"Queen's Club","Grass",FALSE,"Carlos Alcaraz","Jiri Lehecka",1903.73592050156,1591.87907605266,1,311.856844448899,3,3,0.801961668357937,1
20230619,"Halle","Grass",FALSE,"Daniil Medvedev","Roberto Bautista Agut",1849.90663044789,1535.58335144739,0,314.323279000501,3,3,0.803598327759028,1
20220502,"Madrid Masters","Clay",FALSE,"Carlos Alcaraz","Nikoloz Basilashvili",1772.87445245531,1455.4538131856,1,317.420639269715,3,3,0.805639148200751,1
20230920,"Chengdu","Hard",FALSE,"Alexander Zverev","Miomir Kecmanovic",1803.77581969709,1485.74368528237,1,318.032134414721,3,3,0.806040149066654,1
20220918,"Davis Cup Finals RR: ESP vs KOR","Hard",FALSE,"Carlos Alcaraz","Soon Woo Kwon",1782.64046390701,1464.47628259705,1,318.164181309959,3,2,0.832136227522094,1
20220926,"Tel Aviv","Hard",FALSE,"Novak Djokovic","Pablo Andujar",1766.64375460017,1448.3676748035,1,318.276079796668,3,1,0.855340875236054,1
20220815,"Cincinnati Masters","Hard",FALSE,"Rafael Nadal","Borna Coric",1790.56163943508,1471.39519311082,0,319.166446324261,3,1,0.855802002831392,1
20230116,"Australian Open","Hard",TRUE,"Novak Djokovic","Grigor Dimitrov",1902.97619093008,1581.50253114005,1,321.473659790028,3,3,0.92873217038308,1
20230116,"Australian Open","Hard",TRUE,"Stefanos Tsitsipas","Quentin Halys",1761.21416948454,1438.74058536148,1,322.473584123056,3,3,0.929240207460395,1
20230320,"Miami Masters","Hard",FALSE,"Felix Auger Aliassime","Thiago Monteiro",1739.37684979527,1415.80048637553,1,323.576363419743,3,1,0.858067936581133,1
20230724,"Hamburg","Clay",FALSE,"Andrey Rublev","Bernabe Zapata Miralles",1814.58625654827,1489.13047039916,1,325.455786149117,3,1,0.85902456757041,1
20230920,"Chengdu","Hard",FALSE,"Alexander Zverev","Pavel Kotov",1807.92032348599,1481.88115128435,1,326.039172201643,3,3,0.811232996970072,1
20230828,"Us Open","Hard",TRUE,"Daniil Medvedev","Christopher Oconnell",1832.1375894678,1504.40938491874,1,327.728204549065,3,3,0.9318553555681,1
20230529,"Roland Garros","Clay",TRUE,"Carlos Alcaraz","Denis Shapovalov",1893.38360222711,1565.27155185426,1,328.112050372854,3,3,0.932042837994232,1
20230116,"Australian Open","Hard",TRUE,"Taylor Fritz","Nikoloz Basilashvili",1735.96393987498,1405.80291186274,1,330.161028012241,3,3,0.933035557193795,1
20231030,"Paris Masters","Hard",FALSE,"Carlos Alcaraz","Roman Safiullin",1926.72599393342,1595.45842134736,0,331.267572586059,3,3,0.81456583787738,1
20230612,"s Hertogenbosch","Grass",FALSE,"Daniil Medvedev","Adrian Mannarino",1876.04326270131,1543.92983168408,0,332.113431017234,3,3,0.815100737577104,1
20220725,"Umag","Clay",FALSE,"Carlos Alcaraz","Norbert Gombos",1768.89504554424,1436.31228519451,1,332.582760349737,3,1,0.862603329058581,1
20231030,"Paris Masters","Hard",FALSE,"Novak Djokovic","Holger Rune",2014.39186890987,1680.37078483306,1,334.021084076806,3,3,0.816302708661825,1
20230306,"Indian Wells Masters","Hard",FALSE,"Daniil Medvedev","Ilya Ivashka",1867.68325812829,1533.52055912045,1,334.162699007836,3,2,0.841295252215841,1
20230227,"Dubai","Hard",FALSE,"Novak Djokovic","Tallon Griekspoor",1937.47891141204,1599.23666946514,1,338.242241946905,3,3,0.818940825497043,1
20230508,"Rome Masters","Clay",FALSE,"Daniil Medvedev","Bernabe Zapata Miralles",1899.78165125786,1560.25907728549,1,339.522573972368,3,1,0.86601440696605,1
20231002,"Shanghai Masters","Hard",FALSE,"Daniil Medvedev","Cristian Garin",1890.35733907319,1550.5215639649,1,339.835775108289,3,3,0.819929040987763,1
20230529,"Roland Garros","Clay",TRUE,"Stefanos Tsitsipas","Diego Schwartzman",1787.141088743,1447.05717298318,1,340.083915759817,3,1,0.955311372058119,1
20230417,"Barcelona","Clay",FALSE,"Stefanos Tsitsipas","Pedro Cachin",1772.0532442508,1431.20989381143,1,340.843350439368,3,1,0.866655432935131,1
20230417,"Barcelona","Clay",FALSE,"Jannik Sinner","Diego Schwartzman",1795.3539356882,1453.64562946224,1,341.70830622596,3,1,0.867073823206941,1
20230828,"Us Open","Hard",TRUE,"Alexander Zverev","Daniel Altmaier",1777.15397493683,1434.20104002499,1,342.952934911846,3,1,0.956245246409411,1
20230417,"Barcelona","Clay",FALSE,"Carlos Alcaraz","Daniel Evans",1873.52035864963,1526.53739737503,1,346.982961274608,3,2,0.848338672993682,1
20230102,"Adelaide 1","Hard",FALSE,"Novak Djokovic","Constant Lestienne",1897.01411268928,1549.14843353728,1,347.865679152005,3,0,0.88864206325036,1
20230227,"Dubai","Hard",FALSE,"Daniil Medvedev","Matteo Arnaldi",1797.58523381502,1444.8471529575,1,352.738080857514,3,1,0.872312150073448,1
20231002,"Shanghai Masters","Hard",FALSE,"Carlos Alcaraz","Daniel Evans",1920.73982138833,1566.90681565331,1,353.833005735013,3,2,0.851995710899273,1
20230424,"Madrid Masters","Clay",FALSE,"Daniil Medvedev","Alexander Shevchenko",1855.48781294473,1500.93664728166,1,354.551165663069,3,1,0.873156172113551,1
20230320,"Miami Masters","Hard",FALSE,"Daniil Medvedev","Alex Molcan",1888.01388100124,1531.3721899106,1,356.641691090637,3,3,0.830095544297748,1
20220829,"Us Open","Hard",TRUE,"Jannik Sinner","Daniel Altmaier",1723.74759032453,1363.45294147085,1,360.294648853673,3,1,0.961505028106172,1
20230703,"Wimbledon","Grass",TRUE,"Andrey Rublev","Max Purcell",1771.09078422786,1410.3970707973,1,360.693713430555,3,0,0.967606043741856,1
20230529,"Roland Garros","Clay",TRUE,"Cameron Norrie","Benoit Paire",1675.67599227557,1312.63200759533,1,363.043984680236,3,0,0.96816862635629,1
20230529,"Roland Garros","Clay",TRUE,"Carlos Alcaraz","Taro Daniel",1892.18212161066,1527.62776874086,1,364.554352869794,3,1,0.962701075748246,1
20220627,"Wimbledon","Grass",TRUE,"Carlos Alcaraz","Jan Lennard Struff",1773.36853097537,1403.00849927729,1,370.36003169808,3,1,0.964273807067454,1
20230619,"Queen's Club","Grass",FALSE,"Holger Rune","Maxime Cressy",1816.10313008221,1441.89951941686,1,374.203610665346,3,3,0.840226041341639,1
20220725,"Umag","Clay",FALSE,"Carlos Alcaraz","Facundo Bagnis",1779.94627964282,1400.54348900656,1,379.402790636261,3,1,0.884251019771448,1
20230102,"Adelaide 1","Hard",FALSE,"Felix Auger Aliassime","Alexei Popyrin",1776.50285399107,1391.43011484716,0,385.072739143906,3,1,0.886661186723953,1
20230927,"Beijing","Hard",FALSE,"Carlos Alcaraz","Yannick Hanfmann",1936.74708934567,1549.85301223545,1,386.89407711022,3,1,0.887426057457023,1
20230529,"Roland Garros","Clay",TRUE,"Novak Djokovic","Juan Pablo Varillas",1879.20722695449,1487.62523763451,1,391.58198931998,3,1,0.96949642965252,1
20230927,"Beijing","Hard",FALSE,"Alexander Zverev","Diego Schwartzman",1827.36363300157,1435.17292221369,1,392.190710787877,3,1,0.889624809722121,1
20230417,"Banja Luka","Clay",FALSE,"Novak Djokovic","Luca Van Assche",1876.35046014874,1483.31129535749,1,393.039164791258,3,1,0.889973506653269,1
20230417,"Barcelona","Clay",FALSE,"Carlos Alcaraz","Nuno Borges",1860.96207487133,1464.89820272091,1,396.063872150419,3,2,0.872954730724532,1
20230410,"Monte Carlo Masters","Clay",FALSE,"Novak Djokovic","Lorenzo Musetti",1927.36320803356,1526.63441760829,0,400.728790425269,3,3,0.854592483810123,1
20231030,"Paris Masters","Hard",FALSE,"Novak Djokovic","Tallon Griekspoor",2018.21842559311,1616.60130827197,1,401.617117321132,3,3,0.855054533297298,1
20230508,"Rome Masters","Clay",FALSE,"Carlos Alcaraz","Fabian Marozsan",1920.81915360005,1509.09127789355,0,411.727875706494,3,1,0.897412498218379,1
20230619,"Queen's Club","Grass",FALSE,"Carlos Alcaraz","Arthur Rinderknech",1908.00903983165,1487.04953192978,1,420.959507901869,3,3,0.864815584792947,1
20230116,"Australian Open","Hard",TRUE,"Novak Djokovic","Enzo Couacaud",1900.58240934906,1475.81344982683,1,424.768959522231,3,0,0.979970800892165,1
20230703,"Wimbledon","Grass",TRUE,"Carlos Alcaraz","Alexandre Muller",1972.39001490798,1537.09295316575,1,435.297061742235,3,3,0.969051449454453,1
20230424,"Madrid Masters","Clay",FALSE,"Daniil Medvedev","Aslan Karatsev",1883.34326950759,1437.91309592858,0,445.430173579017,3,3,0.876363917503799,1
20230703,"Wimbledon","Grass",TRUE,"Novak Djokovic","Pedro Cachin",1932.99834391353,1472.82457653114,1,460.173767382381,3,1,0.981786231716489,1
20231030,"Paris Masters","Hard",FALSE,"Novak Djokovic","Tomas Martin Etcheverry",2020.92270618766,1559.50658757374,1,461.416118613927,3,1,0.915060830954405,1
20230102,"Adelaide 1","Hard",FALSE,"Novak Djokovic","Quentin Halys",1874.81540122506,1394.28179861049,1,480.533602614563,3,3,0.891443002261924,1
20230828,"Us Open","Hard",TRUE,"Novak Djokovic","Borna Gojo",1989.72487041532,1506.90991324204,1,482.814957173286,3,2,0.981760545859626,1
20230828,"Us Open","Hard",TRUE,"Novak Djokovic","Ben Shelton",1982.45460913803,1484.97975867637,1,497.474850461656,3,3,0.980599335661192,1
20230807,"Canada Masters","Hard",FALSE,"Carlos Alcaraz","Ben Shelton",1954.2870944455,1453.25049237631,1,501.036602069194,3,3,0.899483541280374,1
20230703,"Wimbledon","Grass",TRUE,"Carlos Alcaraz","Jeremy Chardy",1974.65365226524,1472.1586542005,1,502.494998064743,3,2,0.984285422263225,1
20230828,"Us Open","Hard",TRUE,"Novak Djokovic","Bernabe Zapata Miralles",1994.64840511527,1468.03523701474,1,526.613168100527,3,1,0.989000901125313,1
20230508,"Rome Masters","Clay",FALSE,"Carlos Alcaraz","Albert Ramos",1919.44621593665,1391.79583007937,1,527.650385857277,3,1,0.934297588087714,1
20230828,"Us Open","Hard",TRUE,"Carlos Alcaraz","Lloyd Harris",1948.28350380116,1414.38986018381,1,533.893643617352,3,3,0.98527447179762,1
